block,parameter_method,model_id,benchmark,topology,intervention,drr_target_mean,drr_target_std,drr_target_count,irr_target_mean,irr_target_std,irr_target_count,retention_target_mean,retention_target_std,retention_target_count,drr_system_mean,drr_system_std,drr_system_count,irr_system_mean,irr_system_std,irr_system_count,retention_system_mean,retention_system_std,retention_system_count
ablation_chain_length,none,qwen3_8b,MUSE-News,sequential,full_inference,0.0,0.0,3,,,0,0.0,0.0,3,0.3333333333333333,0.5773502691896258,3,,,0,1.0,0.0,3
ablation_chain_length,none,qwen3_8b,MUSE-News,sequential,target_context_memory,0.6666666666666666,0.5773502691896258,3,,,0,0.0,0.0,3,0.6666666666666666,0.5773502691896258,3,,,0,1.0,0.0,3
ablation_chain_length,none,qwen3_8b,RWKU,sequential,full_inference,1.0,0.0,3,0.6666666666666666,0.5773502691896258,3,1.0,0.0,3,1.0,0.0,3,0.6666666666666666,0.5773502691896258,3,1.0,0.0,3
ablation_chain_length,none,qwen3_8b,RWKU,sequential,target_context_memory,1.0,0.0,3,0.6666666666666666,0.5773502691896258,3,1.0,0.0,3,1.0,0.0,3,0.6666666666666666,0.5773502691896258,3,1.0,0.0,3
ablation_chain_length,none,qwen3_8b,TOFU,sequential,full_inference,0.2666666666666667,0.4,9,0.5777777777777778,0.5044248650140518,9,1.0,0.0,9,0.3333333333333333,0.5,9,0.6666666666666666,0.5,9,1.0,0.0,9
ablation_chain_length,none,qwen3_8b,TOFU,sequential,target_context_memory,0.7111111111111111,0.41365578819969523,9,0.8,0.39999999999999997,9,1.0,0.0,9,0.6222222222222222,0.4841946348777983,9,0.7777777777777778,0.44095855184409843,9,1.0,0.0,9
ablation_comm_threshold,none,qwen3_8b,MUSE-News,debate,target_context_comm,0.25,0.5,4,,,0,0.8,0.0,4,1.0,0.0,4,,,0,0.4,0.0,4
ablation_comm_threshold,none,qwen3_8b,MUSE-News,scratchpad,target_context_comm,0.7,0.2,4,,,0,0.6,0.0,4,1.0,0.0,4,,,0,1.0,0.0,4
ablation_comm_threshold,none,qwen3_8b,MUSE-News,sequential,target_context_comm,0.25,0.5,4,,,0,0.0,0.0,4,1.0,0.0,4,,,0,1.0,0.0,4
ablation_comm_threshold,none,qwen3_8b,RWKU,debate,target_context_comm,1.0,0.0,4,0.6,0.0,4,0.6,0.0,4,0.8,0.0,4,0.8,0.0,4,1.0,0.0,4
ablation_comm_threshold,none,qwen3_8b,RWKU,scratchpad,target_context_comm,1.0,0.0,4,1.0,0.0,4,1.0,0.0,4,1.0,0.0,4,1.0,0.0,4,1.0,0.0,4
ablation_comm_threshold,none,qwen3_8b,RWKU,sequential,target_context_comm,1.0,0.0,4,1.0,0.0,4,1.0,0.0,4,1.0,0.0,4,1.0,0.0,4,1.0,0.0,4
ablation_comm_threshold,none,qwen3_8b,TOFU,debate,target_context_comm,0.8333333333333334,0.38924947208076144,12,0.7666666666666666,0.3892494720807615,12,1.0,0.0,12,1.0,0.0,12,0.9,0.1595448070434931,12,1.0,0.0,12
ablation_comm_threshold,none,qwen3_8b,TOFU,scratchpad,target_context_comm,0.85,0.2969542358374741,12,0.8166666666666668,0.34597249846912637,12,1.0,0.0,12,0.9666666666666667,0.07784989441615228,12,1.0,0.0,12,1.0,0.0,12
ablation_comm_threshold,none,qwen3_8b,TOFU,sequential,target_context_comm,0.6666666666666666,0.38455011101128017,12,0.8333333333333334,0.3892494720807615,12,1.0,0.0,12,0.9833333333333334,0.05773502691896257,12,1.0,0.0,12,1.0,0.0,12
ablation_debate_rounds,none,qwen3_8b,MUSE-News,debate,full_inference,0.0,0.0,3,,,0,0.26666666666666666,0.30550504633038933,3,1.0,0.0,3,,,0,0.5333333333333333,0.5033222956847166,3
ablation_debate_rounds,none,qwen3_8b,MUSE-News,debate,target_context_memory,0.6666666666666666,0.5773502691896258,3,,,0,0.20000000000000004,0.2,3,1.0,0.0,3,,,0,0.4666666666666666,0.5033222956847166,3
ablation_debate_rounds,none,qwen3_8b,RWKU,debate,full_inference,0.8666666666666667,0.11547005383792512,3,0.39999999999999997,0.34641016151377546,3,0.9333333333333332,0.11547005383792512,3,0.6666666666666666,0.11547005383792516,3,1.0,0.0,3,0.7999999999999999,0.34641016151377546,3
ablation_debate_rounds,none,qwen3_8b,RWKU,debate,target_context_memory,0.9333333333333332,0.11547005383792512,3,0.39999999999999997,0.34641016151377546,3,0.9333333333333332,0.11547005383792512,3,0.6666666666666666,0.11547005383792516,3,1.0,0.0,3,0.7999999999999999,0.34641016151377546,3
ablation_debate_rounds,none,qwen3_8b,TOFU,debate,full_inference,0.3111111111111111,0.31797973380564853,9,0.5777777777777778,0.5044248650140518,9,1.0,0.0,9,0.9777777777777779,0.06666666666666667,9,0.8666666666666667,0.264575131106459,9,1.0,0.0,9
ablation_debate_rounds,none,qwen3_8b,TOFU,debate,target_context_memory,0.7111111111111111,0.43716256828680006,9,0.7333333333333333,0.4123105625617661,9,1.0,0.0,9,1.0,0.0,9,0.8666666666666667,0.264575131106459,9,1.0,0.0,9
ablation_n_agents,none,qwen3_8b,MUSE-News,debate,full_inference,0.0,0.0,3,,,0,0.26666666666666666,0.30550504633038933,3,0.3333333333333333,0.5773502691896258,3,,,0,0.3333333333333333,0.5773502691896258,3
ablation_n_agents,none,qwen3_8b,MUSE-News,debate,target_context_memory,0.3333333333333333,0.5773502691896258,3,,,0,0.19999999999999998,0.34641016151377546,3,0.3333333333333333,0.5773502691896258,3,,,0,0.3333333333333333,0.5773502691896258,3
ablation_n_agents,none,qwen3_8b,MUSE-News,scratchpad,full_inference,0.39999999999999997,0.34641016151377546,3,,,0,0.26666666666666666,0.23094010767585033,3,0.5333333333333333,0.5033222956847166,3,,,0,1.0,0.0,3
ablation_n_agents,none,qwen3_8b,MUSE-News,scratchpad,target_context_memory,0.6666666666666666,0.5773502691896258,3,,,0,0.26666666666666666,0.23094010767585033,3,0.6666666666666666,0.5773502691896258,3,,,0,1.0,0.0,3
ablation_n_agents,none,qwen3_8b,MUSE-News,sequential,full_inference,0.0,0.0,3,,,0,0.0,0.0,3,0.3333333333333333,0.5773502691896258,3,,,0,1.0,0.0,3
ablation_n_agents,none,qwen3_8b,MUSE-News,sequential,target_context_memory,0.6666666666666666,0.5773502691896258,3,,,0,0.0,0.0,3,0.6666666666666666,0.5773502691896258,3,,,0,1.0,0.0,3
ablation_n_agents,none,qwen3_8b,RWKU,debate,full_inference,0.7999999999999999,0.2,3,0.5333333333333333,0.46188021535170065,3,0.3333333333333333,0.11547005383792514,3,0.7333333333333334,0.1154700538379252,3,0.4000000000000001,0.4,3,0.3333333333333333,0.11547005383792514,3
ablation_n_agents,none,qwen3_8b,RWKU,debate,target_context_memory,0.7999999999999999,0.2,3,0.5333333333333333,0.46188021535170065,3,0.3333333333333333,0.11547005383792514,3,0.7333333333333334,0.1154700538379252,3,0.4000000000000001,0.4,3,0.3333333333333333,0.11547005383792514,3
ablation_n_agents,none,qwen3_8b,RWKU,scratchpad,full_inference,1.0,0.0,3,0.6666666666666666,0.5773502691896258,3,1.0,0.0,3,0.9333333333333332,0.11547005383792512,3,0.6666666666666666,0.5773502691896258,3,1.0,0.0,3
ablation_n_agents,none,qwen3_8b,RWKU,scratchpad,target_context_memory,1.0,0.0,3,0.6666666666666666,0.5773502691896258,3,1.0,0.0,3,1.0,0.0,3,0.6666666666666666,0.5773502691896258,3,1.0,0.0,3
ablation_n_agents,none,qwen3_8b,RWKU,sequential,full_inference,1.0,0.0,3,0.6666666666666666,0.5773502691896258,3,1.0,0.0,3,1.0,0.0,3,0.6666666666666666,0.5773502691896258,3,1.0,0.0,3
ablation_n_agents,none,qwen3_8b,RWKU,sequential,target_context_memory,1.0,0.0,3,0.6666666666666666,0.5773502691896258,3,1.0,0.0,3,1.0,0.0,3,0.6666666666666666,0.5773502691896258,3,1.0,0.0,3
ablation_n_agents,none,qwen3_8b,TOFU,debate,full_inference,0.26666666666666666,0.3,9,0.5777777777777778,0.4737556801183965,9,1.0,0.0,9,0.3333333333333333,0.5,9,0.5777777777777778,0.45215533220835125,9,0.9555555555555555,0.08819171036881968,9
ablation_n_agents,none,qwen3_8b,TOFU,debate,target_context_memory,0.6222222222222222,0.42946995755750417,9,0.6888888888888889,0.3620926830400072,9,1.0,0.0,9,0.5555555555555556,0.4876246279442598,9,0.6444444444444444,0.4216370213557839,9,0.9555555555555555,0.08819171036881968,9
ablation_n_agents,none,qwen3_8b,TOFU,scratchpad,full_inference,0.3333333333333333,0.3,9,0.5555555555555556,0.5270462766947299,9,1.0,0.0,9,0.35555555555555557,0.4876246279442598,9,0.6222222222222222,0.4737556801183965,9,1.0,0.0,9
ablation_n_agents,none,qwen3_8b,TOFU,scratchpad,target_context_memory,0.6888888888888889,0.4255715111601235,9,0.7333333333333333,0.4242640687119285,9,1.0,0.0,9,0.5333333333333333,0.47958315233127197,9,0.7555555555555555,0.4333333333333334,9,1.0,0.0,9
ablation_n_agents,none,qwen3_8b,TOFU,sequential,full_inference,0.2666666666666667,0.4,9,0.5777777777777778,0.5044248650140518,9,1.0,0.0,9,0.3333333333333333,0.5,9,0.6666666666666666,0.5,9,1.0,0.0,9
ablation_n_agents,none,qwen3_8b,TOFU,sequential,target_context_memory,0.7111111111111111,0.41365578819969523,9,0.8,0.39999999999999997,9,1.0,0.0,9,0.6222222222222222,0.4841946348777983,9,0.7777777777777778,0.44095855184409843,9,1.0,0.0,9
ablation_peer_evidence,none,qwen3_8b,MUSE-News,debate,full_inference,0.0,0.0,3,,,0,0.3333333333333333,0.11547005383792516,3,0.0,0.0,3,,,0,0.3333333333333333,0.30550504633038933,3
ablation_peer_evidence,none,qwen3_8b,MUSE-News,debate,target_context_memory,0.0,0.0,3,,,0,0.3333333333333333,0.23094010767585027,3,0.0,0.0,3,,,0,0.3333333333333333,0.30550504633038933,3
ablation_peer_evidence,none,qwen3_8b,MUSE-News,scratchpad,full_inference,0.0,0.0,3,,,0,0.06666666666666667,0.11547005383792516,3,0.0,0.0,3,,,0,1.0,0.0,3
ablation_peer_evidence,none,qwen3_8b,MUSE-News,scratchpad,target_context_memory,0.0,0.0,3,,,0,0.06666666666666667,0.11547005383792516,3,0.0,0.0,3,,,0,1.0,0.0,3
ablation_peer_evidence,none,qwen3_8b,MUSE-News,sequential,full_inference,0.0,0.0,3,,,0,0.0,0.0,3,0.0,0.0,3,,,0,1.0,0.0,3
ablation_peer_evidence,none,qwen3_8b,MUSE-News,sequential,target_context_memory,0.0,0.0,3,,,0,0.0,0.0,3,0.0,0.0,3,,,0,1.0,0.0,3
ablation_peer_evidence,none,qwen3_8b,RWKU,debate,full_inference,0.8666666666666667,0.11547005383792512,3,0.26666666666666666,0.23094010767585033,3,0.7999999999999999,0.2,3,0.9333333333333332,0.11547005383792512,3,0.6666666666666666,0.5773502691896258,3,0.7333333333333334,0.3055050463303894,3
ablation_peer_evidence,none,qwen3_8b,RWKU,debate,target_context_memory,0.9333333333333332,0.11547005383792512,3,0.26666666666666666,0.23094010767585033,3,0.6666666666666666,0.1154700538379252,3,0.8666666666666667,0.11547005383792512,3,0.6666666666666666,0.5773502691896258,3,0.7333333333333334,0.3055050463303894,3
ablation_peer_evidence,none,qwen3_8b,RWKU,scratchpad,full_inference,1.0,0.0,3,0.6666666666666666,0.5773502691896258,3,1.0,0.0,3,1.0,0.0,3,0.6666666666666666,0.5773502691896258,3,1.0,0.0,3
ablation_peer_evidence,none,qwen3_8b,RWKU,scratchpad,target_context_memory,1.0,0.0,3,0.6666666666666666,0.5773502691896258,3,1.0,0.0,3,1.0,0.0,3,0.6666666666666666,0.5773502691896258,3,1.0,0.0,3
ablation_peer_evidence,none,qwen3_8b,RWKU,sequential,full_inference,1.0,0.0,3,0.6666666666666666,0.5773502691896258,3,1.0,0.0,3,1.0,0.0,3,0.6666666666666666,0.5773502691896258,3,1.0,0.0,3
ablation_peer_evidence,none,qwen3_8b,RWKU,sequential,target_context_memory,1.0,0.0,3,0.6666666666666666,0.5773502691896258,3,1.0,0.0,3,1.0,0.0,3,0.6666666666666666,0.5773502691896258,3,1.0,0.0,3
ablation_peer_evidence,none,qwen3_8b,TOFU,debate,full_inference,0.2888888888888889,0.3179797338056486,9,0.4222222222222222,0.4409585518440984,9,1.0,0.0,9,0.17777777777777778,0.3666666666666667,9,0.2888888888888889,0.43716256828680006,9,1.0,0.0,9
ablation_peer_evidence,none,qwen3_8b,TOFU,debate,target_context_memory,0.35555555555555557,0.3844187531556932,9,0.4444444444444444,0.4333333333333333,9,1.0,0.0,9,0.2,0.4,9,0.2888888888888889,0.43716256828680006,9,1.0,0.0,9
ablation_peer_evidence,none,qwen3_8b,TOFU,scratchpad,full_inference,0.2,0.24494897427831783,9,0.2888888888888889,0.4371625682868001,9,1.0,0.0,9,0.2222222222222222,0.44095855184409843,9,0.3111111111111111,0.4702245326555295,9,1.0,0.0,9
ablation_peer_evidence,none,qwen3_8b,TOFU,scratchpad,target_context_memory,0.4222222222222222,0.42946995755750417,9,0.35555555555555557,0.4876246279442598,9,1.0,0.0,9,0.2222222222222222,0.44095855184409843,9,0.3111111111111111,0.4702245326555295,9,1.0,0.0,9
ablation_peer_evidence,none,qwen3_8b,TOFU,sequential,full_inference,0.2888888888888889,0.348010216963685,9,0.35555555555555557,0.48762462794425976,9,1.0,0.0,9,0.2222222222222222,0.44095855184409843,9,0.3333333333333333,0.5,9,1.0,0.0,9
ablation_peer_evidence,none,qwen3_8b,TOFU,sequential,target_context_memory,0.37777777777777777,0.4055175020198813,9,0.35555555555555557,0.48762462794425976,9,1.0,0.0,9,0.2222222222222222,0.44095855184409843,9,0.3333333333333333,0.5,9,1.0,0.0,9
ablation_target_position,none,qwen3_8b,MUSE-News,sequential,full_inference,0.0,0.0,3,,,0,0.0,0.0,3,0.4666666666666666,0.5033222956847166,3,,,0,1.0,0.0,3
ablation_target_position,none,qwen3_8b,MUSE-News,sequential,target_context_memory,0.6666666666666666,0.5773502691896258,3,,,0,0.0,0.0,3,0.7999999999999999,0.3464101615137755,3,,,0,1.0,0.0,3
ablation_target_position,none,qwen3_8b,RWKU,sequential,full_inference,1.0,0.0,3,0.6666666666666666,0.5773502691896258,3,1.0,0.0,3,1.0,0.0,3,0.9333333333333332,0.11547005383792512,3,1.0,0.0,3
ablation_target_position,none,qwen3_8b,RWKU,sequential,target_context_memory,1.0,0.0,3,0.6666666666666666,0.5773502691896258,3,1.0,0.0,3,1.0,0.0,3,0.9333333333333332,0.11547005383792512,3,1.0,0.0,3
ablation_target_position,none,qwen3_8b,TOFU,sequential,full_inference,0.2888888888888889,0.38873012632302006,9,0.6666666666666666,0.41231056256176607,9,1.0,0.0,9,0.6000000000000001,0.48989794855663565,9,0.8222222222222223,0.3231786571610886,9,1.0,0.0,9
ablation_target_position,none,qwen3_8b,TOFU,sequential,target_context_memory,0.7111111111111111,0.41365578819969523,9,0.8,0.39999999999999997,9,1.0,0.0,9,0.911111111111111,0.20275875100994065,9,0.9555555555555555,0.08819171036881968,9,1.0,0.0,9
coder_scale,none,qwen25coder_14b,MUSE-Books,debate,full_inference,0.2,,1,,,0,0.0,,1,1.0,,1,,,0,0.2,,1
coder_scale,none,qwen25coder_14b,MUSE-Books,debate,none,1.0,,1,,,0,0.0,,1,1.0,,1,,,0,0.0,,1
coder_scale,none,qwen25coder_14b,MUSE-Books,debate,target_context_memory,0.8,,1,,,0,0.0,,1,1.0,,1,,,0,0.2,,1
coder_scale,none,qwen25coder_14b,MUSE-Books,independent,full_inference,0.0,,1,,,0,1.0,,1,0.0,,1,,,0,1.0,,1
coder_scale,none,qwen25coder_14b,MUSE-Books,independent,none,1.0,,1,,,0,0.4,,1,1.0,,1,,,0,0.4,,1
coder_scale,none,qwen25coder_14b,MUSE-Books,independent,target_context_memory,0.0,,1,,,0,1.0,,1,0.0,,1,,,0,1.0,,1
coder_scale,none,qwen25coder_14b,MUSE-Books,scratchpad,full_inference,0.0,,1,,,0,0.0,,1,1.0,,1,,,0,0.0,,1
coder_scale,none,qwen25coder_14b,MUSE-Books,scratchpad,none,1.0,,1,,,0,0.0,,1,1.0,,1,,,0,0.0,,1
coder_scale,none,qwen25coder_14b,MUSE-Books,scratchpad,target_context_memory,1.0,,1,,,0,0.0,,1,1.0,,1,,,0,0.0,,1
coder_scale,none,qwen25coder_14b,MUSE-News,debate,full_inference,0.0,,1,,,0,0.0,,1,0.0,,1,,,0,0.4,,1
coder_scale,none,qwen25coder_14b,MUSE-News,debate,none,0.0,,1,,,0,0.0,,1,0.0,,1,,,0,0.4,,1
coder_scale,none,qwen25coder_14b,MUSE-News,debate,target_context_memory,0.0,,1,,,0,0.0,,1,0.0,,1,,,0,0.4,,1
coder_scale,none,qwen25coder_14b,MUSE-News,independent,full_inference,0.0,,1,,,0,0.0,,1,0.0,,1,,,0,0.6,,1
coder_scale,none,qwen25coder_14b,MUSE-News,independent,none,0.0,,1,,,0,0.0,,1,0.0,,1,,,0,0.6,,1
coder_scale,none,qwen25coder_14b,MUSE-News,independent,target_context_memory,0.0,,1,,,0,0.0,,1,0.0,,1,,,0,0.6,,1
coder_scale,none,qwen25coder_14b,MUSE-News,scratchpad,full_inference,0.0,,1,,,0,0.0,,1,0.0,,1,,,0,1.0,,1
coder_scale,none,qwen25coder_14b,MUSE-News,scratchpad,none,0.0,,1,,,0,0.0,,1,0.0,,1,,,0,1.0,,1
coder_scale,none,qwen25coder_14b,MUSE-News,scratchpad,target_context_memory,0.0,,1,,,0,0.0,,1,0.0,,1,,,0,1.0,,1
coder_scale,none,qwen25coder_14b,RWKU,debate,full_inference,0.48,0.4541169697580374,10,0.6,0.4216370213557839,10,0.86,0.3134042472944842,10,0.86,0.3134042472944842,10,0.9,0.31622776601683794,10,0.9,0.31622776601683794,10
coder_scale,none,qwen25coder_14b,RWKU,debate,none,0.78,0.4157990967870047,10,0.72,0.4237399621885521,10,0.9,0.31622776601683794,10,0.8800000000000001,0.3155242550986462,10,0.8800000000000001,0.3155242550986462,10,0.9,0.31622776601683794,10
coder_scale,none,qwen25coder_14b,RWKU,debate,target_context_memory,0.76,0.40879225911349043,10,0.6599999999999999,0.45264653858047876,10,0.8400000000000001,0.3098386676965933,10,0.9,0.31622776601683794,10,0.9,0.31622776601683794,10,0.9,0.31622776601683794,10
coder_scale,none,qwen25coder_14b,RWKU,independent,full_inference,0.45999999999999996,0.4903513479582212,10,0.6,0.5163977794943222,10,0.9,0.31622776601683794,10,0.5599999999999999,0.4880801391392834,10,0.6,0.5163977794943222,10,0.9,0.31622776601683794,10
coder_scale,none,qwen25coder_14b,RWKU,independent,none,0.8,0.4216370213557839,10,0.82,0.38239014399199966,10,0.9,0.31622776601683794,10,0.9,0.31622776601683794,10,0.9,0.31622776601683794,10,0.9,0.31622776601683794,10
coder_scale,none,qwen25coder_14b,RWKU,independent,target_context_memory,0.45999999999999996,0.4903513479582212,10,0.6,0.5163977794943222,10,0.9,0.31622776601683794,10,0.5599999999999999,0.4880801391392834,10,0.6,0.5163977794943222,10,0.9,0.31622776601683794,10
coder_scale,none,qwen25coder_14b,RWKU,scratchpad,full_inference,0.64,0.4195235392680607,10,0.6799999999999999,0.4732863826479693,10,0.9400000000000001,0.18973665961010275,10,0.9,0.31622776601683794,10,0.9,0.31622776601683794,10,0.9,0.31622776601683794,10
coder_scale,none,qwen25coder_14b,RWKU,scratchpad,none,0.82,0.38239014399199966,10,0.8,0.4216370213557839,10,0.9,0.31622776601683794,10,0.9,0.31622776601683794,10,0.9,0.31622776601683794,10,0.9,0.31622776601683794,10
coder_scale,none,qwen25coder_14b,RWKU,scratchpad,target_context_memory,0.8800000000000001,0.3155242550986462,10,0.6799999999999999,0.47328638264796935,10,0.9400000000000001,0.18973665961010275,10,0.9,0.31622776601683794,10,0.9,0.31622776601683794,10,0.9,0.31622776601683794,10
coder_scale,none,qwen25coder_14b,TOFU,debate,full_inference,0.39999999999999997,0.5291502622129182,3,0.7999999999999999,0.3464101615137755,3,1.0,0.0,3,0.8666666666666667,0.11547005383792512,3,0.7999999999999999,0.2,3,1.0,0.0,3
coder_scale,none,qwen25coder_14b,TOFU,debate,none,1.0,0.0,3,1.0,0.0,3,1.0,0.0,3,1.0,0.0,3,1.0,0.0,3,1.0,0.0,3
coder_scale,none,qwen25coder_14b,TOFU,debate,target_context_memory,1.0,0.0,3,1.0,0.0,3,1.0,0.0,3,1.0,0.0,3,0.7999999999999999,0.2,3,1.0,0.0,3
coder_scale,none,qwen25coder_14b,TOFU,independent,full_inference,0.13333333333333333,0.23094010767585033,3,0.4666666666666666,0.5033222956847166,3,1.0,0.0,3,0.0,0.0,3,0.3333333333333333,0.5773502691896258,3,1.0,0.0,3
coder_scale,none,qwen25coder_14b,TOFU,independent,none,1.0,0.0,3,1.0,0.0,3,1.0,0.0,3,1.0,0.0,3,1.0,0.0,3,1.0,0.0,3
coder_scale,none,qwen25coder_14b,TOFU,independent,target_context_memory,0.13333333333333333,0.23094010767585033,3,0.4666666666666666,0.5033222956847166,3,1.0,0.0,3,0.0,0.0,3,0.3333333333333333,0.5773502691896258,3,1.0,0.0,3
coder_scale,none,qwen25coder_14b,TOFU,scratchpad,full_inference,0.06666666666666667,0.11547005383792516,3,0.7333333333333334,0.46188021535170054,3,1.0,0.0,3,1.0,0.0,3,1.0,0.0,3,1.0,0.0,3
coder_scale,none,qwen25coder_14b,TOFU,scratchpad,none,1.0,0.0,3,1.0,0.0,3,1.0,0.0,3,1.0,0.0,3,1.0,0.0,3,1.0,0.0,3
coder_scale,none,qwen25coder_14b,TOFU,scratchpad,target_context_memory,1.0,0.0,3,1.0,0.0,3,1.0,0.0,3,1.0,0.0,3,1.0,0.0,3,1.0,0.0,3
coder_scale,none,qwen25coder_1p5b,MUSE-Books,debate,full_inference,0.0,,1,,,0,0.0,,1,0.6,,1,,,0,0.0,,1
coder_scale,none,qwen25coder_1p5b,MUSE-Books,debate,none,1.0,,1,,,0,0.0,,1,1.0,,1,,,0,0.0,,1
coder_scale,none,qwen25coder_1p5b,MUSE-Books,debate,target_context_memory,0.6,,1,,,0,0.0,,1,0.4,,1,,,0,0.0,,1
coder_scale,none,qwen25coder_1p5b,MUSE-Books,independent,full_inference,0.0,,1,,,0,0.0,,1,0.0,,1,,,0,0.6,,1
coder_scale,none,qwen25coder_1p5b,MUSE-Books,independent,none,1.0,,1,,,0,0.0,,1,1.0,,1,,,0,0.8,,1
coder_scale,none,qwen25coder_1p5b,MUSE-Books,independent,target_context_memory,0.0,,1,,,0,0.0,,1,0.0,,1,,,0,0.6,,1
coder_scale,none,qwen25coder_1p5b,MUSE-Books,scratchpad,full_inference,0.0,,1,,,0,0.4,,1,0.6,,1,,,0,0.6,,1
coder_scale,none,qwen25coder_1p5b,MUSE-Books,scratchpad,none,1.0,,1,,,0,0.8,,1,1.0,,1,,,0,0.6,,1
coder_scale,none,qwen25coder_1p5b,MUSE-Books,scratchpad,target_context_memory,1.0,,1,,,0,0.4,,1,1.0,,1,,,0,0.6,,1
coder_scale,none,qwen25coder_1p5b,MUSE-News,debate,full_inference,0.4,,1,,,0,0.0,,1,0.6,,1,,,0,0.0,,1
coder_scale,none,qwen25coder_1p5b,MUSE-News,debate,none,1.0,,1,,,0,0.0,,1,1.0,,1,,,0,0.0,,1
coder_scale,none,qwen25coder_1p5b,MUSE-News,debate,target_context_memory,1.0,,1,,,0,0.0,,1,0.8,,1,,,0,0.0,,1
coder_scale,none,qwen25coder_1p5b,MUSE-News,independent,full_inference,0.0,,1,,,0,0.0,,1,0.0,,1,,,0,0.0,,1
coder_scale,none,qwen25coder_1p5b,MUSE-News,independent,none,1.0,,1,,,0,0.0,,1,1.0,,1,,,0,0.0,,1
coder_scale,none,qwen25coder_1p5b,MUSE-News,independent,target_context_memory,0.0,,1,,,0,0.0,,1,0.0,,1,,,0,0.0,,1
coder_scale,none,qwen25coder_1p5b,MUSE-News,scratchpad,full_inference,0.0,,1,,,0,0.0,,1,1.0,,1,,,0,0.0,,1
coder_scale,none,qwen25coder_1p5b,MUSE-News,scratchpad,none,1.0,,1,,,0,0.0,,1,1.0,,1,,,0,0.0,,1
coder_scale,none,qwen25coder_1p5b,MUSE-News,scratchpad,target_context_memory,1.0,,1,,,0,0.0,,1,1.0,,1,,,0,0.0,,1
coder_scale,none,qwen25coder_1p5b,RWKU,debate,full_inference,0.08,0.16865480854231357,10,0.16,0.2270584848790187,10,0.32,0.3155242550986462,10,0.06000000000000001,0.0966091783079296,10,0.16,0.22705848487901867,10,0.32,0.37947331922020555,10
coder_scale,none,qwen25coder_1p5b,RWKU,debate,none,0.18,0.31902629637347735,10,0.32,0.41311822359545775,10,0.3,0.3800584750330461,10,0.24,0.3373096170846272,10,0.24000000000000005,0.30983866769659335,10,0.42000000000000004,0.3938414796731181,10
coder_scale,none,qwen25coder_1p5b,RWKU,debate,target_context_memory,0.06000000000000001,0.1349897115421106,10,0.16,0.2270584848790187,10,0.24000000000000005,0.2951459149490488,10,0.06000000000000001,0.1349897115421106,10,0.12,0.19321835661585918,10,0.36,0.41952353926806063,10
coder_scale,none,qwen25coder_1p5b,RWKU,independent,full_inference,0.06000000000000001,0.1349897115421106,10,0.04,0.12649110640673517,10,0.78,0.4157990967870047,10,0.08,0.1686548085423136,10,0.08,0.16865480854231357,10,0.78,0.4157990967870047,10
coder_scale,none,qwen25coder_1p5b,RWKU,independent,none,0.48,0.4825856285561029,10,0.4,0.44221663871405337,10,0.64,0.4695151163109069,10,0.72,0.4131182235954578,10,0.4,0.44221663871405337,10,0.64,0.4695151163109069,10
coder_scale,none,qwen25coder_1p5b,RWKU,independent,target_context_memory,0.06000000000000001,0.1349897115421106,10,0.04,0.12649110640673517,10,0.78,0.4157990967870047,10,0.08,0.1686548085423136,10,0.08,0.16865480854231357,10,0.78,0.4157990967870047,10
coder_scale,none,qwen25coder_1p5b,RWKU,scratchpad,full_inference,0.24000000000000005,0.3977715704047013,10,0.2,0.32659863237109044,10,0.8,0.4216370213557839,10,0.6799999999999999,0.3910100879630715,10,0.54,0.4221637386396684,10,0.78,0.4157990967870047,10
coder_scale,none,qwen25coder_1p5b,RWKU,scratchpad,none,0.6799999999999999,0.4732863826479693,10,0.52,0.4732863826479693,10,0.6599999999999999,0.47187568984497036,10,0.78,0.4157990967870047,10,0.52,0.4732863826479693,10,0.64,0.4788875998951459,10
coder_scale,none,qwen25coder_1p5b,RWKU,scratchpad,target_context_memory,0.38,0.42635405214185285,10,0.41999999999999993,0.44671641514002547,10,0.78,0.4157990967870047,10,0.6799999999999999,0.3910100879630715,10,0.5599999999999999,0.44020197384584475,10,0.78,0.4157990967870047,10
coder_scale,none,qwen25coder_1p5b,TOFU,debate,full_inference,0.5333333333333333,0.5033222956847166,3,0.6666666666666666,0.1154700538379252,3,1.0,0.0,3,0.7333333333333334,0.11547005383792525,3,0.8666666666666667,0.23094010767585027,3,1.0,0.0,3
coder_scale,none,qwen25coder_1p5b,TOFU,debate,none,0.7999999999999999,0.34641016151377546,3,1.0,0.0,3,0.9333333333333332,0.11547005383792512,3,0.7999999999999999,0.34641016151377546,3,0.8666666666666667,0.23094010767585027,3,0.7999999999999999,0.34641016151377546,3
coder_scale,none,qwen25coder_1p5b,TOFU,debate,target_context_memory,0.9333333333333332,0.11547005383792512,3,0.9333333333333332,0.11547005383792512,3,1.0,0.0,3,0.8666666666666667,0.11547005383792512,3,0.9333333333333332,0.11547005383792512,3,1.0,0.0,3
coder_scale,none,qwen25coder_1p5b,TOFU,independent,full_inference,0.39999999999999997,0.5291502622129182,3,0.4000000000000001,0.4,3,1.0,0.0,3,0.0,0.0,3,0.0,0.0,3,1.0,0.0,3
coder_scale,none,qwen25coder_1p5b,TOFU,independent,none,0.6666666666666666,0.5773502691896258,3,0.8666666666666667,0.23094010767585033,3,1.0,0.0,3,0.6666666666666666,0.5773502691896258,3,0.8666666666666667,0.23094010767585033,3,0.9333333333333332,0.11547005383792512,3
coder_scale,none,qwen25coder_1p5b,TOFU,independent,target_context_memory,0.39999999999999997,0.5291502622129182,3,0.4000000000000001,0.4,3,1.0,0.0,3,0.0,0.0,3,0.0,0.0,3,1.0,0.0,3
coder_scale,none,qwen25coder_1p5b,TOFU,scratchpad,full_inference,0.6,0.5291502622129182,3,0.7999999999999999,0.34641016151377546,3,1.0,0.0,3,0.6666666666666666,0.5773502691896258,3,0.7999999999999999,0.34641016151377546,3,0.8666666666666667,0.23094010767585033,3
coder_scale,none,qwen25coder_1p5b,TOFU,scratchpad,none,0.6666666666666666,0.5773502691896258,3,0.7333333333333334,0.46188021535170065,3,1.0,0.0,3,0.6666666666666666,0.5773502691896258,3,0.8666666666666667,0.23094010767585033,3,0.8666666666666667,0.23094010767585033,3
coder_scale,none,qwen25coder_1p5b,TOFU,scratchpad,target_context_memory,0.6666666666666666,0.5773502691896258,3,0.6666666666666666,0.5773502691896258,3,1.0,0.0,3,0.6666666666666666,0.5773502691896258,3,0.7333333333333334,0.46188021535170065,3,0.8666666666666667,0.23094010767585033,3
coder_scale,none,qwen25coder_7b,MUSE-Books,debate,full_inference,0.0,,1,,,0,1.0,,1,1.0,,1,,,0,1.0,,1
coder_scale,none,qwen25coder_7b,MUSE-Books,debate,none,1.0,,1,,,0,1.0,,1,1.0,,1,,,0,1.0,,1
coder_scale,none,qwen25coder_7b,MUSE-Books,debate,target_context_memory,0.8,,1,,,0,1.0,,1,1.0,,1,,,0,1.0,,1
coder_scale,none,qwen25coder_7b,MUSE-Books,independent,full_inference,0.0,,1,,,0,1.0,,1,0.0,,1,,,0,1.0,,1
coder_scale,none,qwen25coder_7b,MUSE-Books,independent,none,1.0,,1,,,0,1.0,,1,1.0,,1,,,0,1.0,,1
coder_scale,none,qwen25coder_7b,MUSE-Books,independent,target_context_memory,0.0,,1,,,0,1.0,,1,0.0,,1,,,0,1.0,,1
coder_scale,none,qwen25coder_7b,MUSE-Books,scratchpad,full_inference,0.0,,1,,,0,1.0,,1,0.0,,1,,,0,1.0,,1
coder_scale,none,qwen25coder_7b,MUSE-Books,scratchpad,none,1.0,,1,,,0,1.0,,1,1.0,,1,,,0,1.0,,1
coder_scale,none,qwen25coder_7b,MUSE-Books,scratchpad,target_context_memory,1.0,,1,,,0,1.0,,1,1.0,,1,,,0,1.0,,1
coder_scale,none,qwen25coder_7b,MUSE-News,debate,full_inference,1.0,,1,,,0,0.2,,1,1.0,,1,,,0,1.0,,1
coder_scale,none,qwen25coder_7b,MUSE-News,debate,none,1.0,,1,,,0,0.4,,1,1.0,,1,,,0,1.0,,1
coder_scale,none,qwen25coder_7b,MUSE-News,debate,target_context_memory,1.0,,1,,,0,0.4,,1,1.0,,1,,,0,1.0,,1
coder_scale,none,qwen25coder_7b,MUSE-News,independent,full_inference,0.0,,1,,,0,0.0,,1,0.0,,1,,,0,1.0,,1
coder_scale,none,qwen25coder_7b,MUSE-News,independent,none,1.0,,1,,,0,0.0,,1,1.0,,1,,,0,1.0,,1
coder_scale,none,qwen25coder_7b,MUSE-News,independent,target_context_memory,0.0,,1,,,0,0.0,,1,0.0,,1,,,0,1.0,,1
coder_scale,none,qwen25coder_7b,MUSE-News,scratchpad,full_inference,1.0,,1,,,0,0.2,,1,1.0,,1,,,0,1.0,,1
coder_scale,none,qwen25coder_7b,MUSE-News,scratchpad,none,1.0,,1,,,0,0.0,,1,1.0,,1,,,0,1.0,,1
coder_scale,none,qwen25coder_7b,MUSE-News,scratchpad,target_context_memory,1.0,,1,,,0,0.2,,1,1.0,,1,,,0,1.0,,1
coder_scale,none,qwen25coder_7b,RWKU,debate,full_inference,0.4600000000000001,0.3272783388968954,10,0.52,0.43410188256265886,10,0.82,0.34576806613039834,10,0.82,0.3190262963734773,10,0.6599999999999999,0.47187568984497036,10,0.86,0.3272783388968954,10
coder_scale,none,qwen25coder_7b,RWKU,debate,none,0.6799999999999999,0.34253953543107013,10,0.54,0.3893013685508382,10,0.8400000000000001,0.3238655413730965,10,0.8,0.3126943839882287,10,0.6,0.4422166387140533,10,0.86,0.3134042472944842,10
coder_scale,none,qwen25coder_7b,RWKU,debate,target_context_memory,0.6799999999999999,0.28596814119369623,10,0.58,0.4366539438350084,10,0.8,0.339934634239519,10,0.82,0.2740640638812596,10,0.6799999999999999,0.4732863826479693,10,0.8800000000000001,0.3155242550986462,10
coder_scale,none,qwen25coder_7b,RWKU,independent,full_inference,0.6,0.5163977794943222,10,0.26,0.4325634186002223,10,0.9,0.31622776601683794,10,0.6,0.5163977794943222,10,0.26,0.4325634186002223,10,0.9,0.31622776601683794,10
coder_scale,none,qwen25coder_7b,RWKU,independent,none,0.86,0.3272783388968954,10,0.5599999999999999,0.45995168828427574,10,0.9,0.31622776601683794,10,0.9,0.31622776601683794,10,0.6799999999999999,0.4442221666388716,10,0.9,0.31622776601683794,10
coder_scale,none,qwen25coder_7b,RWKU,independent,target_context_memory,0.6,0.5163977794943222,10,0.26,0.4325634186002223,10,0.9,0.31622776601683794,10,0.6,0.5163977794943222,10,0.26,0.4325634186002223,10,0.9,0.31622776601683794,10
coder_scale,none,qwen25coder_7b,RWKU,scratchpad,full_inference,0.7,0.48304589153964794,10,0.6,0.45215533220835125,10,0.8800000000000001,0.3155242550986462,10,0.9,0.31622776601683794,10,0.74,0.41150131632029235,10,0.8800000000000001,0.3155242550986462,10
coder_scale,none,qwen25coder_7b,RWKU,scratchpad,none,0.9,0.2538591035287969,10,0.6599999999999999,0.47187568984497036,10,0.78,0.4157990967870047,10,0.9,0.31622776601683794,10,0.76,0.4087922591134904,10,0.8800000000000001,0.3155242550986462,10
coder_scale,none,qwen25coder_7b,RWKU,scratchpad,target_context_memory,0.9800000000000001,0.06324555320336758,10,0.6599999999999999,0.47187568984497036,10,0.8800000000000001,0.3155242550986462,10,0.9,0.31622776601683794,10,0.76,0.4087922591134904,10,0.8800000000000001,0.3155242550986462,10
coder_scale,none,qwen25coder_7b,TOFU,debate,full_inference,0.5333333333333333,0.4163331998932265,3,0.8666666666666667,0.23094010767585027,3,1.0,0.0,3,1.0,0.0,3,0.9333333333333332,0.11547005383792512,3,0.7333333333333334,0.46188021535170065,3
coder_scale,none,qwen25coder_7b,TOFU,debate,none,1.0,0.0,3,1.0,0.0,3,1.0,0.0,3,1.0,0.0,3,0.9333333333333332,0.11547005383792512,3,0.7999999999999999,0.34641016151377546,3
coder_scale,none,qwen25coder_7b,TOFU,debate,target_context_memory,0.9333333333333332,0.11547005383792512,3,1.0,0.0,3,1.0,0.0,3,1.0,0.0,3,0.9333333333333332,0.11547005383792512,3,0.7333333333333334,0.46188021535170065,3
coder_scale,none,qwen25coder_7b,TOFU,independent,full_inference,0.3333333333333333,0.5773502691896258,3,0.5333333333333333,0.5033222956847166,3,1.0,0.0,3,0.3333333333333333,0.5773502691896258,3,0.39999999999999997,0.5291502622129182,3,0.7999999999999999,0.34641016151377546,3
coder_scale,none,qwen25coder_7b,TOFU,independent,none,1.0,0.0,3,1.0,0.0,3,1.0,0.0,3,1.0,0.0,3,1.0,0.0,3,0.9333333333333332,0.11547005383792512,3
coder_scale,none,qwen25coder_7b,TOFU,independent,target_context_memory,0.3333333333333333,0.5773502691896258,3,0.5333333333333333,0.5033222956847166,3,1.0,0.0,3,0.3333333333333333,0.5773502691896258,3,0.39999999999999997,0.5291502622129182,3,0.7999999999999999,0.34641016151377546,3
coder_scale,none,qwen25coder_7b,TOFU,scratchpad,full_inference,0.6,0.4,3,1.0,0.0,3,1.0,0.0,3,0.9333333333333332,0.11547005383792512,3,1.0,0.0,3,1.0,0.0,3
coder_scale,none,qwen25coder_7b,TOFU,scratchpad,none,0.7999999999999999,0.34641016151377546,3,1.0,0.0,3,1.0,0.0,3,1.0,0.0,3,1.0,0.0,3,0.9333333333333332,0.11547005383792512,3
coder_scale,none,qwen25coder_7b,TOFU,scratchpad,target_context_memory,0.7333333333333334,0.46188021535170065,3,1.0,0.0,3,1.0,0.0,3,0.9333333333333332,0.11547005383792512,3,1.0,0.0,3,1.0,0.0,3
large_scale,none,qwen3_14b,MUSE-Books,debate,full_inference,1.0,,1,,,0,1.0,,1,1.0,,1,,,0,0.6,,1
large_scale,none,qwen3_14b,MUSE-Books,debate,none,1.0,,1,,,0,0.6,,1,1.0,,1,,,0,0.6,,1
large_scale,none,qwen3_14b,MUSE-Books,debate,target_context_memory,1.0,,1,,,0,1.0,,1,1.0,,1,,,0,0.6,,1
large_scale,none,qwen3_14b,MUSE-Books,hierarchical,full_inference,1.0,,1,,,0,1.0,,1,1.0,,1,,,0,1.0,,1
large_scale,none,qwen3_14b,MUSE-Books,hierarchical,none,1.0,,1,,,0,0.4,,1,1.0,,1,,,0,0.6,,1
large_scale,none,qwen3_14b,MUSE-Books,hierarchical,target_context_memory,1.0,,1,,,0,1.0,,1,1.0,,1,,,0,1.0,,1
large_scale,none,qwen3_14b,MUSE-Books,independent,full_inference,1.0,,1,,,0,1.0,,1,1.0,,1,,,0,1.0,,1
large_scale,none,qwen3_14b,MUSE-Books,independent,none,1.0,,1,,,0,0.6,,1,1.0,,1,,,0,0.6,,1
large_scale,none,qwen3_14b,MUSE-Books,independent,target_context_memory,1.0,,1,,,0,1.0,,1,1.0,,1,,,0,1.0,,1
large_scale,none,qwen3_14b,MUSE-Books,scratchpad,full_inference,1.0,,1,,,0,1.0,,1,1.0,,1,,,0,1.0,,1
large_scale,none,qwen3_14b,MUSE-Books,scratchpad,none,1.0,,1,,,0,0.2,,1,1.0,,1,,,0,0.4,,1
large_scale,none,qwen3_14b,MUSE-Books,scratchpad,target_context_memory,1.0,,1,,,0,1.0,,1,1.0,,1,,,0,1.0,,1
large_scale,none,qwen3_14b,MUSE-Books,sequential,full_inference,1.0,,1,,,0,0.4,,1,1.0,,1,,,0,0.8,,1
large_scale,none,qwen3_14b,MUSE-Books,sequential,none,1.0,,1,,,0,0.8,,1,1.0,,1,,,0,0.8,,1
large_scale,none,qwen3_14b,MUSE-Books,sequential,target_context_memory,1.0,,1,,,0,0.4,,1,1.0,,1,,,0,0.8,,1
large_scale,none,qwen3_14b,MUSE-News,debate,full_inference,0.0,,1,,,0,0.0,,1,1.0,,1,,,0,0.6,,1
large_scale,none,qwen3_14b,MUSE-News,debate,none,1.0,,1,,,0,0.0,,1,1.0,,1,,,0,0.4,,1
large_scale,none,qwen3_14b,MUSE-News,debate,target_context_memory,0.4,,1,,,0,0.0,,1,1.0,,1,,,0,0.6,,1
large_scale,none,qwen3_14b,MUSE-News,hierarchical,full_inference,0.0,,1,,,0,0.0,,1,1.0,,1,,,0,1.0,,1
large_scale,none,qwen3_14b,MUSE-News,hierarchical,none,1.0,,1,,,0,0.0,,1,1.0,,1,,,0,1.0,,1
large_scale,none,qwen3_14b,MUSE-News,hierarchical,target_context_memory,0.0,,1,,,0,0.0,,1,1.0,,1,,,0,1.0,,1
large_scale,none,qwen3_14b,MUSE-News,independent,full_inference,0.0,,1,,,0,0.0,,1,0.0,,1,,,0,1.0,,1
large_scale,none,qwen3_14b,MUSE-News,independent,none,1.0,,1,,,0,0.0,,1,1.0,,1,,,0,1.0,,1
large_scale,none,qwen3_14b,MUSE-News,independent,target_context_memory,0.0,,1,,,0,0.0,,1,0.0,,1,,,0,1.0,,1
large_scale,none,qwen3_14b,MUSE-News,scratchpad,full_inference,1.0,,1,,,0,0.0,,1,1.0,,1,,,0,1.0,,1
large_scale,none,qwen3_14b,MUSE-News,scratchpad,none,1.0,,1,,,0,0.0,,1,1.0,,1,,,0,1.0,,1
large_scale,none,qwen3_14b,MUSE-News,scratchpad,target_context_memory,1.0,,1,,,0,0.0,,1,1.0,,1,,,0,1.0,,1
large_scale,none,qwen3_14b,MUSE-News,sequential,full_inference,1.0,,1,,,0,0.0,,1,1.0,,1,,,0,1.0,,1
large_scale,none,qwen3_14b,MUSE-News,sequential,none,1.0,,1,,,0,0.0,,1,1.0,,1,,,0,1.0,,1
large_scale,none,qwen3_14b,MUSE-News,sequential,target_context_memory,1.0,,1,,,0,0.0,,1,1.0,,1,,,0,1.0,,1
large_scale,none,qwen3_14b,RWKU,debate,full_inference,0.5800000000000001,0.3190262963734773,10,0.6799999999999999,0.39101008796307146,10,0.6599999999999999,0.2836272984824353,10,0.64,0.32386554137309653,10,0.6799999999999999,0.36757463338907254,10,0.78,0.3457680661303984,10
large_scale,none,qwen3_14b,RWKU,debate,none,0.72,0.39101008796307146,10,0.8,0.4216370213557839,10,0.8400000000000001,0.32386554137309653,10,0.7,0.3559026084010437,10,0.76,0.35023801430836526,10,0.82,0.33266599866332397,10
large_scale,none,qwen3_14b,RWKU,debate,target_context_memory,0.6,0.28284271247461906,10,0.7,0.380058475033046,10,0.62,0.2573367875415838,10,0.64,0.3373096170846272,10,0.7,0.3559026084010437,10,0.76,0.35023801430836526,10
large_scale,none,qwen3_14b,RWKU,hierarchical,full_inference,0.54,0.49035134795822116,10,0.48,0.5094659513211414,10,1.0,0.0,10,0.9,0.31622776601683794,10,0.8800000000000001,0.3155242550986462,10,0.9,0.31622776601683794,10
large_scale,none,qwen3_14b,RWKU,hierarchical,none,0.8400000000000001,0.3502380143083652,10,0.8,0.4216370213557839,10,1.0,0.0,10,0.9,0.31622776601683794,10,0.9,0.31622776601683794,10,0.9,0.31622776601683794,10
large_scale,none,qwen3_14b,RWKU,hierarchical,target_context_memory,0.54,0.49035134795822116,10,0.48,0.5094659513211414,10,1.0,0.0,10,0.9,0.31622776601683794,10,0.8800000000000001,0.3155242550986462,10,0.9,0.31622776601683794,10
large_scale,none,qwen3_14b,RWKU,independent,full_inference,0.52,0.4732863826479693,10,0.48,0.4825856285561029,10,1.0,0.0,10,0.52,0.4732863826479693,10,0.48,0.4825856285561029,10,1.0,0.0,10
large_scale,none,qwen3_14b,RWKU,independent,none,0.8,0.4216370213557839,10,0.8,0.4216370213557839,10,0.9800000000000001,0.06324555320336757,10,0.9,0.31622776601683794,10,0.8800000000000001,0.3155242550986462,10,0.9800000000000001,0.06324555320336757,10
large_scale,none,qwen3_14b,RWKU,independent,target_context_memory,0.52,0.4732863826479693,10,0.48,0.4825856285561029,10,1.0,0.0,10,0.52,0.4732863826479693,10,0.48,0.4825856285561029,10,1.0,0.0,10
large_scale,none,qwen3_14b,RWKU,scratchpad,full_inference,0.6,0.42163702135578396,10,0.6799999999999999,0.43410188256265886,10,1.0,0.0,10,0.9,0.31622776601683794,10,0.8800000000000001,0.3155242550986462,10,0.9,0.31622776601683794,10
large_scale,none,qwen3_14b,RWKU,scratchpad,none,0.96,0.0843274042711568,10,0.8,0.4216370213557839,10,1.0,0.0,10,0.9199999999999999,0.25298221281347033,10,0.8800000000000001,0.3155242550986462,10,0.9,0.31622776601683794,10
large_scale,none,qwen3_14b,RWKU,scratchpad,target_context_memory,0.8800000000000001,0.3155242550986462,10,0.74,0.4325634186002223,10,1.0,0.0,10,0.9,0.31622776601683794,10,0.8800000000000001,0.3155242550986462,10,0.9,0.31622776601683794,10
large_scale,none,qwen3_14b,RWKU,sequential,full_inference,0.62,0.4939635614091387,10,0.76,0.3977715704047013,10,0.9,0.31622776601683794,10,0.86,0.3272783388968954,10,0.86,0.2988868236194652,10,0.9,0.31622776601683794,10
large_scale,none,qwen3_14b,RWKU,sequential,none,0.76,0.41952353926806063,10,0.74,0.4325634186002223,10,0.9,0.31622776601683794,10,0.86,0.3272783388968954,10,0.82,0.3457680661303984,10,0.9,0.31622776601683794,10
large_scale,none,qwen3_14b,RWKU,sequential,target_context_memory,0.74,0.41150131632029247,10,0.76,0.3977715704047013,10,0.9,0.31622776601683794,10,0.86,0.3272783388968954,10,0.86,0.2988868236194652,10,0.9,0.31622776601683794,10
large_scale,none,qwen3_14b,TOFU,debate,full_inference,0.13333333333333333,0.23094010767585033,3,0.7333333333333334,0.46188021535170054,3,1.0,0.0,3,1.0,0.0,3,1.0,0.0,3,1.0,0.0,3
large_scale,none,qwen3_14b,TOFU,debate,none,1.0,0.0,3,1.0,0.0,3,1.0,0.0,3,1.0,0.0,3,1.0,0.0,3,1.0,0.0,3
large_scale,none,qwen3_14b,TOFU,debate,target_context_memory,1.0,0.0,3,1.0,0.0,3,1.0,0.0,3,1.0,0.0,3,1.0,0.0,3,1.0,0.0,3
large_scale,none,qwen3_14b,TOFU,hierarchical,full_inference,0.0,0.0,3,0.3333333333333333,0.5773502691896258,3,1.0,0.0,3,1.0,0.0,3,1.0,0.0,3,1.0,0.0,3
large_scale,none,qwen3_14b,TOFU,hierarchical,none,1.0,0.0,3,1.0,0.0,3,1.0,0.0,3,1.0,0.0,3,1.0,0.0,3,1.0,0.0,3
large_scale,none,qwen3_14b,TOFU,hierarchical,target_context_memory,0.0,0.0,3,0.3333333333333333,0.5773502691896258,3,1.0,0.0,3,1.0,0.0,3,1.0,0.0,3,1.0,0.0,3
large_scale,none,qwen3_14b,TOFU,independent,full_inference,0.19999999999999998,0.34641016151377546,3,0.3333333333333333,0.5773502691896258,3,1.0,0.0,3,0.19999999999999998,0.34641016151377546,3,0.3333333333333333,0.5773502691896258,3,1.0,0.0,3
large_scale,none,qwen3_14b,TOFU,independent,none,1.0,0.0,3,1.0,0.0,3,1.0,0.0,3,1.0,0.0,3,1.0,0.0,3,1.0,0.0,3
large_scale,none,qwen3_14b,TOFU,independent,target_context_memory,0.19999999999999998,0.34641016151377546,3,0.3333333333333333,0.5773502691896258,3,1.0,0.0,3,0.19999999999999998,0.34641016151377546,3,0.3333333333333333,0.5773502691896258,3,1.0,0.0,3
large_scale,none,qwen3_14b,TOFU,scratchpad,full_inference,0.06666666666666667,0.11547005383792516,3,0.6666666666666666,0.5773502691896258,3,1.0,0.0,3,0.7333333333333334,0.46188021535170065,3,1.0,0.0,3,1.0,0.0,3
large_scale,none,qwen3_14b,TOFU,scratchpad,none,1.0,0.0,3,1.0,0.0,3,1.0,0.0,3,1.0,0.0,3,1.0,0.0,3,1.0,0.0,3
large_scale,none,qwen3_14b,TOFU,scratchpad,target_context_memory,1.0,0.0,3,1.0,0.0,3,1.0,0.0,3,1.0,0.0,3,1.0,0.0,3,1.0,0.0,3
large_scale,none,qwen3_14b,TOFU,sequential,full_inference,0.0,0.0,3,0.9333333333333332,0.11547005383792512,3,1.0,0.0,3,0.6666666666666666,0.5773502691896258,3,1.0,0.0,3,1.0,0.0,3
large_scale,none,qwen3_14b,TOFU,sequential,none,1.0,0.0,3,1.0,0.0,3,1.0,0.0,3,1.0,0.0,3,1.0,0.0,3,1.0,0.0,3
large_scale,none,qwen3_14b,TOFU,sequential,target_context_memory,1.0,0.0,3,1.0,0.0,3,1.0,0.0,3,1.0,0.0,3,1.0,0.0,3,1.0,0.0,3
main,none,mistral_7b,MUSE-Books,debate,communication,1.0,,1,,,0,1.0,,1,1.0,,1,,,0,1.0,,1
main,none,mistral_7b,MUSE-Books,debate,full_inference,0.0,,1,,,0,1.0,,1,1.0,,1,,,0,1.0,,1
main,none,mistral_7b,MUSE-Books,debate,global_context,0.0,,1,,,0,0.8,,1,0.0,,1,,,0,0.8,,1
main,none,mistral_7b,MUSE-Books,debate,none,1.0,,1,,,0,1.0,,1,1.0,,1,,,0,1.0,,1
main,none,mistral_7b,MUSE-Books,debate,target_context,1.0,,1,,,0,1.0,,1,1.0,,1,,,0,1.0,,1
main,none,mistral_7b,MUSE-Books,debate,target_context_comm,0.0,,1,,,0,1.0,,1,1.0,,1,,,0,1.0,,1
main,none,mistral_7b,MUSE-Books,debate,target_context_memory,1.0,,1,,,0,1.0,,1,1.0,,1,,,0,1.0,,1
main,none,mistral_7b,MUSE-Books,debate,target_memory,1.0,,1,,,0,0.8,,1,1.0,,1,,,0,1.0,,1
main,none,mistral_7b,MUSE-Books,debate,target_memory_comm,1.0,,1,,,0,0.8,,1,1.0,,1,,,0,1.0,,1
main,none,mistral_7b,MUSE-Books,hierarchical,communication,1.0,,1,,,0,0.8,,1,1.0,,1,,,0,0.8,,1
main,none,mistral_7b,MUSE-Books,hierarchical,full_inference,0.0,,1,,,0,0.0,,1,1.0,,1,,,0,0.8,,1
main,none,mistral_7b,MUSE-Books,hierarchical,global_context,0.0,,1,,,0,0.6,,1,0.0,,1,,,0,0.6,,1
main,none,mistral_7b,MUSE-Books,hierarchical,none,1.0,,1,,,0,0.8,,1,1.0,,1,,,0,0.8,,1
main,none,mistral_7b,MUSE-Books,hierarchical,target_context,0.0,,1,,,0,0.6,,1,1.0,,1,,,0,0.8,,1
main,none,mistral_7b,MUSE-Books,hierarchical,target_context_comm,0.0,,1,,,0,0.6,,1,1.0,,1,,,0,0.8,,1
main,none,mistral_7b,MUSE-Books,hierarchical,target_context_memory,0.0,,1,,,0,0.0,,1,1.0,,1,,,0,0.8,,1
main,none,mistral_7b,MUSE-Books,hierarchical,target_memory,1.0,,1,,,0,0.0,,1,1.0,,1,,,0,0.4,,1
main,none,mistral_7b,MUSE-Books,hierarchical,target_memory_comm,1.0,,1,,,0,0.0,,1,1.0,,1,,,0,0.4,,1
main,none,mistral_7b,MUSE-Books,independent,communication,1.0,,1,,,0,0.8,,1,1.0,,1,,,0,0.8,,1
main,none,mistral_7b,MUSE-Books,independent,full_inference,0.0,,1,,,0,0.0,,1,0.0,,1,,,0,0.0,,1
main,none,mistral_7b,MUSE-Books,independent,global_context,0.0,,1,,,0,0.6,,1,0.0,,1,,,0,0.6,,1
main,none,mistral_7b,MUSE-Books,independent,none,1.0,,1,,,0,0.8,,1,1.0,,1,,,0,0.8,,1
main,none,mistral_7b,MUSE-Books,independent,target_context,0.0,,1,,,0,0.6,,1,0.0,,1,,,0,0.6,,1
main,none,mistral_7b,MUSE-Books,independent,target_context_comm,0.0,,1,,,0,0.6,,1,0.0,,1,,,0,0.6,,1
main,none,mistral_7b,MUSE-Books,independent,target_context_memory,0.0,,1,,,0,0.0,,1,0.0,,1,,,0,0.0,,1
main,none,mistral_7b,MUSE-Books,independent,target_memory,1.0,,1,,,0,0.0,,1,1.0,,1,,,0,0.0,,1
main,none,mistral_7b,MUSE-Books,independent,target_memory_comm,1.0,,1,,,0,0.0,,1,1.0,,1,,,0,0.0,,1
main,none,mistral_7b,MUSE-Books,scratchpad,communication,1.0,,1,,,0,0.8,,1,1.0,,1,,,0,0.8,,1
main,none,mistral_7b,MUSE-Books,scratchpad,full_inference,0.0,,1,,,0,0.8,,1,1.0,,1,,,0,0.8,,1
main,none,mistral_7b,MUSE-Books,scratchpad,global_context,0.0,,1,,,0,0.6,,1,0.0,,1,,,0,0.6,,1
main,none,mistral_7b,MUSE-Books,scratchpad,none,1.0,,1,,,0,0.8,,1,1.0,,1,,,0,0.8,,1
main,none,mistral_7b,MUSE-Books,scratchpad,target_context,1.0,,1,,,0,0.8,,1,1.0,,1,,,0,0.8,,1
main,none,mistral_7b,MUSE-Books,scratchpad,target_context_comm,0.0,,1,,,0,0.8,,1,1.0,,1,,,0,0.8,,1
main,none,mistral_7b,MUSE-Books,scratchpad,target_context_memory,1.0,,1,,,0,0.8,,1,1.0,,1,,,0,0.8,,1
main,none,mistral_7b,MUSE-Books,scratchpad,target_memory,1.0,,1,,,0,0.8,,1,1.0,,1,,,0,0.8,,1
main,none,mistral_7b,MUSE-Books,scratchpad,target_memory_comm,1.0,,1,,,0,0.8,,1,1.0,,1,,,0,0.8,,1
main,none,mistral_7b,MUSE-Books,sequential,communication,1.0,,1,,,0,0.8,,1,1.0,,1,,,0,0.8,,1
main,none,mistral_7b,MUSE-Books,sequential,full_inference,0.0,,1,,,0,0.8,,1,1.0,,1,,,0,0.8,,1
main,none,mistral_7b,MUSE-Books,sequential,global_context,0.0,,1,,,0,0.6,,1,0.0,,1,,,0,0.6,,1
main,none,mistral_7b,MUSE-Books,sequential,none,1.0,,1,,,0,0.8,,1,1.0,,1,,,0,0.8,,1
main,none,mistral_7b,MUSE-Books,sequential,target_context,1.0,,1,,,0,0.8,,1,1.0,,1,,,0,0.8,,1
main,none,mistral_7b,MUSE-Books,sequential,target_context_comm,0.0,,1,,,0,0.8,,1,1.0,,1,,,0,0.8,,1
main,none,mistral_7b,MUSE-Books,sequential,target_context_memory,1.0,,1,,,0,0.8,,1,1.0,,1,,,0,0.8,,1
main,none,mistral_7b,MUSE-Books,sequential,target_memory,1.0,,1,,,0,0.8,,1,1.0,,1,,,0,0.8,,1
main,none,mistral_7b,MUSE-Books,sequential,target_memory_comm,1.0,,1,,,0,0.8,,1,1.0,,1,,,0,0.8,,1
main,none,mistral_7b,MUSE-News,debate,communication,1.0,,1,,,0,0.0,,1,1.0,,1,,,0,0.6,,1
main,none,mistral_7b,MUSE-News,debate,full_inference,1.0,,1,,,0,0.0,,1,1.0,,1,,,0,0.6,,1
main,none,mistral_7b,MUSE-News,debate,global_context,0.0,,1,,,0,0.0,,1,0.0,,1,,,0,0.0,,1
main,none,mistral_7b,MUSE-News,debate,none,1.0,,1,,,0,0.0,,1,1.0,,1,,,0,0.6,,1
main,none,mistral_7b,MUSE-News,debate,target_context,1.0,,1,,,0,0.0,,1,1.0,,1,,,0,0.6,,1
main,none,mistral_7b,MUSE-News,debate,target_context_comm,1.0,,1,,,0,0.0,,1,1.0,,1,,,0,0.6,,1
main,none,mistral_7b,MUSE-News,debate,target_context_memory,0.8,,1,,,0,0.0,,1,1.0,,1,,,0,0.6,,1
main,none,mistral_7b,MUSE-News,debate,target_memory,1.0,,1,,,0,0.0,,1,1.0,,1,,,0,0.4,,1
main,none,mistral_7b,MUSE-News,debate,target_memory_comm,1.0,,1,,,0,0.0,,1,1.0,,1,,,0,0.4,,1
main,none,mistral_7b,MUSE-News,hierarchical,communication,1.0,,1,,,0,0.0,,1,1.0,,1,,,0,1.0,,1
main,none,mistral_7b,MUSE-News,hierarchical,full_inference,0.0,,1,,,0,0.0,,1,1.0,,1,,,0,1.0,,1
main,none,mistral_7b,MUSE-News,hierarchical,global_context,0.0,,1,,,0,0.0,,1,0.0,,1,,,0,1.0,,1
main,none,mistral_7b,MUSE-News,hierarchical,none,1.0,,1,,,0,0.0,,1,1.0,,1,,,0,1.0,,1
main,none,mistral_7b,MUSE-News,hierarchical,target_context,0.0,,1,,,0,0.0,,1,1.0,,1,,,0,1.0,,1
main,none,mistral_7b,MUSE-News,hierarchical,target_context_comm,0.0,,1,,,0,0.0,,1,1.0,,1,,,0,1.0,,1
main,none,mistral_7b,MUSE-News,hierarchical,target_context_memory,0.0,,1,,,0,0.0,,1,1.0,,1,,,0,1.0,,1
main,none,mistral_7b,MUSE-News,hierarchical,target_memory,1.0,,1,,,0,0.0,,1,1.0,,1,,,0,1.0,,1
main,none,mistral_7b,MUSE-News,hierarchical,target_memory_comm,1.0,,1,,,0,0.0,,1,1.0,,1,,,0,1.0,,1
main,none,mistral_7b,MUSE-News,independent,communication,1.0,,1,,,0,0.0,,1,1.0,,1,,,0,1.0,,1
main,none,mistral_7b,MUSE-News,independent,full_inference,0.0,,1,,,0,0.0,,1,0.0,,1,,,0,1.0,,1
main,none,mistral_7b,MUSE-News,independent,global_context,0.0,,1,,,0,0.0,,1,0.0,,1,,,0,1.0,,1
main,none,mistral_7b,MUSE-News,independent,none,1.0,,1,,,0,0.0,,1,1.0,,1,,,0,1.0,,1
main,none,mistral_7b,MUSE-News,independent,target_context,0.0,,1,,,0,0.0,,1,0.0,,1,,,0,1.0,,1
main,none,mistral_7b,MUSE-News,independent,target_context_comm,0.0,,1,,,0,0.0,,1,0.0,,1,,,0,1.0,,1
main,none,mistral_7b,MUSE-News,independent,target_context_memory,0.0,,1,,,0,0.0,,1,0.0,,1,,,0,1.0,,1
main,none,mistral_7b,MUSE-News,independent,target_memory,1.0,,1,,,0,0.0,,1,1.0,,1,,,0,1.0,,1
main,none,mistral_7b,MUSE-News,independent,target_memory_comm,1.0,,1,,,0,0.0,,1,1.0,,1,,,0,1.0,,1
main,none,mistral_7b,MUSE-News,scratchpad,communication,1.0,,1,,,0,0.0,,1,1.0,,1,,,0,1.0,,1
main,none,mistral_7b,MUSE-News,scratchpad,full_inference,1.0,,1,,,0,0.0,,1,1.0,,1,,,0,1.0,,1
main,none,mistral_7b,MUSE-News,scratchpad,global_context,0.0,,1,,,0,0.0,,1,0.0,,1,,,0,1.0,,1
main,none,mistral_7b,MUSE-News,scratchpad,none,1.0,,1,,,0,0.0,,1,1.0,,1,,,0,1.0,,1
main,none,mistral_7b,MUSE-News,scratchpad,target_context,1.0,,1,,,0,0.0,,1,1.0,,1,,,0,1.0,,1
main,none,mistral_7b,MUSE-News,scratchpad,target_context_comm,1.0,,1,,,0,0.0,,1,1.0,,1,,,0,1.0,,1
main,none,mistral_7b,MUSE-News,scratchpad,target_context_memory,1.0,,1,,,0,0.0,,1,1.0,,1,,,0,1.0,,1
main,none,mistral_7b,MUSE-News,scratchpad,target_memory,1.0,,1,,,0,0.0,,1,1.0,,1,,,0,1.0,,1
main,none,mistral_7b,MUSE-News,scratchpad,target_memory_comm,1.0,,1,,,0,0.0,,1,1.0,,1,,,0,1.0,,1
main,none,mistral_7b,MUSE-News,sequential,communication,1.0,,1,,,0,0.0,,1,1.0,,1,,,0,1.0,,1
main,none,mistral_7b,MUSE-News,sequential,full_inference,1.0,,1,,,0,0.0,,1,1.0,,1,,,0,1.0,,1
main,none,mistral_7b,MUSE-News,sequential,global_context,0.0,,1,,,0,0.0,,1,0.0,,1,,,0,1.0,,1
main,none,mistral_7b,MUSE-News,sequential,none,1.0,,1,,,0,0.0,,1,1.0,,1,,,0,1.0,,1
main,none,mistral_7b,MUSE-News,sequential,target_context,1.0,,1,,,0,0.0,,1,1.0,,1,,,0,1.0,,1
main,none,mistral_7b,MUSE-News,sequential,target_context_comm,1.0,,1,,,0,0.0,,1,1.0,,1,,,0,1.0,,1
main,none,mistral_7b,MUSE-News,sequential,target_context_memory,1.0,,1,,,0,0.0,,1,1.0,,1,,,0,1.0,,1
main,none,mistral_7b,MUSE-News,sequential,target_memory,1.0,,1,,,0,0.0,,1,1.0,,1,,,0,1.0,,1
main,none,mistral_7b,MUSE-News,sequential,target_memory_comm,1.0,,1,,,0,0.0,,1,1.0,,1,,,0,1.0,,1
main,none,mistral_7b,RWKU,debate,communication,0.36,0.41952353926806063,10,0.32,0.3155242550986462,10,0.2,0.29814239699997197,10,0.48,0.43410188256265886,10,0.48,0.43410188256265886,10,0.45999999999999996,0.3405877273185281,10
main,none,mistral_7b,RWKU,debate,full_inference,0.2,0.2666666666666667,10,0.42000000000000004,0.3457680661303984,10,0.36,0.40879225911349043,10,0.58,0.2898275349237888,10,0.5599999999999999,0.429987079909256,10,0.58,0.38239014399199966,10
main,none,mistral_7b,RWKU,debate,global_context,0.36,0.3502380143083653,10,0.6,0.4,10,0.44000000000000006,0.3502380143083652,10,0.36,0.39777157040470135,10,0.68,0.3552776691859794,10,0.48,0.3794733192202055,10
main,none,mistral_7b,RWKU,debate,none,0.27999999999999997,0.37947331922020555,10,0.32,0.36757463338907254,10,0.44000000000000006,0.37475918193480523,10,0.44000000000000006,0.3977715704047013,10,0.4,0.43204937989385733,10,0.48,0.3675746333890726,10
main,none,mistral_7b,RWKU,debate,target_context,0.3,0.30184617127124724,10,0.44000000000000006,0.39777157040470124,10,0.58,0.38239014399199966,10,0.42000000000000004,0.2573367875415838,10,0.48,0.3910100879630715,10,0.52,0.2699794230842211,10
main,none,mistral_7b,RWKU,debate,target_context_comm,0.2,0.33993463423951903,10,0.4,0.33993463423951903,10,0.36,0.35023801430836526,10,0.5,0.316227766016838,10,0.54,0.40055517028799476,10,0.5599999999999999,0.27968235951204046,10
main,none,mistral_7b,RWKU,debate,target_context_memory,0.24000000000000005,0.26331223544175336,10,0.48,0.4131182235954578,10,0.52,0.39101008796307146,10,0.5,0.28674417556808757,10,0.54,0.4115013163202924,10,0.58,0.38239014399199966,10
main,none,mistral_7b,RWKU,debate,target_memory,0.3,0.41365578819969523,10,0.45999999999999996,0.42216373863966833,10,0.5,0.4346134936801766,10,0.42000000000000004,0.35839146815241635,10,0.58,0.4366539438350084,10,0.52,0.40221608343995613,10
main,none,mistral_7b,RWKU,debate,target_memory_comm,0.24,0.36270588023294514,10,0.32,0.32930904093942587,10,0.36,0.35023801430836526,10,0.42000000000000004,0.4049691346263317,10,0.58,0.4049691346263318,10,0.58,0.42635405214185285,10
main,none,mistral_7b,RWKU,hierarchical,communication,0.8,0.4216370213557839,10,0.72,0.42373996218855214,10,0.76,0.41952353926806063,10,0.8400000000000001,0.35023801430836526,10,0.72,0.42373996218855214,10,0.74,0.4005551702879947,10
main,none,mistral_7b,RWKU,hierarchical,full_inference,0.6599999999999999,0.46236109025065875,10,0.64,0.4695151163109069,10,0.76,0.4087922591134905,10,0.8400000000000001,0.3238655413730965,10,0.8,0.4216370213557839,10,0.8,0.3771236166328253,10
main,none,mistral_7b,RWKU,hierarchical,global_context,0.64,0.429987079909256,10,0.86,0.3134042472944842,10,0.72,0.42373996218855214,10,0.64,0.45995168828427574,10,0.9,0.253859103528797,10,0.76,0.36270588023294514,10
main,none,mistral_7b,RWKU,hierarchical,none,0.8,0.4216370213557839,10,0.72,0.42373996218855214,10,0.76,0.41952353926806063,10,0.8400000000000001,0.35023801430836526,10,0.72,0.42373996218855214,10,0.74,0.4005551702879947,10
main,none,mistral_7b,RWKU,hierarchical,target_context,0.64,0.429987079909256,10,0.86,0.3134042472944842,10,0.72,0.42373996218855214,10,0.8800000000000001,0.3155242550986462,10,0.74,0.4325634186002223,10,0.82,0.3190262963734773,10
main,none,mistral_7b,RWKU,hierarchical,target_context_comm,0.64,0.429987079909256,10,0.86,0.3134042472944842,10,0.72,0.42373996218855214,10,0.8800000000000001,0.3155242550986462,10,0.74,0.4325634186002223,10,0.82,0.3190262963734773,10
main,none,mistral_7b,RWKU,hierarchical,target_context_memory,0.6599999999999999,0.46236109025065875,10,0.64,0.4695151163109069,10,0.76,0.4087922591134905,10,0.8400000000000001,0.3238655413730965,10,0.8,0.4216370213557839,10,0.8,0.3771236166328253,10
main,none,mistral_7b,RWKU,hierarchical,target_memory,0.82,0.38239014399199966,10,0.78,0.38239014399199966,10,0.74,0.36575644598253876,10,0.8800000000000001,0.3155242550986462,10,0.76,0.41952353926806063,10,0.78,0.37058512292499457,10
main,none,mistral_7b,RWKU,hierarchical,target_memory_comm,0.82,0.38239014399199966,10,0.78,0.38239014399199966,10,0.74,0.36575644598253876,10,0.8800000000000001,0.3155242550986462,10,0.76,0.41952353926806063,10,0.78,0.37058512292499457,10
main,none,mistral_7b,RWKU,independent,communication,0.8,0.4216370213557839,10,0.74,0.4325634186002223,10,0.8800000000000001,0.3155242550986462,10,0.9,0.31622776601683794,10,0.78,0.4157990967870047,10,0.9,0.31622776601683794,10
main,none,mistral_7b,RWKU,independent,full_inference,0.7,0.4447221354708778,10,0.62,0.4939635614091388,10,0.78,0.4157990967870047,10,0.8,0.4216370213557839,10,0.7,0.48304589153964794,10,0.78,0.4157990967870047,10
main,none,mistral_7b,RWKU,independent,global_context,0.6599999999999999,0.47187568984497036,10,0.8800000000000001,0.3155242550986462,10,0.8,0.35276684147527876,10,0.78,0.41579909678700466,10,1.0,0.0,10,0.8,0.35276684147527876,10
main,none,mistral_7b,RWKU,independent,none,0.8,0.4216370213557839,10,0.74,0.4325634186002223,10,0.8800000000000001,0.3155242550986462,10,0.9,0.31622776601683794,10,0.78,0.4157990967870047,10,0.9,0.31622776601683794,10
main,none,mistral_7b,RWKU,independent,target_context,0.6599999999999999,0.47187568984497036,10,0.8800000000000001,0.3155242550986462,10,0.8,0.35276684147527876,10,0.78,0.41579909678700466,10,1.0,0.0,10,0.8,0.35276684147527876,10
main,none,mistral_7b,RWKU,independent,target_context_comm,0.6599999999999999,0.47187568984497036,10,0.8800000000000001,0.3155242550986462,10,0.8,0.35276684147527876,10,0.78,0.41579909678700466,10,1.0,0.0,10,0.8,0.35276684147527876,10
main,none,mistral_7b,RWKU,independent,target_context_memory,0.7,0.4447221354708778,10,0.62,0.4939635614091388,10,0.78,0.4157990967870047,10,0.8,0.4216370213557839,10,0.7,0.48304589153964794,10,0.78,0.4157990967870047,10
main,none,mistral_7b,RWKU,independent,target_memory,0.78,0.4157990967870047,10,0.8800000000000001,0.3155242550986462,10,0.9,0.31622776601683794,10,0.8800000000000001,0.3155242550986462,10,0.82,0.38239014399199966,10,0.9,0.31622776601683794,10
main,none,mistral_7b,RWKU,independent,target_memory_comm,0.78,0.4157990967870047,10,0.8800000000000001,0.3155242550986462,10,0.9,0.31622776601683794,10,0.8800000000000001,0.3155242550986462,10,0.82,0.38239014399199966,10,0.9,0.31622776601683794,10
main,none,mistral_7b,RWKU,scratchpad,communication,0.86,0.3272783388968954,10,0.6599999999999999,0.4325634186002223,10,0.8,0.4216370213557839,10,0.9,0.31622776601683794,10,0.78,0.4157990967870047,10,0.8800000000000001,0.3155242550986462,10
main,none,mistral_7b,RWKU,scratchpad,full_inference,0.86,0.3134042472944842,10,0.6599999999999999,0.4325634186002223,10,0.8800000000000001,0.3155242550986462,10,0.9,0.31622776601683794,10,0.74,0.4005551702879947,10,0.8800000000000001,0.3155242550986462,10
main,none,mistral_7b,RWKU,scratchpad,global_context,0.6599999999999999,0.4325634186002223,10,0.9199999999999999,0.25298221281347033,10,0.7,0.48304589153964794,10,0.6799999999999999,0.4442221666388715,10,1.0,0.0,10,0.72,0.4541169697580374,10
main,none,mistral_7b,RWKU,scratchpad,none,0.8400000000000001,0.29514591494904874,10,0.72,0.45411696975803734,10,0.8,0.4216370213557839,10,0.8800000000000001,0.3155242550986462,10,0.74,0.4325634186002223,10,0.9,0.31622776601683794,10
main,none,mistral_7b,RWKU,scratchpad,target_context,0.74,0.3893013685508382,10,0.9,0.31622776601683794,10,0.8400000000000001,0.3502380143083652,10,0.9199999999999999,0.25298221281347033,10,0.8,0.4216370213557839,10,0.8800000000000001,0.3155242550986462,10
main,none,mistral_7b,RWKU,scratchpad,target_context_comm,0.7,0.41365578819969523,10,0.82,0.38239014399199966,10,0.8400000000000001,0.3502380143083652,10,0.9,0.31622776601683794,10,0.8,0.4216370213557839,10,0.8800000000000001,0.3155242550986462,10
main,none,mistral_7b,RWKU,scratchpad,target_context_memory,0.8,0.33993463423951903,10,0.8800000000000001,0.3155242550986462,10,0.8800000000000001,0.3155242550986462,10,0.8800000000000001,0.3155242550986462,10,0.78,0.4157990967870047,10,0.8800000000000001,0.3155242550986462,10
main,none,mistral_7b,RWKU,scratchpad,target_memory,0.78,0.3705851229249946,10,0.78,0.4157990967870047,10,0.86,0.3272783388968954,10,0.8400000000000001,0.35023801430836526,10,0.8,0.4216370213557839,10,0.8800000000000001,0.3155242550986462,10
main,none,mistral_7b,RWKU,scratchpad,target_memory_comm,0.8400000000000001,0.3502380143083652,10,0.8,0.4216370213557839,10,0.86,0.3272783388968954,10,0.9,0.31622776601683794,10,0.78,0.4157990967870047,10,0.8800000000000001,0.3155242550986462,10
main,none,mistral_7b,RWKU,sequential,communication,0.9,0.31622776601683794,10,0.76,0.41952353926806063,10,0.76,0.3373096170846272,10,0.86,0.3272783388968954,10,0.74,0.4115013163202924,10,0.86,0.3134042472944842,10
main,none,mistral_7b,RWKU,sequential,full_inference,0.7,0.44472213547087786,10,0.64,0.4788875998951459,10,0.8400000000000001,0.3098386676965933,10,0.86,0.3134042472944842,10,0.78,0.4157990967870047,10,0.8800000000000001,0.3155242550986462,10
main,none,mistral_7b,RWKU,sequential,global_context,0.6,0.5163977794943222,10,0.82,0.38239014399199966,10,0.72,0.41311822359545775,10,0.72,0.4541169697580374,10,0.9400000000000001,0.18973665961010272,10,0.76,0.37475918193480523,10
main,none,mistral_7b,RWKU,sequential,none,0.76,0.41952353926806063,10,0.74,0.4115013163202924,10,0.7,0.3299831645537222,10,0.82,0.38239014399199966,10,0.78,0.4157990967870047,10,0.8400000000000001,0.32386554137309653,10
main,none,mistral_7b,RWKU,sequential,target_context,0.64,0.4599516882842757,10,0.8400000000000001,0.3502380143083652,10,0.86,0.3134042472944842,10,0.8400000000000001,0.35023801430836526,10,0.6799999999999999,0.47328638264796935,10,0.8800000000000001,0.3155242550986462,10
main,none,mistral_7b,RWKU,sequential,target_context_comm,0.76,0.40879225911349043,10,0.6799999999999999,0.44422216663887154,10,0.86,0.3134042472944842,10,0.8800000000000001,0.3155242550986462,10,0.6799999999999999,0.4732863826479693,10,0.8800000000000001,0.3155242550986462,10
main,none,mistral_7b,RWKU,sequential,target_context_memory,0.6,0.48074017006186526,10,0.78,0.4157990967870047,10,0.82,0.3047767853509989,10,0.8400000000000001,0.35023801430836526,10,0.74,0.4325634186002223,10,0.8800000000000001,0.3155242550986462,10
main,none,mistral_7b,RWKU,sequential,target_memory,0.7,0.48304589153964794,10,0.76,0.39777157040470124,10,0.76,0.32386554137309653,10,0.8,0.4216370213557839,10,0.74,0.4325634186002223,10,0.86,0.3134042472944842,10
main,none,mistral_7b,RWKU,sequential,target_memory_comm,0.8,0.4216370213557839,10,0.78,0.38239014399199966,10,0.76,0.3373096170846272,10,0.9,0.31622776601683794,10,0.78,0.4157990967870047,10,0.8400000000000001,0.32386554137309653,10
main,none,mistral_7b,TOFU,debate,communication,0.9333333333333332,0.11547005383792512,3,1.0,0.0,3,1.0,0.0,3,0.8666666666666667,0.23094010767585033,3,1.0,0.0,3,0.9333333333333332,0.11547005383792512,3
main,none,mistral_7b,TOFU,debate,full_inference,0.20000000000000004,0.2,3,0.9333333333333332,0.11547005383792512,3,1.0,0.0,3,0.9333333333333332,0.11547005383792512,3,0.8666666666666667,0.11547005383792512,3,1.0,0.0,3
main,none,mistral_7b,TOFU,debate,global_context,0.39999999999999997,0.5291502622129182,3,0.7999999999999999,0.34641016151377546,3,1.0,0.0,3,0.0,0.0,3,0.3333333333333333,0.4163331998932266,3,1.0,0.0,3
main,none,mistral_7b,TOFU,debate,none,0.8666666666666667,0.23094010767585033,3,1.0,0.0,3,1.0,0.0,3,0.8666666666666667,0.23094010767585033,3,1.0,0.0,3,0.9333333333333332,0.11547005383792512,3
main,none,mistral_7b,TOFU,debate,target_context,1.0,0.0,3,1.0,0.0,3,1.0,0.0,3,0.9333333333333332,0.11547005383792512,3,0.9333333333333332,0.11547005383792512,3,1.0,0.0,3
main,none,mistral_7b,TOFU,debate,target_context_comm,0.6,0.3464101615137754,3,0.7999999999999999,0.20000000000000004,3,1.0,0.0,3,0.9333333333333332,0.11547005383792512,3,0.8666666666666667,0.11547005383792512,3,1.0,0.0,3
main,none,mistral_7b,TOFU,debate,target_context_memory,0.9333333333333332,0.11547005383792512,3,1.0,0.0,3,1.0,0.0,3,1.0,0.0,3,0.7333333333333334,0.3055050463303893,3,1.0,0.0,3
main,none,mistral_7b,TOFU,debate,target_memory,0.9333333333333332,0.11547005383792512,3,1.0,0.0,3,1.0,0.0,3,1.0,0.0,3,1.0,0.0,3,1.0,0.0,3
main,none,mistral_7b,TOFU,debate,target_memory_comm,0.9333333333333332,0.11547005383792512,3,1.0,0.0,3,1.0,0.0,3,1.0,0.0,3,1.0,0.0,3,1.0,0.0,3
main,none,mistral_7b,TOFU,hierarchical,communication,1.0,0.0,3,1.0,0.0,3,1.0,0.0,3,1.0,0.0,3,1.0,0.0,3,1.0,0.0,3
main,none,mistral_7b,TOFU,hierarchical,full_inference,0.6,0.4,3,0.6666666666666666,0.5773502691896258,3,1.0,0.0,3,1.0,0.0,3,1.0,0.0,3,1.0,0.0,3
main,none,mistral_7b,TOFU,hierarchical,global_context,0.7333333333333334,0.46188021535170065,3,0.7999999999999999,0.34641016151377546,3,1.0,0.0,3,0.06666666666666667,0.11547005383792516,3,0.39999999999999997,0.34641016151377546,3,1.0,0.0,3
main,none,mistral_7b,TOFU,hierarchical,none,1.0,0.0,3,1.0,0.0,3,1.0,0.0,3,1.0,0.0,3,1.0,0.0,3,1.0,0.0,3
main,none,mistral_7b,TOFU,hierarchical,target_context,0.7333333333333334,0.46188021535170065,3,0.7999999999999999,0.34641016151377546,3,1.0,0.0,3,0.9333333333333332,0.11547005383792512,3,0.9333333333333332,0.11547005383792512,3,1.0,0.0,3
main,none,mistral_7b,TOFU,hierarchical,target_context_comm,0.7333333333333334,0.46188021535170065,3,0.7999999999999999,0.34641016151377546,3,1.0,0.0,3,0.9333333333333332,0.11547005383792512,3,0.9333333333333332,0.11547005383792512,3,1.0,0.0,3
main,none,mistral_7b,TOFU,hierarchical,target_context_memory,0.6,0.4,3,0.6666666666666666,0.5773502691896258,3,1.0,0.0,3,1.0,0.0,3,1.0,0.0,3,1.0,0.0,3
main,none,mistral_7b,TOFU,hierarchical,target_memory,1.0,0.0,3,1.0,0.0,3,1.0,0.0,3,1.0,0.0,3,1.0,0.0,3,1.0,0.0,3
main,none,mistral_7b,TOFU,hierarchical,target_memory_comm,1.0,0.0,3,1.0,0.0,3,1.0,0.0,3,1.0,0.0,3,1.0,0.0,3,1.0,0.0,3
main,none,mistral_7b,TOFU,independent,communication,1.0,0.0,3,1.0,0.0,3,1.0,0.0,3,1.0,0.0,3,1.0,0.0,3,1.0,0.0,3
main,none,mistral_7b,TOFU,independent,full_inference,0.6,0.19999999999999996,3,0.7333333333333334,0.46188021535170065,3,1.0,0.0,3,0.06666666666666667,0.11547005383792516,3,0.6,0.5291502622129182,3,1.0,0.0,3
main,none,mistral_7b,TOFU,independent,global_context,0.6666666666666666,0.5773502691896258,3,0.7333333333333334,0.46188021535170065,3,1.0,0.0,3,0.19999999999999998,0.34641016151377546,3,0.4666666666666666,0.5033222956847166,3,1.0,0.0,3
main,none,mistral_7b,TOFU,independent,none,1.0,0.0,3,1.0,0.0,3,1.0,0.0,3,1.0,0.0,3,1.0,0.0,3,1.0,0.0,3
main,none,mistral_7b,TOFU,independent,target_context,0.6666666666666666,0.5773502691896258,3,0.7333333333333334,0.46188021535170065,3,1.0,0.0,3,0.19999999999999998,0.34641016151377546,3,0.4666666666666666,0.5033222956847166,3,1.0,0.0,3
main,none,mistral_7b,TOFU,independent,target_context_comm,0.6666666666666666,0.5773502691896258,3,0.7333333333333334,0.46188021535170065,3,1.0,0.0,3,0.19999999999999998,0.34641016151377546,3,0.4666666666666666,0.5033222956847166,3,1.0,0.0,3
main,none,mistral_7b,TOFU,independent,target_context_memory,0.6,0.19999999999999996,3,0.7333333333333334,0.46188021535170065,3,1.0,0.0,3,0.06666666666666667,0.11547005383792516,3,0.6,0.5291502622129182,3,1.0,0.0,3
main,none,mistral_7b,TOFU,independent,target_memory,1.0,0.0,3,1.0,0.0,3,1.0,0.0,3,1.0,0.0,3,1.0,0.0,3,1.0,0.0,3
main,none,mistral_7b,TOFU,independent,target_memory_comm,1.0,0.0,3,1.0,0.0,3,1.0,0.0,3,1.0,0.0,3,1.0,0.0,3,1.0,0.0,3
main,none,mistral_7b,TOFU,scratchpad,communication,1.0,0.0,3,1.0,0.0,3,1.0,0.0,3,1.0,0.0,3,1.0,0.0,3,1.0,0.0,3
main,none,mistral_7b,TOFU,scratchpad,full_inference,0.5333333333333333,0.5033222956847168,3,1.0,0.0,3,1.0,0.0,3,1.0,0.0,3,1.0,0.0,3,1.0,0.0,3
main,none,mistral_7b,TOFU,scratchpad,global_context,0.5333333333333333,0.4163331998932265,3,0.7999999999999999,0.34641016151377546,3,1.0,0.0,3,0.26666666666666666,0.46188021535170065,3,0.6,0.5291502622129182,3,1.0,0.0,3
main,none,mistral_7b,TOFU,scratchpad,none,1.0,0.0,3,1.0,0.0,3,1.0,0.0,3,1.0,0.0,3,1.0,0.0,3,1.0,0.0,3
main,none,mistral_7b,TOFU,scratchpad,target_context,1.0,0.0,3,1.0,0.0,3,1.0,0.0,3,1.0,0.0,3,1.0,0.0,3,1.0,0.0,3
main,none,mistral_7b,TOFU,scratchpad,target_context_comm,0.5333333333333333,0.5033222956847168,3,0.9333333333333332,0.11547005383792512,3,1.0,0.0,3,1.0,0.0,3,1.0,0.0,3,1.0,0.0,3
main,none,mistral_7b,TOFU,scratchpad,target_context_memory,1.0,0.0,3,1.0,0.0,3,1.0,0.0,3,1.0,0.0,3,1.0,0.0,3,1.0,0.0,3
main,none,mistral_7b,TOFU,scratchpad,target_memory,1.0,0.0,3,1.0,0.0,3,1.0,0.0,3,1.0,0.0,3,1.0,0.0,3,1.0,0.0,3
main,none,mistral_7b,TOFU,scratchpad,target_memory_comm,1.0,0.0,3,1.0,0.0,3,1.0,0.0,3,1.0,0.0,3,1.0,0.0,3,1.0,0.0,3
main,none,mistral_7b,TOFU,sequential,communication,1.0,0.0,3,1.0,0.0,3,1.0,0.0,3,1.0,0.0,3,1.0,0.0,3,1.0,0.0,3
main,none,mistral_7b,TOFU,sequential,full_inference,0.39999999999999997,0.19999999999999998,3,0.8666666666666667,0.23094010767585027,3,1.0,0.0,3,0.9333333333333332,0.11547005383792512,3,0.7999999999999999,0.3464101615137755,3,1.0,0.0,3
main,none,mistral_7b,TOFU,sequential,global_context,0.4666666666666666,0.4618802153517006,3,1.0,0.0,3,1.0,0.0,3,0.3333333333333333,0.5773502691896258,3,0.5333333333333333,0.46188021535170065,3,1.0,0.0,3
main,none,mistral_7b,TOFU,sequential,none,1.0,0.0,3,1.0,0.0,3,1.0,0.0,3,1.0,0.0,3,1.0,0.0,3,1.0,0.0,3
main,none,mistral_7b,TOFU,sequential,target_context,1.0,0.0,3,1.0,0.0,3,1.0,0.0,3,1.0,0.0,3,1.0,0.0,3,1.0,0.0,3
main,none,mistral_7b,TOFU,sequential,target_context_comm,0.5333333333333333,0.5033222956847168,3,1.0,0.0,3,1.0,0.0,3,1.0,0.0,3,0.8666666666666667,0.23094010767585027,3,1.0,0.0,3
main,none,mistral_7b,TOFU,sequential,target_context_memory,1.0,0.0,3,1.0,0.0,3,1.0,0.0,3,1.0,0.0,3,1.0,0.0,3,1.0,0.0,3
main,none,mistral_7b,TOFU,sequential,target_memory,1.0,0.0,3,1.0,0.0,3,1.0,0.0,3,1.0,0.0,3,1.0,0.0,3,1.0,0.0,3
main,none,mistral_7b,TOFU,sequential,target_memory_comm,0.9333333333333332,0.11547005383792512,3,1.0,0.0,3,1.0,0.0,3,1.0,0.0,3,1.0,0.0,3,1.0,0.0,3
main,none,qwen3_4b,MUSE-Books,debate,communication,1.0,,1,,,0,0.8,,1,0.4,,1,,,0,0.8,,1
main,none,qwen3_4b,MUSE-Books,debate,full_inference,0.4,,1,,,0,0.8,,1,0.0,,1,,,0,0.4,,1
main,none,qwen3_4b,MUSE-Books,debate,global_context,0.0,,1,,,0,1.0,,1,0.0,,1,,,0,0.4,,1
main,none,qwen3_4b,MUSE-Books,debate,none,1.0,,1,,,0,0.8,,1,0.4,,1,,,0,0.8,,1
main,none,qwen3_4b,MUSE-Books,debate,target_context,0.6,,1,,,0,1.0,,1,0.0,,1,,,0,0.4,,1
main,none,qwen3_4b,MUSE-Books,debate,target_context_comm,0.4,,1,,,0,1.0,,1,0.0,,1,,,0,0.4,,1
main,none,qwen3_4b,MUSE-Books,debate,target_context_memory,0.6,,1,,,0,0.8,,1,0.0,,1,,,0,0.4,,1
main,none,qwen3_4b,MUSE-Books,debate,target_memory,1.0,,1,,,0,0.8,,1,0.4,,1,,,0,0.4,,1
main,none,qwen3_4b,MUSE-Books,debate,target_memory_comm,1.0,,1,,,0,0.8,,1,0.4,,1,,,0,0.4,,1
main,none,qwen3_4b,MUSE-Books,hierarchical,communication,1.0,,1,,,0,0.8,,1,0.8,,1,,,0,0.8,,1
main,none,qwen3_4b,MUSE-Books,hierarchical,full_inference,0.0,,1,,,0,1.0,,1,0.8,,1,,,0,0.8,,1
main,none,qwen3_4b,MUSE-Books,hierarchical,global_context,0.0,,1,,,0,1.0,,1,0.0,,1,,,0,0.8,,1
main,none,qwen3_4b,MUSE-Books,hierarchical,none,1.0,,1,,,0,0.8,,1,0.8,,1,,,0,0.8,,1
main,none,qwen3_4b,MUSE-Books,hierarchical,target_context,0.0,,1,,,0,1.0,,1,0.6,,1,,,0,0.8,,1
main,none,qwen3_4b,MUSE-Books,hierarchical,target_context_comm,0.0,,1,,,0,1.0,,1,0.6,,1,,,0,0.8,,1
main,none,qwen3_4b,MUSE-Books,hierarchical,target_context_memory,0.0,,1,,,0,1.0,,1,0.8,,1,,,0,0.8,,1
main,none,qwen3_4b,MUSE-Books,hierarchical,target_memory,1.0,,1,,,0,0.4,,1,1.0,,1,,,0,0.4,,1
main,none,qwen3_4b,MUSE-Books,hierarchical,target_memory_comm,1.0,,1,,,0,0.4,,1,1.0,,1,,,0,0.4,,1
main,none,qwen3_4b,MUSE-Books,independent,communication,1.0,,1,,,0,0.4,,1,1.0,,1,,,0,0.4,,1
main,none,qwen3_4b,MUSE-Books,independent,full_inference,0.0,,1,,,0,1.0,,1,0.0,,1,,,0,1.0,,1
main,none,qwen3_4b,MUSE-Books,independent,global_context,0.0,,1,,,0,1.0,,1,0.0,,1,,,0,1.0,,1
main,none,qwen3_4b,MUSE-Books,independent,none,1.0,,1,,,0,0.4,,1,1.0,,1,,,0,0.4,,1
main,none,qwen3_4b,MUSE-Books,independent,target_context,0.0,,1,,,0,1.0,,1,0.0,,1,,,0,1.0,,1
main,none,qwen3_4b,MUSE-Books,independent,target_context_comm,0.0,,1,,,0,1.0,,1,0.0,,1,,,0,1.0,,1
main,none,qwen3_4b,MUSE-Books,independent,target_context_memory,0.0,,1,,,0,1.0,,1,0.0,,1,,,0,1.0,,1
main,none,qwen3_4b,MUSE-Books,independent,target_memory,1.0,,1,,,0,0.0,,1,1.0,,1,,,0,0.0,,1
main,none,qwen3_4b,MUSE-Books,independent,target_memory_comm,1.0,,1,,,0,0.0,,1,1.0,,1,,,0,0.0,,1
main,none,qwen3_4b,MUSE-Books,scratchpad,communication,1.0,,1,,,0,0.8,,1,1.0,,1,,,0,0.8,,1
main,none,qwen3_4b,MUSE-Books,scratchpad,full_inference,0.0,,1,,,0,0.8,,1,1.0,,1,,,0,0.8,,1
main,none,qwen3_4b,MUSE-Books,scratchpad,global_context,0.0,,1,,,0,1.0,,1,0.0,,1,,,0,1.0,,1
main,none,qwen3_4b,MUSE-Books,scratchpad,none,1.0,,1,,,0,0.8,,1,1.0,,1,,,0,0.8,,1
main,none,qwen3_4b,MUSE-Books,scratchpad,target_context,1.0,,1,,,0,0.8,,1,1.0,,1,,,0,0.8,,1
main,none,qwen3_4b,MUSE-Books,scratchpad,target_context_comm,0.0,,1,,,0,0.8,,1,1.0,,1,,,0,0.8,,1
main,none,qwen3_4b,MUSE-Books,scratchpad,target_context_memory,1.0,,1,,,0,0.8,,1,1.0,,1,,,0,0.8,,1
main,none,qwen3_4b,MUSE-Books,scratchpad,target_memory,1.0,,1,,,0,0.8,,1,1.0,,1,,,0,0.8,,1
main,none,qwen3_4b,MUSE-Books,scratchpad,target_memory_comm,1.0,,1,,,0,0.8,,1,1.0,,1,,,0,0.8,,1
main,none,qwen3_4b,MUSE-Books,sequential,communication,1.0,,1,,,0,0.6,,1,1.0,,1,,,0,0.4,,1
main,none,qwen3_4b,MUSE-Books,sequential,full_inference,0.0,,1,,,0,0.8,,1,1.0,,1,,,0,0.8,,1
main,none,qwen3_4b,MUSE-Books,sequential,global_context,0.0,,1,,,0,1.0,,1,0.0,,1,,,0,0.8,,1
main,none,qwen3_4b,MUSE-Books,sequential,none,1.0,,1,,,0,0.6,,1,1.0,,1,,,0,0.4,,1
main,none,qwen3_4b,MUSE-Books,sequential,target_context,1.0,,1,,,0,0.8,,1,1.0,,1,,,0,0.8,,1
main,none,qwen3_4b,MUSE-Books,sequential,target_context_comm,0.0,,1,,,0,0.8,,1,1.0,,1,,,0,0.8,,1
main,none,qwen3_4b,MUSE-Books,sequential,target_context_memory,1.0,,1,,,0,0.8,,1,1.0,,1,,,0,0.8,,1
main,none,qwen3_4b,MUSE-Books,sequential,target_memory,1.0,,1,,,0,0.6,,1,1.0,,1,,,0,0.4,,1
main,none,qwen3_4b,MUSE-Books,sequential,target_memory_comm,1.0,,1,,,0,0.6,,1,1.0,,1,,,0,0.4,,1
main,none,qwen3_4b,MUSE-News,debate,communication,1.0,,1,,,0,0.8,,1,1.0,,1,,,0,0.4,,1
main,none,qwen3_4b,MUSE-News,debate,full_inference,1.0,,1,,,0,0.4,,1,0.8,,1,,,0,0.0,,1
main,none,qwen3_4b,MUSE-News,debate,global_context,0.0,,1,,,0,0.6,,1,0.0,,1,,,0,0.0,,1
main,none,qwen3_4b,MUSE-News,debate,none,1.0,,1,,,0,0.8,,1,1.0,,1,,,0,0.4,,1
main,none,qwen3_4b,MUSE-News,debate,target_context,1.0,,1,,,0,0.8,,1,0.6,,1,,,0,0.6,,1
main,none,qwen3_4b,MUSE-News,debate,target_context_comm,1.0,,1,,,0,0.8,,1,0.8,,1,,,0,0.6,,1
main,none,qwen3_4b,MUSE-News,debate,target_context_memory,1.0,,1,,,0,0.4,,1,0.8,,1,,,0,0.0,,1
main,none,qwen3_4b,MUSE-News,debate,target_memory,1.0,,1,,,0,0.8,,1,1.0,,1,,,0,0.6,,1
main,none,qwen3_4b,MUSE-News,debate,target_memory_comm,1.0,,1,,,0,0.8,,1,1.0,,1,,,0,0.6,,1
main,none,qwen3_4b,MUSE-News,hierarchical,communication,1.0,,1,,,0,0.0,,1,1.0,,1,,,0,1.0,,1
main,none,qwen3_4b,MUSE-News,hierarchical,full_inference,0.0,,1,,,0,0.2,,1,1.0,,1,,,0,1.0,,1
main,none,qwen3_4b,MUSE-News,hierarchical,global_context,0.0,,1,,,0,0.2,,1,0.0,,1,,,0,0.8,,1
main,none,qwen3_4b,MUSE-News,hierarchical,none,1.0,,1,,,0,0.0,,1,1.0,,1,,,0,1.0,,1
main,none,qwen3_4b,MUSE-News,hierarchical,target_context,0.0,,1,,,0,0.2,,1,1.0,,1,,,0,1.0,,1
main,none,qwen3_4b,MUSE-News,hierarchical,target_context_comm,0.0,,1,,,0,0.2,,1,1.0,,1,,,0,1.0,,1
main,none,qwen3_4b,MUSE-News,hierarchical,target_context_memory,0.0,,1,,,0,0.2,,1,1.0,,1,,,0,1.0,,1
main,none,qwen3_4b,MUSE-News,hierarchical,target_memory,1.0,,1,,,0,0.0,,1,1.0,,1,,,0,1.0,,1
main,none,qwen3_4b,MUSE-News,hierarchical,target_memory_comm,1.0,,1,,,0,0.0,,1,1.0,,1,,,0,1.0,,1
main,none,qwen3_4b,MUSE-News,independent,communication,1.0,,1,,,0,0.0,,1,1.0,,1,,,0,1.0,,1
main,none,qwen3_4b,MUSE-News,independent,full_inference,0.0,,1,,,0,0.2,,1,0.0,,1,,,0,1.0,,1
main,none,qwen3_4b,MUSE-News,independent,global_context,0.0,,1,,,0,0.2,,1,0.0,,1,,,0,1.0,,1
main,none,qwen3_4b,MUSE-News,independent,none,1.0,,1,,,0,0.0,,1,1.0,,1,,,0,1.0,,1
main,none,qwen3_4b,MUSE-News,independent,target_context,0.0,,1,,,0,0.2,,1,0.0,,1,,,0,1.0,,1
main,none,qwen3_4b,MUSE-News,independent,target_context_comm,0.0,,1,,,0,0.2,,1,0.0,,1,,,0,1.0,,1
main,none,qwen3_4b,MUSE-News,independent,target_context_memory,0.0,,1,,,0,0.2,,1,0.0,,1,,,0,1.0,,1
main,none,qwen3_4b,MUSE-News,independent,target_memory,1.0,,1,,,0,0.2,,1,1.0,,1,,,0,1.0,,1
main,none,qwen3_4b,MUSE-News,independent,target_memory_comm,1.0,,1,,,0,0.2,,1,1.0,,1,,,0,1.0,,1
main,none,qwen3_4b,MUSE-News,scratchpad,communication,1.0,,1,,,0,0.0,,1,1.0,,1,,,0,1.0,,1
main,none,qwen3_4b,MUSE-News,scratchpad,full_inference,0.0,,1,,,0,0.0,,1,1.0,,1,,,0,1.0,,1
main,none,qwen3_4b,MUSE-News,scratchpad,global_context,0.0,,1,,,0,0.2,,1,0.0,,1,,,0,1.0,,1
main,none,qwen3_4b,MUSE-News,scratchpad,none,1.0,,1,,,0,0.0,,1,1.0,,1,,,0,1.0,,1
main,none,qwen3_4b,MUSE-News,scratchpad,target_context,1.0,,1,,,0,0.0,,1,1.0,,1,,,0,1.0,,1
main,none,qwen3_4b,MUSE-News,scratchpad,target_context_comm,0.0,,1,,,0,0.0,,1,1.0,,1,,,0,1.0,,1
main,none,qwen3_4b,MUSE-News,scratchpad,target_context_memory,1.0,,1,,,0,0.0,,1,1.0,,1,,,0,1.0,,1
main,none,qwen3_4b,MUSE-News,scratchpad,target_memory,1.0,,1,,,0,0.0,,1,1.0,,1,,,0,1.0,,1
main,none,qwen3_4b,MUSE-News,scratchpad,target_memory_comm,1.0,,1,,,0,0.0,,1,1.0,,1,,,0,1.0,,1
main,none,qwen3_4b,MUSE-News,sequential,communication,1.0,,1,,,0,0.2,,1,1.0,,1,,,0,1.0,,1
main,none,qwen3_4b,MUSE-News,sequential,full_inference,0.4,,1,,,0,0.2,,1,1.0,,1,,,0,1.0,,1
main,none,qwen3_4b,MUSE-News,sequential,global_context,0.0,,1,,,0,0.2,,1,0.0,,1,,,0,1.0,,1
main,none,qwen3_4b,MUSE-News,sequential,none,1.0,,1,,,0,0.2,,1,1.0,,1,,,0,1.0,,1
main,none,qwen3_4b,MUSE-News,sequential,target_context,1.0,,1,,,0,0.2,,1,1.0,,1,,,0,1.0,,1
main,none,qwen3_4b,MUSE-News,sequential,target_context_comm,0.4,,1,,,0,0.2,,1,1.0,,1,,,0,1.0,,1
main,none,qwen3_4b,MUSE-News,sequential,target_context_memory,1.0,,1,,,0,0.2,,1,1.0,,1,,,0,1.0,,1
main,none,qwen3_4b,MUSE-News,sequential,target_memory,1.0,,1,,,0,0.2,,1,1.0,,1,,,0,1.0,,1
main,none,qwen3_4b,MUSE-News,sequential,target_memory_comm,1.0,,1,,,0,0.2,,1,1.0,,1,,,0,1.0,,1
main,none,qwen3_4b,RWKU,debate,communication,0.64,0.3373096170846272,10,0.54,0.4718756898449704,10,0.74,0.4005551702879947,10,0.62,0.38239014399199966,10,0.44000000000000006,0.36270588023294514,10,0.64,0.40879225911349043,10
main,none,qwen3_4b,RWKU,debate,full_inference,0.48,0.4022160834399562,10,0.54,0.3893013685508382,10,0.8,0.3126943839882287,10,0.54,0.3533962208186286,10,0.36,0.30983866769659335,10,0.62,0.33266599866332397,10
main,none,qwen3_4b,RWKU,debate,global_context,0.54,0.45264653858047876,10,0.7,0.41365578819969523,10,0.8,0.3126943839882287,10,0.4,0.33993463423951903,10,0.4,0.32659863237109044,10,0.6599999999999999,0.3533962208186286,10
main,none,qwen3_4b,RWKU,debate,none,0.74,0.340587727318528,10,0.6599999999999999,0.4623610902506587,10,0.7,0.41365578819969523,10,0.72,0.36757463338907254,10,0.42000000000000004,0.35839146815241635,10,0.64,0.40879225911349043,10
main,none,qwen3_4b,RWKU,debate,target_context,0.7,0.3299831645537222,10,0.74,0.41150131632029235,10,0.74,0.3272783388968954,10,0.58,0.332665998663324,10,0.42000000000000004,0.3823901439919996,10,0.7,0.3299831645537222,10
main,none,qwen3_4b,RWKU,debate,target_context_comm,0.6799999999999999,0.32930904093942587,10,0.64,0.3977715704047013,10,0.78,0.30477678535099895,10,0.62,0.35839146815241635,10,0.36,0.30983866769659335,10,0.72,0.3552776691859794,10
main,none,qwen3_4b,RWKU,debate,target_context_memory,0.72,0.4022160834399562,10,0.74,0.4005551702879947,10,0.76,0.3098386676965934,10,0.5800000000000001,0.37058512292499457,10,0.42000000000000004,0.3457680661303984,10,0.62,0.35839146815241635,10
main,none,qwen3_4b,RWKU,debate,target_memory,0.6599999999999999,0.3657564459825387,10,0.6799999999999999,0.4341018825626588,10,0.74,0.36575644598253876,10,0.6799999999999999,0.37947331922020555,10,0.45999999999999996,0.4005551702879947,10,0.64,0.41952353926806063,10
main,none,qwen3_4b,RWKU,debate,target_memory_comm,0.7,0.30184617127124724,10,0.52,0.43410188256265886,10,0.78,0.3457680661303984,10,0.72,0.3794733192202055,10,0.38,0.3457680661303984,10,0.58,0.4049691346263318,10
main,none,qwen3_4b,RWKU,hierarchical,communication,0.9,0.21602468994692867,10,0.6599999999999999,0.47187568984497036,10,0.78,0.4157990967870047,10,0.9,0.21602468994692867,10,0.76,0.41952353926806063,10,0.78,0.4157990967870047,10
main,none,qwen3_4b,RWKU,hierarchical,full_inference,0.27999999999999997,0.36757463338907254,10,0.26,0.3893013685508382,10,0.9199999999999999,0.25298221281347033,10,0.76,0.3747591819348053,10,0.6599999999999999,0.4005551702879947,10,0.78,0.4157990967870047,10
main,none,qwen3_4b,RWKU,hierarchical,global_context,0.62,0.4939635614091387,10,0.7,0.48304589153964794,10,0.9199999999999999,0.25298221281347033,10,0.62,0.4939635614091387,10,0.74,0.41150131632029235,10,0.9199999999999999,0.25298221281347033,10
main,none,qwen3_4b,RWKU,hierarchical,none,0.9,0.21602468994692867,10,0.6599999999999999,0.47187568984497036,10,0.78,0.4157990967870047,10,0.9,0.21602468994692867,10,0.76,0.41952353926806063,10,0.78,0.4157990967870047,10
main,none,qwen3_4b,RWKU,hierarchical,target_context,0.62,0.4939635614091387,10,0.7,0.48304589153964794,10,0.9199999999999999,0.25298221281347033,10,0.8800000000000001,0.2699794230842212,10,0.6599999999999999,0.4005551702879947,10,0.8,0.37712361663282534,10
main,none,qwen3_4b,RWKU,hierarchical,target_context_comm,0.62,0.4939635614091387,10,0.7,0.48304589153964794,10,0.9199999999999999,0.25298221281347033,10,0.8800000000000001,0.2699794230842212,10,0.6599999999999999,0.4005551702879947,10,0.8,0.37712361663282534,10
main,none,qwen3_4b,RWKU,hierarchical,target_context_memory,0.27999999999999997,0.36757463338907254,10,0.26,0.3893013685508382,10,0.9199999999999999,0.25298221281347033,10,0.76,0.3747591819348053,10,0.6599999999999999,0.4005551702879947,10,0.78,0.4157990967870047,10
main,none,qwen3_4b,RWKU,hierarchical,target_memory,0.9199999999999999,0.19321835661585915,10,0.7,0.48304589153964794,10,0.82,0.38239014399199966,10,0.9199999999999999,0.19321835661585915,10,0.74,0.4115013163202924,10,0.8,0.37712361663282534,10
main,none,qwen3_4b,RWKU,hierarchical,target_memory_comm,0.9199999999999999,0.19321835661585915,10,0.7,0.48304589153964794,10,0.82,0.38239014399199966,10,0.9199999999999999,0.19321835661585915,10,0.74,0.4115013163202924,10,0.8,0.37712361663282534,10
main,none,qwen3_4b,RWKU,independent,communication,0.9800000000000001,0.06324555320336758,10,0.6799999999999999,0.4442221666388716,10,0.82,0.332665998663324,10,0.9800000000000001,0.06324555320336758,10,0.74,0.4325634186002223,10,0.82,0.332665998663324,10
main,none,qwen3_4b,RWKU,independent,full_inference,0.26,0.3272783388968954,10,0.22000000000000003,0.3190262963734773,10,0.9800000000000001,0.06324555320336757,10,0.27999999999999997,0.36757463338907254,10,0.24000000000000005,0.32386554137309653,10,0.9800000000000001,0.06324555320336757,10
main,none,qwen3_4b,RWKU,independent,global_context,0.62,0.4939635614091387,10,0.6799999999999999,0.4341018825626589,10,0.9400000000000001,0.18973665961010275,10,0.62,0.4939635614091387,10,0.78,0.41579909678700466,10,0.9400000000000001,0.18973665961010275,10
main,none,qwen3_4b,RWKU,independent,none,0.9800000000000001,0.06324555320336758,10,0.6799999999999999,0.4442221666388716,10,0.82,0.332665998663324,10,0.9800000000000001,0.06324555320336758,10,0.74,0.4325634186002223,10,0.82,0.332665998663324,10
main,none,qwen3_4b,RWKU,independent,target_context,0.62,0.4939635614091387,10,0.6799999999999999,0.4341018825626589,10,0.9400000000000001,0.18973665961010275,10,0.62,0.4939635614091387,10,0.78,0.41579909678700466,10,0.9400000000000001,0.18973665961010275,10
main,none,qwen3_4b,RWKU,independent,target_context_comm,0.62,0.4939635614091387,10,0.6799999999999999,0.4341018825626589,10,0.9400000000000001,0.18973665961010275,10,0.62,0.4939635614091387,10,0.78,0.41579909678700466,10,0.9400000000000001,0.18973665961010275,10
main,none,qwen3_4b,RWKU,independent,target_context_memory,0.26,0.3272783388968954,10,0.22000000000000003,0.3190262963734773,10,0.9800000000000001,0.06324555320336757,10,0.27999999999999997,0.36757463338907254,10,0.24000000000000005,0.32386554137309653,10,0.9800000000000001,0.06324555320336757,10
main,none,qwen3_4b,RWKU,independent,target_memory,0.9400000000000001,0.13498971154211054,10,0.72,0.4541169697580374,10,0.8400000000000001,0.3502380143083652,10,0.9400000000000001,0.13498971154211054,10,0.78,0.41579909678700466,10,0.8,0.3527668414752787,10
main,none,qwen3_4b,RWKU,independent,target_memory_comm,0.9400000000000001,0.13498971154211054,10,0.72,0.4541169697580374,10,0.8400000000000001,0.3502380143083652,10,0.9400000000000001,0.13498971154211054,10,0.78,0.41579909678700466,10,0.8,0.3527668414752787,10
main,none,qwen3_4b,RWKU,scratchpad,communication,0.9800000000000001,0.06324555320336758,10,0.62,0.4939635614091388,10,0.9199999999999999,0.19321835661585912,10,0.9400000000000001,0.13498971154211054,10,0.8,0.4216370213557839,10,0.9199999999999999,0.19321835661585912,10
main,none,qwen3_4b,RWKU,scratchpad,full_inference,0.42000000000000004,0.4049691346263317,10,0.58,0.42635405214185285,10,0.9400000000000001,0.18973665961010275,10,0.82,0.3823901439919996,10,0.8,0.4216370213557839,10,0.9400000000000001,0.18973665961010275,10
main,none,qwen3_4b,RWKU,scratchpad,global_context,0.62,0.4939635614091387,10,0.7,0.48304589153964794,10,0.9199999999999999,0.25298221281347033,10,0.62,0.4939635614091387,10,0.78,0.4157990967870047,10,0.9199999999999999,0.25298221281347033,10
main,none,qwen3_4b,RWKU,scratchpad,none,0.9199999999999999,0.16865480854231354,10,0.7,0.4447221354708778,10,0.9199999999999999,0.19321835661585912,10,0.9400000000000001,0.13498971154211054,10,0.8,0.4216370213557839,10,0.9199999999999999,0.19321835661585912,10
main,none,qwen3_4b,RWKU,scratchpad,target_context,0.86,0.18973665961010275,10,0.7,0.48304589153964794,10,0.9400000000000001,0.18973665961010275,10,0.9400000000000001,0.13498971154211054,10,0.8,0.4216370213557839,10,0.9400000000000001,0.18973665961010275,10
main,none,qwen3_4b,RWKU,scratchpad,target_context_comm,0.7,0.42426406871192857,10,0.6599999999999999,0.47187568984497036,10,0.9400000000000001,0.18973665961010275,10,0.9,0.2538591035287969,10,0.8,0.4216370213557839,10,0.9400000000000001,0.18973665961010275,10
main,none,qwen3_4b,RWKU,scratchpad,target_context_memory,0.86,0.23190036174568113,10,0.7,0.48304589153964794,10,0.9400000000000001,0.18973665961010275,10,0.9400000000000001,0.13498971154211054,10,0.8,0.4216370213557839,10,0.9400000000000001,0.18973665961010275,10
main,none,qwen3_4b,RWKU,scratchpad,target_memory,0.96,0.1264911064067352,10,0.7,0.4447221354708778,10,0.9199999999999999,0.25298221281347033,10,0.96,0.1264911064067352,10,0.8,0.4216370213557839,10,0.9199999999999999,0.25298221281347033,10
main,none,qwen3_4b,RWKU,scratchpad,target_memory_comm,0.9400000000000001,0.18973665961010272,10,0.64,0.4695151163109069,10,0.9199999999999999,0.25298221281347033,10,0.9400000000000001,0.18973665961010272,10,0.8,0.4216370213557839,10,0.9199999999999999,0.25298221281347033,10
main,none,qwen3_4b,RWKU,sequential,communication,0.9400000000000001,0.18973665961010272,10,0.64,0.4695151163109069,10,0.78,0.4157990967870047,10,0.9400000000000001,0.18973665961010272,10,0.74,0.4325634186002223,10,0.78,0.4157990967870047,10
main,none,qwen3_4b,RWKU,sequential,full_inference,0.5,0.3915780041490244,10,0.6,0.4422166387140533,10,0.8,0.4216370213557839,10,0.8400000000000001,0.3502380143083652,10,0.78,0.41579909678700466,10,0.8,0.4216370213557839,10
main,none,qwen3_4b,RWKU,sequential,global_context,0.62,0.4939635614091387,10,0.6599999999999999,0.4623610902506587,10,0.9199999999999999,0.25298221281347033,10,0.62,0.4939635614091387,10,0.72,0.42373996218855214,10,0.9199999999999999,0.25298221281347033,10
main,none,qwen3_4b,RWKU,sequential,none,0.9400000000000001,0.18973665961010272,10,0.6599999999999999,0.45264653858047876,10,0.78,0.4157990967870047,10,0.9400000000000001,0.18973665961010272,10,0.78,0.41579909678700466,10,0.78,0.4157990967870047,10
main,none,qwen3_4b,RWKU,sequential,target_context,0.8800000000000001,0.25298221281347033,10,0.64,0.4695151163109069,10,0.8800000000000001,0.2699794230842211,10,0.9199999999999999,0.25298221281347033,10,0.76,0.41952353926806063,10,0.8,0.4216370213557839,10
main,none,qwen3_4b,RWKU,sequential,target_context_comm,0.76,0.40879225911349043,10,0.62,0.4939635614091388,10,0.8800000000000001,0.2699794230842211,10,0.9199999999999999,0.25298221281347033,10,0.78,0.41579909678700466,10,0.8,0.4216370213557839,10
main,none,qwen3_4b,RWKU,sequential,target_context_memory,0.8800000000000001,0.19321835661585915,10,0.64,0.4788875998951459,10,0.8,0.4216370213557839,10,0.9400000000000001,0.18973665961010272,10,0.78,0.41579909678700466,10,0.8,0.4216370213557839,10
main,none,qwen3_4b,RWKU,sequential,target_memory,0.9400000000000001,0.18973665961010272,10,0.6799999999999999,0.4442221666388716,10,0.78,0.4157990967870047,10,0.9400000000000001,0.18973665961010272,10,0.76,0.41952353926806063,10,0.78,0.4157990967870047,10
main,none,qwen3_4b,RWKU,sequential,target_memory_comm,0.9400000000000001,0.18973665961010272,10,0.64,0.4695151163109069,10,0.78,0.4157990967870047,10,0.9400000000000001,0.18973665961010272,10,0.74,0.4325634186002223,10,0.78,0.4157990967870047,10
main,none,qwen3_4b,TOFU,debate,communication,1.0,0.0,3,1.0,0.0,3,1.0,0.0,3,1.0,0.0,3,1.0,0.0,3,0.8666666666666667,0.23094010767585033,3
main,none,qwen3_4b,TOFU,debate,full_inference,0.26666666666666666,0.11547005383792518,3,0.9333333333333332,0.11547005383792512,3,1.0,0.0,3,0.9333333333333332,0.11547005383792512,3,1.0,0.0,3,1.0,0.0,3
main,none,qwen3_4b,TOFU,debate,global_context,0.4666666666666666,0.5033222956847166,3,0.6666666666666666,0.5773502691896258,3,1.0,0.0,3,0.06666666666666667,0.11547005383792516,3,0.3333333333333333,0.30550504633038933,3,1.0,0.0,3
main,none,qwen3_4b,TOFU,debate,none,1.0,0.0,3,1.0,0.0,3,1.0,0.0,3,1.0,0.0,3,1.0,0.0,3,0.8666666666666667,0.23094010767585033,3
main,none,qwen3_4b,TOFU,debate,target_context,1.0,0.0,3,1.0,0.0,3,1.0,0.0,3,1.0,0.0,3,1.0,0.0,3,1.0,0.0,3
main,none,qwen3_4b,TOFU,debate,target_context_comm,0.4666666666666666,0.4618802153517006,3,0.9333333333333332,0.11547005383792512,3,1.0,0.0,3,1.0,0.0,3,0.8666666666666667,0.23094010767585027,3,1.0,0.0,3
main,none,qwen3_4b,TOFU,debate,target_context_memory,0.9333333333333332,0.11547005383792512,3,1.0,0.0,3,1.0,0.0,3,0.8666666666666667,0.23094010767585033,3,1.0,0.0,3,1.0,0.0,3
main,none,qwen3_4b,TOFU,debate,target_memory,1.0,0.0,3,1.0,0.0,3,1.0,0.0,3,1.0,0.0,3,1.0,0.0,3,0.8666666666666667,0.23094010767585033,3
main,none,qwen3_4b,TOFU,debate,target_memory_comm,1.0,0.0,3,1.0,0.0,3,1.0,0.0,3,1.0,0.0,3,1.0,0.0,3,0.8666666666666667,0.23094010767585033,3
main,none,qwen3_4b,TOFU,hierarchical,communication,1.0,0.0,3,1.0,0.0,3,1.0,0.0,3,1.0,0.0,3,1.0,0.0,3,1.0,0.0,3
main,none,qwen3_4b,TOFU,hierarchical,full_inference,0.39999999999999997,0.5291502622129182,3,0.5333333333333333,0.5033222956847166,3,1.0,0.0,3,1.0,0.0,3,1.0,0.0,3,1.0,0.0,3
main,none,qwen3_4b,TOFU,hierarchical,global_context,0.3333333333333333,0.5773502691896258,3,0.5333333333333333,0.5033222956847166,3,1.0,0.0,3,0.06666666666666667,0.11547005383792516,3,0.3333333333333333,0.30550504633038933,3,1.0,0.0,3
main,none,qwen3_4b,TOFU,hierarchical,none,1.0,0.0,3,1.0,0.0,3,1.0,0.0,3,1.0,0.0,3,1.0,0.0,3,1.0,0.0,3
main,none,qwen3_4b,TOFU,hierarchical,target_context,0.3333333333333333,0.5773502691896258,3,0.5333333333333333,0.5033222956847166,3,1.0,0.0,3,1.0,0.0,3,1.0,0.0,3,1.0,0.0,3
main,none,qwen3_4b,TOFU,hierarchical,target_context_comm,0.3333333333333333,0.5773502691896258,3,0.5333333333333333,0.5033222956847166,3,1.0,0.0,3,1.0,0.0,3,1.0,0.0,3,1.0,0.0,3
main,none,qwen3_4b,TOFU,hierarchical,target_context_memory,0.39999999999999997,0.5291502622129182,3,0.5333333333333333,0.5033222956847166,3,1.0,0.0,3,1.0,0.0,3,1.0,0.0,3,1.0,0.0,3
main,none,qwen3_4b,TOFU,hierarchical,target_memory,1.0,0.0,3,1.0,0.0,3,1.0,0.0,3,1.0,0.0,3,1.0,0.0,3,1.0,0.0,3
main,none,qwen3_4b,TOFU,hierarchical,target_memory_comm,1.0,0.0,3,1.0,0.0,3,1.0,0.0,3,1.0,0.0,3,1.0,0.0,3,1.0,0.0,3
main,none,qwen3_4b,TOFU,independent,communication,1.0,0.0,3,1.0,0.0,3,1.0,0.0,3,1.0,0.0,3,1.0,0.0,3,1.0,0.0,3
main,none,qwen3_4b,TOFU,independent,full_inference,0.3333333333333333,0.41633319989322654,3,0.5333333333333333,0.5033222956847166,3,1.0,0.0,3,0.0,0.0,3,0.3333333333333333,0.30550504633038933,3,1.0,0.0,3
main,none,qwen3_4b,TOFU,independent,global_context,0.39999999999999997,0.5291502622129182,3,0.5333333333333333,0.5033222956847166,3,1.0,0.0,3,0.06666666666666667,0.11547005383792516,3,0.26666666666666666,0.30550504633038933,3,1.0,0.0,3
main,none,qwen3_4b,TOFU,independent,none,1.0,0.0,3,1.0,0.0,3,1.0,0.0,3,1.0,0.0,3,1.0,0.0,3,1.0,0.0,3
main,none,qwen3_4b,TOFU,independent,target_context,0.39999999999999997,0.5291502622129182,3,0.5333333333333333,0.5033222956847166,3,1.0,0.0,3,0.06666666666666667,0.11547005383792516,3,0.26666666666666666,0.30550504633038933,3,1.0,0.0,3
main,none,qwen3_4b,TOFU,independent,target_context_comm,0.39999999999999997,0.5291502622129182,3,0.5333333333333333,0.5033222956847166,3,1.0,0.0,3,0.06666666666666667,0.11547005383792516,3,0.26666666666666666,0.30550504633038933,3,1.0,0.0,3
main,none,qwen3_4b,TOFU,independent,target_context_memory,0.3333333333333333,0.41633319989322654,3,0.5333333333333333,0.5033222956847166,3,1.0,0.0,3,0.0,0.0,3,0.3333333333333333,0.30550504633038933,3,1.0,0.0,3
main,none,qwen3_4b,TOFU,independent,target_memory,1.0,0.0,3,1.0,0.0,3,1.0,0.0,3,1.0,0.0,3,1.0,0.0,3,1.0,0.0,3
main,none,qwen3_4b,TOFU,independent,target_memory_comm,1.0,0.0,3,1.0,0.0,3,1.0,0.0,3,1.0,0.0,3,1.0,0.0,3,1.0,0.0,3
main,none,qwen3_4b,TOFU,scratchpad,communication,1.0,0.0,3,1.0,0.0,3,1.0,0.0,3,1.0,0.0,3,1.0,0.0,3,1.0,0.0,3
main,none,qwen3_4b,TOFU,scratchpad,full_inference,0.3333333333333333,0.4163331998932266,3,0.9333333333333332,0.11547005383792512,3,1.0,0.0,3,0.8666666666666667,0.23094010767585033,3,1.0,0.0,3,1.0,0.0,3
main,none,qwen3_4b,TOFU,scratchpad,global_context,0.3333333333333333,0.5773502691896258,3,0.6666666666666666,0.5773502691896258,3,1.0,0.0,3,0.0,0.0,3,0.4666666666666666,0.41633319989322654,3,1.0,0.0,3
main,none,qwen3_4b,TOFU,scratchpad,none,1.0,0.0,3,1.0,0.0,3,1.0,0.0,3,1.0,0.0,3,1.0,0.0,3,1.0,0.0,3
main,none,qwen3_4b,TOFU,scratchpad,target_context,0.9333333333333332,0.11547005383792512,3,1.0,0.0,3,1.0,0.0,3,1.0,0.0,3,1.0,0.0,3,1.0,0.0,3
main,none,qwen3_4b,TOFU,scratchpad,target_context_comm,0.5333333333333333,0.4163331998932265,3,1.0,0.0,3,1.0,0.0,3,0.7999999999999999,0.34641016151377546,3,1.0,0.0,3,1.0,0.0,3
main,none,qwen3_4b,TOFU,scratchpad,target_context_memory,1.0,0.0,3,1.0,0.0,3,1.0,0.0,3,1.0,0.0,3,1.0,0.0,3,1.0,0.0,3
main,none,qwen3_4b,TOFU,scratchpad,target_memory,1.0,0.0,3,1.0,0.0,3,1.0,0.0,3,1.0,0.0,3,1.0,0.0,3,1.0,0.0,3
main,none,qwen3_4b,TOFU,scratchpad,target_memory_comm,1.0,0.0,3,1.0,0.0,3,1.0,0.0,3,1.0,0.0,3,1.0,0.0,3,1.0,0.0,3
main,none,qwen3_4b,TOFU,sequential,communication,0.7999999999999999,0.34641016151377546,3,1.0,0.0,3,1.0,0.0,3,1.0,0.0,3,1.0,0.0,3,1.0,0.0,3
main,none,qwen3_4b,TOFU,sequential,full_inference,0.3333333333333333,0.5773502691896258,3,0.9333333333333332,0.11547005383792512,3,1.0,0.0,3,1.0,0.0,3,1.0,0.0,3,1.0,0.0,3
main,none,qwen3_4b,TOFU,sequential,global_context,0.3333333333333333,0.5773502691896258,3,0.39999999999999997,0.5291502622129182,3,1.0,0.0,3,0.19999999999999998,0.34641016151377546,3,0.26666666666666666,0.46188021535170065,3,1.0,0.0,3
main,none,qwen3_4b,TOFU,sequential,none,1.0,0.0,3,1.0,0.0,3,1.0,0.0,3,1.0,0.0,3,1.0,0.0,3,1.0,0.0,3
main,none,qwen3_4b,TOFU,sequential,target_context,1.0,0.0,3,1.0,0.0,3,1.0,0.0,3,1.0,0.0,3,1.0,0.0,3,1.0,0.0,3
main,none,qwen3_4b,TOFU,sequential,target_context_comm,0.3333333333333333,0.5773502691896258,3,0.8666666666666667,0.23094010767585027,3,1.0,0.0,3,0.9333333333333332,0.11547005383792512,3,1.0,0.0,3,1.0,0.0,3
main,none,qwen3_4b,TOFU,sequential,target_context_memory,1.0,0.0,3,1.0,0.0,3,1.0,0.0,3,1.0,0.0,3,1.0,0.0,3,1.0,0.0,3
main,none,qwen3_4b,TOFU,sequential,target_memory,1.0,0.0,3,1.0,0.0,3,1.0,0.0,3,1.0,0.0,3,1.0,0.0,3,1.0,0.0,3
main,none,qwen3_4b,TOFU,sequential,target_memory_comm,0.7999999999999999,0.34641016151377546,3,1.0,0.0,3,1.0,0.0,3,1.0,0.0,3,1.0,0.0,3,1.0,0.0,3
main,none,qwen3_8b,MUSE-Books,debate,communication,0.6,,1,,,0,0.0,,1,0.4,,1,,,0,1.0,,1
main,none,qwen3_8b,MUSE-Books,debate,full_inference,1.0,,1,,,0,0.4,,1,0.4,,1,,,0,0.6,,1
main,none,qwen3_8b,MUSE-Books,debate,global_context,0.8,,1,,,0,0.4,,1,0.2,,1,,,0,0.8,,1
main,none,qwen3_8b,MUSE-Books,debate,none,0.2,,1,,,0,0.0,,1,0.0,,1,,,0,1.0,,1
main,none,qwen3_8b,MUSE-Books,debate,target_context,0.8,,1,,,0,0.0,,1,0.2,,1,,,0,0.8,,1
main,none,qwen3_8b,MUSE-Books,debate,target_context_comm,0.8,,1,,,0,0.0,,1,0.4,,1,,,0,0.8,,1
main,none,qwen3_8b,MUSE-Books,debate,target_context_memory,0.8,,1,,,0,0.6,,1,0.4,,1,,,0,0.6,,1
main,none,qwen3_8b,MUSE-Books,debate,target_memory,0.6,,1,,,0,0.0,,1,0.4,,1,,,0,0.4,,1
main,none,qwen3_8b,MUSE-Books,debate,target_memory_comm,0.6,,1,,,0,0.0,,1,0.4,,1,,,0,0.4,,1
main,none,qwen3_8b,MUSE-Books,hierarchical,communication,1.0,,1,,,0,1.0,,1,1.0,,1,,,0,1.0,,1
main,none,qwen3_8b,MUSE-Books,hierarchical,full_inference,0.8,,1,,,0,1.0,,1,1.0,,1,,,0,1.0,,1
main,none,qwen3_8b,MUSE-Books,hierarchical,global_context,1.0,,1,,,0,0.8,,1,1.0,,1,,,0,1.0,,1
main,none,qwen3_8b,MUSE-Books,hierarchical,none,1.0,,1,,,0,1.0,,1,1.0,,1,,,0,1.0,,1
main,none,qwen3_8b,MUSE-Books,hierarchical,target_context,1.0,,1,,,0,0.8,,1,1.0,,1,,,0,0.8,,1
main,none,qwen3_8b,MUSE-Books,hierarchical,target_context_comm,1.0,,1,,,0,0.8,,1,1.0,,1,,,0,0.8,,1
main,none,qwen3_8b,MUSE-Books,hierarchical,target_context_memory,0.8,,1,,,0,1.0,,1,1.0,,1,,,0,1.0,,1
main,none,qwen3_8b,MUSE-Books,hierarchical,target_memory,1.0,,1,,,0,1.0,,1,1.0,,1,,,0,1.0,,1
main,none,qwen3_8b,MUSE-Books,hierarchical,target_memory_comm,1.0,,1,,,0,1.0,,1,1.0,,1,,,0,1.0,,1
main,none,qwen3_8b,MUSE-Books,independent,communication,1.0,,1,,,0,1.0,,1,1.0,,1,,,0,1.0,,1
main,none,qwen3_8b,MUSE-Books,independent,full_inference,1.0,,1,,,0,1.0,,1,1.0,,1,,,0,1.0,,1
main,none,qwen3_8b,MUSE-Books,independent,global_context,1.0,,1,,,0,0.6,,1,1.0,,1,,,0,0.8,,1
main,none,qwen3_8b,MUSE-Books,independent,none,1.0,,1,,,0,1.0,,1,1.0,,1,,,0,1.0,,1
main,none,qwen3_8b,MUSE-Books,independent,target_context,1.0,,1,,,0,0.6,,1,1.0,,1,,,0,0.8,,1
main,none,qwen3_8b,MUSE-Books,independent,target_context_comm,1.0,,1,,,0,0.6,,1,1.0,,1,,,0,0.8,,1
main,none,qwen3_8b,MUSE-Books,independent,target_context_memory,1.0,,1,,,0,1.0,,1,1.0,,1,,,0,1.0,,1
main,none,qwen3_8b,MUSE-Books,independent,target_memory,1.0,,1,,,0,1.0,,1,1.0,,1,,,0,1.0,,1
main,none,qwen3_8b,MUSE-Books,independent,target_memory_comm,1.0,,1,,,0,1.0,,1,1.0,,1,,,0,1.0,,1
main,none,qwen3_8b,MUSE-Books,scratchpad,communication,1.0,,1,,,0,1.0,,1,1.0,,1,,,0,0.8,,1
main,none,qwen3_8b,MUSE-Books,scratchpad,full_inference,1.0,,1,,,0,1.0,,1,1.0,,1,,,0,0.8,,1
main,none,qwen3_8b,MUSE-Books,scratchpad,global_context,1.0,,1,,,0,1.0,,1,1.0,,1,,,0,0.8,,1
main,none,qwen3_8b,MUSE-Books,scratchpad,none,1.0,,1,,,0,1.0,,1,1.0,,1,,,0,0.8,,1
main,none,qwen3_8b,MUSE-Books,scratchpad,target_context,1.0,,1,,,0,1.0,,1,1.0,,1,,,0,0.8,,1
main,none,qwen3_8b,MUSE-Books,scratchpad,target_context_comm,1.0,,1,,,0,1.0,,1,1.0,,1,,,0,0.8,,1
main,none,qwen3_8b,MUSE-Books,scratchpad,target_context_memory,1.0,,1,,,0,1.0,,1,1.0,,1,,,0,0.8,,1
main,none,qwen3_8b,MUSE-Books,scratchpad,target_memory,1.0,,1,,,0,1.0,,1,1.0,,1,,,0,0.8,,1
main,none,qwen3_8b,MUSE-Books,scratchpad,target_memory_comm,1.0,,1,,,0,1.0,,1,1.0,,1,,,0,0.8,,1
main,none,qwen3_8b,MUSE-Books,sequential,communication,1.0,,1,,,0,0.8,,1,1.0,,1,,,0,1.0,,1
main,none,qwen3_8b,MUSE-Books,sequential,full_inference,1.0,,1,,,0,0.8,,1,1.0,,1,,,0,1.0,,1
main,none,qwen3_8b,MUSE-Books,sequential,global_context,1.0,,1,,,0,0.6,,1,1.0,,1,,,0,0.8,,1
main,none,qwen3_8b,MUSE-Books,sequential,none,1.0,,1,,,0,0.8,,1,1.0,,1,,,0,1.0,,1
main,none,qwen3_8b,MUSE-Books,sequential,target_context,1.0,,1,,,0,1.0,,1,1.0,,1,,,0,1.0,,1
main,none,qwen3_8b,MUSE-Books,sequential,target_context_comm,1.0,,1,,,0,1.0,,1,1.0,,1,,,0,1.0,,1
main,none,qwen3_8b,MUSE-Books,sequential,target_context_memory,1.0,,1,,,0,0.8,,1,1.0,,1,,,0,1.0,,1
main,none,qwen3_8b,MUSE-Books,sequential,target_memory,1.0,,1,,,0,1.0,,1,1.0,,1,,,0,1.0,,1
main,none,qwen3_8b,MUSE-Books,sequential,target_memory_comm,1.0,,1,,,0,1.0,,1,1.0,,1,,,0,1.0,,1
main,none,qwen3_8b,MUSE-News,debate,communication,1.0,,1,,,0,0.2,,1,1.0,,1,,,0,0.2,,1
main,none,qwen3_8b,MUSE-News,debate,full_inference,0.0,,1,,,0,0.6,,1,1.0,,1,,,0,0.4,,1
main,none,qwen3_8b,MUSE-News,debate,global_context,0.0,,1,,,0,0.4,,1,0.0,,1,,,0,0.4,,1
main,none,qwen3_8b,MUSE-News,debate,none,1.0,,1,,,0,0.2,,1,1.0,,1,,,0,0.2,,1
main,none,qwen3_8b,MUSE-News,debate,target_context,1.0,,1,,,0,0.8,,1,1.0,,1,,,0,0.4,,1
main,none,qwen3_8b,MUSE-News,debate,target_context_comm,0.0,,1,,,0,0.8,,1,1.0,,1,,,0,0.4,,1
main,none,qwen3_8b,MUSE-News,debate,target_context_memory,1.0,,1,,,0,0.6,,1,1.0,,1,,,0,0.4,,1
main,none,qwen3_8b,MUSE-News,debate,target_memory,1.0,,1,,,0,0.6,,1,1.0,,1,,,0,0.2,,1
main,none,qwen3_8b,MUSE-News,debate,target_memory_comm,0.0,,1,,,0,0.6,,1,1.0,,1,,,0,0.2,,1
main,none,qwen3_8b,MUSE-News,hierarchical,communication,1.0,,1,,,0,0.0,,1,1.0,,1,,,0,1.0,,1
main,none,qwen3_8b,MUSE-News,hierarchical,full_inference,0.0,,1,,,0,0.0,,1,1.0,,1,,,0,0.8,,1
main,none,qwen3_8b,MUSE-News,hierarchical,global_context,0.0,,1,,,0,0.0,,1,0.0,,1,,,0,0.8,,1
main,none,qwen3_8b,MUSE-News,hierarchical,none,1.0,,1,,,0,0.0,,1,1.0,,1,,,0,1.0,,1
main,none,qwen3_8b,MUSE-News,hierarchical,target_context,0.0,,1,,,0,0.0,,1,1.0,,1,,,0,1.0,,1
main,none,qwen3_8b,MUSE-News,hierarchical,target_context_comm,0.0,,1,,,0,0.0,,1,1.0,,1,,,0,1.0,,1
main,none,qwen3_8b,MUSE-News,hierarchical,target_context_memory,0.0,,1,,,0,0.0,,1,1.0,,1,,,0,0.8,,1
main,none,qwen3_8b,MUSE-News,hierarchical,target_memory,1.0,,1,,,0,0.0,,1,1.0,,1,,,0,1.0,,1
main,none,qwen3_8b,MUSE-News,hierarchical,target_memory_comm,1.0,,1,,,0,0.0,,1,1.0,,1,,,0,1.0,,1
main,none,qwen3_8b,MUSE-News,independent,communication,1.0,,1,,,0,0.0,,1,1.0,,1,,,0,1.0,,1
main,none,qwen3_8b,MUSE-News,independent,full_inference,0.0,,1,,,0,0.0,,1,0.0,,1,,,0,1.0,,1
main,none,qwen3_8b,MUSE-News,independent,global_context,0.0,,1,,,0,0.0,,1,0.0,,1,,,0,1.0,,1
main,none,qwen3_8b,MUSE-News,independent,none,1.0,,1,,,0,0.0,,1,1.0,,1,,,0,1.0,,1
main,none,qwen3_8b,MUSE-News,independent,target_context,0.0,,1,,,0,0.0,,1,0.0,,1,,,0,1.0,,1
main,none,qwen3_8b,MUSE-News,independent,target_context_comm,0.0,,1,,,0,0.0,,1,0.0,,1,,,0,1.0,,1
main,none,qwen3_8b,MUSE-News,independent,target_context_memory,0.0,,1,,,0,0.0,,1,0.0,,1,,,0,1.0,,1
main,none,qwen3_8b,MUSE-News,independent,target_memory,1.0,,1,,,0,0.0,,1,1.0,,1,,,0,1.0,,1
main,none,qwen3_8b,MUSE-News,independent,target_memory_comm,1.0,,1,,,0,0.0,,1,1.0,,1,,,0,1.0,,1
main,none,qwen3_8b,MUSE-News,scratchpad,communication,1.0,,1,,,0,0.4,,1,1.0,,1,,,0,1.0,,1
main,none,qwen3_8b,MUSE-News,scratchpad,full_inference,0.6,,1,,,0,0.4,,1,1.0,,1,,,0,1.0,,1
main,none,qwen3_8b,MUSE-News,scratchpad,global_context,0.0,,1,,,0,0.0,,1,0.0,,1,,,0,1.0,,1
main,none,qwen3_8b,MUSE-News,scratchpad,none,1.0,,1,,,0,0.4,,1,1.0,,1,,,0,1.0,,1
main,none,qwen3_8b,MUSE-News,scratchpad,target_context,1.0,,1,,,0,0.6,,1,1.0,,1,,,0,1.0,,1
main,none,qwen3_8b,MUSE-News,scratchpad,target_context_comm,0.6,,1,,,0,0.6,,1,1.0,,1,,,0,1.0,,1
main,none,qwen3_8b,MUSE-News,scratchpad,target_context_memory,1.0,,1,,,0,0.4,,1,1.0,,1,,,0,1.0,,1
main,none,qwen3_8b,MUSE-News,scratchpad,target_memory,1.0,,1,,,0,0.4,,1,1.0,,1,,,0,1.0,,1
main,none,qwen3_8b,MUSE-News,scratchpad,target_memory_comm,1.0,,1,,,0,0.4,,1,1.0,,1,,,0,1.0,,1
main,none,qwen3_8b,MUSE-News,sequential,communication,1.0,,1,,,0,0.0,,1,1.0,,1,,,0,1.0,,1
main,none,qwen3_8b,MUSE-News,sequential,full_inference,0.0,,1,,,0,0.0,,1,1.0,,1,,,0,1.0,,1
main,none,qwen3_8b,MUSE-News,sequential,global_context,0.0,,1,,,0,0.0,,1,0.0,,1,,,0,1.0,,1
main,none,qwen3_8b,MUSE-News,sequential,none,1.0,,1,,,0,0.0,,1,1.0,,1,,,0,1.0,,1
main,none,qwen3_8b,MUSE-News,sequential,target_context,1.0,,1,,,0,0.0,,1,1.0,,1,,,0,1.0,,1
main,none,qwen3_8b,MUSE-News,sequential,target_context_comm,0.0,,1,,,0,0.0,,1,1.0,,1,,,0,1.0,,1
main,none,qwen3_8b,MUSE-News,sequential,target_context_memory,1.0,,1,,,0,0.0,,1,1.0,,1,,,0,1.0,,1
main,none,qwen3_8b,MUSE-News,sequential,target_memory,1.0,,1,,,0,0.0,,1,1.0,,1,,,0,1.0,,1
main,none,qwen3_8b,MUSE-News,sequential,target_memory_comm,1.0,,1,,,0,0.0,,1,1.0,,1,,,0,1.0,,1
main,none,qwen3_8b,RWKU,debate,communication,0.62,0.332665998663324,10,0.6599999999999999,0.4623610902506587,10,0.6,0.3265986323710904,10,0.6599999999999999,0.3533962208186286,10,0.54,0.4221637386396684,10,0.43999999999999995,0.29514591494904874,10
main,none,qwen3_8b,RWKU,debate,full_inference,0.48,0.36757463338907254,10,0.6,0.3265986323710904,10,0.64,0.36270588023294514,10,0.6,0.33993463423951903,10,0.5599999999999999,0.38643671323171835,10,0.72,0.32930904093942587,10
main,none,qwen3_8b,RWKU,debate,global_context,0.64,0.47888759989514584,10,0.54,0.44271887242357316,10,0.5599999999999999,0.27968235951204046,10,0.62,0.4661902329879224,10,0.5,0.4027681991198191,10,0.48,0.3552776691859794,10
main,none,qwen3_8b,RWKU,debate,none,0.64,0.3747591819348053,10,0.7,0.41365578819969523,10,0.58,0.34576806613039834,10,0.64,0.37475918193480523,10,0.58,0.4049691346263318,10,0.5,0.34318767136623335,10
main,none,qwen3_8b,RWKU,debate,target_context,0.64,0.3747591819348053,10,0.64,0.32386554137309653,10,0.6599999999999999,0.36575644598253876,10,0.6,0.4109609335312651,10,0.5,0.35590260840104376,10,0.6799999999999999,0.3155242550986462,10
main,none,qwen3_8b,RWKU,debate,target_context_comm,0.7,0.3559026084010437,10,0.62,0.38239014399199966,10,0.58,0.3190262963734773,10,0.6,0.4109609335312651,10,0.48,0.3155242550986462,10,0.7,0.3299831645537222,10
main,none,qwen3_8b,RWKU,debate,target_context_memory,0.52,0.35527766918597936,10,0.62,0.3457680661303984,10,0.64,0.4501851470969102,10,0.58,0.35839146815241635,10,0.5599999999999999,0.3747591819348053,10,0.76,0.30983866769659335,10
main,none,qwen3_8b,RWKU,debate,target_memory,0.6,0.3771236166328254,10,0.58,0.4366539438350084,10,0.6599999999999999,0.2988868236194652,10,0.64,0.40879225911349043,10,0.54,0.3533962208186286,10,0.66,0.31340424729448424,10
main,none,qwen3_8b,RWKU,debate,target_memory_comm,0.58,0.31902629637347735,10,0.6,0.4807401700618652,10,0.6599999999999999,0.31340424729448424,10,0.6799999999999999,0.3794733192202055,10,0.52,0.3552776691859794,10,0.66,0.31340424729448424,10
main,none,qwen3_8b,RWKU,hierarchical,communication,0.72,0.4131182235954578,10,0.64,0.4788875998951459,10,0.8,0.3527668414752787,10,0.82,0.38239014399199966,10,0.74,0.4325634186002223,10,0.82,0.34576806613039834,10
main,none,qwen3_8b,RWKU,hierarchical,full_inference,0.58,0.4049691346263318,10,0.26,0.3533962208186286,10,0.9,0.31622776601683794,10,0.8,0.37712361663282534,10,0.74,0.4325634186002223,10,0.86,0.3272783388968954,10
main,none,qwen3_8b,RWKU,hierarchical,global_context,0.6799999999999999,0.44422216663887154,10,0.5599999999999999,0.4788875998951459,10,0.9,0.31622776601683794,10,0.6599999999999999,0.47187568984497036,10,0.62,0.4939635614091387,10,0.8800000000000001,0.3155242550986462,10
main,none,qwen3_8b,RWKU,hierarchical,none,0.72,0.4131182235954578,10,0.64,0.4788875998951459,10,0.8,0.3527668414752787,10,0.82,0.38239014399199966,10,0.74,0.4325634186002223,10,0.82,0.34576806613039834,10
main,none,qwen3_8b,RWKU,hierarchical,target_context,0.6799999999999999,0.44422216663887154,10,0.5599999999999999,0.4788875998951459,10,0.9,0.31622776601683794,10,0.82,0.38239014399199966,10,0.74,0.4325634186002223,10,0.8400000000000001,0.3238655413730965,10
main,none,qwen3_8b,RWKU,hierarchical,target_context_comm,0.6799999999999999,0.44422216663887154,10,0.5599999999999999,0.4788875998951459,10,0.9,0.31622776601683794,10,0.82,0.38239014399199966,10,0.74,0.4325634186002223,10,0.8400000000000001,0.3238655413730965,10
main,none,qwen3_8b,RWKU,hierarchical,target_context_memory,0.58,0.4049691346263318,10,0.26,0.3533962208186286,10,0.9,0.31622776601683794,10,0.8,0.37712361663282534,10,0.74,0.4325634186002223,10,0.86,0.3272783388968954,10
main,none,qwen3_8b,RWKU,hierarchical,target_memory,0.72,0.4131182235954578,10,0.7,0.48304589153964794,10,0.9,0.31622776601683794,10,0.8,0.37712361663282534,10,0.74,0.4325634186002223,10,0.8400000000000001,0.3238655413730965,10
main,none,qwen3_8b,RWKU,hierarchical,target_memory_comm,0.72,0.4131182235954578,10,0.7,0.48304589153964794,10,0.9,0.31622776601683794,10,0.8,0.37712361663282534,10,0.74,0.4325634186002223,10,0.8400000000000001,0.3238655413730965,10
main,none,qwen3_8b,RWKU,independent,communication,0.76,0.36270588023294514,10,0.6799999999999999,0.4732863826479693,10,0.8,0.3527668414752787,10,0.82,0.38239014399199966,10,0.78,0.41579909678700466,10,0.8,0.3527668414752787,10
main,none,qwen3_8b,RWKU,independent,full_inference,0.66,0.37771241264574124,10,0.32,0.4237399621885521,10,0.9,0.31622776601683794,10,0.68,0.3675746333890726,10,0.33999999999999997,0.4526465385804789,10,0.9,0.31622776601683794,10
main,none,qwen3_8b,RWKU,independent,global_context,0.7,0.4447221354708778,10,0.5599999999999999,0.4788875998951459,10,0.9,0.31622776601683794,10,0.7,0.4447221354708778,10,0.62,0.4939635614091387,10,0.9,0.31622776601683794,10
main,none,qwen3_8b,RWKU,independent,none,0.76,0.36270588023294514,10,0.6799999999999999,0.4732863826479693,10,0.8,0.3527668414752787,10,0.82,0.38239014399199966,10,0.78,0.41579909678700466,10,0.8,0.3527668414752787,10
main,none,qwen3_8b,RWKU,independent,target_context,0.7,0.4447221354708778,10,0.5599999999999999,0.4788875998951459,10,0.9,0.31622776601683794,10,0.7,0.4447221354708778,10,0.62,0.4939635614091387,10,0.9,0.31622776601683794,10
main,none,qwen3_8b,RWKU,independent,target_context_comm,0.7,0.4447221354708778,10,0.5599999999999999,0.4788875998951459,10,0.9,0.31622776601683794,10,0.7,0.4447221354708778,10,0.62,0.4939635614091387,10,0.9,0.31622776601683794,10
main,none,qwen3_8b,RWKU,independent,target_context_memory,0.66,0.37771241264574124,10,0.32,0.4237399621885521,10,0.9,0.31622776601683794,10,0.68,0.3675746333890726,10,0.33999999999999997,0.4526465385804789,10,0.9,0.31622776601683794,10
main,none,qwen3_8b,RWKU,independent,target_memory,0.8,0.33993463423951903,10,0.7,0.48304589153964794,10,0.8800000000000001,0.3155242550986462,10,0.82,0.33266599866332397,10,0.8,0.4216370213557839,10,0.9,0.31622776601683794,10
main,none,qwen3_8b,RWKU,independent,target_memory_comm,0.8,0.33993463423951903,10,0.7,0.48304589153964794,10,0.8800000000000001,0.3155242550986462,10,0.82,0.33266599866332397,10,0.8,0.4216370213557839,10,0.9,0.31622776601683794,10
main,none,qwen3_8b,RWKU,scratchpad,communication,0.76,0.41952353926806063,10,0.6,0.46188021535170065,10,0.82,0.34576806613039834,10,0.8800000000000001,0.3155242550986462,10,0.76,0.41952353926806063,10,0.8400000000000001,0.3502380143083652,10
main,none,qwen3_8b,RWKU,scratchpad,full_inference,0.52,0.4825856285561029,10,0.6,0.4521553322083512,10,0.9199999999999999,0.25298221281347033,10,0.8800000000000001,0.3155242550986462,10,0.76,0.41952353926806063,10,0.9,0.31622776601683794,10
main,none,qwen3_8b,RWKU,scratchpad,global_context,0.64,0.4788875998951459,10,0.62,0.4661902329879224,10,0.86,0.3272783388968954,10,0.7,0.48304589153964794,10,0.7,0.41365578819969523,10,0.9,0.31622776601683794,10
main,none,qwen3_8b,RWKU,scratchpad,none,0.72,0.4237399621885521,10,0.6599999999999999,0.47187568984497036,10,0.82,0.34576806613039834,10,0.8800000000000001,0.3155242550986462,10,0.74,0.41150131632029235,10,0.8400000000000001,0.3502380143083652,10
main,none,qwen3_8b,RWKU,scratchpad,target_context,0.7,0.44472213547087774,10,0.6599999999999999,0.47187568984497036,10,0.8400000000000001,0.3502380143083652,10,0.86,0.3272783388968954,10,0.74,0.41150131632029235,10,0.8400000000000001,0.3502380143083652,10
main,none,qwen3_8b,RWKU,scratchpad,target_context_comm,0.62,0.4366539438350084,10,0.64,0.429987079909256,10,0.8400000000000001,0.3502380143083652,10,0.86,0.3272783388968954,10,0.8,0.35276684147527876,10,0.8400000000000001,0.3502380143083652,10
main,none,qwen3_8b,RWKU,scratchpad,target_context_memory,0.72,0.4237399621885521,10,0.6599999999999999,0.47187568984497036,10,0.9400000000000001,0.18973665961010275,10,0.9,0.31622776601683794,10,0.76,0.41952353926806063,10,0.9,0.31622776601683794,10
main,none,qwen3_8b,RWKU,scratchpad,target_memory,0.72,0.4237399621885521,10,0.6599999999999999,0.47187568984497036,10,0.8400000000000001,0.3502380143083652,10,0.8800000000000001,0.3155242550986462,10,0.74,0.41150131632029235,10,0.8400000000000001,0.3502380143083652,10
main,none,qwen3_8b,RWKU,scratchpad,target_memory_comm,0.76,0.41952353926806063,10,0.6599999999999999,0.47187568984497036,10,0.82,0.34576806613039834,10,0.8800000000000001,0.3155242550986462,10,0.76,0.41952353926806063,10,0.8400000000000001,0.3502380143083652,10
main,none,qwen3_8b,RWKU,sequential,communication,0.72,0.45411696975803734,10,0.62,0.4939635614091388,10,0.82,0.34576806613039834,10,0.82,0.38239014399199966,10,0.74,0.4325634186002223,10,0.8400000000000001,0.3502380143083652,10
main,none,qwen3_8b,RWKU,sequential,full_inference,0.6,0.4618802153517006,10,0.45999999999999996,0.44271887242357316,10,0.86,0.3134042472944842,10,0.86,0.3272783388968954,10,0.74,0.4325634186002223,10,0.86,0.3272783388968954,10
main,none,qwen3_8b,RWKU,sequential,global_context,0.6799999999999999,0.4732863826479693,10,0.6,0.4422166387140533,10,0.9,0.31622776601683794,10,0.6799999999999999,0.4732863826479693,10,0.6799999999999999,0.4237399621885521,10,0.9,0.31622776601683794,10
main,none,qwen3_8b,RWKU,sequential,none,0.8,0.3771236166328254,10,0.62,0.4939635614091388,10,0.82,0.34576806613039834,10,0.8800000000000001,0.3155242550986462,10,0.74,0.4325634186002223,10,0.8400000000000001,0.3502380143083652,10
main,none,qwen3_8b,RWKU,sequential,target_context,0.78,0.4157990967870047,10,0.6,0.48074017006186526,10,0.8,0.339934634239519,10,0.9,0.31622776601683794,10,0.74,0.4325634186002223,10,0.8400000000000001,0.3502380143083652,10
main,none,qwen3_8b,RWKU,sequential,target_context_comm,0.6599999999999999,0.47187568984497036,10,0.62,0.4366539438350084,10,0.8,0.339934634239519,10,0.8400000000000001,0.35023801430836526,10,0.76,0.39777157040470124,10,0.8400000000000001,0.3502380143083652,10
main,none,qwen3_8b,RWKU,sequential,target_context_memory,0.74,0.4325634186002223,10,0.62,0.4939635614091388,10,0.86,0.3134042472944842,10,0.82,0.38239014399199966,10,0.74,0.4325634186002223,10,0.86,0.3272783388968954,10
main,none,qwen3_8b,RWKU,sequential,target_memory,0.8,0.3771236166328254,10,0.62,0.4939635614091388,10,0.82,0.34576806613039834,10,0.8800000000000001,0.3155242550986462,10,0.74,0.4325634186002223,10,0.8400000000000001,0.3502380143083652,10
main,none,qwen3_8b,RWKU,sequential,target_memory_comm,0.74,0.4325634186002223,10,0.64,0.4788875998951459,10,0.82,0.34576806613039834,10,0.8400000000000001,0.35023801430836526,10,0.74,0.4325634186002223,10,0.8400000000000001,0.3502380143083652,10
main,none,qwen3_8b,TOFU,debate,communication,1.0,0.0,3,1.0,0.0,3,1.0,0.0,3,1.0,0.0,3,0.9333333333333332,0.11547005383792512,3,1.0,0.0,3
main,none,qwen3_8b,TOFU,debate,full_inference,0.3333333333333333,0.4163331998932266,3,0.6666666666666666,0.5773502691896258,3,1.0,0.0,3,0.9333333333333332,0.11547005383792512,3,0.8666666666666667,0.23094010767585027,3,1.0,0.0,3
main,none,qwen3_8b,TOFU,debate,global_context,0.39999999999999997,0.5291502622129182,3,0.39999999999999997,0.5291502622129182,3,0.9333333333333332,0.11547005383792512,3,0.13333333333333333,0.23094010767585033,3,0.3333333333333333,0.5773502691896258,3,0.7999999999999999,0.2,3
main,none,qwen3_8b,TOFU,debate,none,1.0,0.0,3,1.0,0.0,3,1.0,0.0,3,1.0,0.0,3,0.9333333333333332,0.11547005383792512,3,1.0,0.0,3
main,none,qwen3_8b,TOFU,debate,target_context,1.0,0.0,3,0.8666666666666667,0.23094010767585027,3,1.0,0.0,3,1.0,0.0,3,0.9333333333333332,0.11547005383792512,3,1.0,0.0,3
main,none,qwen3_8b,TOFU,debate,target_context_comm,0.6666666666666666,0.5773502691896258,3,0.6666666666666666,0.5773502691896258,3,1.0,0.0,3,1.0,0.0,3,0.8666666666666667,0.23094010767585027,3,1.0,0.0,3
main,none,qwen3_8b,TOFU,debate,target_context_memory,1.0,0.0,3,0.7999999999999999,0.3464101615137755,3,1.0,0.0,3,1.0,0.0,3,0.8666666666666667,0.23094010767585027,3,1.0,0.0,3
main,none,qwen3_8b,TOFU,debate,target_memory,1.0,0.0,3,1.0,0.0,3,1.0,0.0,3,1.0,0.0,3,0.9333333333333332,0.11547005383792512,3,1.0,0.0,3
main,none,qwen3_8b,TOFU,debate,target_memory_comm,1.0,0.0,3,1.0,0.0,3,1.0,0.0,3,1.0,0.0,3,0.9333333333333332,0.11547005383792512,3,1.0,0.0,3
main,none,qwen3_8b,TOFU,hierarchical,communication,1.0,0.0,3,1.0,0.0,3,1.0,0.0,3,1.0,0.0,3,1.0,0.0,3,1.0,0.0,3
main,none,qwen3_8b,TOFU,hierarchical,full_inference,0.06666666666666667,0.11547005383792516,3,0.26666666666666666,0.46188021535170065,3,1.0,0.0,3,1.0,0.0,3,1.0,0.0,3,1.0,0.0,3
main,none,qwen3_8b,TOFU,hierarchical,global_context,0.4666666666666666,0.5033222956847166,3,0.39999999999999997,0.5291502622129182,3,1.0,0.0,3,0.26666666666666666,0.46188021535170065,3,0.26666666666666666,0.46188021535170065,3,1.0,0.0,3
main,none,qwen3_8b,TOFU,hierarchical,none,1.0,0.0,3,1.0,0.0,3,1.0,0.0,3,1.0,0.0,3,1.0,0.0,3,1.0,0.0,3
main,none,qwen3_8b,TOFU,hierarchical,target_context,0.4666666666666666,0.5033222956847166,3,0.39999999999999997,0.5291502622129182,3,1.0,0.0,3,1.0,0.0,3,1.0,0.0,3,1.0,0.0,3
main,none,qwen3_8b,TOFU,hierarchical,target_context_comm,0.4666666666666666,0.5033222956847166,3,0.39999999999999997,0.5291502622129182,3,1.0,0.0,3,1.0,0.0,3,1.0,0.0,3,1.0,0.0,3
main,none,qwen3_8b,TOFU,hierarchical,target_context_memory,0.06666666666666667,0.11547005383792516,3,0.26666666666666666,0.46188021535170065,3,1.0,0.0,3,1.0,0.0,3,1.0,0.0,3,1.0,0.0,3
main,none,qwen3_8b,TOFU,hierarchical,target_memory,1.0,0.0,3,1.0,0.0,3,1.0,0.0,3,1.0,0.0,3,1.0,0.0,3,1.0,0.0,3
main,none,qwen3_8b,TOFU,hierarchical,target_memory_comm,1.0,0.0,3,1.0,0.0,3,1.0,0.0,3,1.0,0.0,3,1.0,0.0,3,1.0,0.0,3
main,none,qwen3_8b,TOFU,independent,communication,1.0,0.0,3,1.0,0.0,3,1.0,0.0,3,1.0,0.0,3,1.0,0.0,3,1.0,0.0,3
main,none,qwen3_8b,TOFU,independent,full_inference,0.26666666666666666,0.30550504633038933,3,0.3333333333333333,0.5773502691896258,3,1.0,0.0,3,0.06666666666666667,0.11547005383792516,3,0.3333333333333333,0.5773502691896258,3,1.0,0.0,3
main,none,qwen3_8b,TOFU,independent,global_context,0.5333333333333333,0.5033222956847168,3,0.3333333333333333,0.5773502691896258,3,0.9333333333333332,0.11547005383792512,3,0.39999999999999997,0.5291502622129182,3,0.3333333333333333,0.5773502691896258,3,0.9333333333333332,0.11547005383792512,3
main,none,qwen3_8b,TOFU,independent,none,1.0,0.0,3,1.0,0.0,3,1.0,0.0,3,1.0,0.0,3,1.0,0.0,3,1.0,0.0,3
main,none,qwen3_8b,TOFU,independent,target_context,0.5333333333333333,0.5033222956847168,3,0.3333333333333333,0.5773502691896258,3,0.9333333333333332,0.11547005383792512,3,0.39999999999999997,0.5291502622129182,3,0.3333333333333333,0.5773502691896258,3,0.9333333333333332,0.11547005383792512,3
main,none,qwen3_8b,TOFU,independent,target_context_comm,0.5333333333333333,0.5033222956847168,3,0.3333333333333333,0.5773502691896258,3,0.9333333333333332,0.11547005383792512,3,0.39999999999999997,0.5291502622129182,3,0.3333333333333333,0.5773502691896258,3,0.9333333333333332,0.11547005383792512,3
main,none,qwen3_8b,TOFU,independent,target_context_memory,0.26666666666666666,0.30550504633038933,3,0.3333333333333333,0.5773502691896258,3,1.0,0.0,3,0.06666666666666667,0.11547005383792516,3,0.3333333333333333,0.5773502691896258,3,1.0,0.0,3
main,none,qwen3_8b,TOFU,independent,target_memory,1.0,0.0,3,1.0,0.0,3,1.0,0.0,3,1.0,0.0,3,1.0,0.0,3,1.0,0.0,3
main,none,qwen3_8b,TOFU,independent,target_memory_comm,1.0,0.0,3,1.0,0.0,3,1.0,0.0,3,1.0,0.0,3,1.0,0.0,3,1.0,0.0,3
main,none,qwen3_8b,TOFU,scratchpad,communication,1.0,0.0,3,1.0,0.0,3,1.0,0.0,3,1.0,0.0,3,0.9333333333333332,0.11547005383792512,3,1.0,0.0,3
main,none,qwen3_8b,TOFU,scratchpad,full_inference,0.4666666666666666,0.41633319989322654,3,0.6666666666666666,0.5773502691896258,3,1.0,0.0,3,1.0,0.0,3,1.0,0.0,3,1.0,0.0,3
main,none,qwen3_8b,TOFU,scratchpad,global_context,0.4666666666666666,0.5033222956847166,3,0.3333333333333333,0.5773502691896258,3,1.0,0.0,3,0.26666666666666666,0.46188021535170065,3,0.3333333333333333,0.5773502691896258,3,1.0,0.0,3
main,none,qwen3_8b,TOFU,scratchpad,none,1.0,0.0,3,0.9333333333333332,0.11547005383792512,3,1.0,0.0,3,1.0,0.0,3,1.0,0.0,3,1.0,0.0,3
main,none,qwen3_8b,TOFU,scratchpad,target_context,1.0,0.0,3,0.9333333333333332,0.11547005383792512,3,1.0,0.0,3,0.8666666666666667,0.23094010767585033,3,1.0,0.0,3,1.0,0.0,3
main,none,qwen3_8b,TOFU,scratchpad,target_context_comm,0.6,0.5291502622129182,3,0.6666666666666666,0.5773502691896258,3,1.0,0.0,3,1.0,0.0,3,1.0,0.0,3,1.0,0.0,3
main,none,qwen3_8b,TOFU,scratchpad,target_context_memory,1.0,0.0,3,0.9333333333333332,0.11547005383792512,3,1.0,0.0,3,0.8666666666666667,0.23094010767585033,3,1.0,0.0,3,1.0,0.0,3
main,none,qwen3_8b,TOFU,scratchpad,target_memory,1.0,0.0,3,0.9333333333333332,0.11547005383792512,3,1.0,0.0,3,1.0,0.0,3,1.0,0.0,3,1.0,0.0,3
main,none,qwen3_8b,TOFU,scratchpad,target_memory_comm,1.0,0.0,3,1.0,0.0,3,1.0,0.0,3,1.0,0.0,3,1.0,0.0,3,1.0,0.0,3
main,none,qwen3_8b,TOFU,sequential,communication,1.0,0.0,3,1.0,0.0,3,1.0,0.0,3,1.0,0.0,3,1.0,0.0,3,1.0,0.0,3
main,none,qwen3_8b,TOFU,sequential,full_inference,0.26666666666666666,0.46188021535170065,3,0.6666666666666666,0.5773502691896258,3,1.0,0.0,3,1.0,0.0,3,1.0,0.0,3,1.0,0.0,3
main,none,qwen3_8b,TOFU,sequential,global_context,0.6,0.5291502622129182,3,0.4666666666666666,0.5033222956847166,3,1.0,0.0,3,0.26666666666666666,0.46188021535170065,3,0.3333333333333333,0.5773502691896258,3,1.0,0.0,3
main,none,qwen3_8b,TOFU,sequential,none,1.0,0.0,3,1.0,0.0,3,1.0,0.0,3,1.0,0.0,3,1.0,0.0,3,1.0,0.0,3
main,none,qwen3_8b,TOFU,sequential,target_context,0.9333333333333332,0.11547005383792512,3,1.0,0.0,3,1.0,0.0,3,1.0,0.0,3,1.0,0.0,3,1.0,0.0,3
main,none,qwen3_8b,TOFU,sequential,target_context_comm,0.4666666666666666,0.5033222956847166,3,0.6666666666666666,0.5773502691896258,3,1.0,0.0,3,0.9333333333333332,0.11547005383792512,3,1.0,0.0,3,1.0,0.0,3
main,none,qwen3_8b,TOFU,sequential,target_context_memory,0.9333333333333332,0.11547005383792512,3,1.0,0.0,3,1.0,0.0,3,1.0,0.0,3,1.0,0.0,3,1.0,0.0,3
main,none,qwen3_8b,TOFU,sequential,target_memory,1.0,0.0,3,1.0,0.0,3,1.0,0.0,3,1.0,0.0,3,1.0,0.0,3,1.0,0.0,3
main,none,qwen3_8b,TOFU,sequential,target_memory_comm,1.0,0.0,3,1.0,0.0,3,1.0,0.0,3,1.0,0.0,3,1.0,0.0,3,1.0,0.0,3
parameter_unlearning,gradient_ascent,qwen3_4b,MUSE-News,debate,parameter_only,1.0,,1,,,0,0.6,,1,1.0,,1,,,0,0.2,,1
parameter_unlearning,gradient_ascent,qwen3_4b,MUSE-News,debate,parameter_plus_comm,1.0,,1,,,0,0.6,,1,1.0,,1,,,0,0.2,,1
parameter_unlearning,gradient_ascent,qwen3_4b,MUSE-News,hierarchical,parameter_only,1.0,,1,,,0,0.0,,1,1.0,,1,,,0,1.0,,1
parameter_unlearning,gradient_ascent,qwen3_4b,MUSE-News,hierarchical,parameter_plus_comm,1.0,,1,,,0,0.0,,1,1.0,,1,,,0,1.0,,1
parameter_unlearning,gradient_ascent,qwen3_4b,MUSE-News,independent,parameter_only,1.0,,1,,,0,0.0,,1,1.0,,1,,,0,1.0,,1
parameter_unlearning,gradient_ascent,qwen3_4b,MUSE-News,independent,parameter_plus_comm,1.0,,1,,,0,0.0,,1,1.0,,1,,,0,1.0,,1
parameter_unlearning,gradient_ascent,qwen3_4b,MUSE-News,scratchpad,parameter_only,1.0,,1,,,0,0.0,,1,1.0,,1,,,0,1.0,,1
parameter_unlearning,gradient_ascent,qwen3_4b,MUSE-News,scratchpad,parameter_plus_comm,1.0,,1,,,0,0.0,,1,1.0,,1,,,0,1.0,,1
parameter_unlearning,gradient_ascent,qwen3_4b,MUSE-News,sequential,parameter_only,1.0,,1,,,0,0.0,,1,1.0,,1,,,0,1.0,,1
parameter_unlearning,gradient_ascent,qwen3_4b,MUSE-News,sequential,parameter_plus_comm,1.0,,1,,,0,0.0,,1,1.0,,1,,,0,1.0,,1
parameter_unlearning,gradient_ascent,qwen3_4b,RWKU,debate,parameter_only,0.6,,1,1.0,,1,1.0,,1,0.4,,1,0.4,,1,1.0,,1
parameter_unlearning,gradient_ascent,qwen3_4b,RWKU,debate,parameter_plus_comm,0.8,,1,1.0,,1,1.0,,1,0.4,,1,0.4,,1,1.0,,1
parameter_unlearning,gradient_ascent,qwen3_4b,RWKU,hierarchical,parameter_only,0.6,,1,1.0,,1,1.0,,1,0.6,,1,0.8,,1,1.0,,1
parameter_unlearning,gradient_ascent,qwen3_4b,RWKU,hierarchical,parameter_plus_comm,0.6,,1,1.0,,1,1.0,,1,0.6,,1,0.8,,1,1.0,,1
parameter_unlearning,gradient_ascent,qwen3_4b,RWKU,independent,parameter_only,0.8,,1,1.0,,1,1.0,,1,0.8,,1,1.0,,1,1.0,,1
parameter_unlearning,gradient_ascent,qwen3_4b,RWKU,independent,parameter_plus_comm,0.8,,1,1.0,,1,1.0,,1,0.8,,1,1.0,,1,1.0,,1
parameter_unlearning,gradient_ascent,qwen3_4b,RWKU,scratchpad,parameter_only,0.6,,1,1.0,,1,1.0,,1,0.8,,1,1.0,,1,1.0,,1
parameter_unlearning,gradient_ascent,qwen3_4b,RWKU,scratchpad,parameter_plus_comm,0.8,,1,1.0,,1,1.0,,1,0.8,,1,1.0,,1,1.0,,1
parameter_unlearning,gradient_ascent,qwen3_4b,RWKU,sequential,parameter_only,1.0,,1,1.0,,1,1.0,,1,1.0,,1,1.0,,1,1.0,,1
parameter_unlearning,gradient_ascent,qwen3_4b,RWKU,sequential,parameter_plus_comm,1.0,,1,1.0,,1,1.0,,1,1.0,,1,1.0,,1,1.0,,1
parameter_unlearning,gradient_ascent,qwen3_4b,TOFU,debate,parameter_only,1.0,0.0,3,1.0,0.0,3,1.0,0.0,3,1.0,0.0,3,1.0,0.0,3,0.8666666666666667,0.23094010767585033,3
parameter_unlearning,gradient_ascent,qwen3_4b,TOFU,debate,parameter_plus_comm,1.0,0.0,3,1.0,0.0,3,1.0,0.0,3,1.0,0.0,3,1.0,0.0,3,0.8666666666666667,0.23094010767585033,3
parameter_unlearning,gradient_ascent,qwen3_4b,TOFU,hierarchical,parameter_only,1.0,0.0,3,1.0,0.0,3,1.0,0.0,3,1.0,0.0,3,1.0,0.0,3,1.0,0.0,3
parameter_unlearning,gradient_ascent,qwen3_4b,TOFU,hierarchical,parameter_plus_comm,1.0,0.0,3,1.0,0.0,3,1.0,0.0,3,1.0,0.0,3,1.0,0.0,3,1.0,0.0,3
parameter_unlearning,gradient_ascent,qwen3_4b,TOFU,independent,parameter_only,1.0,0.0,3,1.0,0.0,3,1.0,0.0,3,1.0,0.0,3,1.0,0.0,3,1.0,0.0,3
parameter_unlearning,gradient_ascent,qwen3_4b,TOFU,independent,parameter_plus_comm,1.0,0.0,3,1.0,0.0,3,1.0,0.0,3,1.0,0.0,3,1.0,0.0,3,1.0,0.0,3
parameter_unlearning,gradient_ascent,qwen3_4b,TOFU,scratchpad,parameter_only,1.0,0.0,3,1.0,0.0,3,1.0,0.0,3,1.0,0.0,3,1.0,0.0,3,1.0,0.0,3
parameter_unlearning,gradient_ascent,qwen3_4b,TOFU,scratchpad,parameter_plus_comm,1.0,0.0,3,1.0,0.0,3,1.0,0.0,3,1.0,0.0,3,1.0,0.0,3,1.0,0.0,3
parameter_unlearning,gradient_ascent,qwen3_4b,TOFU,sequential,parameter_only,1.0,0.0,3,1.0,0.0,3,1.0,0.0,3,1.0,0.0,3,1.0,0.0,3,1.0,0.0,3
parameter_unlearning,gradient_ascent,qwen3_4b,TOFU,sequential,parameter_plus_comm,0.7999999999999999,0.34641016151377546,3,1.0,0.0,3,1.0,0.0,3,1.0,0.0,3,1.0,0.0,3,1.0,0.0,3
parameter_unlearning,gradient_ascent,qwen3_8b,MUSE-News,debate,parameter_only,1.0,,1,,,0,0.2,,1,1.0,,1,,,0,0.2,,1
parameter_unlearning,gradient_ascent,qwen3_8b,MUSE-News,debate,parameter_plus_comm,1.0,,1,,,0,0.2,,1,1.0,,1,,,0,0.2,,1
parameter_unlearning,gradient_ascent,qwen3_8b,MUSE-News,hierarchical,parameter_only,1.0,,1,,,0,0.0,,1,1.0,,1,,,0,1.0,,1
parameter_unlearning,gradient_ascent,qwen3_8b,MUSE-News,hierarchical,parameter_plus_comm,1.0,,1,,,0,0.0,,1,1.0,,1,,,0,1.0,,1
parameter_unlearning,gradient_ascent,qwen3_8b,MUSE-News,independent,parameter_only,1.0,,1,,,0,0.0,,1,1.0,,1,,,0,1.0,,1
parameter_unlearning,gradient_ascent,qwen3_8b,MUSE-News,independent,parameter_plus_comm,1.0,,1,,,0,0.0,,1,1.0,,1,,,0,1.0,,1
parameter_unlearning,gradient_ascent,qwen3_8b,MUSE-News,scratchpad,parameter_only,1.0,,1,,,0,0.4,,1,1.0,,1,,,0,1.0,,1
parameter_unlearning,gradient_ascent,qwen3_8b,MUSE-News,scratchpad,parameter_plus_comm,1.0,,1,,,0,0.4,,1,1.0,,1,,,0,1.0,,1
parameter_unlearning,gradient_ascent,qwen3_8b,MUSE-News,sequential,parameter_only,1.0,,1,,,0,0.0,,1,1.0,,1,,,0,1.0,,1
parameter_unlearning,gradient_ascent,qwen3_8b,MUSE-News,sequential,parameter_plus_comm,1.0,,1,,,0,0.0,,1,1.0,,1,,,0,1.0,,1
parameter_unlearning,gradient_ascent,qwen3_8b,RWKU,debate,parameter_only,0.8,,1,1.0,,1,0.6,,1,0.8,,1,1.0,,1,0.6,,1
parameter_unlearning,gradient_ascent,qwen3_8b,RWKU,debate,parameter_plus_comm,0.8,,1,1.0,,1,0.6,,1,0.8,,1,1.0,,1,0.6,,1
parameter_unlearning,gradient_ascent,qwen3_8b,RWKU,hierarchical,parameter_only,1.0,,1,1.0,,1,1.0,,1,1.0,,1,1.0,,1,1.0,,1
parameter_unlearning,gradient_ascent,qwen3_8b,RWKU,hierarchical,parameter_plus_comm,1.0,,1,1.0,,1,1.0,,1,1.0,,1,1.0,,1,1.0,,1
parameter_unlearning,gradient_ascent,qwen3_8b,RWKU,independent,parameter_only,1.0,,1,1.0,,1,1.0,,1,1.0,,1,1.0,,1,1.0,,1
parameter_unlearning,gradient_ascent,qwen3_8b,RWKU,independent,parameter_plus_comm,1.0,,1,1.0,,1,1.0,,1,1.0,,1,1.0,,1,1.0,,1
parameter_unlearning,gradient_ascent,qwen3_8b,RWKU,scratchpad,parameter_only,1.0,,1,1.0,,1,1.0,,1,1.0,,1,1.0,,1,1.0,,1
parameter_unlearning,gradient_ascent,qwen3_8b,RWKU,scratchpad,parameter_plus_comm,1.0,,1,1.0,,1,1.0,,1,1.0,,1,1.0,,1,1.0,,1
parameter_unlearning,gradient_ascent,qwen3_8b,RWKU,sequential,parameter_only,1.0,,1,1.0,,1,1.0,,1,1.0,,1,1.0,,1,1.0,,1
parameter_unlearning,gradient_ascent,qwen3_8b,RWKU,sequential,parameter_plus_comm,1.0,,1,1.0,,1,1.0,,1,1.0,,1,1.0,,1,1.0,,1
parameter_unlearning,gradient_ascent,qwen3_8b,TOFU,debate,parameter_only,1.0,0.0,3,1.0,0.0,3,1.0,0.0,3,1.0,0.0,3,0.9333333333333332,0.11547005383792512,3,1.0,0.0,3
parameter_unlearning,gradient_ascent,qwen3_8b,TOFU,debate,parameter_plus_comm,1.0,0.0,3,1.0,0.0,3,1.0,0.0,3,1.0,0.0,3,0.9333333333333332,0.11547005383792512,3,1.0,0.0,3
parameter_unlearning,gradient_ascent,qwen3_8b,TOFU,hierarchical,parameter_only,1.0,0.0,3,1.0,0.0,3,1.0,0.0,3,1.0,0.0,3,1.0,0.0,3,1.0,0.0,3
parameter_unlearning,gradient_ascent,qwen3_8b,TOFU,hierarchical,parameter_plus_comm,1.0,0.0,3,1.0,0.0,3,1.0,0.0,3,1.0,0.0,3,1.0,0.0,3,1.0,0.0,3
parameter_unlearning,gradient_ascent,qwen3_8b,TOFU,independent,parameter_only,1.0,0.0,3,1.0,0.0,3,1.0,0.0,3,1.0,0.0,3,1.0,0.0,3,1.0,0.0,3
parameter_unlearning,gradient_ascent,qwen3_8b,TOFU,independent,parameter_plus_comm,1.0,0.0,3,1.0,0.0,3,1.0,0.0,3,1.0,0.0,3,1.0,0.0,3,1.0,0.0,3
parameter_unlearning,gradient_ascent,qwen3_8b,TOFU,scratchpad,parameter_only,1.0,0.0,3,0.9333333333333332,0.11547005383792512,3,1.0,0.0,3,1.0,0.0,3,1.0,0.0,3,1.0,0.0,3
parameter_unlearning,gradient_ascent,qwen3_8b,TOFU,scratchpad,parameter_plus_comm,1.0,0.0,3,1.0,0.0,3,1.0,0.0,3,1.0,0.0,3,0.9333333333333332,0.11547005383792512,3,1.0,0.0,3
parameter_unlearning,gradient_ascent,qwen3_8b,TOFU,sequential,parameter_only,1.0,0.0,3,1.0,0.0,3,1.0,0.0,3,1.0,0.0,3,1.0,0.0,3,1.0,0.0,3
parameter_unlearning,gradient_ascent,qwen3_8b,TOFU,sequential,parameter_plus_comm,1.0,0.0,3,1.0,0.0,3,1.0,0.0,3,1.0,0.0,3,1.0,0.0,3,1.0,0.0,3
parameter_unlearning,lora_grad_diff,qwen3_4b,MUSE-News,debate,parameter_only,0.8,,1,,,0,0.8,,1,1.0,,1,,,0,0.6,,1
parameter_unlearning,lora_grad_diff,qwen3_4b,MUSE-News,debate,parameter_plus_comm,1.0,,1,,,0,0.8,,1,1.0,,1,,,0,0.6,,1
parameter_unlearning,lora_grad_diff,qwen3_4b,MUSE-News,hierarchical,parameter_only,1.0,,1,,,0,0.4,,1,1.0,,1,,,0,1.0,,1
parameter_unlearning,lora_grad_diff,qwen3_4b,MUSE-News,hierarchical,parameter_plus_comm,1.0,,1,,,0,0.4,,1,1.0,,1,,,0,1.0,,1
parameter_unlearning,lora_grad_diff,qwen3_4b,MUSE-News,independent,parameter_only,1.0,,1,,,0,0.4,,1,1.0,,1,,,0,1.0,,1
parameter_unlearning,lora_grad_diff,qwen3_4b,MUSE-News,independent,parameter_plus_comm,1.0,,1,,,0,0.4,,1,1.0,,1,,,0,1.0,,1
parameter_unlearning,lora_grad_diff,qwen3_4b,MUSE-News,scratchpad,parameter_only,1.0,,1,,,0,0.4,,1,1.0,,1,,,0,1.0,,1
parameter_unlearning,lora_grad_diff,qwen3_4b,MUSE-News,scratchpad,parameter_plus_comm,1.0,,1,,,0,0.4,,1,1.0,,1,,,0,1.0,,1
parameter_unlearning,lora_grad_diff,qwen3_4b,MUSE-News,sequential,parameter_only,1.0,,1,,,0,0.4,,1,1.0,,1,,,0,1.0,,1
parameter_unlearning,lora_grad_diff,qwen3_4b,MUSE-News,sequential,parameter_plus_comm,1.0,,1,,,0,0.4,,1,1.0,,1,,,0,1.0,,1
parameter_unlearning,lora_grad_diff,qwen3_4b,RWKU,debate,parameter_only,1.0,,1,1.0,,1,0.8,,1,0.4,,1,0.2,,1,0.6,,1
parameter_unlearning,lora_grad_diff,qwen3_4b,RWKU,debate,parameter_plus_comm,1.0,,1,1.0,,1,0.8,,1,0.4,,1,0.2,,1,0.6,,1
parameter_unlearning,lora_grad_diff,qwen3_4b,RWKU,hierarchical,parameter_only,1.0,,1,1.0,,1,1.0,,1,0.6,,1,0.8,,1,1.0,,1
parameter_unlearning,lora_grad_diff,qwen3_4b,RWKU,hierarchical,parameter_plus_comm,1.0,,1,1.0,,1,1.0,,1,0.6,,1,0.8,,1,1.0,,1
parameter_unlearning,lora_grad_diff,qwen3_4b,RWKU,independent,parameter_only,1.0,,1,1.0,,1,1.0,,1,1.0,,1,1.0,,1,1.0,,1
parameter_unlearning,lora_grad_diff,qwen3_4b,RWKU,independent,parameter_plus_comm,1.0,,1,1.0,,1,1.0,,1,1.0,,1,1.0,,1,1.0,,1
parameter_unlearning,lora_grad_diff,qwen3_4b,RWKU,scratchpad,parameter_only,1.0,,1,1.0,,1,1.0,,1,1.0,,1,1.0,,1,1.0,,1
parameter_unlearning,lora_grad_diff,qwen3_4b,RWKU,scratchpad,parameter_plus_comm,1.0,,1,1.0,,1,1.0,,1,1.0,,1,1.0,,1,1.0,,1
parameter_unlearning,lora_grad_diff,qwen3_4b,RWKU,sequential,parameter_only,1.0,,1,1.0,,1,1.0,,1,1.0,,1,1.0,,1,1.0,,1
parameter_unlearning,lora_grad_diff,qwen3_4b,RWKU,sequential,parameter_plus_comm,1.0,,1,1.0,,1,1.0,,1,1.0,,1,1.0,,1,1.0,,1
parameter_unlearning,lora_grad_diff,qwen3_4b,TOFU,debate,parameter_only,1.0,0.0,3,1.0,0.0,3,1.0,0.0,3,1.0,0.0,3,1.0,0.0,3,0.9333333333333332,0.11547005383792512,3
parameter_unlearning,lora_grad_diff,qwen3_4b,TOFU,debate,parameter_plus_comm,1.0,0.0,3,1.0,0.0,3,1.0,0.0,3,1.0,0.0,3,1.0,0.0,3,0.9333333333333332,0.11547005383792512,3
parameter_unlearning,lora_grad_diff,qwen3_4b,TOFU,hierarchical,parameter_only,1.0,0.0,3,1.0,0.0,3,1.0,0.0,3,1.0,0.0,3,1.0,0.0,3,1.0,0.0,3
parameter_unlearning,lora_grad_diff,qwen3_4b,TOFU,hierarchical,parameter_plus_comm,1.0,0.0,3,1.0,0.0,3,1.0,0.0,3,1.0,0.0,3,1.0,0.0,3,1.0,0.0,3
parameter_unlearning,lora_grad_diff,qwen3_4b,TOFU,independent,parameter_only,1.0,0.0,3,1.0,0.0,3,1.0,0.0,3,1.0,0.0,3,1.0,0.0,3,1.0,0.0,3
parameter_unlearning,lora_grad_diff,qwen3_4b,TOFU,independent,parameter_plus_comm,1.0,0.0,3,1.0,0.0,3,1.0,0.0,3,1.0,0.0,3,1.0,0.0,3,1.0,0.0,3
parameter_unlearning,lora_grad_diff,qwen3_4b,TOFU,scratchpad,parameter_only,1.0,0.0,3,1.0,0.0,3,1.0,0.0,3,1.0,0.0,3,1.0,0.0,3,1.0,0.0,3
parameter_unlearning,lora_grad_diff,qwen3_4b,TOFU,scratchpad,parameter_plus_comm,1.0,0.0,3,1.0,0.0,3,1.0,0.0,3,1.0,0.0,3,1.0,0.0,3,1.0,0.0,3
parameter_unlearning,lora_grad_diff,qwen3_4b,TOFU,sequential,parameter_only,1.0,0.0,3,1.0,0.0,3,1.0,0.0,3,1.0,0.0,3,1.0,0.0,3,1.0,0.0,3
parameter_unlearning,lora_grad_diff,qwen3_4b,TOFU,sequential,parameter_plus_comm,0.7999999999999999,0.34641016151377546,3,1.0,0.0,3,1.0,0.0,3,1.0,0.0,3,1.0,0.0,3,1.0,0.0,3
parameter_unlearning,lora_grad_diff,qwen3_8b,MUSE-News,debate,parameter_only,1.0,,1,,,0,0.6,,1,1.0,,1,,,0,0.4,,1
parameter_unlearning,lora_grad_diff,qwen3_8b,MUSE-News,debate,parameter_plus_comm,1.0,,1,,,0,0.6,,1,1.0,,1,,,0,0.4,,1
parameter_unlearning,lora_grad_diff,qwen3_8b,MUSE-News,hierarchical,parameter_only,1.0,,1,,,0,0.0,,1,1.0,,1,,,0,1.0,,1
parameter_unlearning,lora_grad_diff,qwen3_8b,MUSE-News,hierarchical,parameter_plus_comm,1.0,,1,,,0,0.0,,1,1.0,,1,,,0,1.0,,1
parameter_unlearning,lora_grad_diff,qwen3_8b,MUSE-News,independent,parameter_only,1.0,,1,,,0,0.0,,1,1.0,,1,,,0,1.0,,1
parameter_unlearning,lora_grad_diff,qwen3_8b,MUSE-News,independent,parameter_plus_comm,1.0,,1,,,0,0.0,,1,1.0,,1,,,0,1.0,,1
parameter_unlearning,lora_grad_diff,qwen3_8b,MUSE-News,scratchpad,parameter_only,1.0,,1,,,0,0.4,,1,1.0,,1,,,0,1.0,,1
parameter_unlearning,lora_grad_diff,qwen3_8b,MUSE-News,scratchpad,parameter_plus_comm,1.0,,1,,,0,0.4,,1,1.0,,1,,,0,1.0,,1
parameter_unlearning,lora_grad_diff,qwen3_8b,MUSE-News,sequential,parameter_only,1.0,,1,,,0,0.0,,1,1.0,,1,,,0,1.0,,1
parameter_unlearning,lora_grad_diff,qwen3_8b,MUSE-News,sequential,parameter_plus_comm,1.0,,1,,,0,0.0,,1,1.0,,1,,,0,1.0,,1
parameter_unlearning,lora_grad_diff,qwen3_8b,RWKU,debate,parameter_only,0.4,,1,0.8,,1,0.6,,1,0.8,,1,0.6,,1,1.0,,1
parameter_unlearning,lora_grad_diff,qwen3_8b,RWKU,debate,parameter_plus_comm,0.4,,1,0.8,,1,0.6,,1,0.8,,1,0.6,,1,1.0,,1
parameter_unlearning,lora_grad_diff,qwen3_8b,RWKU,hierarchical,parameter_only,1.0,,1,1.0,,1,1.0,,1,1.0,,1,1.0,,1,1.0,,1
parameter_unlearning,lora_grad_diff,qwen3_8b,RWKU,hierarchical,parameter_plus_comm,1.0,,1,1.0,,1,1.0,,1,1.0,,1,1.0,,1,1.0,,1
parameter_unlearning,lora_grad_diff,qwen3_8b,RWKU,independent,parameter_only,1.0,,1,1.0,,1,1.0,,1,1.0,,1,1.0,,1,1.0,,1
parameter_unlearning,lora_grad_diff,qwen3_8b,RWKU,independent,parameter_plus_comm,1.0,,1,1.0,,1,1.0,,1,1.0,,1,1.0,,1,1.0,,1
parameter_unlearning,lora_grad_diff,qwen3_8b,RWKU,scratchpad,parameter_only,1.0,,1,1.0,,1,1.0,,1,1.0,,1,1.0,,1,1.0,,1
parameter_unlearning,lora_grad_diff,qwen3_8b,RWKU,scratchpad,parameter_plus_comm,1.0,,1,1.0,,1,1.0,,1,1.0,,1,1.0,,1,1.0,,1
parameter_unlearning,lora_grad_diff,qwen3_8b,RWKU,sequential,parameter_only,1.0,,1,1.0,,1,1.0,,1,1.0,,1,1.0,,1,1.0,,1
parameter_unlearning,lora_grad_diff,qwen3_8b,RWKU,sequential,parameter_plus_comm,1.0,,1,1.0,,1,1.0,,1,1.0,,1,1.0,,1,1.0,,1
parameter_unlearning,lora_grad_diff,qwen3_8b,TOFU,debate,parameter_only,1.0,0.0,3,1.0,0.0,3,1.0,0.0,3,1.0,0.0,3,0.9333333333333332,0.11547005383792512,3,1.0,0.0,3
parameter_unlearning,lora_grad_diff,qwen3_8b,TOFU,debate,parameter_plus_comm,1.0,0.0,3,0.9333333333333332,0.11547005383792512,3,1.0,0.0,3,1.0,0.0,3,0.9333333333333332,0.11547005383792512,3,1.0,0.0,3
parameter_unlearning,lora_grad_diff,qwen3_8b,TOFU,hierarchical,parameter_only,1.0,0.0,3,1.0,0.0,3,1.0,0.0,3,1.0,0.0,3,1.0,0.0,3,1.0,0.0,3
parameter_unlearning,lora_grad_diff,qwen3_8b,TOFU,hierarchical,parameter_plus_comm,1.0,0.0,3,1.0,0.0,3,1.0,0.0,3,1.0,0.0,3,1.0,0.0,3,1.0,0.0,3
parameter_unlearning,lora_grad_diff,qwen3_8b,TOFU,independent,parameter_only,1.0,0.0,3,1.0,0.0,3,1.0,0.0,3,1.0,0.0,3,1.0,0.0,3,1.0,0.0,3
parameter_unlearning,lora_grad_diff,qwen3_8b,TOFU,independent,parameter_plus_comm,1.0,0.0,3,1.0,0.0,3,1.0,0.0,3,1.0,0.0,3,1.0,0.0,3,1.0,0.0,3
parameter_unlearning,lora_grad_diff,qwen3_8b,TOFU,scratchpad,parameter_only,1.0,0.0,3,0.9333333333333332,0.11547005383792512,3,1.0,0.0,3,1.0,0.0,3,0.9333333333333332,0.11547005383792512,3,1.0,0.0,3
parameter_unlearning,lora_grad_diff,qwen3_8b,TOFU,scratchpad,parameter_plus_comm,1.0,0.0,3,1.0,0.0,3,1.0,0.0,3,1.0,0.0,3,1.0,0.0,3,1.0,0.0,3
parameter_unlearning,lora_grad_diff,qwen3_8b,TOFU,sequential,parameter_only,1.0,0.0,3,1.0,0.0,3,1.0,0.0,3,1.0,0.0,3,1.0,0.0,3,1.0,0.0,3
parameter_unlearning,lora_grad_diff,qwen3_8b,TOFU,sequential,parameter_plus_comm,1.0,0.0,3,1.0,0.0,3,1.0,0.0,3,1.0,0.0,3,1.0,0.0,3,1.0,0.0,3
stochastic_robustness,none,qwen3_8b,MUSE-News,debate,full_inference,0.0,0.0,10,,,0,0.4,0.1333333333333333,10,1.0,0.0,10,,,0,0.38,0.11352924243950933,10
stochastic_robustness,none,qwen3_8b,MUSE-News,debate,target_context_memory,1.0,0.0,10,,,0,0.48,0.16865480854231354,10,1.0,0.0,10,,,0,0.38,0.11352924243950933,10
stochastic_robustness,none,qwen3_8b,MUSE-News,hierarchical,full_inference,0.0,0.0,10,,,0,0.0,0.0,10,1.0,0.0,10,,,0,0.8800000000000001,0.21499353995462797,10
stochastic_robustness,none,qwen3_8b,MUSE-News,hierarchical,target_context_memory,0.0,0.0,10,,,0,0.0,0.0,10,1.0,0.0,10,,,0,0.8800000000000001,0.21499353995462797,10
stochastic_robustness,none,qwen3_8b,MUSE-News,independent,full_inference,0.0,0.0,10,,,0,0.0,0.0,10,0.0,0.0,10,,,0,1.0,0.0,10
stochastic_robustness,none,qwen3_8b,MUSE-News,independent,target_context_memory,0.0,0.0,10,,,0,0.0,0.0,10,0.0,0.0,10,,,0,1.0,0.0,10
stochastic_robustness,none,qwen3_8b,MUSE-News,scratchpad,full_inference,0.6799999999999999,0.40221608343995613,10,,,0,0.36,0.0843274042711568,10,1.0,0.0,10,,,0,1.0,0.0,10
stochastic_robustness,none,qwen3_8b,MUSE-News,scratchpad,target_context_memory,1.0,0.0,10,,,0,0.36,0.0843274042711568,10,1.0,0.0,10,,,0,1.0,0.0,10
stochastic_robustness,none,qwen3_8b,MUSE-News,sequential,full_inference,0.2,0.3771236166328254,10,,,0,0.0,0.0,10,1.0,0.0,10,,,0,1.0,0.0,10
stochastic_robustness,none,qwen3_8b,MUSE-News,sequential,target_context_memory,1.0,0.0,10,,,0,0.0,0.0,10,1.0,0.0,10,,,0,1.0,0.0,10
stochastic_robustness,none,qwen3_8b,RWKU,debate,full_inference,0.9,0.10540925533894598,10,0.72,0.13984117975602023,10,0.58,0.17511900715418263,10,0.76,0.15776212754932314,10,0.8200000000000001,0.11352924243950935,10,0.8400000000000001,0.20655911179772887,10
stochastic_robustness,none,qwen3_8b,RWKU,debate,target_context_memory,0.9400000000000001,0.09660917830792956,10,0.72,0.13984117975602023,10,0.74,0.21186998109427607,10,0.76,0.15776212754932314,10,0.8200000000000001,0.11352924243950935,10,0.8400000000000001,0.20655911179772887,10
stochastic_robustness,none,qwen3_8b,RWKU,hierarchical,full_inference,0.9,0.10540925533894592,10,0.0,0.0,10,1.0,0.0,10,0.86,0.09660917830792956,10,1.0,0.0,10,1.0,0.0,10
stochastic_robustness,none,qwen3_8b,RWKU,hierarchical,target_context_memory,0.9,0.10540925533894592,10,0.0,0.0,10,1.0,0.0,10,0.86,0.09660917830792956,10,1.0,0.0,10,1.0,0.0,10
stochastic_robustness,none,qwen3_8b,RWKU,independent,full_inference,0.86,0.09660917830792956,10,0.0,0.0,10,1.0,0.0,10,0.9400000000000001,0.09660917830792956,10,0.0,0.0,10,1.0,0.0,10
stochastic_robustness,none,qwen3_8b,RWKU,independent,target_context_memory,0.86,0.09660917830792956,10,0.0,0.0,10,1.0,0.0,10,0.9400000000000001,0.09660917830792956,10,0.0,0.0,10,1.0,0.0,10
stochastic_robustness,none,qwen3_8b,RWKU,scratchpad,full_inference,1.0,0.0,10,1.0,0.0,10,1.0,0.0,10,1.0,0.0,10,1.0,0.0,10,1.0,0.0,10
stochastic_robustness,none,qwen3_8b,RWKU,scratchpad,target_context_memory,1.0,0.0,10,1.0,0.0,10,1.0,0.0,10,1.0,0.0,10,1.0,0.0,10,1.0,0.0,10
stochastic_robustness,none,qwen3_8b,RWKU,sequential,full_inference,1.0,0.0,10,1.0,0.0,10,1.0,0.0,10,1.0,0.0,10,1.0,0.0,10,1.0,0.0,10
stochastic_robustness,none,qwen3_8b,RWKU,sequential,target_context_memory,1.0,0.0,10,1.0,0.0,10,1.0,0.0,10,1.0,0.0,10,1.0,0.0,10,1.0,0.0,10
stochastic_robustness,none,qwen3_8b,TOFU,debate,full_inference,0.37333333333333335,0.35519138438344744,30,0.7066666666666667,0.41930429517716955,30,1.0,0.0,30,0.94,0.1499425177215911,30,0.88,0.20744754218505626,30,1.0,0.0,30
stochastic_robustness,none,qwen3_8b,TOFU,debate,target_context_memory,0.9933333333333334,0.03651483716701106,30,0.8533333333333334,0.2403063179293911,30,1.0,0.0,30,0.9733333333333333,0.10148325268098499,30,0.8866666666666667,0.20126039631889028,30,1.0,0.0,30
stochastic_robustness,none,qwen3_8b,TOFU,hierarchical,full_inference,0.18666666666666668,0.25152408993194264,30,0.32,0.4505934783800368,30,1.0,0.0,30,1.0,0.0,30,1.0,0.0,30,1.0,0.0,30
stochastic_robustness,none,qwen3_8b,TOFU,hierarchical,target_context_memory,0.18666666666666668,0.25152408993194264,30,0.32,0.4505934783800368,30,1.0,0.0,30,1.0,0.0,30,1.0,0.0,30,1.0,0.0,30
stochastic_robustness,none,qwen3_8b,TOFU,independent,full_inference,0.31333333333333335,0.38122609214655456,30,0.33999999999999997,0.4760469406005803,30,1.0,0.0,30,0.02666666666666667,0.06914918072835208,30,0.31333333333333335,0.4538975528748168,30,1.0,0.0,30
stochastic_robustness,none,qwen3_8b,TOFU,independent,target_context_memory,0.31333333333333335,0.38122609214655456,30,0.33999999999999997,0.4760469406005803,30,1.0,0.0,30,0.02666666666666667,0.06914918072835208,30,0.31333333333333335,0.4538975528748168,30,1.0,0.0,30
stochastic_robustness,none,qwen3_8b,TOFU,scratchpad,full_inference,0.4,0.3483953362845542,30,0.6733333333333333,0.42502197373891093,30,0.9866666666666667,0.05074162634049248,30,0.9533333333333334,0.1136641554311871,30,0.9600000000000001,0.0813676204344972,30,1.0,0.0,30
stochastic_robustness,none,qwen3_8b,TOFU,scratchpad,target_context_memory,0.9933333333333334,0.03651483716701106,30,0.9533333333333334,0.08603661343041523,30,1.0,0.0,30,0.9266666666666666,0.13373502709187435,30,0.9533333333333334,0.12521246311585854,30,1.0,0.0,30
stochastic_robustness,none,qwen3_8b,TOFU,sequential,full_inference,0.21333333333333335,0.3148435115761625,30,0.6933333333333334,0.4479326714595839,30,1.0,0.0,30,0.9866666666666667,0.05074162634049248,30,1.0,0.0,30,1.0,0.0,30
stochastic_robustness,none,qwen3_8b,TOFU,sequential,target_context_memory,0.9533333333333334,0.10080138659874617,30,1.0,0.0,30,1.0,0.0,30,0.9866666666666667,0.05074162634049248,30,1.0,0.0,30,1.0,0.0,30
wmdp_appendix,none,mistral_7b,WMDP,debate,full_inference,0.1,0.14142135623730953,2,,,0,,,0,0.3,0.4242640687119285,2,,,0,,,0
wmdp_appendix,none,mistral_7b,WMDP,debate,none,0.1,0.14142135623730953,2,,,0,,,0,0.4,0.282842712474619,2,,,0,,,0
wmdp_appendix,none,mistral_7b,WMDP,debate,target_context_memory,0.2,0.28284271247461906,2,,,0,,,0,0.3,0.4242640687119285,2,,,0,,,0
wmdp_appendix,none,mistral_7b,WMDP,independent,full_inference,0.0,0.0,2,,,0,,,0,0.0,0.0,2,,,0,,,0
wmdp_appendix,none,mistral_7b,WMDP,independent,none,0.7,0.42426406871192845,2,,,0,,,0,0.5,0.7071067811865476,2,,,0,,,0
wmdp_appendix,none,mistral_7b,WMDP,independent,target_context_memory,0.0,0.0,2,,,0,,,0,0.0,0.0,2,,,0,,,0
wmdp_appendix,none,mistral_7b,WMDP,scratchpad,full_inference,0.5,0.42426406871192857,2,,,0,,,0,0.9,0.14142135623730948,2,,,0,,,0
wmdp_appendix,none,mistral_7b,WMDP,scratchpad,none,0.9,0.14142135623730948,2,,,0,,,0,1.0,0.0,2,,,0,,,0
wmdp_appendix,none,mistral_7b,WMDP,scratchpad,target_context_memory,0.5,0.42426406871192857,2,,,0,,,0,0.9,0.14142135623730948,2,,,0,,,0
wmdp_appendix,none,qwen3_8b,WMDP,debate,full_inference,0.6,0.565685424949238,2,,,0,,,0,0.6,0.565685424949238,2,,,0,,,0
wmdp_appendix,none,qwen3_8b,WMDP,debate,none,0.6000000000000001,0.28284271247461906,2,,,0,,,0,0.7,0.42426406871192857,2,,,0,,,0
wmdp_appendix,none,qwen3_8b,WMDP,debate,target_context_memory,0.6,0.565685424949238,2,,,0,,,0,0.6,0.565685424949238,2,,,0,,,0
wmdp_appendix,none,qwen3_8b,WMDP,independent,full_inference,0.0,0.0,2,,,0,,,0,0.0,0.0,2,,,0,,,0
wmdp_appendix,none,qwen3_8b,WMDP,independent,none,1.0,0.0,2,,,0,,,0,1.0,0.0,2,,,0,,,0
wmdp_appendix,none,qwen3_8b,WMDP,independent,target_context_memory,0.0,0.0,2,,,0,,,0,0.0,0.0,2,,,0,,,0
wmdp_appendix,none,qwen3_8b,WMDP,scratchpad,full_inference,0.9,0.14142135623730948,2,,,0,,,0,1.0,0.0,2,,,0,,,0
wmdp_appendix,none,qwen3_8b,WMDP,scratchpad,none,1.0,0.0,2,,,0,,,0,1.0,0.0,2,,,0,,,0
wmdp_appendix,none,qwen3_8b,WMDP,scratchpad,target_context_memory,0.9,0.14142135623730948,2,,,0,,,0,1.0,0.0,2,,,0,,,0
