model_id,benchmark,intervention,metric,n,mean,std,sem,median,q25,q75,min,max,ci95_low,ci95_high
mistral_7b,MUSE-Books,communication,chain_length,50,4.0,0.0,0.0,4.0,4.0,4.0,4.0,4.0,4.0,4.0
mistral_7b,MUSE-Books,communication,target_agent_position,50,2.0,0.0,0.0,2.0,2.0,2.0,2.0,2.0,2.0,2.0
mistral_7b,MUSE-Books,communication,peer_evidence,50,1.0,0.0,0.0,1.0,1.0,1.0,1.0,1.0,1.0,1.0
mistral_7b,MUSE-Books,communication,target_exact,50,0.0,0.0,0.0,0.0,0.0,0.0,0.0,0.0,0.0,0.0
mistral_7b,MUSE-Books,communication,target_token_f1,50,0.25927272727272727,0.09688465879885381,0.013701559845922888,0.2857142857142857,0.1999999999999999,0.2857142857142857,0.0,0.3636363636363636,0.2324176699747184,0.2861277845707361
mistral_7b,MUSE-Books,communication,target_semantic,50,0.4691908490657806,0.16915686120921264,0.02392239272905318,0.48147425055503845,0.4082483053207397,0.5547001957893372,0.0,0.6396021246910095,0.42230295931683637,0.5160787388147249
mistral_7b,MUSE-Books,communication,target_positive,50,0.0,0.0,0.0,0.0,0.0,0.0,0.0,0.0,0.0,0.0
mistral_7b,MUSE-Books,communication,system_exact,50,0.0,0.0,0.0,0.0,0.0,0.0,0.0,0.0,0.0,0.0
mistral_7b,MUSE-Books,communication,system_token_f1,50,0.2625454545454545,0.0976027134141633,0.013803108103472414,0.2857142857142857,0.1999999999999999,0.3441558441558441,0.0,0.3636363636363636,0.23549136266264858,0.28959954642826047
mistral_7b,MUSE-Books,communication,system_semantic,50,0.4708888876438141,0.1704539035625589,0.024105822217760642,0.48147425055503845,0.4082483053207397,0.6183766424655914,0.0,0.6396021246910095,0.42364147609700326,0.518136299190625
mistral_7b,MUSE-Books,communication,system_positive,50,0.0,0.0,0.0,0.0,0.0,0.0,0.0,0.0,0.0,0.0
mistral_7b,MUSE-Books,full_inference,chain_length,50,4.0,0.0,0.0,4.0,4.0,4.0,4.0,4.0,4.0,4.0
mistral_7b,MUSE-Books,full_inference,target_agent_position,50,2.0,0.0,0.0,2.0,2.0,2.0,2.0,2.0,2.0,2.0
mistral_7b,MUSE-Books,full_inference,peer_evidence,50,1.0,0.0,0.0,1.0,1.0,1.0,1.0,1.0,1.0,1.0
mistral_7b,MUSE-Books,full_inference,target_exact,50,0.0,0.0,0.0,0.0,0.0,0.0,0.0,0.0,0.0,0.0
mistral_7b,MUSE-Books,full_inference,target_token_f1,50,0.11555709484677446,0.10976548981393755,0.01552318443753963,0.077037037037037,0.022759828107591876,0.2597402597402597,0.0,0.2857142857142857,0.08513165334919678,0.14598253634435213
mistral_7b,MUSE-Books,full_inference,target_semantic,50,0.31341023832559584,0.18259224620301479,0.025822443096447076,0.4082483053207397,0.25215453281998634,0.4472135901451111,0.0,0.4529108107089996,0.2627982498565596,0.3640222267946321
mistral_7b,MUSE-Books,full_inference,target_positive,50,0.0,0.0,0.0,0.0,0.0,0.0,0.0,0.0,0.0,0.0
mistral_7b,MUSE-Books,full_inference,system_exact,50,0.0,0.0,0.0,0.0,0.0,0.0,0.0,0.0,0.0,0.0
mistral_7b,MUSE-Books,full_inference,system_token_f1,50,0.20614940711462448,0.11891072763151125,0.016816516372813634,0.2428571428571428,0.10597826086956517,0.2857142857142857,0.0,0.3636363636363636,0.17318903502390975,0.2391097792053392
mistral_7b,MUSE-Books,full_inference,system_semantic,50,0.41858670055866243,0.20708361543045503,0.029286045748700383,0.4082483053207397,0.4082483053207397,0.5547001957893372,0.0,0.6666666865348816,0.3611860508912097,0.47598735022611516
mistral_7b,MUSE-Books,full_inference,system_positive,50,0.0,0.0,0.0,0.0,0.0,0.0,0.0,0.0,0.0,0.0
mistral_7b,MUSE-Books,global_context,chain_length,50,4.0,0.0,0.0,4.0,4.0,4.0,4.0,4.0,4.0,4.0
mistral_7b,MUSE-Books,global_context,target_agent_position,50,2.0,0.0,0.0,2.0,2.0,2.0,2.0,2.0,2.0,2.0
mistral_7b,MUSE-Books,global_context,peer_evidence,50,1.0,0.0,0.0,1.0,1.0,1.0,1.0,1.0,1.0,1.0
mistral_7b,MUSE-Books,global_context,target_exact,50,0.0,0.0,0.0,0.0,0.0,0.0,0.0,0.0,0.0,0.0
mistral_7b,MUSE-Books,global_context,target_token_f1,50,0.13529977429977424,0.11079957909595414,0.01566942674627288,0.0999999999999999,0.074074074074074,0.2857142857142857,0.0,0.2857142857142857,0.1045876978770794,0.1660118507224691
mistral_7b,MUSE-Books,global_context,target_semantic,50,0.30789409548044205,0.15435150473587508,0.021828599137016954,0.3872983455657959,0.3015113472938537,0.4082483053207397,0.0,0.4529108107089996,0.26511004117188885,0.35067814978899525
mistral_7b,MUSE-Books,global_context,target_positive,50,0.0,0.0,0.0,0.0,0.0,0.0,0.0,0.0,0.0,0.0
mistral_7b,MUSE-Books,global_context,system_exact,50,0.0,0.0,0.0,0.0,0.0,0.0,0.0,0.0,0.0,0.0
mistral_7b,MUSE-Books,global_context,system_token_f1,50,0.13366341066341061,0.11070267378684139,0.01565572226603156,0.0999999999999999,0.074074074074074,0.2857142857142857,0.0,0.2857142857142857,0.10297819502198877,0.16434862630483246
mistral_7b,MUSE-Books,global_context,system_semantic,50,0.3092102771997452,0.1540035399498736,0.0217793894850578,0.3872983455657959,0.3015113472938537,0.4082483053207397,0.0,0.4529108107089996,0.26652267380903194,0.35189788059045846
mistral_7b,MUSE-Books,global_context,system_positive,50,0.0,0.0,0.0,0.0,0.0,0.0,0.0,0.0,0.0,0.0
mistral_7b,MUSE-Books,none,chain_length,50,4.0,0.0,0.0,4.0,4.0,4.0,4.0,4.0,4.0,4.0
mistral_7b,MUSE-Books,none,target_agent_position,50,2.0,0.0,0.0,2.0,2.0,2.0,2.0,2.0,2.0,2.0
mistral_7b,MUSE-Books,none,peer_evidence,50,1.0,0.0,0.0,1.0,1.0,1.0,1.0,1.0,1.0,1.0
mistral_7b,MUSE-Books,none,target_exact,50,0.0,0.0,0.0,0.0,0.0,0.0,0.0,0.0,0.0,0.0
mistral_7b,MUSE-Books,none,target_token_f1,50,0.2789090909090909,0.09948202113797572,0.014068882350561219,0.2857142857142857,0.2857142857142857,0.3636363636363636,0.0,0.3636363636363636,0.2513340815019909,0.3064841003161909
mistral_7b,MUSE-Books,none,target_semantic,50,0.4793790805339813,0.1765466386255922,0.02496746507356942,0.48147425055503845,0.4082483053207397,0.6396021246910095,0.0,0.6396021246910095,0.43044284898978524,0.5283153120781774
mistral_7b,MUSE-Books,none,target_positive,50,0.0,0.0,0.0,0.0,0.0,0.0,0.0,0.0,0.0,0.0
mistral_7b,MUSE-Books,none,system_exact,50,0.0,0.0,0.0,0.0,0.0,0.0,0.0,0.0,0.0,0.0
mistral_7b,MUSE-Books,none,system_token_f1,50,0.2789090909090909,0.09948202113797572,0.014068882350561219,0.2857142857142857,0.2857142857142857,0.3636363636363636,0.0,0.3636363636363636,0.2513340815019909,0.3064841003161909
mistral_7b,MUSE-Books,none,system_semantic,50,0.4793790805339813,0.1765466386255922,0.02496746507356942,0.48147425055503845,0.4082483053207397,0.6396021246910095,0.0,0.6396021246910095,0.43044284898978524,0.5283153120781774
mistral_7b,MUSE-Books,none,system_positive,50,0.0,0.0,0.0,0.0,0.0,0.0,0.0,0.0,0.0,0.0
mistral_7b,MUSE-Books,target_context,chain_length,50,4.0,0.0,0.0,4.0,4.0,4.0,4.0,4.0,4.0,4.0
mistral_7b,MUSE-Books,target_context,target_agent_position,50,2.0,0.0,0.0,2.0,2.0,2.0,2.0,2.0,2.0,2.0
mistral_7b,MUSE-Books,target_context,peer_evidence,50,1.0,0.0,0.0,1.0,1.0,1.0,1.0,1.0,1.0,1.0
mistral_7b,MUSE-Books,target_context,target_exact,50,0.0,0.0,0.0,0.0,0.0,0.0,0.0,0.0,0.0,0.0
mistral_7b,MUSE-Books,target_context,target_token_f1,50,0.2087884463001259,0.12016718950413938,0.016994206914901173,0.2857142857142857,0.0999999999999999,0.2857142857142857,0.0,0.3636363636363636,0.1754798007469196,0.24209709185333222
mistral_7b,MUSE-Books,target_context,target_semantic,50,0.4039273536205292,0.17969173527858714,0.025412248907733387,0.4082483053207397,0.3872983455657959,0.5477867126464844,0.0,0.6396021246910095,0.3541193457613717,0.4537353614796866
mistral_7b,MUSE-Books,target_context,target_positive,50,0.0,0.0,0.0,0.0,0.0,0.0,0.0,0.0,0.0,0.0
mistral_7b,MUSE-Books,target_context,system_exact,50,0.0,0.0,0.0,0.0,0.0,0.0,0.0,0.0,0.0,0.0
mistral_7b,MUSE-Books,target_context,system_token_f1,50,0.2278244348244348,0.10851187831393994,0.01534589699901528,0.2857142857142857,0.1999999999999999,0.2857142857142857,0.0,0.3636363636363636,0.19774647670636483,0.2579023929425047
mistral_7b,MUSE-Books,target_context,system_semantic,50,0.43374623656272887,0.17508751512700962,0.024761113849482146,0.4082483053207397,0.4082483053207397,0.5547001957893372,0.0,0.6396021246910095,0.38521445341774385,0.4822780197077139
mistral_7b,MUSE-Books,target_context,system_positive,50,0.0,0.0,0.0,0.0,0.0,0.0,0.0,0.0,0.0,0.0
mistral_7b,MUSE-Books,target_context_comm,chain_length,50,4.0,0.0,0.0,4.0,4.0,4.0,4.0,4.0,4.0,4.0
mistral_7b,MUSE-Books,target_context_comm,target_agent_position,50,2.0,0.0,0.0,2.0,2.0,2.0,2.0,2.0,2.0,2.0
mistral_7b,MUSE-Books,target_context_comm,peer_evidence,50,1.0,0.0,0.0,1.0,1.0,1.0,1.0,1.0,1.0,1.0
mistral_7b,MUSE-Books,target_context_comm,target_exact,50,0.0,0.0,0.0,0.0,0.0,0.0,0.0,0.0,0.0,0.0
mistral_7b,MUSE-Books,target_context_comm,target_token_f1,50,0.15093592721641497,0.11043386337732213,0.015617706733346639,0.0999999999999999,0.074074074074074,0.2857142857142857,0.0,0.2857142857142857,0.12032522201905556,0.1815466324137744
mistral_7b,MUSE-Books,target_context_comm,target_semantic,50,0.339425835609436,0.13519296170508213,0.019119171998071362,0.4082483053207397,0.3015113472938537,0.4082483053207397,0.0,0.4529108107089996,0.30195225849321616,0.37689941272565586
mistral_7b,MUSE-Books,target_context_comm,target_positive,50,0.0,0.0,0.0,0.0,0.0,0.0,0.0,0.0,0.0,0.0
mistral_7b,MUSE-Books,target_context_comm,system_exact,50,0.0,0.0,0.0,0.0,0.0,0.0,0.0,0.0,0.0,0.0
mistral_7b,MUSE-Books,target_context_comm,system_token_f1,50,0.2016344753890336,0.09248949042284914,0.013079989173296972,0.1999999999999999,0.1739130434782608,0.2857142857142857,0.0,0.2857142857142857,0.17599769660937153,0.22727125416869565
mistral_7b,MUSE-Books,target_context_comm,system_semantic,50,0.42438323140144346,0.16572284002223875,0.02343674879544368,0.4082483053207397,0.4082483053207397,0.5547001957893372,0.0,0.6488856673240662,0.37844720376237384,0.4703192590405131
mistral_7b,MUSE-Books,target_context_comm,system_positive,50,0.0,0.0,0.0,0.0,0.0,0.0,0.0,0.0,0.0,0.0
mistral_7b,MUSE-Books,target_context_memory,chain_length,50,4.0,0.0,0.0,4.0,4.0,4.0,4.0,4.0,4.0,4.0
mistral_7b,MUSE-Books,target_context_memory,target_agent_position,50,2.0,0.0,0.0,2.0,2.0,2.0,2.0,2.0,2.0,2.0
mistral_7b,MUSE-Books,target_context_memory,peer_evidence,50,1.0,0.0,0.0,1.0,1.0,1.0,1.0,1.0,1.0,1.0
mistral_7b,MUSE-Books,target_context_memory,target_exact,50,0.0,0.0,0.0,0.0,0.0,0.0,0.0,0.0,0.0,0.0
mistral_7b,MUSE-Books,target_context_memory,target_token_f1,50,0.1751293156349057,0.1383372273730298,0.019563838313202932,0.1999999999999999,0.035204081632653025,0.2857142857142857,0.0,0.3636363636363636,0.13678419254102794,0.21347443872878344
mistral_7b,MUSE-Books,target_context_memory,target_semantic,50,0.36648379504680634,0.22576658130897073,0.03192821612177545,0.4082483053207397,0.3369969874620437,0.5529557913541794,0.0,0.6396021246910095,0.3039044914481265,0.4290630986454862
mistral_7b,MUSE-Books,target_context_memory,target_positive,50,0.0,0.0,0.0,0.0,0.0,0.0,0.0,0.0,0.0,0.0
mistral_7b,MUSE-Books,target_context_memory,system_exact,50,0.0,0.0,0.0,0.0,0.0,0.0,0.0,0.0,0.0,0.0
mistral_7b,MUSE-Books,target_context_memory,system_token_f1,50,0.21543756822887258,0.12378904771730072,0.017506415015505688,0.2857142857142857,0.10597826086956517,0.2857142857142857,0.0,0.3636363636363636,0.18112499479848143,0.24975014165926374
mistral_7b,MUSE-Books,target_context_memory,system_semantic,50,0.4150399881601334,0.20416560102189352,0.028873376193521604,0.4082483053207397,0.4082483053207397,0.5547001957893372,0.0,0.6396021246910095,0.358448170820831,0.47163180549943573
mistral_7b,MUSE-Books,target_context_memory,system_positive,50,0.0,0.0,0.0,0.0,0.0,0.0,0.0,0.0,0.0,0.0
mistral_7b,MUSE-Books,target_memory,chain_length,50,4.0,0.0,0.0,4.0,4.0,4.0,4.0,4.0,4.0,4.0
mistral_7b,MUSE-Books,target_memory,target_agent_position,50,2.0,0.0,0.0,2.0,2.0,2.0,2.0,2.0,2.0,2.0
mistral_7b,MUSE-Books,target_memory,peer_evidence,50,1.0,0.0,0.0,1.0,1.0,1.0,1.0,1.0,1.0,1.0
mistral_7b,MUSE-Books,target_memory,target_exact,50,0.0,0.0,0.0,0.0,0.0,0.0,0.0,0.0,0.0,0.0
mistral_7b,MUSE-Books,target_memory,target_token_f1,50,0.22943173899271457,0.14408962113990054,0.020377349641324836,0.2857142857142857,0.12317073170731697,0.3636363636363636,0.0,0.3636363636363636,0.18949213369571788,0.26937134428971127
mistral_7b,MUSE-Books,target_memory,target_semantic,50,0.40970823585987093,0.2539807082015339,0.03591829621197328,0.48147425055503845,0.24508146196603767,0.6396021246910095,0.0,0.6396021246910095,0.3393083752844033,0.4801080964353386
mistral_7b,MUSE-Books,target_memory,target_positive,50,0.0,0.0,0.0,0.0,0.0,0.0,0.0,0.0,0.0,0.0
mistral_7b,MUSE-Books,target_memory,system_exact,50,0.0,0.0,0.0,0.0,0.0,0.0,0.0,0.0,0.0,0.0
mistral_7b,MUSE-Books,target_memory,system_token_f1,50,0.24119480519480518,0.13607748047697663,0.01924426184241004,0.2857142857142857,0.1999999999999999,0.3636363636363636,0.0,0.3636363636363636,0.20347605198368152,0.27891355840592885
mistral_7b,MUSE-Books,target_memory,system_semantic,50,0.4264406880736351,0.23915996182619864,0.03382232615912418,0.48147425055503845,0.4082483053207397,0.6396021246910095,0.0,0.6396021246910095,0.36014892880175176,0.49273244734551847
mistral_7b,MUSE-Books,target_memory,system_positive,50,0.0,0.0,0.0,0.0,0.0,0.0,0.0,0.0,0.0,0.0
mistral_7b,MUSE-Books,target_memory_comm,chain_length,50,4.0,0.0,0.0,4.0,4.0,4.0,4.0,4.0,4.0,4.0
mistral_7b,MUSE-Books,target_memory_comm,target_agent_position,50,2.0,0.0,0.0,2.0,2.0,2.0,2.0,2.0,2.0,2.0
mistral_7b,MUSE-Books,target_memory_comm,peer_evidence,50,1.0,0.0,0.0,1.0,1.0,1.0,1.0,1.0,1.0,1.0
mistral_7b,MUSE-Books,target_memory_comm,target_exact,50,0.0,0.0,0.0,0.0,0.0,0.0,0.0,0.0,0.0,0.0
mistral_7b,MUSE-Books,target_memory_comm,target_token_f1,50,0.21150966107063662,0.13557907978945372,0.019173777341230942,0.2428571428571428,0.12317073170731697,0.2857142857142857,0.0,0.3636363636363636,0.17392905748182397,0.24909026465944928
mistral_7b,MUSE-Books,target_memory_comm,target_semantic,50,0.4017593342065811,0.2479169685632185,0.03506075392845278,0.48147425055503845,0.24508146196603767,0.6183766424655914,0.0,0.6666666865348816,0.3330402565068137,0.47047841190634854
mistral_7b,MUSE-Books,target_memory_comm,target_positive,50,0.0,0.0,0.0,0.0,0.0,0.0,0.0,0.0,0.0,0.0
mistral_7b,MUSE-Books,target_memory_comm,system_exact,50,0.0,0.0,0.0,0.0,0.0,0.0,0.0,0.0,0.0,0.0
mistral_7b,MUSE-Books,target_memory_comm,system_token_f1,50,0.22810389610389606,0.1313655645462796,0.018577896301014682,0.2857142857142857,0.1999999999999999,0.3636363636363636,0.0,0.3636363636363636,0.1916912193539073,0.26451657285388486
mistral_7b,MUSE-Books,target_memory_comm,system_semantic,50,0.4196485337615013,0.23406004047102102,0.033101088364371346,0.48147425055503845,0.4082483053207397,0.6396021246910095,0.0,0.6396021246910095,0.35477040056733344,0.48452666695566915
mistral_7b,MUSE-Books,target_memory_comm,system_positive,50,0.0,0.0,0.0,0.0,0.0,0.0,0.0,0.0,0.0,0.0
mistral_7b,MUSE-News,communication,chain_length,50,4.0,0.0,0.0,4.0,4.0,4.0,4.0,4.0,4.0,4.0
mistral_7b,MUSE-News,communication,target_agent_position,50,2.0,0.0,0.0,2.0,2.0,2.0,2.0,2.0,2.0,2.0
mistral_7b,MUSE-News,communication,peer_evidence,50,1.0,0.0,0.0,1.0,1.0,1.0,1.0,1.0,1.0,1.0
mistral_7b,MUSE-News,communication,target_exact,50,0.0,0.0,0.0,0.0,0.0,0.0,0.0,0.0,0.0,0.0
mistral_7b,MUSE-News,communication,target_token_f1,50,0.22095441813088873,0.13349123588864,0.018878511625166072,0.22408963585434172,0.0909090909090909,0.3529411764705882,0.0571428571428571,0.3529411764705882,0.18395253534556322,0.25795630091621424
mistral_7b,MUSE-News,communication,target_semantic,50,0.3115362149477005,0.12293260217949659,0.017385295326006037,0.31456441432237625,0.1924500912427902,0.4330126941204071,0.1543033570051193,0.4330126941204071,0.2774610361087287,0.3456113937866723
mistral_7b,MUSE-News,communication,target_positive,50,0.0,0.0,0.0,0.0,0.0,0.0,0.0,0.0,0.0,0.0
mistral_7b,MUSE-News,communication,system_exact,50,0.0,0.0,0.0,0.0,0.0,0.0,0.0,0.0,0.0,0.0
mistral_7b,MUSE-News,communication,system_token_f1,50,0.22095441813088873,0.13349123588864,0.018878511625166072,0.22408963585434172,0.0909090909090909,0.3529411764705882,0.0571428571428571,0.3529411764705882,0.18395253534556322,0.25795630091621424
mistral_7b,MUSE-News,communication,system_semantic,50,0.3115362149477005,0.12293260217949659,0.017385295326006037,0.31456441432237625,0.1924500912427902,0.4330126941204071,0.1543033570051193,0.4330126941204071,0.2774610361087287,0.3456113937866723
mistral_7b,MUSE-News,communication,system_positive,50,0.0,0.0,0.0,0.0,0.0,0.0,0.0,0.0,0.0,0.0
mistral_7b,MUSE-News,full_inference,chain_length,50,4.0,0.0,0.0,4.0,4.0,4.0,4.0,4.0,4.0,4.0
mistral_7b,MUSE-News,full_inference,target_agent_position,50,2.0,0.0,0.0,2.0,2.0,2.0,2.0,2.0,2.0,2.0
mistral_7b,MUSE-News,full_inference,peer_evidence,50,1.0,0.0,0.0,1.0,1.0,1.0,1.0,1.0,1.0,1.0
mistral_7b,MUSE-News,full_inference,target_exact,50,0.0,0.0,0.0,0.0,0.0,0.0,0.0,0.0,0.0,0.0
mistral_7b,MUSE-News,full_inference,target_token_f1,50,0.12910757862673095,0.11745707066351273,0.01661093823289547,0.0909090909090909,0.0833333333333333,0.19571295433364397,0.0,0.3529411764705882,0.09655013969025583,0.16166501756320606
mistral_7b,MUSE-News,full_inference,target_semantic,50,0.21060888230800628,0.13729611471019781,0.019416602748429393,0.1924500912427902,0.1856953352689743,0.28565266728401184,0.0,0.4330126941204071,0.17255234092108468,0.2486654236949279
mistral_7b,MUSE-News,full_inference,target_positive,50,0.0,0.0,0.0,0.0,0.0,0.0,0.0,0.0,0.0,0.0
mistral_7b,MUSE-News,full_inference,system_exact,50,0.0,0.0,0.0,0.0,0.0,0.0,0.0,0.0,0.0,0.0
mistral_7b,MUSE-News,full_inference,system_token_f1,50,0.17837146942591586,0.1352524222921713,0.019127580994940177,0.0952380952380952,0.0909090909090909,0.3529411764705882,0.0,0.3529411764705882,0.14088141067583312,0.2158615281759986
mistral_7b,MUSE-News,full_inference,system_semantic,50,0.2631134730577469,0.14109076999132786,0.019953248044739875,0.1961161345243454,0.1924500912427902,0.4330126941204071,0.0,0.4330126941204071,0.22400510689005676,0.30222183922543705
mistral_7b,MUSE-News,full_inference,system_positive,50,0.0,0.0,0.0,0.0,0.0,0.0,0.0,0.0,0.0,0.0
mistral_7b,MUSE-News,global_context,chain_length,50,4.0,0.0,0.0,4.0,4.0,4.0,4.0,4.0,4.0,4.0
mistral_7b,MUSE-News,global_context,target_agent_position,50,2.0,0.0,0.0,2.0,2.0,2.0,2.0,2.0,2.0,2.0
mistral_7b,MUSE-News,global_context,peer_evidence,50,1.0,0.0,0.0,1.0,1.0,1.0,1.0,1.0,1.0,1.0
mistral_7b,MUSE-News,global_context,target_exact,50,0.0,0.0,0.0,0.0,0.0,0.0,0.0,0.0,0.0,0.0
mistral_7b,MUSE-News,global_context,target_token_f1,50,0.04092958111343114,0.04391209218140655,0.006210107631512269,0.0136986301369863,0.0,0.0909090909090909,0.0,0.0952380952380952,0.028757770155667092,0.053101392071195186
mistral_7b,MUSE-News,global_context,target_semantic,50,0.09287201628088951,0.09529923051506392,0.01347734642781233,0.0601929277181625,0.0,0.1924500912427902,0.0,0.2223747968673706,0.06645641728237733,0.11928761527940168
mistral_7b,MUSE-News,global_context,target_positive,50,0.0,0.0,0.0,0.0,0.0,0.0,0.0,0.0,0.0,0.0
mistral_7b,MUSE-News,global_context,system_exact,50,0.0,0.0,0.0,0.0,0.0,0.0,0.0,0.0,0.0,0.0
mistral_7b,MUSE-News,global_context,system_token_f1,50,0.04092958111343114,0.04391209218140655,0.006210107631512269,0.0136986301369863,0.0,0.0909090909090909,0.0,0.0952380952380952,0.028757770155667092,0.053101392071195186
mistral_7b,MUSE-News,global_context,system_semantic,50,0.09287201628088951,0.09529923051506392,0.01347734642781233,0.0601929277181625,0.0,0.1924500912427902,0.0,0.2223747968673706,0.06645641728237733,0.11928761527940168
mistral_7b,MUSE-News,global_context,system_positive,50,0.0,0.0,0.0,0.0,0.0,0.0,0.0,0.0,0.0,0.0
mistral_7b,MUSE-News,none,chain_length,50,4.0,0.0,0.0,4.0,4.0,4.0,4.0,4.0,4.0,4.0
mistral_7b,MUSE-News,none,target_agent_position,50,2.0,0.0,0.0,2.0,2.0,2.0,2.0,2.0,2.0,2.0
mistral_7b,MUSE-News,none,peer_evidence,50,1.0,0.0,0.0,1.0,1.0,1.0,1.0,1.0,1.0,1.0
mistral_7b,MUSE-News,none,target_exact,50,0.0,0.0,0.0,0.0,0.0,0.0,0.0,0.0,0.0,0.0
mistral_7b,MUSE-News,none,target_token_f1,50,0.22095441813088873,0.13349123588864,0.018878511625166072,0.22408963585434172,0.0909090909090909,0.3529411764705882,0.0571428571428571,0.3529411764705882,0.18395253534556322,0.25795630091621424
mistral_7b,MUSE-News,none,target_semantic,50,0.3115362149477005,0.12293260217949659,0.017385295326006037,0.31456441432237625,0.1924500912427902,0.4330126941204071,0.1543033570051193,0.4330126941204071,0.2774610361087287,0.3456113937866723
mistral_7b,MUSE-News,none,target_positive,50,0.0,0.0,0.0,0.0,0.0,0.0,0.0,0.0,0.0,0.0
mistral_7b,MUSE-News,none,system_exact,50,0.0,0.0,0.0,0.0,0.0,0.0,0.0,0.0,0.0,0.0
mistral_7b,MUSE-News,none,system_token_f1,50,0.22095441813088873,0.13349123588864,0.018878511625166072,0.22408963585434172,0.0909090909090909,0.3529411764705882,0.0571428571428571,0.3529411764705882,0.18395253534556322,0.25795630091621424
mistral_7b,MUSE-News,none,system_semantic,50,0.3115362149477005,0.12293260217949659,0.017385295326006037,0.31456441432237625,0.1924500912427902,0.4330126941204071,0.1543033570051193,0.4330126941204071,0.2774610361087287,0.3456113937866723
mistral_7b,MUSE-News,none,system_positive,50,0.0,0.0,0.0,0.0,0.0,0.0,0.0,0.0,0.0,0.0
mistral_7b,MUSE-News,target_context,chain_length,50,4.0,0.0,0.0,4.0,4.0,4.0,4.0,4.0,4.0,4.0
mistral_7b,MUSE-News,target_context,target_agent_position,50,2.0,0.0,0.0,2.0,2.0,2.0,2.0,2.0,2.0,2.0
mistral_7b,MUSE-News,target_context,peer_evidence,50,1.0,0.0,0.0,1.0,1.0,1.0,1.0,1.0,1.0,1.0
mistral_7b,MUSE-News,target_context,target_exact,50,0.0,0.0,0.0,0.0,0.0,0.0,0.0,0.0,0.0,0.0
mistral_7b,MUSE-News,target_context,target_token_f1,50,0.1496442577030812,0.1387641705804106,0.01962421720062703,0.0909090909090909,0.0833333333333333,0.3529411764705882,0.0,0.3529411764705882,0.11118079198985223,0.18810772341631019
mistral_7b,MUSE-News,target_context,target_semantic,50,0.22384830430150032,0.15621274466421242,0.022091818211965455,0.1924500912427902,0.1856953352689743,0.4330126941204071,0.0,0.4330126941204071,0.18054834060604802,0.2671482679969526
mistral_7b,MUSE-News,target_context,target_positive,50,0.0,0.0,0.0,0.0,0.0,0.0,0.0,0.0,0.0,0.0
mistral_7b,MUSE-News,target_context,system_exact,50,0.0,0.0,0.0,0.0,0.0,0.0,0.0,0.0,0.0,0.0
mistral_7b,MUSE-News,target_context,system_token_f1,50,0.18455560023052286,0.14153781830200193,0.020016470223139,0.0909090909090909,0.0909090909090909,0.3529411764705882,0.0,0.3529411764705882,0.14532331859317044,0.2237878818678753
mistral_7b,MUSE-News,target_context,system_semantic,50,0.26800532937049865,0.14705021191740966,0.02079604040434385,0.1924500912427902,0.1924500912427902,0.4330126941204071,0.0,0.4330126941204071,0.22724509017798472,0.30876556856301257
mistral_7b,MUSE-News,target_context,system_positive,50,0.0,0.0,0.0,0.0,0.0,0.0,0.0,0.0,0.0,0.0
mistral_7b,MUSE-News,target_context_comm,chain_length,50,4.0,0.0,0.0,4.0,4.0,4.0,4.0,4.0,4.0,4.0
mistral_7b,MUSE-News,target_context_comm,target_agent_position,50,2.0,0.0,0.0,2.0,2.0,2.0,2.0,2.0,2.0,2.0
mistral_7b,MUSE-News,target_context_comm,peer_evidence,50,1.0,0.0,0.0,1.0,1.0,1.0,1.0,1.0,1.0,1.0
mistral_7b,MUSE-News,target_context_comm,target_exact,50,0.0,0.0,0.0,0.0,0.0,0.0,0.0,0.0,0.0,0.0
mistral_7b,MUSE-News,target_context_comm,target_token_f1,50,0.1496442577030812,0.1387641705804106,0.01962421720062703,0.0909090909090909,0.0833333333333333,0.3529411764705882,0.0,0.3529411764705882,0.11118079198985223,0.18810772341631019
mistral_7b,MUSE-News,target_context_comm,target_semantic,50,0.22384830430150032,0.15621274466421242,0.022091818211965455,0.1924500912427902,0.1856953352689743,0.4330126941204071,0.0,0.4330126941204071,0.18054834060604802,0.2671482679969526
mistral_7b,MUSE-News,target_context_comm,target_positive,50,0.0,0.0,0.0,0.0,0.0,0.0,0.0,0.0,0.0,0.0
mistral_7b,MUSE-News,target_context_comm,system_exact,50,0.0,0.0,0.0,0.0,0.0,0.0,0.0,0.0,0.0,0.0
mistral_7b,MUSE-News,target_context_comm,system_token_f1,50,0.18455560023052286,0.14153781830200193,0.020016470223139,0.0909090909090909,0.0909090909090909,0.3529411764705882,0.0,0.3529411764705882,0.14532331859317044,0.2237878818678753
mistral_7b,MUSE-News,target_context_comm,system_semantic,50,0.26800532937049865,0.14705021191740966,0.02079604040434385,0.1924500912427902,0.1924500912427902,0.4330126941204071,0.0,0.4330126941204071,0.22724509017798472,0.30876556856301257
mistral_7b,MUSE-News,target_context_comm,system_positive,50,0.0,0.0,0.0,0.0,0.0,0.0,0.0,0.0,0.0,0.0
mistral_7b,MUSE-News,target_context_memory,chain_length,50,4.0,0.0,0.0,4.0,4.0,4.0,4.0,4.0,4.0,4.0
mistral_7b,MUSE-News,target_context_memory,target_agent_position,50,2.0,0.0,0.0,2.0,2.0,2.0,2.0,2.0,2.0,2.0
mistral_7b,MUSE-News,target_context_memory,peer_evidence,50,1.0,0.0,0.0,1.0,1.0,1.0,1.0,1.0,1.0,1.0
mistral_7b,MUSE-News,target_context_memory,target_exact,50,0.0,0.0,0.0,0.0,0.0,0.0,0.0,0.0,0.0,0.0
mistral_7b,MUSE-News,target_context_memory,target_token_f1,50,0.12827424529339762,0.1182353361099013,0.016721001587836376,0.0909090909090909,0.0833333333333333,0.19571295433364397,0.0,0.3529411764705882,0.09550108218123832,0.16104740840555692
mistral_7b,MUSE-News,target_context_memory,target_semantic,50,0.20557932555675507,0.14034083441124648,0.019847191137914152,0.1924500912427902,0.1856953352689743,0.2852832078933716,0.0,0.4330126941204071,0.1666788309264433,0.24447982018706682
mistral_7b,MUSE-News,target_context_memory,target_positive,50,0.0,0.0,0.0,0.0,0.0,0.0,0.0,0.0,0.0,0.0
mistral_7b,MUSE-News,target_context_memory,system_exact,50,0.0,0.0,0.0,0.0,0.0,0.0,0.0,0.0,0.0,0.0
mistral_7b,MUSE-News,target_context_memory,system_token_f1,50,0.17837146942591586,0.1352524222921713,0.019127580994940177,0.0952380952380952,0.0909090909090909,0.3529411764705882,0.0,0.3529411764705882,0.14088141067583312,0.2158615281759986
mistral_7b,MUSE-News,target_context_memory,system_semantic,50,0.2631134730577469,0.14109076999132786,0.019953248044739875,0.1961161345243454,0.1924500912427902,0.4330126941204071,0.0,0.4330126941204071,0.22400510689005676,0.30222183922543705
mistral_7b,MUSE-News,target_context_memory,system_positive,50,0.0,0.0,0.0,0.0,0.0,0.0,0.0,0.0,0.0,0.0
mistral_7b,MUSE-News,target_memory,chain_length,50,4.0,0.0,0.0,4.0,4.0,4.0,4.0,4.0,4.0,4.0
mistral_7b,MUSE-News,target_memory,target_agent_position,50,2.0,0.0,0.0,2.0,2.0,2.0,2.0,2.0,2.0,2.0
mistral_7b,MUSE-News,target_memory,peer_evidence,50,1.0,0.0,0.0,1.0,1.0,1.0,1.0,1.0,1.0,1.0
mistral_7b,MUSE-News,target_memory,target_exact,50,0.0,0.0,0.0,0.0,0.0,0.0,0.0,0.0,0.0,0.0
mistral_7b,MUSE-News,target_memory,target_token_f1,50,0.21774552581374867,0.13052650730235615,0.01845923568761829,0.18306636155606404,0.0909090909090909,0.3529411764705882,0.0571428571428571,0.3529411764705882,0.18156542386601682,0.25392562776148053
mistral_7b,MUSE-News,target_memory,target_semantic,50,0.3089889678359032,0.11948140544818055,0.016897222403621553,0.28164495527744293,0.1924500912427902,0.4330126941204071,0.1543033570051193,0.4330126941204071,0.27587041192480494,0.34210752374700143
mistral_7b,MUSE-News,target_memory,target_positive,50,0.0,0.0,0.0,0.0,0.0,0.0,0.0,0.0,0.0,0.0
mistral_7b,MUSE-News,target_memory,system_exact,50,0.0,0.0,0.0,0.0,0.0,0.0,0.0,0.0,0.0,0.0
mistral_7b,MUSE-News,target_memory,system_token_f1,50,0.2209381941854452,0.1335800268867018,0.018891068568533637,0.2291021671826625,0.0909090909090909,0.3529411764705882,0.0571428571428571,0.3529411764705882,0.18391169979111927,0.2579646885797711
mistral_7b,MUSE-News,target_memory,system_semantic,50,0.3121317195892334,0.12256204891391126,0.017332891180628796,0.3283097445964813,0.1924500912427902,0.4330126941204071,0.1543033570051193,0.4330126941204071,0.278159252875201,0.34610418630326584
mistral_7b,MUSE-News,target_memory,system_positive,50,0.0,0.0,0.0,0.0,0.0,0.0,0.0,0.0,0.0,0.0
mistral_7b,MUSE-News,target_memory_comm,chain_length,50,4.0,0.0,0.0,4.0,4.0,4.0,4.0,4.0,4.0,4.0
mistral_7b,MUSE-News,target_memory_comm,target_agent_position,50,2.0,0.0,0.0,2.0,2.0,2.0,2.0,2.0,2.0,2.0
mistral_7b,MUSE-News,target_memory_comm,peer_evidence,50,1.0,0.0,0.0,1.0,1.0,1.0,1.0,1.0,1.0,1.0
mistral_7b,MUSE-News,target_memory_comm,target_exact,50,0.0,0.0,0.0,0.0,0.0,0.0,0.0,0.0,0.0,0.0
mistral_7b,MUSE-News,target_memory_comm,target_token_f1,50,0.21774552581374867,0.13052650730235615,0.01845923568761829,0.18306636155606404,0.0909090909090909,0.3529411764705882,0.0571428571428571,0.3529411764705882,0.18156542386601682,0.25392562776148053
mistral_7b,MUSE-News,target_memory_comm,target_semantic,50,0.3089889678359032,0.11948140544818055,0.016897222403621553,0.28164495527744293,0.1924500912427902,0.4330126941204071,0.1543033570051193,0.4330126941204071,0.27587041192480494,0.34210752374700143
mistral_7b,MUSE-News,target_memory_comm,target_positive,50,0.0,0.0,0.0,0.0,0.0,0.0,0.0,0.0,0.0,0.0
mistral_7b,MUSE-News,target_memory_comm,system_exact,50,0.0,0.0,0.0,0.0,0.0,0.0,0.0,0.0,0.0,0.0
mistral_7b,MUSE-News,target_memory_comm,system_token_f1,50,0.2209381941854452,0.1335800268867018,0.018891068568533637,0.2291021671826625,0.0909090909090909,0.3529411764705882,0.0571428571428571,0.3529411764705882,0.18391169979111927,0.2579646885797711
mistral_7b,MUSE-News,target_memory_comm,system_semantic,50,0.3121317195892334,0.12256204891391126,0.017332891180628796,0.3283097445964813,0.1924500912427902,0.4330126941204071,0.1543033570051193,0.4330126941204071,0.278159252875201,0.34610418630326584
mistral_7b,MUSE-News,target_memory_comm,system_positive,50,0.0,0.0,0.0,0.0,0.0,0.0,0.0,0.0,0.0,0.0
mistral_7b,RWKU,communication,chain_length,750,4.0,0.0,0.0,4.0,4.0,4.0,4.0,4.0,4.0,4.0
mistral_7b,RWKU,communication,target_agent_position,750,2.0,0.0,0.0,2.0,2.0,2.0,2.0,2.0,2.0,2.0
mistral_7b,RWKU,communication,peer_evidence,750,1.0,0.0,0.0,1.0,1.0,1.0,1.0,1.0,1.0,1.0
mistral_7b,RWKU,communication,target_exact,750,0.0,0.0,0.0,0.0,0.0,0.0,0.0,0.0,0.0,0.0
mistral_7b,RWKU,communication,target_token_f1,750,0.18265844095946546,0.1324782647315297,0.004837422264839993,0.1538461538461538,0.1052631578947368,0.2222222222222222,0.0,0.6666666666666666,0.17317709332037906,0.19213978859855185
mistral_7b,RWKU,communication,target_semantic,750,0.30593272276719413,0.1550367201871045,0.0056611405925395784,0.2886751294136047,0.2357022613286972,0.3535533845424652,0.0,0.794719398021698,0.2948368872058166,0.3170285583285717
mistral_7b,RWKU,communication,target_positive,750,0.02266666666666667,0.14893779073683183,0.005438439176769784,0.0,0.0,0.0,0.0,1.0,0.012007325880197891,0.033326007453135444
mistral_7b,RWKU,communication,system_exact,750,0.0,0.0,0.0,0.0,0.0,0.0,0.0,0.0,0.0,0.0
mistral_7b,RWKU,communication,system_token_f1,750,0.18215292760911064,0.11861937364407982,0.0043313671134664194,0.1538461538461538,0.1052631578947368,0.2352941176470588,0.0,0.6666666666666666,0.17366344806671646,0.19064240715150482
mistral_7b,RWKU,communication,system_semantic,750,0.3059280572036902,0.14399420172514063,0.005257924828987255,0.2886751294136047,0.2357022613286972,0.3535533845424652,0.0,0.794719398021698,0.29562252453887516,0.31623358986850525
mistral_7b,RWKU,communication,system_positive,750,0.005333333333333333,0.07288327323590095,0.0026613208544076995,0.0,0.0,0.0,0.0,1.0,0.00011714445869424189,0.010549522207972424
mistral_7b,RWKU,full_inference,chain_length,750,4.0,0.0,0.0,4.0,4.0,4.0,4.0,4.0,4.0,4.0
mistral_7b,RWKU,full_inference,target_agent_position,750,2.0,0.0,0.0,2.0,2.0,2.0,2.0,2.0,2.0,2.0
mistral_7b,RWKU,full_inference,peer_evidence,750,1.0,0.0,0.0,1.0,1.0,1.0,1.0,1.0,1.0,1.0
mistral_7b,RWKU,full_inference,target_exact,750,0.004,0.06316105676857245,0.0023063157032007656,0.0,0.0,0.0,0.0,1.0,-0.0005203787782735005,0.0085203787782735
mistral_7b,RWKU,full_inference,target_token_f1,750,0.1708615140010965,0.14539921793350555,0.005309228767052711,0.1428571428571428,0.0799999999999999,0.1999999999999999,0.0,1.0,0.16045542561767318,0.18126760238451983
mistral_7b,RWKU,full_inference,target_semantic,750,0.2921659029672543,0.1642539633747319,0.005997706726664535,0.2773500978946686,0.2132007181644439,0.3535533845424652,0.0,1.0,0.2804103977829918,0.3039214081515168
mistral_7b,RWKU,full_inference,target_positive,750,0.03333333333333333,0.1796252837036489,0.006558987985516907,0.0,0.0,0.0,0.0,1.0,0.020477716881720197,0.04618894978494647
mistral_7b,RWKU,full_inference,system_exact,750,0.0026666666666666666,0.0516052939536337,0.0018843589056726758,0.0,0.0,0.0,0.0,1.0,-0.001026676788451778,0.006360010121785111
mistral_7b,RWKU,full_inference,system_token_f1,750,0.17977240047093368,0.1245395931309621,0.004547542964022892,0.1578947368421052,0.1052631578947368,0.2352941176470588,0.0,1.0,0.17085921626144882,0.18868558468041854
mistral_7b,RWKU,full_inference,system_semantic,750,0.3039167696138223,0.14965538016109742,0.005464641837749611,0.2913857698440552,0.2357022613286972,0.3535533845424652,0.0,1.0,0.29320607161183304,0.31462746761581156
mistral_7b,RWKU,full_inference,system_positive,750,0.017333333333333333,0.13059720413748116,0.0047687356435470295,0.0,0.0,0.0,0.0,1.0,0.007986611471981155,0.026680055194685512
mistral_7b,RWKU,global_context,chain_length,750,4.0,0.0,0.0,4.0,4.0,4.0,4.0,4.0,4.0,4.0
mistral_7b,RWKU,global_context,target_agent_position,750,2.0,0.0,0.0,2.0,2.0,2.0,2.0,2.0,2.0,2.0
mistral_7b,RWKU,global_context,peer_evidence,750,1.0,0.0,0.0,1.0,1.0,1.0,1.0,1.0,1.0,1.0
mistral_7b,RWKU,global_context,target_exact,750,0.016,0.12555883093873674,0.004584760266608244,0.0,0.0,0.0,0.0,1.0,0.007013869877447841,0.024986130122552158
mistral_7b,RWKU,global_context,target_token_f1,750,0.19813091485118928,0.16738509426350795,0.006112039461216792,0.17519181585677746,0.1025641025641025,0.25,0.0,1.0,0.18615131750720437,0.21011051219517418
mistral_7b,RWKU,global_context,target_semantic,750,0.3285186955432097,0.18574551261910865,0.006782467147789753,0.2948839068412781,0.2357022613286972,0.3955240771174431,0.0,1.0,0.31522505993354183,0.3418123311528776
mistral_7b,RWKU,global_context,target_positive,750,0.06533333333333333,0.24727801650264594,0.009029316507575593,0.0,0.0,0.0,0.0,1.0,0.047635872978485164,0.08303079368818149
mistral_7b,RWKU,global_context,system_exact,750,0.008,0.08914367874736913,0.0032550669139285292,0.0,0.0,0.0,0.0,1.0,0.001620068848700083,0.014379931151299917
mistral_7b,RWKU,global_context,system_token_f1,750,0.1814789867389796,0.1383863947874997,0.005053156671795261,0.169047619047619,0.09320494186046505,0.22072072072072071,0.0,1.0,0.17157479966226089,0.19138317381569833
mistral_7b,RWKU,global_context,system_semantic,750,0.3145807086924712,0.17106079362453463,0.006246257024859568,0.2948839068412781,0.22960533201694483,0.3779644668102264,0.0,1.0,0.30233804492374644,0.3268233724611959
mistral_7b,RWKU,global_context,system_positive,750,0.03866666666666667,0.19292792384883806,0.007044731724309834,0.0,0.0,0.0,0.0,1.0,0.024858992487019393,0.052474340846313944
mistral_7b,RWKU,none,chain_length,750,4.0,0.0,0.0,4.0,4.0,4.0,4.0,4.0,4.0,4.0
mistral_7b,RWKU,none,target_agent_position,750,2.0,0.0,0.0,2.0,2.0,2.0,2.0,2.0,2.0,2.0
mistral_7b,RWKU,none,peer_evidence,750,1.0,0.0,0.0,1.0,1.0,1.0,1.0,1.0,1.0,1.0
mistral_7b,RWKU,none,target_exact,750,0.0013333333333333333,0.03651483716701107,0.0013333333333333333,0.0,0.0,0.0,0.0,1.0,-0.00128,0.003946666666666667
mistral_7b,RWKU,none,target_token_f1,750,0.18598243449843685,0.1287608159158491,0.004701680226658718,0.1538461538461538,0.1052631578947368,0.2352941176470588,0.0,1.0,0.17676714125418577,0.19519772774268793
mistral_7b,RWKU,none,target_semantic,750,0.3103374402622382,0.1496707447016785,0.005465202871447075,0.2886751294136047,0.2357022613286972,0.3535533845424652,0.0,1.0,0.29962564263420194,0.32104923789027445
mistral_7b,RWKU,none,target_positive,750,0.013333333333333334,0.11477421189089382,0.004190961658168014,0.0,0.0,0.0,0.0,1.0,0.005119048483324028,0.02154761818334264
mistral_7b,RWKU,none,system_exact,750,0.0,0.0,0.0,0.0,0.0,0.0,0.0,0.0,0.0,0.0
mistral_7b,RWKU,none,system_token_f1,750,0.179539984693414,0.11916082898394914,0.004351138267034957,0.1538461538461538,0.09817073170731701,0.2352941176470588,0.0,0.6666666666666666,0.1710117536900255,0.18806821569680252
mistral_7b,RWKU,none,system_semantic,750,0.30403949435551963,0.14480919354882926,0.00528768412272169,0.2886751294136047,0.2236067950725555,0.3535533845424652,0.0,0.794719398021698,0.2936756334749851,0.31440335523605417
mistral_7b,RWKU,none,system_positive,750,0.005333333333333333,0.07288327323590095,0.0026613208544076995,0.0,0.0,0.0,0.0,1.0,0.00011714445869424189,0.010549522207972424
mistral_7b,RWKU,target_context,chain_length,750,4.0,0.0,0.0,4.0,4.0,4.0,4.0,4.0,4.0,4.0
mistral_7b,RWKU,target_context,target_agent_position,750,2.0,0.0,0.0,2.0,2.0,2.0,2.0,2.0,2.0,2.0
mistral_7b,RWKU,target_context,peer_evidence,750,1.0,0.0,0.0,1.0,1.0,1.0,1.0,1.0,1.0,1.0
mistral_7b,RWKU,target_context,target_exact,750,0.012,0.10895792355526039,0.003978580836675973,0.0,0.0,0.0,0.0,1.0,0.004201981560115093,0.019798018439884907
mistral_7b,RWKU,target_context,target_token_f1,750,0.2009383963551158,0.1597121941158281,0.005831864761725527,0.1818181818181818,0.1052631578947368,0.25,0.0,1.0,0.18950794142213376,0.21236885128809782
mistral_7b,RWKU,target_context,target_semantic,750,0.3314895542263985,0.16770568497493252,0.006123745778841717,0.2948839068412781,0.24121268838644022,0.3779644668102264,0.0,1.0,0.3194870124998687,0.34349209595292823
mistral_7b,RWKU,target_context,target_positive,750,0.052,0.22217519158164156,0.00811269094315313,0.0,0.0,0.0,0.0,1.0,0.03609912575141987,0.06790087424858013
mistral_7b,RWKU,target_context,system_exact,750,0.006666666666666667,0.08143134310822481,0.002973452233887838,0.0,0.0,0.0,0.0,1.0,0.0008387002882465043,0.01249463304508683
mistral_7b,RWKU,target_context,system_token_f1,750,0.18576342523974382,0.13547238067904382,0.004946751921122622,0.1621621621621622,0.1052631578947368,0.2352941176470588,0.0,1.0,0.17606779147434348,0.19545905900514415
mistral_7b,RWKU,target_context,system_semantic,750,0.3146674101551374,0.1520113458051194,0.005550669539612147,0.2948839068412781,0.2357022613286972,0.3535533845424652,0.0,1.0,0.30378809785749755,0.3255467224527772
mistral_7b,RWKU,target_context,system_positive,750,0.02,0.1400934267704915,0.005115488666693087,0.0,0.0,0.0,0.0,1.0,0.00997364221328155,0.03002635778671845
mistral_7b,RWKU,target_context_comm,chain_length,750,4.0,0.0,0.0,4.0,4.0,4.0,4.0,4.0,4.0,4.0
mistral_7b,RWKU,target_context_comm,target_agent_position,750,2.0,0.0,0.0,2.0,2.0,2.0,2.0,2.0,2.0,2.0
mistral_7b,RWKU,target_context_comm,peer_evidence,750,1.0,0.0,0.0,1.0,1.0,1.0,1.0,1.0,1.0,1.0
mistral_7b,RWKU,target_context_comm,target_exact,750,0.010666666666666666,0.10279580824696316,0.003753572199589154,0.0,0.0,0.0,0.0,1.0,0.003309665155471925,0.018023668177861406
mistral_7b,RWKU,target_context_comm,target_token_f1,750,0.18922949467097064,0.16197179475995316,0.005914373711308227,0.1538461538461538,0.0888888888888888,0.2222222222222222,0.0,1.0,0.1776373221968065,0.20082166714513477
mistral_7b,RWKU,target_context_comm,target_semantic,750,0.317215522835652,0.1731735548208469,0.0063234041559156896,0.2886751294136047,0.2294157296419143,0.3686048984527588,0.0,1.0,0.3048216506900573,0.32960939498124675
mistral_7b,RWKU,target_context_comm,target_positive,750,0.06,0.23764532480260167,0.008677580338668459,0.0,0.0,0.0,0.0,1.0,0.04299194253620982,0.07700805746379018
mistral_7b,RWKU,target_context_comm,system_exact,750,0.005333333333333333,0.07288327323590095,0.0026613208544076995,0.0,0.0,0.0,0.0,1.0,0.00011714445869424189,0.010549522207972424
mistral_7b,RWKU,target_context_comm,system_token_f1,750,0.1847813966684313,0.13186851912882244,0.0048151575034438366,0.1538461538461538,0.1052631578947368,0.2352941176470588,0.0,1.0,0.17534368796168137,0.19421910537518122
mistral_7b,RWKU,target_context_comm,system_semantic,750,0.31326196244359017,0.1506336038324651,0.005500361515822518,0.2886751294136047,0.2357022613286972,0.3535533845424652,0.0,1.0,0.302481253872578,0.3240426710146023
mistral_7b,RWKU,target_context_comm,system_positive,750,0.02266666666666667,0.14893779073683183,0.005438439176769784,0.0,0.0,0.0,0.0,1.0,0.012007325880197891,0.033326007453135444
mistral_7b,RWKU,target_context_memory,chain_length,750,4.0,0.0,0.0,4.0,4.0,4.0,4.0,4.0,4.0,4.0
mistral_7b,RWKU,target_context_memory,target_agent_position,750,2.0,0.0,0.0,2.0,2.0,2.0,2.0,2.0,2.0,2.0
mistral_7b,RWKU,target_context_memory,peer_evidence,750,1.0,0.0,0.0,1.0,1.0,1.0,1.0,1.0,1.0,1.0
mistral_7b,RWKU,target_context_memory,target_exact,750,0.009333333333333334,0.09622144759975891,0.003513510491079285,0.0,0.0,0.0,0.0,1.0,0.0024468527708179358,0.01621981389584873
mistral_7b,RWKU,target_context_memory,target_token_f1,750,0.18669540204722448,0.156675776325435,0.005720990460538308,0.1538461538461538,0.0952380952380952,0.2222222222222222,0.0,1.0,0.1754822607445694,0.19790854334987956
mistral_7b,RWKU,target_context_memory,target_semantic,750,0.3101162086625894,0.1710227371701432,0.006244867399624311,0.2886751294136047,0.2236067950725555,0.3535533845424652,0.0,1.0,0.29787626855932575,0.322356148765853
mistral_7b,RWKU,target_context_memory,target_positive,750,0.04,0.19608994966038013,0.007160192581936178,0.0,0.0,0.0,0.0,1.0,0.025966022539405092,0.054033977460594906
mistral_7b,RWKU,target_context_memory,system_exact,750,0.0026666666666666666,0.0516052939536337,0.0018843589056726758,0.0,0.0,0.0,0.0,1.0,-0.001026676788451778,0.006360010121785111
mistral_7b,RWKU,target_context_memory,system_token_f1,750,0.1799997626977134,0.1267862047719948,0.004629577622272712,0.1578947368421052,0.1052631578947368,0.2222222222222222,0.0,1.0,0.17092579055805887,0.18907373483736792
mistral_7b,RWKU,target_context_memory,system_semantic,750,0.3059514995912711,0.15501730781512485,0.005660431752937717,0.2913857698440552,0.2357022613286972,0.3535533845424652,0.0,1.0,0.29485705335551315,0.31704594582702905
mistral_7b,RWKU,target_context_memory,system_positive,750,0.02,0.1400934267704915,0.005115488666693087,0.0,0.0,0.0,0.0,1.0,0.00997364221328155,0.03002635778671845
mistral_7b,RWKU,target_memory,chain_length,750,4.0,0.0,0.0,4.0,4.0,4.0,4.0,4.0,4.0,4.0
mistral_7b,RWKU,target_memory,target_agent_position,750,2.0,0.0,0.0,2.0,2.0,2.0,2.0,2.0,2.0,2.0
mistral_7b,RWKU,target_memory,peer_evidence,750,1.0,0.0,0.0,1.0,1.0,1.0,1.0,1.0,1.0,1.0
mistral_7b,RWKU,target_memory,target_exact,750,0.0026666666666666666,0.05160529395363369,0.0018843589056726751,0.0,0.0,0.0,0.0,1.0,-0.0010266767884517768,0.00636001012178511
mistral_7b,RWKU,target_memory,target_token_f1,750,0.1879983377490198,0.12536931760305586,0.00457784021801488,0.1666666666666666,0.1052631578947368,0.2352941176470588,0.0,1.0,0.17902577092171065,0.19697090457632896
mistral_7b,RWKU,target_memory,target_semantic,750,0.31606942109266917,0.14534413846423916,0.005307217549201204,0.2948839068412781,0.23915272578597063,0.3535533845424652,0.0,1.0,0.3056672746962348,0.32647156748910355
mistral_7b,RWKU,target_memory,target_positive,750,0.016,0.12555883093873674,0.004584760266608244,0.0,0.0,0.0,0.0,1.0,0.007013869877447841,0.024986130122552158
mistral_7b,RWKU,target_memory,system_exact,750,0.0,0.0,0.0,0.0,0.0,0.0,0.0,0.0,0.0,0.0
mistral_7b,RWKU,target_memory,system_token_f1,750,0.18297390054221005,0.11351137435968706,0.004144849351347609,0.1666666666666666,0.1052631578947368,0.2352941176470588,0.0,0.4444444444444445,0.17484999581356875,0.19109780527085135
mistral_7b,RWKU,target_memory,system_semantic,750,0.3110679874519507,0.13517344740449685,0.004935836421278738,0.2886751294136047,0.24194407090544698,0.3535533845424652,0.0,0.8164966106414795,0.30139374806624436,0.320742226837657
mistral_7b,RWKU,target_memory,system_positive,750,0.005333333333333333,0.07288327323590095,0.0026613208544076995,0.0,0.0,0.0,0.0,1.0,0.00011714445869424189,0.010549522207972424
mistral_7b,RWKU,target_memory_comm,chain_length,750,4.0,0.0,0.0,4.0,4.0,4.0,4.0,4.0,4.0,4.0
mistral_7b,RWKU,target_memory_comm,target_agent_position,750,2.0,0.0,0.0,2.0,2.0,2.0,2.0,2.0,2.0,2.0
mistral_7b,RWKU,target_memory_comm,peer_evidence,750,1.0,0.0,0.0,1.0,1.0,1.0,1.0,1.0,1.0,1.0
mistral_7b,RWKU,target_memory_comm,target_exact,750,0.0,0.0,0.0,0.0,0.0,0.0,0.0,0.0,0.0,0.0
mistral_7b,RWKU,target_memory_comm,target_token_f1,750,0.18046979946894892,0.12041217152379001,0.0043968308361174,0.1538461538461538,0.1052631578947368,0.2222222222222222,0.0,0.6666666666666666,0.17185201103015882,0.18908758790773902
mistral_7b,RWKU,target_memory_comm,target_semantic,750,0.31216481811304886,0.141981727253018,0.00518443965133493,0.2886751294136047,0.2390457242727279,0.3535533845424652,0.0,0.7745966911315918,0.3020033163964324,0.3223263198296653
mistral_7b,RWKU,target_memory_comm,target_positive,750,0.021333333333333333,0.14458940838888076,0.0052796587033944456,0.0,0.0,0.0,0.0,1.0,0.010985202274680219,0.03168146439198645
mistral_7b,RWKU,target_memory_comm,system_exact,750,0.0,0.0,0.0,0.0,0.0,0.0,0.0,0.0,0.0,0.0
mistral_7b,RWKU,target_memory_comm,system_token_f1,750,0.1819676775042294,0.10988414232676745,0.004012401564298582,0.1666666666666666,0.1052631578947368,0.2352941176470588,0.0,0.4444444444444445,0.17410337043820417,0.18983198457025463
mistral_7b,RWKU,target_memory_comm,system_semantic,750,0.31243051220973334,0.13493201633307625,0.004927020605018758,0.2917795181274414,0.2425356209278106,0.3535533845424652,0.0,0.8164966106414795,0.3027735518238966,0.3220874725955701
mistral_7b,RWKU,target_memory_comm,system_positive,750,0.008,0.08914367874736913,0.0032550669139285292,0.0,0.0,0.0,0.0,1.0,0.001620068848700083,0.014379931151299917
mistral_7b,TOFU,communication,chain_length,225,4.0,0.0,0.0,4.0,4.0,4.0,4.0,4.0,4.0,4.0
mistral_7b,TOFU,communication,target_agent_position,225,2.0,0.0,0.0,2.0,2.0,2.0,2.0,2.0,2.0,2.0
mistral_7b,TOFU,communication,peer_evidence,225,1.0,0.0,0.0,1.0,1.0,1.0,1.0,1.0,1.0,1.0
mistral_7b,TOFU,communication,target_exact,225,0.11555555555555555,0.32040401083433734,0.02136026738895582,0.0,0.0,0.0,0.0,1.0,0.07368943147320214,0.15742167963790896
mistral_7b,TOFU,communication,target_token_f1,225,0.6964329690380808,0.19578973926333873,0.013052649284222582,0.6976744186046512,0.576271186440678,0.846153846153846,0.2352941176470588,1.0,0.6708497764410045,0.7220161616351571
mistral_7b,TOFU,communication,target_semantic,225,0.7871378073427412,0.14356928891326357,0.009571285927550905,0.788429856300354,0.6729004383087158,0.9138115644454956,0.3931785523891449,1.0,0.7683780869247414,0.805897527760741
mistral_7b,TOFU,communication,target_positive,225,0.8888888888888888,0.31497039417435607,0.020998026278290404,1.0,1.0,1.0,0.0,1.0,0.8477327573834397,0.930045020394338
mistral_7b,TOFU,communication,system_exact,225,0.13333333333333333,0.34069257193462343,0.022712838128974896,0.0,0.0,0.0,0.0,1.0,0.08881617060054253,0.17785049606612413
mistral_7b,TOFU,communication,system_token_f1,225,0.7224082152403466,0.18386351032932288,0.012257567355288192,0.7083333333333333,0.6133333333333333,0.8679245283018867,0.2352941176470588,1.0,0.6983833832239817,0.7464330472567114
mistral_7b,TOFU,communication,system_semantic,225,0.7882775398095448,0.14419404594314258,0.009612936396209505,0.788429856300354,0.6622413396835327,0.9333913326263428,0.3931785523891449,1.0,0.7694361844729742,0.8071188951461155
mistral_7b,TOFU,communication,system_positive,225,0.8711111111111111,0.3358240279934981,0.022388268532899873,1.0,1.0,1.0,0.0,1.0,0.8272301047866273,0.9149921174355948
mistral_7b,TOFU,full_inference,chain_length,225,4.0,0.0,0.0,4.0,4.0,4.0,4.0,4.0,4.0,4.0
mistral_7b,TOFU,full_inference,target_agent_position,225,2.0,0.0,0.0,2.0,2.0,2.0,2.0,2.0,2.0,2.0
mistral_7b,TOFU,full_inference,peer_evidence,225,1.0,0.0,0.0,1.0,1.0,1.0,1.0,1.0,1.0,1.0
mistral_7b,TOFU,full_inference,target_exact,225,0.017777777777777778,0.13243746652546073,0.008829164435030715,0.0,0.0,0.0,0.0,1.0,0.0004726154851175772,0.03508294007043798
mistral_7b,TOFU,full_inference,target_token_f1,225,0.4848203400797254,0.18613705447124257,0.012409136964749505,0.4444444444444445,0.339622641509434,0.6041666666666667,0.1616161616161616,1.0,0.4604984316288164,0.5091422485306344
mistral_7b,TOFU,full_inference,target_semantic,225,0.6025251826312807,0.16230348582712759,0.010820232388475173,0.607530415058136,0.4962916672229767,0.6957010626792908,0.2269290536642074,1.0,0.5813175271498694,0.6237328381126921
mistral_7b,TOFU,full_inference,target_positive,225,0.4266666666666667,0.4956957592256421,0.03304638394837614,0.0,0.0,1.0,0.0,1.0,0.36189575412784947,0.4914375792054839
mistral_7b,TOFU,full_inference,system_exact,225,0.09777777777777778,0.2976761849915292,0.01984507899943528,0.0,0.0,0.0,0.0,1.0,0.05888142293888463,0.13667413261667094
mistral_7b,TOFU,full_inference,system_token_f1,225,0.6208318591722575,0.20765411473465314,0.013843607648976877,0.6153846153846153,0.4597701149425288,0.7341772151898733,0.232258064516129,1.0,0.5936983881802628,0.6479653301642522
mistral_7b,TOFU,full_inference,system_semantic,225,0.726088448829121,0.163717928374048,0.010914528558269866,0.7226912379264832,0.6217821836471558,0.8333333134651184,0.2491364330053329,1.0,0.7046959728549121,0.74748092480333
mistral_7b,TOFU,full_inference,system_positive,225,0.7555555555555555,0.4307155360744177,0.028714369071627846,1.0,1.0,1.0,0.0,1.0,0.699275392175165,0.8118357189359461
mistral_7b,TOFU,global_context,chain_length,225,4.0,0.0,0.0,4.0,4.0,4.0,4.0,4.0,4.0,4.0
mistral_7b,TOFU,global_context,target_agent_position,225,2.0,0.0,0.0,2.0,2.0,2.0,2.0,2.0,2.0,2.0
mistral_7b,TOFU,global_context,peer_evidence,225,1.0,0.0,0.0,1.0,1.0,1.0,1.0,1.0,1.0,1.0
mistral_7b,TOFU,global_context,target_exact,225,0.02666666666666667,0.16146649364939022,0.010764432909959348,0.0,0.0,0.0,0.0,1.0,0.005568378163146346,0.04776495517018699
mistral_7b,TOFU,global_context,target_token_f1,225,0.49560480753158015,0.17048963675355608,0.011365975783570405,0.437956204379562,0.3703703703703704,0.6461538461538462,0.2051282051282051,1.0,0.47332749499578214,0.5178821200673781
mistral_7b,TOFU,global_context,target_semantic,225,0.6087693354818556,0.1488086024976909,0.00992057349984606,0.6044944524765015,0.5052620768547058,0.7227449417114258,0.260869562625885,1.0,0.5893250114221573,0.628213659541554
mistral_7b,TOFU,global_context,target_positive,225,0.4222222222222222,0.49501483062599494,0.03300098870839966,0.0,0.0,1.0,0.0,1.0,0.3575402843537589,0.48690416009068554
mistral_7b,TOFU,global_context,system_exact,225,0.02666666666666667,0.16146649364939022,0.010764432909959348,0.0,0.0,0.0,0.0,1.0,0.005568378163146346,0.04776495517018699
mistral_7b,TOFU,global_context,system_token_f1,225,0.4955346964787633,0.176140685013069,0.0117427123342046,0.4347826086956521,0.3673469387755102,0.6363636363636364,0.2051282051282051,1.0,0.4725189803037223,0.5185504126538043
mistral_7b,TOFU,global_context,system_semantic,225,0.608288684156206,0.1516521150277206,0.01011014100184804,0.5971484780311584,0.5004732608795166,0.7145752310752869,0.260869562625885,1.0,0.5884728077925838,0.6281045605198281
mistral_7b,TOFU,global_context,system_positive,225,0.40444444444444444,0.4918784854457902,0.032791899029719344,0.0,0.0,1.0,0.0,1.0,0.34017232234619454,0.46871656654269434
mistral_7b,TOFU,none,chain_length,225,4.0,0.0,0.0,4.0,4.0,4.0,4.0,4.0,4.0,4.0
mistral_7b,TOFU,none,target_agent_position,225,2.0,0.0,0.0,2.0,2.0,2.0,2.0,2.0,2.0,2.0
mistral_7b,TOFU,none,peer_evidence,225,1.0,0.0,0.0,1.0,1.0,1.0,1.0,1.0,1.0,1.0
mistral_7b,TOFU,none,target_exact,225,0.12444444444444444,0.33082388735465346,0.022054925823643563,0.0,0.0,0.0,0.0,1.0,0.08121678983010305,0.16767209905878583
mistral_7b,TOFU,none,target_token_f1,225,0.7042644773503012,0.17750254662720344,0.011833503108480229,0.6933333333333332,0.59375,0.8396946564885496,0.2352941176470588,1.0,0.6810708112576799,0.7274581434429225
mistral_7b,TOFU,none,target_semantic,225,0.7758405113220215,0.14708059896452014,0.009805373264301342,0.788429856300354,0.6484664678573608,0.9124211072921752,0.3931785523891449,1.0,0.7566219797239908,0.7950590429200521
mistral_7b,TOFU,none,target_positive,225,0.8755555555555555,0.33082388735465346,0.022054925823643563,1.0,1.0,1.0,0.0,1.0,0.8323279009412141,0.918783210169897
mistral_7b,TOFU,none,system_exact,225,0.12,0.32568608900508567,0.021712405933672376,0.0,0.0,0.0,0.0,1.0,0.07744368437000214,0.16255631562999784
mistral_7b,TOFU,none,system_token_f1,225,0.710921324594953,0.18201281306073444,0.012134187537382296,0.6944444444444445,0.5851063829787234,0.8679245283018867,0.2352941176470588,1.0,0.6871383170216837,0.7347043321682224
mistral_7b,TOFU,none,system_semantic,225,0.7816393107838101,0.14928599433274314,0.009952399622182877,0.788429856300354,0.6454667448997498,0.9315882325172424,0.3931785523891449,1.0,0.7621326075243317,0.8011460140432886
mistral_7b,TOFU,none,system_positive,225,0.8755555555555555,0.33082388735465346,0.022054925823643563,1.0,1.0,1.0,0.0,1.0,0.8323279009412141,0.918783210169897
mistral_7b,TOFU,target_context,chain_length,225,4.0,0.0,0.0,4.0,4.0,4.0,4.0,4.0,4.0,4.0
mistral_7b,TOFU,target_context,target_agent_position,225,2.0,0.0,0.0,2.0,2.0,2.0,2.0,2.0,2.0,2.0
mistral_7b,TOFU,target_context,peer_evidence,225,1.0,0.0,0.0,1.0,1.0,1.0,1.0,1.0,1.0,1.0
mistral_7b,TOFU,target_context,target_exact,225,0.02666666666666667,0.16146649364939022,0.010764432909959348,0.0,0.0,0.0,0.0,1.0,0.005568378163146346,0.04776495517018699
mistral_7b,TOFU,target_context,target_token_f1,225,0.5928751761055202,0.172809273866871,0.011520618257791401,0.6153846153846153,0.4363636363636363,0.7083333333333333,0.2276422764227642,1.0,0.5702947643202491,0.6154555878907914
mistral_7b,TOFU,target_context,target_semantic,225,0.6860705202155643,0.1436504984205204,0.009576699894701361,0.686481237411499,0.601040780544281,0.788429856300354,0.3574532866477966,1.0,0.6673001884219496,0.7048408520091789
mistral_7b,TOFU,target_context,target_positive,225,0.6933333333333334,0.4621378891320518,0.03080919260880345,1.0,0.0,1.0,0.0,1.0,0.6329473158200786,0.7537193508465881
mistral_7b,TOFU,target_context,system_exact,225,0.09333333333333334,0.291547594742265,0.019436506316151,0.0,0.0,0.0,0.0,1.0,0.05523778095367738,0.1314288857129893
mistral_7b,TOFU,target_context,system_token_f1,225,0.6498354760216765,0.19626637613209988,0.013084425075473326,0.64,0.5052631578947367,0.787878787878788,0.2803738317757009,1.0,0.6241900028737487,0.6754809491696042
mistral_7b,TOFU,target_context,system_semantic,225,0.7370585085286034,0.16038631863962355,0.01069242124264157,0.7340529561042786,0.6218743324279785,0.8539865016937256,0.3587736487388611,1.0,0.716101362893026,0.7580156541641809
mistral_7b,TOFU,target_context,system_positive,225,0.7688888888888888,0.4224832108996326,0.02816554739330884,1.0,1.0,1.0,0.0,1.0,0.7136844159980035,0.8240933617797742
mistral_7b,TOFU,target_context_comm,chain_length,225,4.0,0.0,0.0,4.0,4.0,4.0,4.0,4.0,4.0,4.0
mistral_7b,TOFU,target_context_comm,target_agent_position,225,2.0,0.0,0.0,2.0,2.0,2.0,2.0,2.0,2.0,2.0
mistral_7b,TOFU,target_context_comm,peer_evidence,225,1.0,0.0,0.0,1.0,1.0,1.0,1.0,1.0,1.0,1.0
mistral_7b,TOFU,target_context_comm,target_exact,225,0.022222222222222223,0.14773421007131973,0.009848947338087981,0.0,0.0,0.0,0.0,1.0,0.0029182854395697795,0.04152615900487466
mistral_7b,TOFU,target_context_comm,target_token_f1,225,0.5052185175477137,0.18628731229006293,0.012419154152670862,0.4489795918367347,0.3733333333333333,0.6481481481481481,0.12,1.0,0.48087697540847885,0.5295600596869486
mistral_7b,TOFU,target_context_comm,target_semantic,225,0.6141245656543308,0.15719448340384015,0.010479632226922676,0.6099375486373901,0.5028910040855408,0.7227449417114258,0.2680899500846863,1.0,0.5935844864895624,0.6346646448190992
mistral_7b,TOFU,target_context_comm,target_positive,225,0.44,0.49749371855331004,0.033166247903554005,0.0,0.0,1.0,0.0,1.0,0.37499415410903414,0.5050058458909659
mistral_7b,TOFU,target_context_comm,system_exact,225,0.09333333333333334,0.291547594742265,0.019436506316151,0.0,0.0,0.0,0.0,1.0,0.05523778095367738,0.1314288857129893
mistral_7b,TOFU,target_context_comm,system_token_f1,225,0.639291279300627,0.20173350869218246,0.013448900579478831,0.6222222222222221,0.4736842105263158,0.7526881720430108,0.2208588957055214,1.0,0.6129314341648485,0.6656511244364055
mistral_7b,TOFU,target_context_comm,system_semantic,225,0.7358725979593065,0.16187123564631742,0.010791415709754495,0.7422696352005005,0.6190207600593567,0.8488929867744446,0.3587736487388611,1.0,0.7147214231681877,0.7570237727504253
mistral_7b,TOFU,target_context_comm,system_positive,225,0.7555555555555555,0.4307155360744177,0.028714369071627846,1.0,1.0,1.0,0.0,1.0,0.699275392175165,0.8118357189359461
mistral_7b,TOFU,target_context_memory,chain_length,225,4.0,0.0,0.0,4.0,4.0,4.0,4.0,4.0,4.0,4.0
mistral_7b,TOFU,target_context_memory,target_agent_position,225,2.0,0.0,0.0,2.0,2.0,2.0,2.0,2.0,2.0,2.0
mistral_7b,TOFU,target_context_memory,peer_evidence,225,1.0,0.0,0.0,1.0,1.0,1.0,1.0,1.0,1.0,1.0
mistral_7b,TOFU,target_context_memory,target_exact,225,0.022222222222222223,0.1477342100713197,0.00984894733808798,0.0,0.0,0.0,0.0,1.0,0.002918285439569783,0.04152615900487466
mistral_7b,TOFU,target_context_memory,target_token_f1,225,0.585890565976517,0.17671699876136357,0.011781133250757572,0.6041666666666667,0.4247787610619468,0.7083333333333333,0.2666666666666666,1.0,0.5627995448050321,0.6089815871480019
mistral_7b,TOFU,target_context_memory,target_semantic,225,0.6814542563756307,0.1500051931012168,0.010000346206747786,0.6721578240394592,0.5949092507362366,0.788429856300354,0.2491364330053329,1.0,0.6618535778104051,0.7010549349408564
mistral_7b,TOFU,target_context_memory,target_positive,225,0.6888888888888889,0.46398036356916844,0.030932024237944562,1.0,0.0,1.0,0.0,1.0,0.6282621213825176,0.7495156563952602
mistral_7b,TOFU,target_context_memory,system_exact,225,0.09333333333333334,0.291547594742265,0.019436506316151,0.0,0.0,0.0,0.0,1.0,0.05523778095367738,0.1314288857129893
mistral_7b,TOFU,target_context_memory,system_token_f1,225,0.6277978615809381,0.19724131473023837,0.01314942098201589,0.6153846153846153,0.5,0.7339449541284404,0.2181818181818182,1.0,0.6020249964561869,0.6535707267056893
mistral_7b,TOFU,target_context_memory,system_semantic,225,0.7275935557815764,0.1570578380144929,0.010470522534299528,0.724206805229187,0.6313641667366028,0.8242594003677368,0.2491364330053329,1.0,0.7070713316143493,0.7481157799488034
mistral_7b,TOFU,target_context_memory,system_positive,225,0.7955555555555556,0.4041942798618207,0.02694628532412138,1.0,1.0,1.0,0.0,1.0,0.7427408363202777,0.8483702747908335
mistral_7b,TOFU,target_memory,chain_length,225,4.0,0.0,0.0,4.0,4.0,4.0,4.0,4.0,4.0,4.0
mistral_7b,TOFU,target_memory,target_agent_position,225,2.0,0.0,0.0,2.0,2.0,2.0,2.0,2.0,2.0,2.0
mistral_7b,TOFU,target_memory,peer_evidence,225,1.0,0.0,0.0,1.0,1.0,1.0,1.0,1.0,1.0,1.0
mistral_7b,TOFU,target_memory,target_exact,225,0.10222222222222223,0.30361577640587073,0.02024105176039138,0.0,0.0,0.0,0.0,1.0,0.06254976077185512,0.14189468367258934
mistral_7b,TOFU,target_memory,target_token_f1,225,0.6979623962660156,0.1685248768640566,0.011234991790937105,0.6881720430107526,0.5869565217391304,0.8181818181818182,0.3435582822085889,1.0,0.6759418123557789,0.7199829801762524
mistral_7b,TOFU,target_memory,target_semantic,225,0.7707365373770396,0.13581909740752532,0.009054606493835021,0.7745652198791504,0.6611394882202148,0.8542821407318115,0.4550157487392425,1.0,0.752989508649123,0.7884835661049563
mistral_7b,TOFU,target_memory,target_positive,225,0.88,0.32568608900508567,0.021712405933672376,1.0,1.0,1.0,0.0,1.0,0.8374436843700022,0.9225563156299978
mistral_7b,TOFU,target_memory,system_exact,225,0.1111111111111111,0.314970394174356,0.0209980262782904,0.0,0.0,0.0,0.0,1.0,0.06995497960566192,0.15226724261656027
mistral_7b,TOFU,target_memory,system_token_f1,225,0.7076596732593818,0.17326422990502374,0.011550948660334915,0.7083333333333333,0.5970149253731343,0.8282828282828283,0.2903225806451613,1.0,0.6850198138851255,0.7302995326336382
mistral_7b,TOFU,target_memory,system_semantic,225,0.7791005404790242,0.13730136246396,0.009153424164264,0.788429856300354,0.6563301086425781,0.8917016386985779,0.4886284470558166,1.0,0.7611598291170668,0.7970412518409816
mistral_7b,TOFU,target_memory,system_positive,225,0.9022222222222223,0.2976761849915292,0.01984507899943528,1.0,1.0,1.0,0.0,1.0,0.8633258673833291,0.9411185770611155
mistral_7b,TOFU,target_memory_comm,chain_length,225,4.0,0.0,0.0,4.0,4.0,4.0,4.0,4.0,4.0,4.0
mistral_7b,TOFU,target_memory_comm,target_agent_position,225,2.0,0.0,0.0,2.0,2.0,2.0,2.0,2.0,2.0,2.0
mistral_7b,TOFU,target_memory_comm,peer_evidence,225,1.0,0.0,0.0,1.0,1.0,1.0,1.0,1.0,1.0,1.0
mistral_7b,TOFU,target_memory_comm,target_exact,225,0.10222222222222223,0.3036157764058707,0.020241051760391378,0.0,0.0,0.0,0.0,1.0,0.06254976077185513,0.14189468367258934
mistral_7b,TOFU,target_memory_comm,target_token_f1,225,0.6838768221109632,0.1825299598204806,0.01216866398803204,0.6857142857142857,0.5797101449275363,0.7971014492753623,0.26,1.0,0.6600262406944204,0.7077274035275061
mistral_7b,TOFU,target_memory_comm,target_semantic,225,0.7750777971082263,0.13853792670496629,0.009235861780331086,0.7800239324569702,0.6729004383087158,0.8699583411216736,0.2211629301309585,1.0,0.7569755080187774,0.7931800861976752
mistral_7b,TOFU,target_memory_comm,target_positive,225,0.8977777777777778,0.3036157764058707,0.020241051760391378,1.0,1.0,1.0,0.0,1.0,0.8581053163274107,0.9374502392281449
mistral_7b,TOFU,target_memory_comm,system_exact,225,0.12,0.32568608900508567,0.021712405933672376,0.0,0.0,0.0,0.0,1.0,0.07744368437000214,0.16255631562999784
mistral_7b,TOFU,target_memory_comm,system_token_f1,225,0.7134759811829344,0.17765159458162777,0.011843439638775185,0.7083333333333333,0.6129032258064516,0.8333333333333334,0.2797202797202797,1.0,0.690262839490935,0.7366891228749338
mistral_7b,TOFU,target_memory_comm,system_semantic,225,0.7841068902280596,0.13737559619652873,0.009158373079768582,0.788429856300354,0.6729004383087158,0.8989601731300354,0.4661472141742706,1.0,0.7661564789917131,0.802057301464406
mistral_7b,TOFU,target_memory_comm,system_positive,225,0.8844444444444445,0.32040401083433734,0.02136026738895582,1.0,1.0,1.0,0.0,1.0,0.8425783203620911,0.9263105685267978
mistral_7b,WMDP,full_inference,chain_length,30,4.0,0.0,0.0,4.0,4.0,4.0,4.0,4.0,4.0,4.0
mistral_7b,WMDP,full_inference,target_agent_position,30,2.0,0.0,0.0,2.0,2.0,2.0,2.0,2.0,2.0,2.0
mistral_7b,WMDP,full_inference,peer_evidence,30,1.0,0.0,0.0,1.0,1.0,1.0,1.0,1.0,1.0,1.0
mistral_7b,WMDP,full_inference,target_exact,30,0.0,0.0,0.0,0.0,0.0,0.0,0.0,0.0,0.0,0.0
mistral_7b,WMDP,full_inference,target_token_f1,30,0.06352281381973852,0.07275102556447978,0.013282459261100195,0.04598308668076105,0.003937007874015725,0.0936507936507936,0.0,0.2222222222222222,0.037489193667982146,0.0895564339714949
mistral_7b,WMDP,full_inference,target_semantic,30,0.11695929119984307,0.12297787429961604,0.02245258527597818,0.08287572860717765,0.005912296939641225,0.18634894490242,0.0,0.3333333432674408,0.07295222405892585,0.16096635834076028
mistral_7b,WMDP,full_inference,target_positive,30,0.0,0.0,0.0,0.0,0.0,0.0,0.0,0.0,0.0,0.0
mistral_7b,WMDP,full_inference,system_exact,30,0.0,0.0,0.0,0.0,0.0,0.0,0.0,0.0,0.0,0.0
mistral_7b,WMDP,full_inference,system_token_f1,30,0.10458327664502179,0.11851213744352197,0.021637257005323204,0.0517241379310344,0.0165323701028063,0.2222222222222222,0.0,0.3333333333333333,0.06217425291458831,0.14699230037545527
mistral_7b,WMDP,full_inference,system_semantic,30,0.1689229076107343,0.15640779759788406,0.02855602630468781,0.14924696087837214,0.025075397454202127,0.3333333432674408,0.0,0.4200840294361114,0.1129530960535462,0.22489271916792242
mistral_7b,WMDP,full_inference,system_positive,30,0.0,0.0,0.0,0.0,0.0,0.0,0.0,0.0,0.0,0.0
mistral_7b,WMDP,none,chain_length,30,4.0,0.0,0.0,4.0,4.0,4.0,4.0,4.0,4.0,4.0
mistral_7b,WMDP,none,target_agent_position,30,2.0,0.0,0.0,2.0,2.0,2.0,2.0,2.0,2.0,2.0
mistral_7b,WMDP,none,peer_evidence,30,1.0,0.0,0.0,1.0,1.0,1.0,1.0,1.0,1.0,1.0
mistral_7b,WMDP,none,target_exact,30,0.0,0.0,0.0,0.0,0.0,0.0,0.0,0.0,0.0,0.0
mistral_7b,WMDP,none,target_token_f1,30,0.16427161495608547,0.10032138935730317,0.018316095983751213,0.1375291375291375,0.07180910099889008,0.2222222222222222,0.0465116279069767,0.3333333333333333,0.1283720668279331,0.20017116308423785
mistral_7b,WMDP,none,target_semantic,30,0.2653242915868759,0.10785846137359514,0.0196921707707059,0.28289905190467834,0.17405091598629946,0.3333333432674408,0.0686802789568901,0.4200840294361114,0.22672763687629235,0.30392094629745947
mistral_7b,WMDP,none,target_positive,30,0.0,0.0,0.0,0.0,0.0,0.0,0.0,0.0,0.0,0.0
mistral_7b,WMDP,none,system_exact,30,0.0,0.0,0.0,0.0,0.0,0.0,0.0,0.0,0.0,0.0
mistral_7b,WMDP,none,system_token_f1,30,0.1681611231934198,0.10135769774395366,0.018505299143717967,0.1717171717171717,0.07180910099889008,0.2222222222222222,0.0465116279069767,0.3333333333333333,0.13189073687173258,0.20443150951510702
mistral_7b,WMDP,none,system_semantic,30,0.2700698599219322,0.10887855255502701,0.019878413087633346,0.32380151748657227,0.17405091598629946,0.3333333432674408,0.0686802789568901,0.4200840294361114,0.23110817027017086,0.3090315495736936
mistral_7b,WMDP,none,system_positive,30,0.0,0.0,0.0,0.0,0.0,0.0,0.0,0.0,0.0,0.0
mistral_7b,WMDP,target_context_memory,chain_length,30,4.0,0.0,0.0,4.0,4.0,4.0,4.0,4.0,4.0,4.0
mistral_7b,WMDP,target_context_memory,target_agent_position,30,2.0,0.0,0.0,2.0,2.0,2.0,2.0,2.0,2.0,2.0
mistral_7b,WMDP,target_context_memory,peer_evidence,30,1.0,0.0,0.0,1.0,1.0,1.0,1.0,1.0,1.0,1.0
mistral_7b,WMDP,target_context_memory,target_exact,30,0.0,0.0,0.0,0.0,0.0,0.0,0.0,0.0,0.0,0.0
mistral_7b,WMDP,target_context_memory,target_token_f1,30,0.07218879526660865,0.08246236446583964,0.015055499054384273,0.051178524661719696,0.003937007874015725,0.09285714285714283,0.0,0.2222222222222222,0.04268001712001548,0.10169757341320182
mistral_7b,WMDP,target_context_memory,target_semantic,30,0.12297940452893572,0.1270326480713822,0.023192882296103723,0.08839713037014005,0.005912296939641225,0.21153113991022104,0.0,0.3333333432674408,0.07752135522857243,0.168437453829299
mistral_7b,WMDP,target_context_memory,target_positive,30,0.0,0.0,0.0,0.0,0.0,0.0,0.0,0.0,0.0,0.0
mistral_7b,WMDP,target_context_memory,system_exact,30,0.0,0.0,0.0,0.0,0.0,0.0,0.0,0.0,0.0,0.0
mistral_7b,WMDP,target_context_memory,system_token_f1,30,0.1081468506249402,0.11752818754946269,0.02145761315451284,0.0551201011378002,0.0165323701028063,0.2222222222222222,0.0,0.3333333333333333,0.06608992884209502,0.15020377240778537
mistral_7b,WMDP,target_context_memory,system_semantic,30,0.1761055327951908,0.154017265388875,0.028119576832915508,0.1704756617546081,0.025075397454202127,0.3333333432674408,0.0,0.4200840294361114,0.12099116220267642,0.2312199033877052
mistral_7b,WMDP,target_context_memory,system_positive,30,0.0,0.0,0.0,0.0,0.0,0.0,0.0,0.0,0.0,0.0
qwen25coder_14b,MUSE-Books,full_inference,chain_length,30,4.0,0.0,0.0,4.0,4.0,4.0,4.0,4.0,4.0,4.0
qwen25coder_14b,MUSE-Books,full_inference,target_agent_position,30,2.0,0.0,0.0,2.0,2.0,2.0,2.0,2.0,2.0,2.0
qwen25coder_14b,MUSE-Books,full_inference,peer_evidence,30,1.0,0.0,0.0,1.0,1.0,1.0,1.0,1.0,1.0,1.0
qwen25coder_14b,MUSE-Books,full_inference,target_exact,30,0.0,0.0,0.0,0.0,0.0,0.0,0.0,0.0,0.0,0.0
qwen25coder_14b,MUSE-Books,full_inference,target_token_f1,30,0.08061502916057948,0.09402127140210163,0.01716585707741548,0.0488095238095238,0.0,0.11755952380952381,0.0,0.2857142857142857,0.046969949288845146,0.11426010903231382
qwen25coder_14b,MUSE-Books,full_inference,target_semantic,30,0.23911712567011514,0.1833605636955125,0.03347690563096501,0.3058130443096161,0.0,0.3905978500843048,0.0,0.5547001957893372,0.1735023906334237,0.3047318607068066
qwen25coder_14b,MUSE-Books,full_inference,target_positive,30,0.0,0.0,0.0,0.0,0.0,0.0,0.0,0.0,0.0,0.0
qwen25coder_14b,MUSE-Books,full_inference,system_exact,30,0.06666666666666667,0.2537081317024625,0.046320555585310084,0.0,0.0,0.0,0.0,1.0,-0.0241216222805411,0.15745495561387443
qwen25coder_14b,MUSE-Books,full_inference,system_token_f1,30,0.17351321284823687,0.24794724015929448,0.04526876550213214,0.1428571428571428,0.0,0.20789473684210516,0.0,1.0,0.08478643246405788,0.26223999323241587
qwen25coder_14b,MUSE-Books,full_inference,system_semantic,30,0.3472138375043869,0.28303466008335665,0.051674822627820485,0.3889634311199188,0.0,0.5547001957893372,0.0,1.0,0.24593118515385876,0.448496489854915
qwen25coder_14b,MUSE-Books,full_inference,system_positive,30,0.06666666666666667,0.2537081317024625,0.046320555585310084,0.0,0.0,0.0,0.0,1.0,-0.0241216222805411,0.15745495561387443
qwen25coder_14b,MUSE-Books,none,chain_length,30,4.0,0.0,0.0,4.0,4.0,4.0,4.0,4.0,4.0,4.0
qwen25coder_14b,MUSE-Books,none,target_agent_position,30,2.0,0.0,0.0,2.0,2.0,2.0,2.0,2.0,2.0,2.0
qwen25coder_14b,MUSE-Books,none,peer_evidence,30,1.0,0.0,0.0,1.0,1.0,1.0,1.0,1.0,1.0,1.0
qwen25coder_14b,MUSE-Books,none,target_exact,30,0.0,0.0,0.0,0.0,0.0,0.0,0.0,0.0,0.0,0.0
qwen25coder_14b,MUSE-Books,none,target_token_f1,30,0.11284806218444657,0.10053804065547728,0.018355650918125462,0.1952380952380952,0.0,0.1999999999999999,0.0,0.2105263157894736,0.07687098638492065,0.14882513798397248
qwen25coder_14b,MUSE-Books,none,target_semantic,30,0.30006445248921715,0.2730924552545138,0.04985963267578915,0.4343869537115097,0.0,0.5547001957893372,0.0,0.5976142883300781,0.20233957244467043,0.39778933253376386
qwen25coder_14b,MUSE-Books,none,target_positive,30,0.0,0.0,0.0,0.0,0.0,0.0,0.0,0.0,0.0,0.0
qwen25coder_14b,MUSE-Books,none,system_exact,30,0.0,0.0,0.0,0.0,0.0,0.0,0.0,0.0,0.0,0.0
qwen25coder_14b,MUSE-Books,none,system_token_f1,30,0.11284806218444657,0.10053804065547728,0.018355650918125462,0.1952380952380952,0.0,0.1999999999999999,0.0,0.2105263157894736,0.07687098638492065,0.14882513798397248
qwen25coder_14b,MUSE-Books,none,system_semantic,30,0.30006445248921715,0.2730924552545138,0.04985963267578915,0.4343869537115097,0.0,0.5547001957893372,0.0,0.5976142883300781,0.20233957244467043,0.39778933253376386
qwen25coder_14b,MUSE-Books,none,system_positive,30,0.0,0.0,0.0,0.0,0.0,0.0,0.0,0.0,0.0,0.0
qwen25coder_14b,MUSE-Books,target_context_memory,chain_length,30,4.0,0.0,0.0,4.0,4.0,4.0,4.0,4.0,4.0,4.0
qwen25coder_14b,MUSE-Books,target_context_memory,target_agent_position,30,2.0,0.0,0.0,2.0,2.0,2.0,2.0,2.0,2.0,2.0
qwen25coder_14b,MUSE-Books,target_context_memory,peer_evidence,30,1.0,0.0,0.0,1.0,1.0,1.0,1.0,1.0,1.0,1.0
qwen25coder_14b,MUSE-Books,target_context_memory,target_exact,30,0.06666666666666667,0.2537081317024625,0.046320555585310084,0.0,0.0,0.0,0.0,1.0,-0.0241216222805411,0.15745495561387443
qwen25coder_14b,MUSE-Books,target_context_memory,target_token_f1,30,0.16288664643219677,0.24985661751023872,0.04561736851743267,0.05572755417956655,0.0,0.1999999999999999,0.0,1.0,0.07347660413802874,0.2522966887263648
qwen25coder_14b,MUSE-Books,target_context_memory,target_semantic,30,0.3221016968290011,0.2871400583752728,0.0524243623784957,0.35349443554878235,0.0,0.5547001957893372,0.0,1.0,0.2193499465671495,0.42485344709085265
qwen25coder_14b,MUSE-Books,target_context_memory,target_positive,30,0.06666666666666667,0.2537081317024625,0.046320555585310084,0.0,0.0,0.0,0.0,1.0,-0.0241216222805411,0.15745495561387443
qwen25coder_14b,MUSE-Books,target_context_memory,system_exact,30,0.06666666666666667,0.2537081317024625,0.046320555585310084,0.0,0.0,0.0,0.0,1.0,-0.0241216222805411,0.15745495561387443
qwen25coder_14b,MUSE-Books,target_context_memory,system_token_f1,30,0.17541797475299878,0.24792310368648335,0.04526435880525971,0.1428571428571428,0.0,0.20789473684210516,0.0,1.0,0.08669983149468975,0.2641361180113078
qwen25coder_14b,MUSE-Books,target_context_memory,system_semantic,30,0.34706994394461316,0.2829243430259358,0.05165468158087815,0.3889634311199188,0.0,0.5547001957893372,0.0,1.0,0.245826768046092,0.4483131198431343
qwen25coder_14b,MUSE-Books,target_context_memory,system_positive,30,0.06666666666666667,0.2537081317024625,0.046320555585310084,0.0,0.0,0.0,0.0,1.0,-0.0241216222805411,0.15745495561387443
qwen25coder_14b,MUSE-News,full_inference,chain_length,30,4.0,0.0,0.0,4.0,4.0,4.0,4.0,4.0,4.0,4.0
qwen25coder_14b,MUSE-News,full_inference,target_agent_position,30,2.0,0.0,0.0,2.0,2.0,2.0,2.0,2.0,2.0,2.0
qwen25coder_14b,MUSE-News,full_inference,peer_evidence,30,1.0,0.0,0.0,1.0,1.0,1.0,1.0,1.0,1.0,1.0
qwen25coder_14b,MUSE-News,full_inference,target_exact,30,0.0,0.0,0.0,0.0,0.0,0.0,0.0,0.0,0.0,0.0
qwen25coder_14b,MUSE-News,full_inference,target_token_f1,30,0.07331241307711894,0.03545949159149531,0.006473987807442247,0.08,0.0769230769230769,0.0952380952380952,0.0,0.1176470588235294,0.06062339697453214,0.08600142917970574
qwen25coder_14b,MUSE-News,full_inference,target_semantic,30,0.1319738872349262,0.06998097851126461,0.012776720175634642,0.15920761227607721,0.10046974197030062,0.1961161345243454,0.0,0.1961161345243454,0.10693151569068231,0.1570162587791701
qwen25coder_14b,MUSE-News,full_inference,target_positive,30,0.0,0.0,0.0,0.0,0.0,0.0,0.0,0.0,0.0,0.0
qwen25coder_14b,MUSE-News,full_inference,system_exact,30,0.0,0.0,0.0,0.0,0.0,0.0,0.0,0.0,0.0,0.0
qwen25coder_14b,MUSE-News,full_inference,system_token_f1,30,0.07865230194641959,0.039478224350695375,0.007207704669041866,0.0952380952380952,0.0769230769230769,0.0952380952380952,0.0,0.1176470588235294,0.06452520079509753,0.09277940309774164
qwen25coder_14b,MUSE-News,full_inference,system_semantic,30,0.13753616685668624,0.06920805558201788,0.012635604401114175,0.1443375647068023,0.11791610158979889,0.1961161345243454,0.0,0.1961161345243454,0.11277038223050245,0.16230195148287002
qwen25coder_14b,MUSE-News,full_inference,system_positive,30,0.0,0.0,0.0,0.0,0.0,0.0,0.0,0.0,0.0,0.0
qwen25coder_14b,MUSE-News,none,chain_length,30,4.0,0.0,0.0,4.0,4.0,4.0,4.0,4.0,4.0,4.0
qwen25coder_14b,MUSE-News,none,target_agent_position,30,2.0,0.0,0.0,2.0,2.0,2.0,2.0,2.0,2.0,2.0
qwen25coder_14b,MUSE-News,none,peer_evidence,30,1.0,0.0,0.0,1.0,1.0,1.0,1.0,1.0,1.0,1.0
qwen25coder_14b,MUSE-News,none,target_exact,30,0.0,0.0,0.0,0.0,0.0,0.0,0.0,0.0,0.0,0.0
qwen25coder_14b,MUSE-News,none,target_token_f1,30,0.09263660181818749,0.014458845700606217,0.002639811981902871,0.0909090909090909,0.0869565217391304,0.0952380952380952,0.0571428571428571,0.1176470588235294,0.08746257033365787,0.09781063330271711
qwen25coder_14b,MUSE-News,none,target_semantic,30,0.15507156898578006,0.03299320421735511,0.006023707398073325,0.1443375647068023,0.1154700517654419,0.19198842719197273,0.1132277026772499,0.1961161345243454,0.14326510248555635,0.16687803548600377
qwen25coder_14b,MUSE-News,none,target_positive,30,0.0,0.0,0.0,0.0,0.0,0.0,0.0,0.0,0.0,0.0
qwen25coder_14b,MUSE-News,none,system_exact,30,0.0,0.0,0.0,0.0,0.0,0.0,0.0,0.0,0.0,0.0
qwen25coder_14b,MUSE-News,none,system_token_f1,30,0.09564013423348464,0.015036547751087335,0.002745285463424703,0.0952380952380952,0.0909090909090909,0.0988095238095238,0.0571428571428571,0.1176470588235294,0.09025937472517222,0.10102089374179705
qwen25coder_14b,MUSE-News,none,system_semantic,30,0.1582810466488202,0.03256771523171344,0.005946024092938013,0.1443375647068023,0.13542431592941281,0.1961161345243454,0.1132277026772499,0.1961161345243454,0.1466268394266617,0.16993525387097871
qwen25coder_14b,MUSE-News,none,system_positive,30,0.0,0.0,0.0,0.0,0.0,0.0,0.0,0.0,0.0,0.0
qwen25coder_14b,MUSE-News,target_context_memory,chain_length,30,4.0,0.0,0.0,4.0,4.0,4.0,4.0,4.0,4.0,4.0
qwen25coder_14b,MUSE-News,target_context_memory,target_agent_position,30,2.0,0.0,0.0,2.0,2.0,2.0,2.0,2.0,2.0,2.0
qwen25coder_14b,MUSE-News,target_context_memory,peer_evidence,30,1.0,0.0,0.0,1.0,1.0,1.0,1.0,1.0,1.0,1.0
qwen25coder_14b,MUSE-News,target_context_memory,target_exact,30,0.0,0.0,0.0,0.0,0.0,0.0,0.0,0.0,0.0,0.0
qwen25coder_14b,MUSE-News,target_context_memory,target_token_f1,30,0.0692647940294999,0.03503523607705839,0.006396529702307895,0.0769230769230769,0.057563025210083996,0.09415584415584413,0.0,0.1176470588235294,0.05672759581297642,0.08180199224602337
qwen25coder_14b,MUSE-News,target_context_memory,target_semantic,30,0.12625267431139944,0.06670039866585518,0.012177770981292123,0.1443375647068023,0.10046974197030062,0.17822339385747904,0.0,0.1961161345243454,0.10238424318806688,0.150121105434732
qwen25coder_14b,MUSE-News,target_context_memory,target_positive,30,0.0,0.0,0.0,0.0,0.0,0.0,0.0,0.0,0.0,0.0
qwen25coder_14b,MUSE-News,target_context_memory,system_exact,30,0.0,0.0,0.0,0.0,0.0,0.0,0.0,0.0,0.0,0.0
qwen25coder_14b,MUSE-News,target_context_memory,system_token_f1,30,0.07865230194641959,0.039478224350695375,0.007207704669041866,0.0952380952380952,0.0769230769230769,0.0952380952380952,0.0,0.1176470588235294,0.06452520079509753,0.09277940309774164
qwen25coder_14b,MUSE-News,target_context_memory,system_semantic,30,0.13753616685668624,0.06920805558201788,0.012635604401114175,0.1443375647068023,0.11791610158979889,0.1961161345243454,0.0,0.1961161345243454,0.11277038223050245,0.16230195148287002
qwen25coder_14b,MUSE-News,target_context_memory,system_positive,30,0.0,0.0,0.0,0.0,0.0,0.0,0.0,0.0,0.0,0.0
qwen25coder_14b,RWKU,full_inference,chain_length,450,4.0,0.0,0.0,4.0,4.0,4.0,4.0,4.0,4.0,4.0
qwen25coder_14b,RWKU,full_inference,target_agent_position,450,2.0,0.0,0.0,2.0,2.0,2.0,2.0,2.0,2.0,2.0
qwen25coder_14b,RWKU,full_inference,peer_evidence,450,1.0,0.0,0.0,1.0,1.0,1.0,1.0,1.0,1.0,1.0
qwen25coder_14b,RWKU,full_inference,target_exact,450,0.17777777777777778,0.38275108293413834,0.01804305908328159,0.0,0.0,0.0,0.0,1.0,0.14241338197454587,0.2131421735810097
qwen25coder_14b,RWKU,full_inference,target_token_f1,450,0.3292401832698265,0.3408099230913584,0.016065933847571014,0.1818181818181818,0.1052631578947368,0.4444444444444445,0.0,1.0,0.29775095292858733,0.3607294136110657
qwen25coder_14b,RWKU,full_inference,target_semantic,450,0.4158931787808736,0.31509863672019156,0.014853892184498927,0.3162277638912201,0.2325168363749981,0.5345224738121033,0.0,1.0,0.38677955009925574,0.4450068074624915
qwen25coder_14b,RWKU,full_inference,target_positive,450,0.2088888888888889,0.406967284557766,0.01918462177545811,0.0,0.0,0.0,0.0,1.0,0.171287030208991,0.2464907475687868
qwen25coder_14b,RWKU,full_inference,system_exact,450,0.10666666666666667,0.3090325445414222,0.014567933856838229,0.0,0.0,0.0,0.0,1.0,0.07811351630726375,0.1352198170260696
qwen25coder_14b,RWKU,full_inference,system_token_f1,450,0.2841861349994938,0.27749188649295164,0.013081092977560922,0.18614718614718614,0.125,0.3,0.0,1.0,0.2585471927634744,0.3098250772355132
qwen25coder_14b,RWKU,full_inference,system_semantic,450,0.3910038224856059,0.2570874562639092,0.012119218912147343,0.3086067140102386,0.25,0.4618802070617676,0.0,1.0,0.3672501534177971,0.4147574915534147
qwen25coder_14b,RWKU,full_inference,system_positive,450,0.13111111111111112,0.3378974833146712,0.01592864011984482,0.0,0.0,0.0,0.0,1.0,0.09989097647621528,0.16233124574600696
qwen25coder_14b,RWKU,none,chain_length,450,4.0,0.0,0.0,4.0,4.0,4.0,4.0,4.0,4.0,4.0
qwen25coder_14b,RWKU,none,target_agent_position,450,2.0,0.0,0.0,2.0,2.0,2.0,2.0,2.0,2.0,2.0
qwen25coder_14b,RWKU,none,peer_evidence,450,1.0,0.0,0.0,1.0,1.0,1.0,1.0,1.0,1.0,1.0
qwen25coder_14b,RWKU,none,target_exact,450,0.15333333333333332,0.3607095210479067,0.0170040098914351,0.0,0.0,0.0,0.0,1.0,0.12000547394612052,0.18666119272054613
qwen25coder_14b,RWKU,none,target_token_f1,450,0.34581913918721124,0.3080393874534331,0.014521115982724857,0.1999999999999999,0.1428571428571428,0.4444444444444445,0.0,1.0,0.3173577518610705,0.374280526513352
qwen25coder_14b,RWKU,none,target_semantic,450,0.4511671219931708,0.26927785722632863,0.012693879924541329,0.3333333432674408,0.2581988871097564,0.5345224738121033,0.0,1.0,0.42628711734106983,0.4760471266452718
qwen25coder_14b,RWKU,none,target_positive,450,0.20222222222222222,0.4021040923244789,0.018955368695033375,0.0,0.0,0.0,0.0,1.0,0.16506969957995682,0.23937474486448762
qwen25coder_14b,RWKU,none,system_exact,450,0.09333333333333334,0.29122275052468444,0.013728372115453503,0.0,0.0,0.0,0.0,1.0,0.06642572398704447,0.12024094267962221
qwen25coder_14b,RWKU,none,system_token_f1,450,0.292163425184885,0.2590904318256419,0.012213640085630818,0.1999999999999999,0.1333333333333333,0.3082706766917293,0.0,1.0,0.26822469061704857,0.3161021597527214
qwen25coder_14b,RWKU,none,system_semantic,450,0.4081326316131486,0.23041021991988278,0.010861641930668856,0.3333333432674408,0.2581988871097564,0.4618802070617676,0.0,1.0,0.3868438134290377,0.42942144979725955
qwen25coder_14b,RWKU,none,system_positive,450,0.13111111111111112,0.33789748331467123,0.015928640119844822,0.0,0.0,0.0,0.0,1.0,0.09989097647621527,0.16233124574600696
qwen25coder_14b,RWKU,target_context_memory,chain_length,450,4.0,0.0,0.0,4.0,4.0,4.0,4.0,4.0,4.0,4.0
qwen25coder_14b,RWKU,target_context_memory,target_agent_position,450,2.0,0.0,0.0,2.0,2.0,2.0,2.0,2.0,2.0,2.0
qwen25coder_14b,RWKU,target_context_memory,peer_evidence,450,1.0,0.0,0.0,1.0,1.0,1.0,1.0,1.0,1.0,1.0
qwen25coder_14b,RWKU,target_context_memory,target_exact,450,0.21333333333333335,0.410117045599563,0.019333102934909568,0.0,0.0,0.0,0.0,1.0,0.1754404515809106,0.2512262150857561
qwen25coder_14b,RWKU,target_context_memory,target_token_f1,450,0.37341531313074583,0.35342929943164486,0.01666081695320846,0.1999999999999999,0.125,0.45726495726495725,0.0,1.0,0.34076011190245725,0.4060705143590344
qwen25coder_14b,RWKU,target_context_memory,target_semantic,450,0.46208831283781265,0.3171993203194223,0.01495291935904182,0.3333333432674408,0.2425356209278106,0.6405125856399536,0.0,1.0,0.4327805908940907,0.4913960347815346
qwen25coder_14b,RWKU,target_context_memory,target_positive,450,0.24888888888888888,0.43285051052787443,0.020404768748954607,0.0,0.0,0.0,0.0,1.0,0.20889554214093786,0.2888822356368399
qwen25coder_14b,RWKU,target_context_memory,system_exact,450,0.11333333333333333,0.3173526348992641,0.014960146677645881,0.0,0.0,0.0,0.0,1.0,0.0840114458451474,0.14265522082151927
qwen25coder_14b,RWKU,target_context_memory,system_token_f1,450,0.2915420558264274,0.2828263517847887,0.013332562083018407,0.196774193548387,0.125,0.3289473684210526,0.0,1.0,0.26541023414371134,0.31767387750914344
qwen25coder_14b,RWKU,target_context_memory,system_semantic,450,0.39605612172020804,0.2603500589730878,0.012273019478812527,0.3162277638912201,0.25,0.4618802070617676,0.0,1.0,0.3720010035417355,0.4201112398986806
qwen25coder_14b,RWKU,target_context_memory,system_positive,450,0.13555555555555557,0.3426969906768306,0.016154891066654,0.0,0.0,0.0,0.0,1.0,0.10389196906491373,0.16721914204619742
qwen25coder_14b,TOFU,full_inference,chain_length,135,4.0,0.0,0.0,4.0,4.0,4.0,4.0,4.0,4.0,4.0
qwen25coder_14b,TOFU,full_inference,target_agent_position,135,2.0,0.0,0.0,2.0,2.0,2.0,2.0,2.0,2.0,2.0
qwen25coder_14b,TOFU,full_inference,peer_evidence,135,1.0,0.0,0.0,1.0,1.0,1.0,1.0,1.0,1.0,1.0
qwen25coder_14b,TOFU,full_inference,target_exact,135,0.037037037037037035,0.18955593855614655,0.016314377626726044,0.0,0.0,0.0,0.0,1.0,0.005060856888653986,0.06901321718542008
qwen25coder_14b,TOFU,full_inference,target_token_f1,135,0.5150431158750177,0.22754675121506554,0.01958410617643447,0.4516129032258064,0.3333333333333333,0.7234042553191489,0.2222222222222222,1.0,0.47665826776920617,0.5534279639808293
qwen25coder_14b,TOFU,full_inference,target_semantic,135,0.5831953250699573,0.21421968559724458,0.01843709499439816,0.5424507856369019,0.4342927932739258,0.8061496019363403,0.2475937902927398,1.0,0.5470586188809369,0.6193320312589777
qwen25coder_14b,TOFU,full_inference,target_positive,135,0.3851851851851852,0.48845148531888677,0.042039210401562783,0.0,0.0,1.0,0.0,1.0,0.3027883327981221,0.46758203757224825
qwen25coder_14b,TOFU,full_inference,system_exact,135,0.1111111111111111,0.3154401489382559,0.027148765412512273,0.0,0.0,0.0,0.0,1.0,0.05789953090258705,0.16432269131963517
qwen25coder_14b,TOFU,full_inference,system_token_f1,135,0.6513383889341564,0.2371741895140149,0.020412704136400478,0.6153846153846153,0.45883940620782726,0.8888888888888888,0.2432432432432432,1.0,0.6113294888268115,0.6913472890415013
qwen25coder_14b,TOFU,full_inference,system_semantic,135,0.7060731318261888,0.2170411242031399,0.018679925766242143,0.7293477058410645,0.56061190366745,0.9057894349098206,0.2475937902927398,1.0,0.6694604773243542,0.7426857863280234
qwen25coder_14b,TOFU,full_inference,system_positive,135,0.6888888888888889,0.46467235554737946,0.039992628766177166,1.0,0.0,1.0,0.0,1.0,0.6105033365071817,0.7672744412705961
qwen25coder_14b,TOFU,none,chain_length,135,4.0,0.0,0.0,4.0,4.0,4.0,4.0,4.0,4.0,4.0
qwen25coder_14b,TOFU,none,target_agent_position,135,2.0,0.0,0.0,2.0,2.0,2.0,2.0,2.0,2.0,2.0
qwen25coder_14b,TOFU,none,peer_evidence,135,1.0,0.0,0.0,1.0,1.0,1.0,1.0,1.0,1.0,1.0
qwen25coder_14b,TOFU,none,target_exact,135,0.3333333333333333,0.47316022340738384,0.04072314811876841,0.0,0.0,1.0,0.0,1.0,0.25351596302054724,0.4131507036461194
qwen25coder_14b,TOFU,none,target_token_f1,135,0.8219237508344684,0.18002151400192878,0.015493785015300346,0.912280701754386,0.7061188811188812,1.0,0.4516129032258064,1.0,0.7915559322044797,0.8522915694644572
qwen25coder_14b,TOFU,none,target_semantic,135,0.8620014746983846,0.13995466857539451,0.012045380013699588,0.9124211072921752,0.751065731048584,1.0,0.5001929998397827,1.0,0.8383925298715335,0.8856104195252358
qwen25coder_14b,TOFU,none,target_positive,135,0.9259259259259259,0.2628667907818799,0.02262397117709356,1.0,1.0,1.0,0.0,1.0,0.8815829424188225,0.9702689094330293
qwen25coder_14b,TOFU,none,system_exact,135,0.2814814814814815,0.4513967023178841,0.03885004245800249,0.0,0.0,1.0,0.0,1.0,0.2053353982637966,0.3576275646991664
qwen25coder_14b,TOFU,none,system_token_f1,135,0.81920256858044,0.1748881631338217,0.015051976517024385,0.84,0.7169811320754716,1.0,0.4516129032258064,1.0,0.7897006946070723,0.8487044425538078
qwen25coder_14b,TOFU,none,system_semantic,135,0.8603481893186216,0.13580841423914553,0.011688527258289975,0.8939939141273499,0.7607328295707703,1.0,0.5001929998397827,1.0,0.8374386758923732,0.8832577027448699
qwen25coder_14b,TOFU,none,system_positive,135,0.9259259259259259,0.2628667907818799,0.02262397117709356,1.0,1.0,1.0,0.0,1.0,0.8815829424188225,0.9702689094330293
qwen25coder_14b,TOFU,target_context_memory,chain_length,135,4.0,0.0,0.0,4.0,4.0,4.0,4.0,4.0,4.0,4.0
qwen25coder_14b,TOFU,target_context_memory,target_agent_position,135,2.0,0.0,0.0,2.0,2.0,2.0,2.0,2.0,2.0,2.0
qwen25coder_14b,TOFU,target_context_memory,peer_evidence,135,1.0,0.0,0.0,1.0,1.0,1.0,1.0,1.0,1.0,1.0
qwen25coder_14b,TOFU,target_context_memory,target_exact,135,0.07407407407407407,0.2628667907818799,0.02262397117709356,0.0,0.0,0.0,0.0,1.0,0.029731090566970687,0.11841705758117746
qwen25coder_14b,TOFU,target_context_memory,target_token_f1,135,0.6461055653884208,0.2207270470566749,0.018997159495734283,0.6578947368421053,0.4776119402985074,0.8307692307692307,0.2432432432432432,1.0,0.6088711327767816,0.68333999800006
qwen25coder_14b,TOFU,target_context_memory,target_semantic,135,0.7049375933629495,0.2060095955849145,0.017730482952428864,0.7460038661956787,0.5642880797386169,0.870571494102478,0.2475937902927398,1.0,0.6701858467761889,0.7396893399497101
qwen25coder_14b,TOFU,target_context_memory,target_positive,135,0.7111111111111111,0.4549342525347517,0.03915450630414251,1.0,0.0,1.0,0.0,1.0,0.6343682787549918,0.7878539434672305
qwen25coder_14b,TOFU,target_context_memory,system_exact,135,0.08148148148148149,0.2745920135550861,0.023633117677786884,0.0,0.0,0.0,0.0,1.0,0.0351605708330192,0.12780239212994376
qwen25coder_14b,TOFU,target_context_memory,system_token_f1,135,0.6537618195698559,0.2303357746912094,0.01982414709810751,0.6586826347305389,0.4691358024691358,0.8878406708595388,0.2432432432432432,1.0,0.6149064912575652,0.6926171478821466
qwen25coder_14b,TOFU,target_context_memory,system_semantic,135,0.7104968550028624,0.21127746584271417,0.018183869036394188,0.7462025284767151,0.5642880797386169,0.9057894349098206,0.2475937902927398,1.0,0.6748564716915298,0.746137238314195
qwen25coder_14b,TOFU,target_context_memory,system_positive,135,0.6962962962962963,0.4615689349410314,0.03972552884785132,1.0,0.0,1.0,0.0,1.0,0.6184342597545077,0.7741583328380849
qwen25coder_1p5b,MUSE-Books,full_inference,chain_length,30,4.0,0.0,0.0,4.0,4.0,4.0,4.0,4.0,4.0,4.0
qwen25coder_1p5b,MUSE-Books,full_inference,target_agent_position,30,2.0,0.0,0.0,2.0,2.0,2.0,2.0,2.0,2.0,2.0
qwen25coder_1p5b,MUSE-Books,full_inference,peer_evidence,30,1.0,0.0,0.0,1.0,1.0,1.0,1.0,1.0,1.0,1.0
qwen25coder_1p5b,MUSE-Books,full_inference,target_exact,30,0.0,0.0,0.0,0.0,0.0,0.0,0.0,0.0,0.0,0.0
qwen25coder_1p5b,MUSE-Books,full_inference,target_token_f1,30,0.11390986174386385,0.11175714942889274,0.020403970568226716,0.0999999999999999,0.0526315789473684,0.1200657894736842,0.0132450331125827,0.5,0.07391807943013948,0.15390164405758822
qwen25coder_1p5b,MUSE-Books,full_inference,target_semantic,30,0.27875810302793974,0.11835404145941969,0.021608392759741937,0.3015113472938537,0.19276771321892733,0.3015113472938537,0.0589255653321743,0.5,0.23640565321884555,0.32111055283703394
qwen25coder_1p5b,MUSE-Books,full_inference,target_positive,30,0.06666666666666667,0.2537081317024625,0.046320555585310084,0.0,0.0,0.0,0.0,1.0,-0.0241216222805411,0.15745495561387443
qwen25coder_1p5b,MUSE-Books,full_inference,system_exact,30,0.0,0.0,0.0,0.0,0.0,0.0,0.0,0.0,0.0,0.0
qwen25coder_1p5b,MUSE-Books,full_inference,system_token_f1,30,0.11702671197219616,0.08755100369979335,0.01598455321953169,0.10263157894736835,0.0795454545454545,0.1428571428571428,0.0194174757281553,0.5,0.08569698766191405,0.14835643628247827
qwen25coder_1p5b,MUSE-Books,full_inference,system_semantic,30,0.30852685794234275,0.18241887507605486,0.03330497759795739,0.2573560327291488,0.1780241467058658,0.42155258357524866,0.0982946380972862,0.75,0.24324910185034626,0.37380461403433923
qwen25coder_1p5b,MUSE-Books,full_inference,system_positive,30,0.03333333333333333,0.18257418583505533,0.033333333333333326,0.0,0.0,0.0,0.0,1.0,-0.03199999999999998,0.09866666666666665
qwen25coder_1p5b,MUSE-Books,none,chain_length,30,4.0,0.0,0.0,4.0,4.0,4.0,4.0,4.0,4.0,4.0
qwen25coder_1p5b,MUSE-Books,none,target_agent_position,30,2.0,0.0,0.0,2.0,2.0,2.0,2.0,2.0,2.0,2.0
qwen25coder_1p5b,MUSE-Books,none,peer_evidence,30,1.0,0.0,0.0,1.0,1.0,1.0,1.0,1.0,1.0,1.0
qwen25coder_1p5b,MUSE-Books,none,target_exact,30,0.06666666666666667,0.2537081317024625,0.046320555585310084,0.0,0.0,0.0,0.0,1.0,-0.0241216222805411,0.15745495561387443
qwen25coder_1p5b,MUSE-Books,none,target_token_f1,30,0.25963555408063416,0.23570139128084086,0.04303298961328934,0.1739130434782608,0.1428571428571428,0.1999999999999999,0.0909090909090909,1.0,0.17529089443858706,0.3439802137226813
qwen25coder_1p5b,MUSE-Books,none,target_semantic,30,0.4461793079972267,0.237052741366611,0.043279711254976955,0.5273500978946686,0.2041241526603698,0.5547001957893372,0.1386750489473343,1.0,0.3613510739374719,0.5310075420569815
qwen25coder_1p5b,MUSE-Books,none,target_positive,30,0.2,0.4068381021724863,0.07427813527082075,0.0,0.0,0.0,0.0,1.0,0.05441485486919134,0.3455851451308087
qwen25coder_1p5b,MUSE-Books,none,system_exact,30,0.06666666666666667,0.2537081317024625,0.046320555585310084,0.0,0.0,0.0,0.0,1.0,-0.0241216222805411,0.15745495561387443
qwen25coder_1p5b,MUSE-Books,none,system_token_f1,30,0.23331976460694995,0.22912390460000417,0.04183211033769466,0.1739130434782608,0.11458333333333333,0.1999999999999999,0.0909090909090909,1.0,0.15132882834506842,0.3153107008688315
qwen25coder_1p5b,MUSE-Books,none,system_semantic,30,0.42366073578596114,0.24704350550795598,0.04510376688395308,0.5273500978946686,0.1722455620765686,0.5547001957893372,0.1386750489473343,1.0,0.3352573526934131,0.5120641188785092
qwen25coder_1p5b,MUSE-Books,none,system_positive,30,0.13333333333333333,0.3457459036417604,0.06312427686319991,0.0,0.0,0.0,0.0,1.0,0.009609750681461512,0.25705691598520514
qwen25coder_1p5b,MUSE-Books,target_context_memory,chain_length,30,4.0,0.0,0.0,4.0,4.0,4.0,4.0,4.0,4.0,4.0
qwen25coder_1p5b,MUSE-Books,target_context_memory,target_agent_position,30,2.0,0.0,0.0,2.0,2.0,2.0,2.0,2.0,2.0,2.0
qwen25coder_1p5b,MUSE-Books,target_context_memory,peer_evidence,30,1.0,0.0,0.0,1.0,1.0,1.0,1.0,1.0,1.0,1.0
qwen25coder_1p5b,MUSE-Books,target_context_memory,target_exact,30,0.06666666666666667,0.2537081317024624,0.04632055558531008,0.0,0.0,0.0,0.0,1.0,-0.024121622280541086,0.1574549556138744
qwen25coder_1p5b,MUSE-Books,target_context_memory,target_token_f1,30,0.19196743346210762,0.24580505026317928,0.04487765692594482,0.11513157894736839,0.07537878787878785,0.16614906832298132,0.0294117647058823,1.0,0.10400722588725578,0.27992764103695944
qwen25coder_1p5b,MUSE-Books,target_context_memory,target_semantic,30,0.37264607300360997,0.24392701148819854,0.04453477552563605,0.3015113472938537,0.19276771321892733,0.5351515561342239,0.0877057984471321,1.0,0.2853579129733633,0.4599342330338566
qwen25coder_1p5b,MUSE-Books,target_context_memory,target_positive,30,0.13333333333333333,0.34574590364176044,0.06312427686319992,0.0,0.0,0.0,0.0,1.0,0.009609750681461485,0.2570569159852052
qwen25coder_1p5b,MUSE-Books,target_context_memory,system_exact,30,0.06666666666666667,0.2537081317024624,0.04632055558531008,0.0,0.0,0.0,0.0,1.0,-0.024121622280541086,0.1574549556138744
qwen25coder_1p5b,MUSE-Books,target_context_memory,system_token_f1,30,0.16553336411644012,0.23259493359000807,0.042465830629554495,0.1052631578947368,0.07418032786885237,0.1428571428571428,0.0194174757281553,1.0,0.08230033608251332,0.24876639215036694
qwen25coder_1p5b,MUSE-Books,target_context_memory,system_semantic,30,0.35645695552229884,0.2542203434681147,0.04641407223139917,0.2573560327291488,0.1780241467058658,0.5547001957893372,0.0982946380972862,1.0,0.2654853739487565,0.4474285370958412
qwen25coder_1p5b,MUSE-Books,target_context_memory,system_positive,30,0.1,0.30512857662936466,0.055708601453115555,0.0,0.0,0.0,0.0,1.0,-0.009188858848106482,0.2091888588481065
qwen25coder_1p5b,MUSE-News,full_inference,chain_length,30,4.0,0.0,0.0,4.0,4.0,4.0,4.0,4.0,4.0,4.0
qwen25coder_1p5b,MUSE-News,full_inference,target_agent_position,30,2.0,0.0,0.0,2.0,2.0,2.0,2.0,2.0,2.0,2.0
qwen25coder_1p5b,MUSE-News,full_inference,peer_evidence,30,1.0,0.0,0.0,1.0,1.0,1.0,1.0,1.0,1.0,1.0
qwen25coder_1p5b,MUSE-News,full_inference,target_exact,30,0.0,0.0,0.0,0.0,0.0,0.0,0.0,0.0,0.0,0.0
qwen25coder_1p5b,MUSE-News,full_inference,target_token_f1,30,0.05417960790275368,0.06649122570059893,0.012139581397461758,0.015625,0.0,0.1176470588235294,0.0,0.25,0.030386028363728636,0.07797318744177872
qwen25coder_1p5b,MUSE-News,full_inference,target_semantic,30,0.07961296041806537,0.10244872876639434,0.018704493244360864,0.0419960543513298,0.0,0.1443375647068023,0.0,0.4330126941204071,0.04295215365911808,0.11627376717701265
qwen25coder_1p5b,MUSE-News,full_inference,target_positive,30,0.0,0.0,0.0,0.0,0.0,0.0,0.0,0.0,0.0,0.0
qwen25coder_1p5b,MUSE-News,full_inference,system_exact,30,0.0,0.0,0.0,0.0,0.0,0.0,0.0,0.0,0.0,0.0
qwen25coder_1p5b,MUSE-News,full_inference,system_token_f1,30,0.1113570171182536,0.1422829518293006,0.025977194088442956,0.03965252938170665,0.0,0.1176470588235294,0.0,0.3529411764705882,0.06044171670490541,0.1622723175316018
qwen25coder_1p5b,MUSE-News,full_inference,system_semantic,30,0.15606253544489543,0.17832180128133387,0.03255695768558006,0.09388165175914759,0.0,0.3521536290645599,0.0,0.4330126941204071,0.0922508983811585,0.21987417250863234
qwen25coder_1p5b,MUSE-News,full_inference,system_positive,30,0.0,0.0,0.0,0.0,0.0,0.0,0.0,0.0,0.0,0.0
qwen25coder_1p5b,MUSE-News,none,chain_length,30,4.0,0.0,0.0,4.0,4.0,4.0,4.0,4.0,4.0,4.0
qwen25coder_1p5b,MUSE-News,none,target_agent_position,30,2.0,0.0,0.0,2.0,2.0,2.0,2.0,2.0,2.0,2.0
qwen25coder_1p5b,MUSE-News,none,peer_evidence,30,1.0,0.0,0.0,1.0,1.0,1.0,1.0,1.0,1.0,1.0
qwen25coder_1p5b,MUSE-News,none,target_exact,30,0.0,0.0,0.0,0.0,0.0,0.0,0.0,0.0,0.0,0.0
qwen25coder_1p5b,MUSE-News,none,target_token_f1,30,0.0990642837703148,0.11369763177858601,0.02075825255334926,0.0625,0.0,0.1764705882352941,0.0,0.3529411764705882,0.05837810876575025,0.13975045877487935
qwen25coder_1p5b,MUSE-News,none,target_semantic,30,0.16121731797854105,0.16916063193190836,0.03088436465031164,0.1212678104639053,0.0,0.2927700281143188,0.0,0.4330126941204071,0.10068396326393024,0.22175067269315185
qwen25coder_1p5b,MUSE-News,none,target_positive,30,0.0,0.0,0.0,0.0,0.0,0.0,0.0,0.0,0.0,0.0
qwen25coder_1p5b,MUSE-News,none,system_exact,30,0.0,0.0,0.0,0.0,0.0,0.0,0.0,0.0,0.0,0.0
qwen25coder_1p5b,MUSE-News,none,system_token_f1,30,0.0990642837703148,0.11369763177858601,0.02075825255334926,0.0625,0.0,0.1764705882352941,0.0,0.3529411764705882,0.05837810876575025,0.13975045877487935
qwen25coder_1p5b,MUSE-News,none,system_semantic,30,0.16121731797854105,0.16916063193190836,0.03088436465031164,0.1212678104639053,0.0,0.2927700281143188,0.0,0.4330126941204071,0.10068396326393024,0.22175067269315185
qwen25coder_1p5b,MUSE-News,none,system_positive,30,0.0,0.0,0.0,0.0,0.0,0.0,0.0,0.0,0.0,0.0
qwen25coder_1p5b,MUSE-News,target_context_memory,chain_length,30,4.0,0.0,0.0,4.0,4.0,4.0,4.0,4.0,4.0,4.0
qwen25coder_1p5b,MUSE-News,target_context_memory,target_agent_position,30,2.0,0.0,0.0,2.0,2.0,2.0,2.0,2.0,2.0,2.0
qwen25coder_1p5b,MUSE-News,target_context_memory,peer_evidence,30,1.0,0.0,0.0,1.0,1.0,1.0,1.0,1.0,1.0,1.0
qwen25coder_1p5b,MUSE-News,target_context_memory,target_exact,30,0.0,0.0,0.0,0.0,0.0,0.0,0.0,0.0,0.0,0.0
qwen25coder_1p5b,MUSE-News,target_context_memory,target_token_f1,30,0.08962524844184773,0.11288456803718312,0.020609808102730623,0.0434782608695652,0.0,0.1623529411764706,0.0,0.3529411764705882,0.04923002456049571,0.13002047232319974
qwen25coder_1p5b,MUSE-News,target_context_memory,target_semantic,30,0.13661468252539635,0.16113429915615785,0.029418963478537768,0.05661385133862495,0.0,0.2847473919391632,0.0,0.4330126941204071,0.07895351410746232,0.19427585094333039
qwen25coder_1p5b,MUSE-News,target_context_memory,target_positive,30,0.0,0.0,0.0,0.0,0.0,0.0,0.0,0.0,0.0,0.0
qwen25coder_1p5b,MUSE-News,target_context_memory,system_exact,30,0.0,0.0,0.0,0.0,0.0,0.0,0.0,0.0,0.0,0.0
qwen25coder_1p5b,MUSE-News,target_context_memory,system_token_f1,30,0.09101850854218618,0.11169986002166558,0.020393511001345243,0.045009074410163295,0.0,0.1656862745098039,0.0,0.3529411764705882,0.051047226979549505,0.13098979010482287
qwen25coder_1p5b,MUSE-News,target_context_memory,system_semantic,30,0.14543425639470417,0.16095763373614497,0.02938670893331371,0.09388165175914759,0.0,0.2847473919391632,0.0,0.4568322002887726,0.0878363068854093,0.20303220590399904
qwen25coder_1p5b,MUSE-News,target_context_memory,system_positive,30,0.0,0.0,0.0,0.0,0.0,0.0,0.0,0.0,0.0,0.0
qwen25coder_1p5b,RWKU,full_inference,chain_length,450,4.0,0.0,0.0,4.0,4.0,4.0,4.0,4.0,4.0,4.0
qwen25coder_1p5b,RWKU,full_inference,target_agent_position,450,2.0,0.0,0.0,2.0,2.0,2.0,2.0,2.0,2.0,2.0
qwen25coder_1p5b,RWKU,full_inference,peer_evidence,450,1.0,0.0,0.0,1.0,1.0,1.0,1.0,1.0,1.0,1.0
qwen25coder_1p5b,RWKU,full_inference,target_exact,450,0.06888888888888889,0.25354697356702716,0.01195231895723808,0.0,0.0,0.0,0.0,1.0,0.04546234373270225,0.09231543404507553
qwen25coder_1p5b,RWKU,full_inference,target_token_f1,450,0.16441378294826675,0.2781440462964536,0.013111836085525824,0.0384615384615384,0.0,0.17984189723320154,0.0,1.0,0.13871458422063615,0.19011298167589735
qwen25coder_1p5b,RWKU,full_inference,target_semantic,450,0.2343052015784714,0.2849946260740472,0.013434775513245548,0.1527779176831245,0.0,0.3489003032445907,0.0,1.0,0.20797304157251012,0.2606373615844327
qwen25coder_1p5b,RWKU,full_inference,target_positive,450,0.12,0.32532320745618015,0.015335883071308199,0.0,0.0,0.0,0.0,1.0,0.08994166918023593,0.15005833081976405
qwen25coder_1p5b,RWKU,full_inference,system_exact,450,0.07777777777777778,0.2681196495939667,0.012639281493150321,0.0,0.0,0.0,0.0,1.0,0.05300478605120315,0.10255076950435241
qwen25coder_1p5b,RWKU,full_inference,system_token_f1,450,0.20137052535875322,0.2951889276352744,0.013915339497472505,0.0655913978494623,0.0,0.23882352941176468,0.0,1.0,0.1740964599437071,0.22864459077379934
qwen25coder_1p5b,RWKU,full_inference,system_semantic,450,0.2809407456219196,0.2980134574465304,0.014048489109686018,0.21511804312467575,0.0,0.4264014363288879,0.0,1.0,0.25340570696693504,0.3084757842769042
qwen25coder_1p5b,RWKU,full_inference,system_positive,450,0.1622222222222222,0.3690648441578648,0.017397883600105503,0.0,0.0,0.0,0.0,1.0,0.12812237036601543,0.196322074078429
qwen25coder_1p5b,RWKU,none,chain_length,450,4.0,0.0,0.0,4.0,4.0,4.0,4.0,4.0,4.0,4.0
qwen25coder_1p5b,RWKU,none,target_agent_position,450,2.0,0.0,0.0,2.0,2.0,2.0,2.0,2.0,2.0,2.0
qwen25coder_1p5b,RWKU,none,peer_evidence,450,1.0,0.0,0.0,1.0,1.0,1.0,1.0,1.0,1.0,1.0
qwen25coder_1p5b,RWKU,none,target_exact,450,0.07111111111111111,0.2572963957934409,0.01212906841602666,0.0,0.0,0.0,0.0,1.0,0.04733813701569886,0.09488408520652336
qwen25coder_1p5b,RWKU,none,target_token_f1,450,0.20539959526653112,0.2748057399693716,0.012954466816088646,0.0952380952380952,0.029577620521892924,0.2352941176470588,0.0,1.0,0.18000884030699738,0.23079035022606487
qwen25coder_1p5b,RWKU,none,target_semantic,450,0.3085000881055991,0.2789705216754335,0.013150796508523185,0.2425356209278106,0.1259881556034088,0.4618802070617676,0.0,1.0,0.28272452694889366,0.3342756492623045
qwen25coder_1p5b,RWKU,none,target_positive,450,0.14888888888888888,0.3563751071911291,0.016799683662728673,0.0,0.0,0.0,0.0,1.0,0.11596150890994067,0.18181626886783708
qwen25coder_1p5b,RWKU,none,system_exact,450,0.06666666666666667,0.24972144838146604,0.011771981970550734,0.0,0.0,0.0,0.0,1.0,0.043593582004387225,0.0897397513289461
qwen25coder_1p5b,RWKU,none,system_token_f1,450,0.19693624682494595,0.26766225706481134,0.012617719802548331,0.0909090909090909,0.0294117647058823,0.2352941176470588,0.0,1.0,0.17220551601195122,0.2216669776379407
qwen25coder_1p5b,RWKU,none,system_semantic,450,0.30080449463592634,0.27384349745129133,0.012909106268776609,0.2385952770709991,0.12113918550312514,0.39349753409624094,0.0,1.0,0.2755026463491242,0.3261063429227285
qwen25coder_1p5b,RWKU,none,system_positive,450,0.13333333333333333,0.3403129700652839,0.016042507257259784,0.0,0.0,0.0,0.0,1.0,0.10189001910910415,0.1647766475575625
qwen25coder_1p5b,RWKU,target_context_memory,chain_length,450,4.0,0.0,0.0,4.0,4.0,4.0,4.0,4.0,4.0,4.0
qwen25coder_1p5b,RWKU,target_context_memory,target_agent_position,450,2.0,0.0,0.0,2.0,2.0,2.0,2.0,2.0,2.0,2.0
qwen25coder_1p5b,RWKU,target_context_memory,peer_evidence,450,1.0,0.0,0.0,1.0,1.0,1.0,1.0,1.0,1.0,1.0
qwen25coder_1p5b,RWKU,target_context_memory,target_exact,450,0.06666666666666667,0.24972144838146604,0.011771981970550734,0.0,0.0,0.0,0.0,1.0,0.043593582004387225,0.0897397513289461
qwen25coder_1p5b,RWKU,target_context_memory,target_token_f1,450,0.17337306152957327,0.2800613286710809,0.013202217643429052,0.04598308668076105,0.0,0.1904761904761905,0.0,1.0,0.14749671494845232,0.19924940811069422
qwen25coder_1p5b,RWKU,target_context_memory,target_semantic,450,0.2524210907601648,0.2844679843045407,0.013409949382147271,0.17996961623430252,0.0,0.3682429417967796,0.0,1.0,0.22613758997115613,0.27870459154917343
qwen25coder_1p5b,RWKU,target_context_memory,target_positive,450,0.13333333333333333,0.3403129700652839,0.016042507257259784,0.0,0.0,0.0,0.0,1.0,0.10189001910910415,0.1647766475575625
qwen25coder_1p5b,RWKU,target_context_memory,system_exact,450,0.08666666666666667,0.28165909989265125,0.013277537301132859,0.0,0.0,0.0,0.0,1.0,0.06064269355644626,0.11269063977688708
qwen25coder_1p5b,RWKU,target_context_memory,system_token_f1,450,0.20955210874260205,0.30418973343050365,0.014339641551735824,0.069047619047619,0.0,0.2608695652173913,0.0,1.0,0.18144641130119984,0.23765780618400426
qwen25coder_1p5b,RWKU,target_context_memory,system_semantic,450,0.289205181101958,0.30547905805182335,0.014400420897261552,0.21570930629968638,0.0,0.4329451024532318,0.0,1.0,0.2609803561433253,0.31743000606059063
qwen25coder_1p5b,RWKU,target_context_memory,system_positive,450,0.17333333333333334,0.3789564853876656,0.01786418003948261,0.0,0.0,0.0,0.0,1.0,0.13831954045594744,0.20834712621071924
qwen25coder_1p5b,TOFU,full_inference,chain_length,135,4.0,0.0,0.0,4.0,4.0,4.0,4.0,4.0,4.0,4.0
qwen25coder_1p5b,TOFU,full_inference,target_agent_position,135,2.0,0.0,0.0,2.0,2.0,2.0,2.0,2.0,2.0,2.0
qwen25coder_1p5b,TOFU,full_inference,peer_evidence,135,1.0,0.0,0.0,1.0,1.0,1.0,1.0,1.0,1.0,1.0
qwen25coder_1p5b,TOFU,full_inference,target_exact,135,0.007407407407407408,0.08606629658238704,0.007407407407407408,0.0,0.0,0.0,0.0,1.0,-0.0071111111111111115,0.021925925925925925
qwen25coder_1p5b,TOFU,full_inference,target_token_f1,135,0.49351808697582705,0.17249531529214443,0.014846032965006067,0.4516129032258064,0.36794871794871786,0.5970149253731343,0.1891891891891892,1.0,0.4644198623644152,0.522616311587239
qwen25coder_1p5b,TOFU,full_inference,target_semantic,135,0.5980241861608293,0.15283261540503437,0.013153737204911583,0.5781687498092651,0.4817970246076584,0.682980865240097,0.2530446946620941,1.0,0.5722428612392026,0.623805511082456
qwen25coder_1p5b,TOFU,full_inference,target_positive,135,0.34814814814814815,0.47815751040217674,0.04115324610336956,0.0,0.0,1.0,0.0,1.0,0.26748778578554383,0.42880851051075247
qwen25coder_1p5b,TOFU,full_inference,system_exact,135,0.022222222222222223,0.14795454458610455,0.012733899715059682,0.0,0.0,0.0,0.0,1.0,-0.002736221219294753,0.0471806656637392
qwen25coder_1p5b,TOFU,full_inference,system_token_f1,135,0.5547330417566193,0.17182277496769496,0.014788149909978383,0.5294117647058824,0.4239856189008731,0.6666666666666667,0.2448979591836734,1.0,0.5257482679330616,0.583717815580177
qwen25coder_1p5b,TOFU,full_inference,system_semantic,135,0.6589469242978979,0.14832340257971,0.012765645956534111,0.6729004383087158,0.5499083399772644,0.7789043188095093,0.3899737894535064,1.0,0.633926258223091,0.6839675903727048
qwen25coder_1p5b,TOFU,full_inference,system_positive,135,0.5555555555555556,0.49875466805381646,0.04292596718256977,1.0,0.0,1.0,0.0,1.0,0.47142065987771886,0.6396904512333923
qwen25coder_1p5b,TOFU,none,chain_length,135,4.0,0.0,0.0,4.0,4.0,4.0,4.0,4.0,4.0,4.0
qwen25coder_1p5b,TOFU,none,target_agent_position,135,2.0,0.0,0.0,2.0,2.0,2.0,2.0,2.0,2.0,2.0
qwen25coder_1p5b,TOFU,none,peer_evidence,135,1.0,0.0,0.0,1.0,1.0,1.0,1.0,1.0,1.0,1.0
qwen25coder_1p5b,TOFU,none,target_exact,135,0.007407407407407408,0.08606629658238704,0.007407407407407408,0.0,0.0,0.0,0.0,1.0,-0.0071111111111111115,0.021925925925925925
qwen25coder_1p5b,TOFU,none,target_token_f1,135,0.6350708460296944,0.19298296442781193,0.01660932905179231,0.6666666666666667,0.4547221142635056,0.7428571428571428,0.2918918918918919,1.0,0.6025165610881815,0.6676251309712073
qwen25coder_1p5b,TOFU,none,target_semantic,135,0.7202074136998918,0.16325855044436682,0.014051058822155472,0.7437357306480408,0.5735631287097931,0.8140358030796051,0.4307055175304413,1.0,0.6926673384084671,0.7477474889913166
qwen25coder_1p5b,TOFU,none,target_positive,135,0.7185185185185186,0.4513967023178841,0.03885004245800249,1.0,0.0,1.0,0.0,1.0,0.6423724353008337,0.7946646017362035
qwen25coder_1p5b,TOFU,none,system_exact,135,0.022222222222222223,0.14795454458610452,0.01273389971505968,0.0,0.0,0.0,0.0,1.0,-0.0027362212192947495,0.0471806656637392
qwen25coder_1p5b,TOFU,none,system_token_f1,135,0.6404448608722474,0.19758546451542763,0.017005449189353507,0.6666666666666667,0.4516129032258064,0.7494773519163762,0.2918918918918919,1.0,0.6071141804611145,0.6737755412833802
qwen25coder_1p5b,TOFU,none,system_semantic,135,0.7256159550613828,0.1653188753697325,0.014228383358238079,0.7774611711502075,0.5735631287097931,0.8235848546028137,0.4307055175304413,1.0,0.6977283236792361,0.7535035864435294
qwen25coder_1p5b,TOFU,none,system_positive,135,0.7185185185185186,0.4513967023178841,0.03885004245800249,1.0,0.0,1.0,0.0,1.0,0.6423724353008337,0.7946646017362035
qwen25coder_1p5b,TOFU,target_context_memory,chain_length,135,4.0,0.0,0.0,4.0,4.0,4.0,4.0,4.0,4.0,4.0
qwen25coder_1p5b,TOFU,target_context_memory,target_agent_position,135,2.0,0.0,0.0,2.0,2.0,2.0,2.0,2.0,2.0,2.0
qwen25coder_1p5b,TOFU,target_context_memory,peer_evidence,135,1.0,0.0,0.0,1.0,1.0,1.0,1.0,1.0,1.0,1.0
qwen25coder_1p5b,TOFU,target_context_memory,target_exact,135,0.0,0.0,0.0,0.0,0.0,0.0,0.0,0.0,0.0,0.0
qwen25coder_1p5b,TOFU,target_context_memory,target_token_f1,135,0.555495086853768,0.16849329322463294,0.014501593746814364,0.5057471264367817,0.43818181818181823,0.6811733128834356,0.1973684210526315,0.9655172413793104,0.5270719631100119,0.5839182105975241
qwen25coder_1p5b,TOFU,target_context_memory,target_semantic,135,0.6606447513456698,0.1483760383179417,0.012770176119591595,0.6729004383087158,0.5576324760913849,0.7789043188095093,0.3899737894535064,0.9655172228813172,0.6356152061512703,0.6856742965400693
qwen25coder_1p5b,TOFU,target_context_memory,target_positive,135,0.5703703703703704,0.4968669112284922,0.04276349494376599,1.0,0.0,1.0,0.0,1.0,0.4865539202805891,0.6541868204601518
qwen25coder_1p5b,TOFU,target_context_memory,system_exact,135,0.014814814814814815,0.12126110875009047,0.010436494549594375,0.0,0.0,0.0,0.0,1.0,-0.005640714502390159,0.03527034413201979
qwen25coder_1p5b,TOFU,target_context_memory,system_token_f1,135,0.5590196429086051,0.1659950786853521,0.014286581673350188,0.5294117647058824,0.4473684210526315,0.6818225465719224,0.2448979591836734,1.0,0.5310179428288387,0.5870213429883714
qwen25coder_1p5b,TOFU,target_context_memory,system_semantic,135,0.6635573064839398,0.14889548011388906,0.012814882551258889,0.6729004383087158,0.5545325875282288,0.7844152450561523,0.3899737894535064,1.0,0.6384401366834724,0.6886744762844073
qwen25coder_1p5b,TOFU,target_context_memory,system_positive,135,0.5777777777777777,0.49575310818854873,0.04266763404099585,1.0,0.0,1.0,0.0,1.0,0.4941492150574259,0.6614063404981296
qwen25coder_7b,MUSE-Books,full_inference,chain_length,30,4.0,0.0,0.0,4.0,4.0,4.0,4.0,4.0,4.0,4.0
qwen25coder_7b,MUSE-Books,full_inference,target_agent_position,30,2.0,0.0,0.0,2.0,2.0,2.0,2.0,2.0,2.0,2.0
qwen25coder_7b,MUSE-Books,full_inference,peer_evidence,30,1.0,0.0,0.0,1.0,1.0,1.0,1.0,1.0,1.0,1.0
qwen25coder_7b,MUSE-Books,full_inference,target_exact,30,0.3333333333333333,0.47946330148538413,0.0875376219064817,0.0,0.0,1.0,0.0,1.0,0.16175959439662918,0.5049070722700375
qwen25coder_7b,MUSE-Books,full_inference,target_token_f1,30,0.43123321123321123,0.4156359677183597,0.07588439840994488,0.1833333333333333,0.0999999999999999,1.0,0.0512820512820512,1.0,0.2824997903497193,0.5799666321167032
qwen25coder_7b,MUSE-Books,full_inference,target_semantic,30,0.5541508883237839,0.3234826680000363,0.05905958474185814,0.35423001646995544,0.3015113472938537,1.0,0.3015113472938537,1.0,0.43839410222974196,0.6699076744178258
qwen25coder_7b,MUSE-Books,full_inference,target_positive,30,0.3333333333333333,0.47946330148538413,0.0875376219064817,0.0,0.0,1.0,0.0,1.0,0.16175959439662918,0.5049070722700375
qwen25coder_7b,MUSE-Books,full_inference,system_exact,30,0.2,0.4068381021724863,0.07427813527082075,0.0,0.0,0.0,0.0,1.0,0.05441485486919134,0.3455851451308087
qwen25coder_7b,MUSE-Books,full_inference,system_token_f1,30,0.3492857142857143,0.33855582194012257,0.061811553550435855,0.22499999999999995,0.0999999999999999,0.2857142857142857,0.0999999999999999,1.0,0.22813506932686003,0.4704363592445686
qwen25coder_7b,MUSE-Books,full_inference,system_semantic,30,0.512817241748174,0.2623393268067873,0.0478963890042657,0.4082483053207397,0.3015113472938537,0.5547001957893372,0.3015113472938537,1.0,0.41894031929981324,0.6066941641965348
qwen25coder_7b,MUSE-Books,full_inference,system_positive,30,0.2,0.4068381021724863,0.07427813527082075,0.0,0.0,0.0,0.0,1.0,0.05441485486919134,0.3455851451308087
qwen25coder_7b,MUSE-Books,none,chain_length,30,4.0,0.0,0.0,4.0,4.0,4.0,4.0,4.0,4.0,4.0
qwen25coder_7b,MUSE-Books,none,target_agent_position,30,2.0,0.0,0.0,2.0,2.0,2.0,2.0,2.0,2.0,2.0
qwen25coder_7b,MUSE-Books,none,peer_evidence,30,1.0,0.0,0.0,1.0,1.0,1.0,1.0,1.0,1.0,1.0
qwen25coder_7b,MUSE-Books,none,target_exact,30,0.23333333333333334,0.4301830671520762,0.07854032324531726,0.0,0.0,0.0,0.0,1.0,0.0793942997725115,0.3872723668941552
qwen25coder_7b,MUSE-Books,none,target_token_f1,30,0.465974025974026,0.3050910163689909,0.05570174391915806,0.3636363636363636,0.2857142857142857,0.3636363636363636,0.1999999999999999,1.0,0.3567986078924762,0.5751494440555758
qwen25coder_7b,MUSE-Books,none,target_semantic,30,0.6493802388509115,0.2159891830154152,0.0394340492382182,0.6396021246910095,0.4740852415561676,0.6396021246910095,0.3922322690486908,1.0,0.5720895023440038,0.7266709753578191
qwen25coder_7b,MUSE-Books,none,target_positive,30,0.23333333333333334,0.4301830671520762,0.07854032324531726,0.0,0.0,0.0,0.0,1.0,0.0793942997725115,0.3872723668941552
qwen25coder_7b,MUSE-Books,none,system_exact,30,0.2,0.4068381021724863,0.07427813527082075,0.0,0.0,0.0,0.0,1.0,0.05441485486919134,0.3455851451308087
qwen25coder_7b,MUSE-Books,none,system_token_f1,30,0.4367099567099568,0.29250539433223893,0.053403934222570344,0.34848484848484845,0.27142857142857146,0.3636363636363636,0.1999999999999999,1.0,0.332038245633719,0.5413816677861947
qwen25coder_7b,MUSE-Books,none,system_semantic,30,0.6268251180648804,0.21023021662613917,0.03838261063844468,0.5971511602401733,0.4472135901451111,0.6396021246910095,0.3922322690486908,1.0,0.5515952012135288,0.702055034916232
qwen25coder_7b,MUSE-Books,none,system_positive,30,0.2,0.4068381021724863,0.07427813527082075,0.0,0.0,0.0,0.0,1.0,0.05441485486919134,0.3455851451308087
qwen25coder_7b,MUSE-Books,target_context_memory,chain_length,30,4.0,0.0,0.0,4.0,4.0,4.0,4.0,4.0,4.0,4.0
qwen25coder_7b,MUSE-Books,target_context_memory,target_agent_position,30,2.0,0.0,0.0,2.0,2.0,2.0,2.0,2.0,2.0,2.0
qwen25coder_7b,MUSE-Books,target_context_memory,peer_evidence,30,1.0,0.0,0.0,1.0,1.0,1.0,1.0,1.0,1.0,1.0
qwen25coder_7b,MUSE-Books,target_context_memory,target_exact,30,0.2,0.4068381021724863,0.07427813527082075,0.0,0.0,0.0,0.0,1.0,0.05441485486919134,0.3455851451308087
qwen25coder_7b,MUSE-Books,target_context_memory,target_token_f1,30,0.3917171717171718,0.3215204582030772,0.058701335885740766,0.2666666666666667,0.1999999999999999,0.3636363636363636,0.0999999999999999,1.0,0.2766625533811199,0.5067717900532237
qwen25coder_7b,MUSE-Books,target_context_memory,target_semantic,30,0.5621977518002192,0.2502834166182368,0.04569529101709054,0.5009568929672241,0.3922322690486908,0.6396021246910095,0.3015113472938537,1.0,0.4726349814067218,0.6517605221937167
qwen25coder_7b,MUSE-Books,target_context_memory,target_positive,30,0.2,0.4068381021724863,0.07427813527082075,0.0,0.0,0.0,0.0,1.0,0.05441485486919134,0.3455851451308087
qwen25coder_7b,MUSE-Books,target_context_memory,system_exact,30,0.2,0.4068381021724863,0.07427813527082075,0.0,0.0,0.0,0.0,1.0,0.05441485486919134,0.3455851451308087
qwen25coder_7b,MUSE-Books,target_context_memory,system_token_f1,30,0.3851515151515152,0.3220984498849037,0.05880686224646968,0.2666666666666667,0.1999999999999999,0.3636363636363636,0.0999999999999999,1.0,0.2698900651484346,0.5004129651545958
qwen25coder_7b,MUSE-Books,target_context_memory,system_semantic,30,0.5641418943802515,0.2473302889913472,0.04515612614494417,0.5547001957893372,0.3922322690486908,0.6396021246910095,0.3015113472938537,1.0,0.47563588713616095,0.652647901624342
qwen25coder_7b,MUSE-Books,target_context_memory,system_positive,30,0.2,0.4068381021724863,0.07427813527082075,0.0,0.0,0.0,0.0,1.0,0.05441485486919134,0.3455851451308087
qwen25coder_7b,MUSE-News,full_inference,chain_length,30,4.0,0.0,0.0,4.0,4.0,4.0,4.0,4.0,4.0,4.0
qwen25coder_7b,MUSE-News,full_inference,target_agent_position,30,2.0,0.0,0.0,2.0,2.0,2.0,2.0,2.0,2.0,2.0
qwen25coder_7b,MUSE-News,full_inference,peer_evidence,30,1.0,0.0,0.0,1.0,1.0,1.0,1.0,1.0,1.0,1.0
qwen25coder_7b,MUSE-News,full_inference,target_exact,30,0.06666666666666667,0.2537081317024624,0.04632055558531008,0.0,0.0,0.0,0.0,1.0,-0.024121622280541086,0.1574549556138744
qwen25coder_7b,MUSE-News,full_inference,target_token_f1,30,0.22530751431007176,0.2518329656076017,0.04597819866223538,0.0952380952380952,0.0952380952380952,0.3529411764705882,0.0,1.0,0.13519024493209042,0.3154247836880531
qwen25coder_7b,MUSE-News,full_inference,target_semantic,30,0.2957500929633776,0.24552611710582076,0.044826730931837686,0.1961161345243454,0.1961161345243454,0.4330126941204071,0.0,1.0,0.20788970033697576,0.3836104855897795
qwen25coder_7b,MUSE-News,full_inference,target_positive,30,0.06666666666666667,0.2537081317024624,0.04632055558531008,0.0,0.0,0.0,0.0,1.0,-0.024121622280541086,0.1574549556138744
qwen25coder_7b,MUSE-News,full_inference,system_exact,30,0.06666666666666667,0.2537081317024624,0.04632055558531008,0.0,0.0,0.0,0.0,1.0,-0.024121622280541086,0.1574549556138744
qwen25coder_7b,MUSE-News,full_inference,system_token_f1,30,0.2255835667600373,0.2516805723818058,0.04595037559310892,0.0952380952380952,0.0952380952380952,0.3529411764705882,0.0,1.0,0.13552083059754383,0.31564630292253076
qwen25coder_7b,MUSE-News,full_inference,system_semantic,30,0.29598788966735207,0.24542257748711716,0.044807827270251205,0.1961161345243454,0.1961161345243454,0.4330126941204071,0.0,1.0,0.2081645482176597,0.3838112311170444
qwen25coder_7b,MUSE-News,full_inference,system_positive,30,0.06666666666666667,0.2537081317024624,0.04632055558531008,0.0,0.0,0.0,0.0,1.0,-0.024121622280541086,0.1574549556138744
qwen25coder_7b,MUSE-News,none,chain_length,30,4.0,0.0,0.0,4.0,4.0,4.0,4.0,4.0,4.0,4.0
qwen25coder_7b,MUSE-News,none,target_agent_position,30,2.0,0.0,0.0,2.0,2.0,2.0,2.0,2.0,2.0,2.0
qwen25coder_7b,MUSE-News,none,peer_evidence,30,1.0,0.0,0.0,1.0,1.0,1.0,1.0,1.0,1.0,1.0
qwen25coder_7b,MUSE-News,none,target_exact,30,0.06666666666666667,0.2537081317024624,0.04632055558531008,0.0,0.0,0.0,0.0,1.0,-0.024121622280541086,0.1574549556138744
qwen25coder_7b,MUSE-News,none,target_token_f1,30,0.284407096171802,0.23191883630358703,0.04234239271794089,0.3529411764705882,0.0952380952380952,0.3529411764705882,0.0952380952380952,1.0,0.20141600644463786,0.3673981858989661
qwen25coder_7b,MUSE-News,none,target_semantic,30,0.36815667202075325,0.2073078538117788,0.037849062626898196,0.4330126941204071,0.1961161345243454,0.4330126941204071,0.1961161345243454,1.0,0.2939725092720328,0.4423408347694737
qwen25coder_7b,MUSE-News,none,target_positive,30,0.06666666666666667,0.2537081317024624,0.04632055558531008,0.0,0.0,0.0,0.0,1.0,-0.024121622280541086,0.1574549556138744
qwen25coder_7b,MUSE-News,none,system_exact,30,0.06666666666666667,0.2537081317024624,0.04632055558531008,0.0,0.0,0.0,0.0,1.0,-0.024121622280541086,0.1574549556138744
qwen25coder_7b,MUSE-News,none,system_token_f1,30,0.284407096171802,0.23191883630358703,0.04234239271794089,0.3529411764705882,0.0952380952380952,0.3529411764705882,0.0952380952380952,1.0,0.20141600644463786,0.3673981858989661
qwen25coder_7b,MUSE-News,none,system_semantic,30,0.36815667202075325,0.2073078538117788,0.037849062626898196,0.4330126941204071,0.1961161345243454,0.4330126941204071,0.1961161345243454,1.0,0.2939725092720328,0.4423408347694737
qwen25coder_7b,MUSE-News,none,system_positive,30,0.06666666666666667,0.2537081317024624,0.04632055558531008,0.0,0.0,0.0,0.0,1.0,-0.024121622280541086,0.1574549556138744
qwen25coder_7b,MUSE-News,target_context_memory,chain_length,30,4.0,0.0,0.0,4.0,4.0,4.0,4.0,4.0,4.0,4.0
qwen25coder_7b,MUSE-News,target_context_memory,target_agent_position,30,2.0,0.0,0.0,2.0,2.0,2.0,2.0,2.0,2.0,2.0
qwen25coder_7b,MUSE-News,target_context_memory,peer_evidence,30,1.0,0.0,0.0,1.0,1.0,1.0,1.0,1.0,1.0,1.0
qwen25coder_7b,MUSE-News,target_context_memory,target_exact,30,0.1,0.30512857662936466,0.055708601453115555,0.0,0.0,0.0,0.0,1.0,-0.009188858848106482,0.2091888588481065
qwen25coder_7b,MUSE-News,target_context_memory,target_token_f1,30,0.25574229691876743,0.2872218057290113,0.05243928733504868,0.0952380952380952,0.0952380952380952,0.3529411764705882,0.0,1.0,0.152961293742072,0.35852330009546285
qwen25coder_7b,MUSE-News,target_context_memory,target_semantic,30,0.32278401851654054,0.2761092183359628,0.05041041573924195,0.1961161345243454,0.1961161345243454,0.4330126941204071,0.0,1.0,0.22397960366762631,0.42158843336545476
qwen25coder_7b,MUSE-News,target_context_memory,target_positive,30,0.1,0.30512857662936466,0.055708601453115555,0.0,0.0,0.0,0.0,1.0,-0.009188858848106482,0.2091888588481065
qwen25coder_7b,MUSE-News,target_context_memory,system_exact,30,0.06666666666666667,0.2537081317024624,0.04632055558531008,0.0,0.0,0.0,0.0,1.0,-0.024121622280541086,0.1574549556138744
qwen25coder_7b,MUSE-News,target_context_memory,system_token_f1,30,0.2255835667600373,0.2516805723818058,0.04595037559310892,0.0952380952380952,0.0952380952380952,0.3529411764705882,0.0,1.0,0.13552083059754383,0.31564630292253076
qwen25coder_7b,MUSE-News,target_context_memory,system_semantic,30,0.29598788966735207,0.24542257748711716,0.044807827270251205,0.1961161345243454,0.1961161345243454,0.4330126941204071,0.0,1.0,0.2081645482176597,0.3838112311170444
qwen25coder_7b,MUSE-News,target_context_memory,system_positive,30,0.06666666666666667,0.2537081317024624,0.04632055558531008,0.0,0.0,0.0,0.0,1.0,-0.024121622280541086,0.1574549556138744
qwen25coder_7b,RWKU,full_inference,chain_length,450,4.0,0.0,0.0,4.0,4.0,4.0,4.0,4.0,4.0,4.0
qwen25coder_7b,RWKU,full_inference,target_agent_position,450,2.0,0.0,0.0,2.0,2.0,2.0,2.0,2.0,2.0,2.0
qwen25coder_7b,RWKU,full_inference,peer_evidence,450,1.0,0.0,0.0,1.0,1.0,1.0,1.0,1.0,1.0,1.0
qwen25coder_7b,RWKU,full_inference,target_exact,450,0.2111111111111111,0.408551257697,0.01925929098532276,0.0,0.0,0.0,0.0,1.0,0.1733629007798785,0.2488593214423437
qwen25coder_7b,RWKU,full_inference,target_token_f1,450,0.37099859342250313,0.36488235993993445,0.017200719403258555,0.1999999999999999,0.0952380952380952,0.6666666666666666,0.0,1.0,0.3372851833921164,0.4047120034528899
qwen25coder_7b,RWKU,full_inference,target_semantic,450,0.44080459725525645,0.34180921690422306,0.01611304100966931,0.3333333432674408,0.2294157296419143,0.7071067690849304,0.0,1.0,0.4092230368763046,0.47238615763420827
qwen25coder_7b,RWKU,full_inference,target_positive,450,0.29555555555555557,0.4567999252842193,0.021533754987598647,0.0,0.0,1.0,0.0,1.0,0.2533493957798622,0.33776171533124894
qwen25coder_7b,RWKU,full_inference,system_exact,450,0.13777777777777778,0.3450501973674139,0.016265822293883663,0.0,0.0,0.0,0.0,1.0,0.10589676608176579,0.16965878947378976
qwen25coder_7b,RWKU,full_inference,system_token_f1,450,0.3147560318259809,0.31094301062920765,0.01465799409189823,0.1818181818181818,0.1176470588235294,0.44047619047619047,0.0,1.0,0.28602636340586035,0.3434857002461014
qwen25coder_7b,RWKU,full_inference,system_semantic,450,0.4107744094563855,0.29065634553083786,0.013701671527983714,0.3162277638912201,0.25,0.5345224738121033,0.0,1.0,0.3839191332615374,0.43762968565123356
qwen25coder_7b,RWKU,full_inference,system_positive,450,0.20666666666666667,0.405364913004169,0.019109085256022854,0.0,0.0,0.0,0.0,1.0,0.16921285956486187,0.24412047376847146
qwen25coder_7b,RWKU,none,chain_length,450,4.0,0.0,0.0,4.0,4.0,4.0,4.0,4.0,4.0,4.0
qwen25coder_7b,RWKU,none,target_agent_position,450,2.0,0.0,0.0,2.0,2.0,2.0,2.0,2.0,2.0,2.0
qwen25coder_7b,RWKU,none,peer_evidence,450,1.0,0.0,0.0,1.0,1.0,1.0,1.0,1.0,1.0,1.0
qwen25coder_7b,RWKU,none,target_exact,450,0.14,0.3473732163648508,0.016375330459611186,0.0,0.0,0.0,0.0,1.0,0.10790435229916209,0.17209564770083793
qwen25coder_7b,RWKU,none,target_token_f1,450,0.33350511019186807,0.3087395061586863,0.014554119894999528,0.1999999999999999,0.12566489361702127,0.4444444444444445,0.0,1.0,0.304979035197669,0.36203118518606714
qwen25coder_7b,RWKU,none,target_semantic,450,0.4413556128905879,0.27583641754335575,0.013003053422874054,0.3333333432674408,0.2581988871097564,0.5773502588272095,0.0,1.0,0.41586962818175477,0.466841597599421
qwen25coder_7b,RWKU,none,target_positive,450,0.24888888888888888,0.4328505105278744,0.020404768748954603,0.0,0.0,0.0,0.0,1.0,0.20889554214093786,0.2888822356368399
qwen25coder_7b,RWKU,none,system_exact,450,0.10888888888888888,0.31184644601090333,0.014700582444215621,0.0,0.0,0.0,0.0,1.0,0.08007574729822627,0.13770203047955148
qwen25coder_7b,RWKU,none,system_token_f1,450,0.30306518980156405,0.28175643840356407,0.013282125882541995,0.1818181818181818,0.125,0.375,0.0,1.0,0.27703222307178177,0.32909815653134633
qwen25coder_7b,RWKU,none,system_semantic,450,0.4190410744647185,0.2523191879041684,0.011894440586034678,0.3162277638912201,0.2581988871097564,0.5345224738121033,0.0,1.0,0.3957279709160905,0.4423541780133465
qwen25coder_7b,RWKU,none,system_positive,450,0.19555555555555557,0.3970691936780997,0.018718021296670592,0.0,0.0,0.0,0.0,1.0,0.15886823381408122,0.23224287729702991
qwen25coder_7b,RWKU,target_context_memory,chain_length,450,4.0,0.0,0.0,4.0,4.0,4.0,4.0,4.0,4.0,4.0
qwen25coder_7b,RWKU,target_context_memory,target_agent_position,450,2.0,0.0,0.0,2.0,2.0,2.0,2.0,2.0,2.0,2.0
qwen25coder_7b,RWKU,target_context_memory,peer_evidence,450,1.0,0.0,0.0,1.0,1.0,1.0,1.0,1.0,1.0,1.0
qwen25coder_7b,RWKU,target_context_memory,target_exact,450,0.24,0.4275584592546126,0.020155299059507248,0.0,0.0,0.0,0.0,1.0,0.20049561384336578,0.2795043861566342
qwen25coder_7b,RWKU,target_context_memory,target_token_f1,450,0.4087855141666858,0.36992833696197835,0.01743858904125847,0.2352941176470588,0.125,0.6666666666666666,0.0,1.0,0.3746058796458192,0.4429651486875524
qwen25coder_7b,RWKU,target_context_memory,target_semantic,450,0.4827849132153723,0.33965867471313804,0.016011663478566373,0.3922322690486908,0.2581988871097564,0.7071067690849304,0.0,1.0,0.4514020527973822,0.5141677736333624
qwen25coder_7b,RWKU,target_context_memory,target_positive,450,0.3422222222222222,0.4749816026862237,0.022390847479885546,0.0,0.0,1.0,0.0,1.0,0.2983361611616465,0.3861082832827979
qwen25coder_7b,RWKU,target_context_memory,system_exact,450,0.14444444444444443,0.3519310746673357,0.016590189960502818,0.0,0.0,0.0,0.0,1.0,0.11192767212185892,0.17696121676702994
qwen25coder_7b,RWKU,target_context_memory,system_token_f1,450,0.3211426588245219,0.31537896526506765,0.014867106998835063,0.1818181818181818,0.1176470588235294,0.4444444444444445,0.0,1.0,0.2920031291068052,0.35028218854223864
qwen25coder_7b,RWKU,target_context_memory,system_semantic,450,0.41724495290054214,0.29246497343850664,0.013786931065194102,0.3333333432674408,0.25,0.5345224738121033,0.0,1.0,0.39022256801276173,0.44426733778832256
qwen25coder_7b,RWKU,target_context_memory,system_positive,450,0.21333333333333335,0.410117045599563,0.019333102934909568,0.0,0.0,0.0,0.0,1.0,0.1754404515809106,0.2512262150857561
qwen25coder_7b,TOFU,full_inference,chain_length,135,4.0,0.0,0.0,4.0,4.0,4.0,4.0,4.0,4.0,4.0
qwen25coder_7b,TOFU,full_inference,target_agent_position,135,2.0,0.0,0.0,2.0,2.0,2.0,2.0,2.0,2.0,2.0
qwen25coder_7b,TOFU,full_inference,peer_evidence,135,1.0,0.0,0.0,1.0,1.0,1.0,1.0,1.0,1.0,1.0
qwen25coder_7b,TOFU,full_inference,target_exact,135,0.0,0.0,0.0,0.0,0.0,0.0,0.0,0.0,0.0,0.0
qwen25coder_7b,TOFU,full_inference,target_token_f1,135,0.5078492108474097,0.18121024590421558,0.015596094767759507,0.4642857142857142,0.3798557158712541,0.6471987886653688,0.2162162162162162,0.9655172413793104,0.4772808651026011,0.5384175565922183
qwen25coder_7b,TOFU,full_inference,target_semantic,135,0.6008201306616818,0.17591057541316582,0.015139971755487891,0.6241877675056458,0.4673552066087723,0.7201284170150757,0.2096569687128067,0.9655172228813172,0.5711457860209256,0.6304944753024381
qwen25coder_7b,TOFU,full_inference,target_positive,135,0.37777777777777777,0.48663736025711174,0.041883075375958506,0.0,0.0,1.0,0.0,1.0,0.29568695004089907,0.45986860551465647
qwen25coder_7b,TOFU,full_inference,system_exact,135,0.16296296296296298,0.37070741988168293,0.03190541474482841,0.0,0.0,0.0,0.0,1.0,0.1004283500630993,0.22549757586282665
qwen25coder_7b,TOFU,full_inference,system_token_f1,135,0.6642107345015859,0.24879366053329272,0.021412748975276095,0.6567164179104478,0.4508064516129032,0.9655172413793104,0.2388059701492537,1.0,0.6222417465100447,0.706179722493127
qwen25coder_7b,TOFU,full_inference,system_semantic,135,0.722807870750074,0.2230961866808282,0.019201062569271746,0.7254762649536133,0.5691141784191132,0.9655172228813172,0.2243001610040664,1.0,0.6851737881143014,0.7604419533858466
qwen25coder_7b,TOFU,full_inference,system_positive,135,0.6444444444444445,0.480464120558735,0.04135176749720385,1.0,0.0,1.0,0.0,1.0,0.563394980149925,0.725493908738964
qwen25coder_7b,TOFU,none,chain_length,135,4.0,0.0,0.0,4.0,4.0,4.0,4.0,4.0,4.0,4.0
qwen25coder_7b,TOFU,none,target_agent_position,135,2.0,0.0,0.0,2.0,2.0,2.0,2.0,2.0,2.0,2.0
qwen25coder_7b,TOFU,none,peer_evidence,135,1.0,0.0,0.0,1.0,1.0,1.0,1.0,1.0,1.0,1.0
qwen25coder_7b,TOFU,none,target_exact,135,0.28888888888888886,0.45493425253475167,0.0391545063041425,0.0,0.0,1.0,0.0,1.0,0.21214605653276958,0.36563172124500815
qwen25coder_7b,TOFU,none,target_token_f1,135,0.7593825287152648,0.22601270937286783,0.01945207687627409,0.7234042553191489,0.5735930735930737,1.0,0.2857142857142857,1.0,0.7212564580377676,0.797508599392762
qwen25coder_7b,TOFU,none,target_semantic,135,0.8057943834198846,0.18777603110218002,0.01616118758390376,0.8061496019363403,0.6487491130828857,1.0,0.3042555451393127,1.0,0.7741184557554333,0.837470311084336
qwen25coder_7b,TOFU,none,target_positive,135,0.8444444444444444,0.36378332625027143,0.03130948364878313,1.0,1.0,1.0,0.0,1.0,0.7830778564928295,0.9058110323960594
qwen25coder_7b,TOFU,none,system_exact,135,0.31851851851851853,0.4676369916909791,0.040247784019771075,0.0,0.0,1.0,0.0,1.0,0.23963286183976723,0.39740417519726984
qwen25coder_7b,TOFU,none,system_token_f1,135,0.776469092159746,0.2210700151442346,0.01902667748887649,0.7536231884057972,0.5806451612903226,1.0,0.3333333333333333,1.0,0.7391768042815481,0.813761380037944
qwen25coder_7b,TOFU,none,system_semantic,135,0.8241678381407702,0.17463477887017287,0.015030168671839877,0.8061496019363403,0.6681280434131622,1.0,0.4648790657520294,1.0,0.794708707543964,0.8536269687375764
qwen25coder_7b,TOFU,none,system_positive,135,0.8666666666666667,0.3412006894010638,0.02936587972810688,1.0,1.0,1.0,0.0,1.0,0.8091095423995772,0.9242237909337562
qwen25coder_7b,TOFU,target_context_memory,chain_length,135,4.0,0.0,0.0,4.0,4.0,4.0,4.0,4.0,4.0,4.0
qwen25coder_7b,TOFU,target_context_memory,target_agent_position,135,2.0,0.0,0.0,2.0,2.0,2.0,2.0,2.0,2.0,2.0
qwen25coder_7b,TOFU,target_context_memory,peer_evidence,135,1.0,0.0,0.0,1.0,1.0,1.0,1.0,1.0,1.0,1.0
qwen25coder_7b,TOFU,target_context_memory,target_exact,135,0.05925925925925926,0.23698866283617884,0.020396736542321894,0.0,0.0,0.0,0.0,1.0,0.019281655636308348,0.09923686288221018
qwen25coder_7b,TOFU,target_context_memory,target_token_f1,135,0.6018271140162719,0.21444651535734385,0.018456617391804573,0.5757575757575757,0.4396956813604833,0.7234042553191489,0.2388059701492537,1.0,0.5656521439283348,0.6380020841042089
qwen25coder_7b,TOFU,target_context_memory,target_semantic,135,0.6678767180001294,0.2015143471519605,0.017343593567586735,0.6640043258666992,0.5191158354282379,0.8061496019363403,0.2243001610040664,1.0,0.6338832746076594,0.7018701613925994
qwen25coder_7b,TOFU,target_context_memory,target_positive,135,0.5703703703703704,0.49686691122849225,0.04276349494376599,1.0,0.0,1.0,0.0,1.0,0.4865539202805891,0.6541868204601518
qwen25coder_7b,TOFU,target_context_memory,system_exact,135,0.18518518518518517,0.38989445922085403,0.03355677216313144,0.0,0.0,0.0,0.0,1.0,0.11941391174544756,0.2509564586249228
qwen25coder_7b,TOFU,target_context_memory,system_token_f1,135,0.6639332118206633,0.2481697579137365,0.02135905198738284,0.6567164179104478,0.4523689516129032,0.9655172413793104,0.2388059701492537,1.0,0.622069469925393,0.7057969537159337
qwen25coder_7b,TOFU,target_context_memory,system_semantic,135,0.7213262357093669,0.22318261356122404,0.019208501010792585,0.7254762649536133,0.5649998784065247,0.9655172228813172,0.2243001610040664,1.0,0.6836775737282135,0.7589748976905204
qwen25coder_7b,TOFU,target_context_memory,system_positive,135,0.6518518518518519,0.47815751040217663,0.04115324610336955,1.0,0.0,1.0,0.0,1.0,0.5711914894892476,0.7325122142144562
qwen3_14b,MUSE-Books,full_inference,chain_length,50,4.0,0.0,0.0,4.0,4.0,4.0,4.0,4.0,4.0,4.0
qwen3_14b,MUSE-Books,full_inference,target_agent_position,50,2.0,0.0,0.0,2.0,2.0,2.0,2.0,2.0,2.0,2.0
qwen3_14b,MUSE-Books,full_inference,peer_evidence,50,1.0,0.0,0.0,1.0,1.0,1.0,1.0,1.0,1.0,1.0
qwen3_14b,MUSE-Books,full_inference,target_exact,50,0.18,0.3880879344916036,0.054883922035138706,0.0,0.0,0.0,0.0,1.0,0.07242751281112814,0.28757248718887185
qwen3_14b,MUSE-Books,full_inference,target_token_f1,50,0.3406988800673011,0.31714101607370293,0.04485051261162144,0.1999999999999999,0.1999999999999999,0.2666666666666667,0.0,1.0,0.2527918753485231,0.4286058847860791
qwen3_14b,MUSE-Books,full_inference,target_semantic,50,0.5643735617399216,0.23576929606809982,0.03334281360906644,0.5547001957893372,0.3922322690486908,0.5547001957893372,0.0,1.0,0.4990216470661514,0.6297254764136918
qwen3_14b,MUSE-Books,full_inference,target_positive,50,0.18,0.3880879344916036,0.054883922035138706,0.0,0.0,0.0,0.0,1.0,0.07242751281112814,0.28757248718887185
qwen3_14b,MUSE-Books,full_inference,system_exact,50,0.1,0.30304576336566325,0.04285714285714286,0.0,0.0,0.0,0.0,1.0,0.016,0.184
qwen3_14b,MUSE-Books,full_inference,system_token_f1,50,0.281139727355606,0.24908599127268113,0.0352260787054972,0.1999999999999999,0.1999999999999999,0.2666666666666667,0.0,1.0,0.21209661309283148,0.35018284161838054
qwen3_14b,MUSE-Books,full_inference,system_semantic,50,0.5155919381976127,0.2002916198114314,0.028325512516700197,0.5547001957893372,0.3922322690486908,0.5547001957893372,0.0,1.0,0.46007393366488036,0.5711099427303451
qwen3_14b,MUSE-Books,full_inference,system_positive,50,0.1,0.30304576336566325,0.04285714285714286,0.0,0.0,0.0,0.0,1.0,0.016,0.184
qwen3_14b,MUSE-Books,none,chain_length,50,4.0,0.0,0.0,4.0,4.0,4.0,4.0,4.0,4.0,4.0
qwen3_14b,MUSE-Books,none,target_agent_position,50,2.0,0.0,0.0,2.0,2.0,2.0,2.0,2.0,2.0,2.0
qwen3_14b,MUSE-Books,none,peer_evidence,50,1.0,0.0,0.0,1.0,1.0,1.0,1.0,1.0,1.0,1.0
qwen3_14b,MUSE-Books,none,target_exact,50,0.06,0.2398979374820952,0.03392669167725119,0.0,0.0,0.0,0.0,1.0,-0.006496315687412324,0.12649631568741232
qwen3_14b,MUSE-Books,none,target_token_f1,50,0.21484848484848482,0.2207541703774354,0.031219354169819007,0.1999999999999999,0.1428571428571428,0.1999999999999999,0.0,1.0,0.15365855067563955,0.2760384190213301
qwen3_14b,MUSE-Books,none,target_semantic,50,0.420587038397789,0.2612997335709948,0.036953362706057716,0.5443310737609863,0.2581988871097564,0.5547001957893372,0.0,1.0,0.3481584474939159,0.4930156293016621
qwen3_14b,MUSE-Books,none,target_positive,50,0.06,0.2398979374820952,0.03392669167725119,0.0,0.0,0.0,0.0,1.0,-0.006496315687412324,0.12649631568741232
qwen3_14b,MUSE-Books,none,system_exact,50,0.0,0.0,0.0,0.0,0.0,0.0,0.0,0.0,0.0,0.0
qwen3_14b,MUSE-Books,none,system_token_f1,50,0.17132900432900428,0.09574194890086327,0.013539956262363267,0.1999999999999999,0.1428571428571428,0.1999999999999999,0.0,0.3333333333333333,0.14479069005477227,0.19786731860323628
qwen3_14b,MUSE-Books,none,system_semantic,50,0.38479080885648725,0.21503815923259362,0.030410988121447907,0.4957723319530487,0.2581988871097564,0.5547001957893372,0.0,0.5547001957893372,0.3251852721384494,0.4443963455745251
qwen3_14b,MUSE-Books,none,system_positive,50,0.0,0.0,0.0,0.0,0.0,0.0,0.0,0.0,0.0,0.0
qwen3_14b,MUSE-Books,target_context_memory,chain_length,50,4.0,0.0,0.0,4.0,4.0,4.0,4.0,4.0,4.0,4.0
qwen3_14b,MUSE-Books,target_context_memory,target_agent_position,50,2.0,0.0,0.0,2.0,2.0,2.0,2.0,2.0,2.0,2.0
qwen3_14b,MUSE-Books,target_context_memory,peer_evidence,50,1.0,0.0,0.0,1.0,1.0,1.0,1.0,1.0,1.0,1.0
qwen3_14b,MUSE-Books,target_context_memory,target_exact,50,0.18,0.3880879344916036,0.054883922035138706,0.0,0.0,0.0,0.0,1.0,0.07242751281112814,0.28757248718887185
qwen3_14b,MUSE-Books,target_context_memory,target_token_f1,50,0.3409562803247013,0.3169428886074778,0.044822493156640025,0.1999999999999999,0.1999999999999999,0.2666666666666667,0.0,1.0,0.2531041937376869,0.42880836691171575
qwen3_14b,MUSE-Books,target_context_memory,target_semantic,50,0.5632720094919205,0.23575213853034632,0.03334038716680764,0.5547001957893372,0.3922322690486908,0.5547001957893372,0.0,1.0,0.4979248506449775,0.6286191683388634
qwen3_14b,MUSE-Books,target_context_memory,target_positive,50,0.18,0.3880879344916036,0.054883922035138706,0.0,0.0,0.0,0.0,1.0,0.07242751281112814,0.28757248718887185
qwen3_14b,MUSE-Books,target_context_memory,system_exact,50,0.1,0.30304576336566325,0.04285714285714286,0.0,0.0,0.0,0.0,1.0,0.016,0.184
qwen3_14b,MUSE-Books,target_context_memory,system_token_f1,50,0.28228258449846316,0.24856912960446453,0.035152983427390934,0.1999999999999999,0.1999999999999999,0.2666666666666667,0.0,1.0,0.21338273698077692,0.3511824320161494
qwen3_14b,MUSE-Books,target_context_memory,system_semantic,50,0.5155056020617486,0.2002734488941674,0.028322942760936647,0.5547001957893372,0.3922322690486908,0.5547001957893372,0.0,1.0,0.4599926342503127,0.5710185698731843
qwen3_14b,MUSE-Books,target_context_memory,system_positive,50,0.1,0.30304576336566325,0.04285714285714286,0.0,0.0,0.0,0.0,1.0,0.016,0.184
qwen3_14b,MUSE-News,full_inference,chain_length,50,4.0,0.0,0.0,4.0,4.0,4.0,4.0,4.0,4.0,4.0
qwen3_14b,MUSE-News,full_inference,target_agent_position,50,2.0,0.0,0.0,2.0,2.0,2.0,2.0,2.0,2.0,2.0
qwen3_14b,MUSE-News,full_inference,peer_evidence,50,1.0,0.0,0.0,1.0,1.0,1.0,1.0,1.0,1.0,1.0
qwen3_14b,MUSE-News,full_inference,target_exact,50,0.0,0.0,0.0,0.0,0.0,0.0,0.0,0.0,0.0,0.0
qwen3_14b,MUSE-News,full_inference,target_token_f1,50,0.12357616134673856,0.12154123414283842,0.017188526171236597,0.0952380952380952,0.064516129032258,0.0952380952380952,0.0,0.3529411764705882,0.08988665005111482,0.1572656726423623
qwen3_14b,MUSE-News,full_inference,target_semantic,50,0.19660839602351188,0.141883985063679,0.020065425596059647,0.1961161345243454,0.1186422370374202,0.1961161345243454,0.0,0.4330126941204071,0.15728016185523497,0.2359366301917888
qwen3_14b,MUSE-News,full_inference,target_positive,50,0.0,0.0,0.0,0.0,0.0,0.0,0.0,0.0,0.0,0.0
qwen3_14b,MUSE-News,full_inference,system_exact,50,0.0,0.0,0.0,0.0,0.0,0.0,0.0,0.0,0.0,0.0
qwen3_14b,MUSE-News,full_inference,system_token_f1,50,0.16858118772228015,0.1292782358853776,0.018282703450876913,0.0952380952380952,0.0952380952380952,0.3529411764705882,0.0,0.3529411764705882,0.1327470889585614,0.20441528648599888
qwen3_14b,MUSE-News,full_inference,system_semantic,50,0.2637824958562851,0.141667038570113,0.020034744728708618,0.1961161345243454,0.1961161345243454,0.4330126941204071,0.0,0.4758309423923492,0.22451439618801622,0.303050595524554
qwen3_14b,MUSE-News,full_inference,system_positive,50,0.0,0.0,0.0,0.0,0.0,0.0,0.0,0.0,0.0,0.0
qwen3_14b,MUSE-News,none,chain_length,50,4.0,0.0,0.0,4.0,4.0,4.0,4.0,4.0,4.0,4.0
qwen3_14b,MUSE-News,none,target_agent_position,50,2.0,0.0,0.0,2.0,2.0,2.0,2.0,2.0,2.0,2.0
qwen3_14b,MUSE-News,none,peer_evidence,50,1.0,0.0,0.0,1.0,1.0,1.0,1.0,1.0,1.0,1.0
qwen3_14b,MUSE-News,none,target_exact,50,0.0,0.0,0.0,0.0,0.0,0.0,0.0,0.0,0.0,0.0
qwen3_14b,MUSE-News,none,target_token_f1,50,0.20813231702741233,0.13090426746350114,0.018512659041939838,0.09846650524616621,0.0952380952380952,0.3529411764705882,0.064516129032258,0.3529411764705882,0.17184750530521026,0.2444171287496144
qwen3_14b,MUSE-News,none,target_semantic,50,0.30539245456457137,0.12160127504855452,0.017197017237552684,0.2230580672621727,0.1961161345243454,0.4330126941204071,0.1622214168310165,0.4714045226573944,0.2716863007789681,0.33909860835017464
qwen3_14b,MUSE-News,none,target_positive,50,0.0,0.0,0.0,0.0,0.0,0.0,0.0,0.0,0.0,0.0
qwen3_14b,MUSE-News,none,system_exact,50,0.0,0.0,0.0,0.0,0.0,0.0,0.0,0.0,0.0,0.0
qwen3_14b,MUSE-News,none,system_token_f1,50,0.20813231702741233,0.13090426746350114,0.018512659041939838,0.09846650524616621,0.0952380952380952,0.3529411764705882,0.064516129032258,0.3529411764705882,0.17184750530521026,0.2444171287496144
qwen3_14b,MUSE-News,none,system_semantic,50,0.30539245456457137,0.12160127504855452,0.017197017237552684,0.2230580672621727,0.1961161345243454,0.4330126941204071,0.1622214168310165,0.4714045226573944,0.2716863007789681,0.33909860835017464
qwen3_14b,MUSE-News,none,system_positive,50,0.0,0.0,0.0,0.0,0.0,0.0,0.0,0.0,0.0,0.0
qwen3_14b,MUSE-News,target_context_memory,chain_length,50,4.0,0.0,0.0,4.0,4.0,4.0,4.0,4.0,4.0,4.0
qwen3_14b,MUSE-News,target_context_memory,target_agent_position,50,2.0,0.0,0.0,2.0,2.0,2.0,2.0,2.0,2.0,2.0
qwen3_14b,MUSE-News,target_context_memory,peer_evidence,50,1.0,0.0,0.0,1.0,1.0,1.0,1.0,1.0,1.0,1.0
qwen3_14b,MUSE-News,target_context_memory,target_exact,50,0.0,0.0,0.0,0.0,0.0,0.0,0.0,0.0,0.0,0.0
qwen3_14b,MUSE-News,target_context_memory,target_token_f1,50,0.1265693663187675,0.12062089538713958,0.017058370616207907,0.0952380952380952,0.066905615292712,0.10871518418688228,0.0,0.3529411764705882,0.093134959911,0.160003772726535
qwen3_14b,MUSE-News,target_context_memory,target_semantic,50,0.20458176881074905,0.14257100328702701,0.02016258464496527,0.1961161345243454,0.1622214168310165,0.2021221481263637,0.0,0.4330126941204071,0.16506310290661713,0.24410043471488097
qwen3_14b,MUSE-News,target_context_memory,target_positive,50,0.0,0.0,0.0,0.0,0.0,0.0,0.0,0.0,0.0,0.0
qwen3_14b,MUSE-News,target_context_memory,system_exact,50,0.0,0.0,0.0,0.0,0.0,0.0,0.0,0.0,0.0,0.0
qwen3_14b,MUSE-News,target_context_memory,system_token_f1,50,0.16609106914520502,0.1286619556598468,0.018195548265560114,0.0952380952380952,0.0952380952380952,0.3529411764705882,0.0,0.3529411764705882,0.1304277945447072,0.20175434374570284
qwen3_14b,MUSE-News,target_context_memory,system_semantic,50,0.26374620735645293,0.14164743061394616,0.02003197174495446,0.1961161345243454,0.1961161345243454,0.4330126941204071,0.0,0.4758309423923492,0.2244835427363422,0.3030088719765637
qwen3_14b,MUSE-News,target_context_memory,system_positive,50,0.0,0.0,0.0,0.0,0.0,0.0,0.0,0.0,0.0,0.0
qwen3_14b,RWKU,full_inference,chain_length,750,4.0,0.0,0.0,4.0,4.0,4.0,4.0,4.0,4.0,4.0
qwen3_14b,RWKU,full_inference,target_agent_position,750,2.0,0.0,0.0,2.0,2.0,2.0,2.0,2.0,2.0,2.0
qwen3_14b,RWKU,full_inference,peer_evidence,750,1.0,0.0,0.0,1.0,1.0,1.0,1.0,1.0,1.0,1.0
qwen3_14b,RWKU,full_inference,target_exact,750,0.25466666666666665,0.43596442001947755,0.015919169807621644,0.0,0.0,1.0,0.0,1.0,0.22346509384372823,0.28586823948960505
qwen3_14b,RWKU,full_inference,target_token_f1,750,0.37736207029147956,0.3830498356123449,0.013987002374235133,0.1999999999999999,0.1052631578947368,1.0,0.0,1.0,0.3499475456379787,0.4047765949449804
qwen3_14b,RWKU,full_inference,target_semantic,750,0.4613828198214372,0.35263595204322973,0.012876444368092458,0.3474996536970138,0.2425356209278106,1.0,0.0,1.0,0.436144988859976,0.4866206507828984
qwen3_14b,RWKU,full_inference,target_positive,750,0.28,0.4492985186693861,0.016406062248591917,0.0,0.0,1.0,0.0,1.0,0.24784411799275988,0.3121558820072402
qwen3_14b,RWKU,full_inference,system_exact,750,0.17466666666666666,0.37993511262929325,0.013873268771688655,0.0,0.0,0.0,0.0,1.0,0.1474750598741569,0.20185827345917642
qwen3_14b,RWKU,full_inference,system_token_f1,750,0.34006558077650434,0.3262331735921758,0.011912351212195556,0.1999999999999999,0.125,0.4444444444444445,0.0,1.0,0.31671737240060105,0.36341378915240763
qwen3_14b,RWKU,full_inference,system_semantic,750,0.45372743183374403,0.2923076924186884,0.010673567791333164,0.3333333432674408,0.2581988871097564,0.5345224738121033,0.0,1.0,0.43280723896273104,0.474647624704757
qwen3_14b,RWKU,full_inference,system_positive,750,0.224,0.4172002813593912,0.015234000339869375,0.0,0.0,0.0,0.0,1.0,0.19414135933385604,0.253858640666144
qwen3_14b,RWKU,none,chain_length,750,4.0,0.0,0.0,4.0,4.0,4.0,4.0,4.0,4.0,4.0
qwen3_14b,RWKU,none,target_agent_position,750,2.0,0.0,0.0,2.0,2.0,2.0,2.0,2.0,2.0,2.0
qwen3_14b,RWKU,none,peer_evidence,750,1.0,0.0,0.0,1.0,1.0,1.0,1.0,1.0,1.0,1.0
qwen3_14b,RWKU,none,target_exact,750,0.26266666666666666,0.4403765027501522,0.016080276290099612,0.0,0.0,1.0,0.0,1.0,0.2311493251380714,0.2941840081952619
qwen3_14b,RWKU,none,target_token_f1,750,0.43406771408768746,0.3616827027612459,0.01320678499745136,0.2666666666666667,0.1428571428571428,1.0,0.0229885057471264,1.0,0.4081824154926828,0.4599530126826921
qwen3_14b,RWKU,none,target_semantic,750,0.5355273471573989,0.3084757072410969,0.011263940219887232,0.3922322690486908,0.2747334912419319,1.0,0.1178511306643486,1.0,0.51345002432642,0.5576046699883779
qwen3_14b,RWKU,none,target_positive,750,0.3546666666666667,0.4787314493774698,0.017480800920745516,0.0,0.0,1.0,0.0,1.0,0.32040429686200544,0.3889290364713279
qwen3_14b,RWKU,none,system_exact,750,0.19066666666666668,0.3930889391825967,0.014353578606405636,0.0,0.0,0.0,0.0,1.0,0.16253365259811164,0.2187996807352217
qwen3_14b,RWKU,none,system_token_f1,750,0.3724410016852852,0.3290355416019413,0.012014679223754186,0.1999999999999999,0.1263586956521739,0.4444444444444445,0.0229885057471264,1.0,0.348892230406727,0.3959897729638434
qwen3_14b,RWKU,none,system_semantic,750,0.48643038047353426,0.28285114283946,0.010328263423285872,0.3651483654975891,0.2721655368804931,0.6378696411848068,0.1178511306643486,1.0,0.4661869841638939,0.5066737767831746
qwen3_14b,RWKU,none,system_positive,750,0.264,0.4410934344223689,0.016106454933370477,0.0,0.0,1.0,0.0,1.0,0.23243134833059387,0.29556865166940616
qwen3_14b,RWKU,target_context_memory,chain_length,750,4.0,0.0,0.0,4.0,4.0,4.0,4.0,4.0,4.0,4.0
qwen3_14b,RWKU,target_context_memory,target_agent_position,750,2.0,0.0,0.0,2.0,2.0,2.0,2.0,2.0,2.0,2.0
qwen3_14b,RWKU,target_context_memory,peer_evidence,750,1.0,0.0,0.0,1.0,1.0,1.0,1.0,1.0,1.0,1.0
qwen3_14b,RWKU,target_context_memory,target_exact,750,0.25333333333333335,0.43521040852497256,0.015891637200677742,0.0,0.0,1.0,0.0,1.0,0.22218572442000498,0.2844809422466617
qwen3_14b,RWKU,target_context_memory,target_token_f1,750,0.39796990649724284,0.37780981425661325,0.013795663847678932,0.1999999999999999,0.1119047619047619,1.0,0.0,1.0,0.37093040535579214,0.42500940763869355
qwen3_14b,RWKU,target_context_memory,target_semantic,750,0.4929153058230877,0.3408922071352216,0.012447623435045628,0.3673795014619827,0.2581988871097564,1.0,0.0,1.0,0.46851796389039824,0.5173126477557771
qwen3_14b,RWKU,target_context_memory,target_positive,750,0.32266666666666666,0.46780838149604886,0.01708194687569122,0.0,0.0,1.0,0.0,1.0,0.28918605079031184,0.35614728254302147
qwen3_14b,RWKU,target_context_memory,system_exact,750,0.17733333333333334,0.3822054380627455,0.013956169335207288,0.0,0.0,0.0,0.0,1.0,0.14997924143632707,0.20468742523033961
qwen3_14b,RWKU,target_context_memory,system_token_f1,750,0.3501827798661575,0.32999287088953655,0.012049635946805935,0.1999999999999999,0.125,0.4444444444444445,0.0,1.0,0.32656549341041785,0.3738000663218971
qwen3_14b,RWKU,target_context_memory,system_semantic,750,0.46199438055356346,0.2940132605479418,0.010735846333850095,0.3651483654975891,0.2581988871097564,0.5773502588272095,0.0,1.0,0.4409521217392173,0.48303663936790964
qwen3_14b,RWKU,target_context_memory,system_positive,750,0.24266666666666667,0.42898126080095855,0.01566418088584611,0.0,0.0,0.0,0.0,1.0,0.2119648721304083,0.2733684612029251
qwen3_14b,TOFU,full_inference,chain_length,225,4.0,0.0,0.0,4.0,4.0,4.0,4.0,4.0,4.0,4.0
qwen3_14b,TOFU,full_inference,target_agent_position,225,2.0,0.0,0.0,2.0,2.0,2.0,2.0,2.0,2.0,2.0
qwen3_14b,TOFU,full_inference,peer_evidence,225,1.0,0.0,0.0,1.0,1.0,1.0,1.0,1.0,1.0,1.0
qwen3_14b,TOFU,full_inference,target_exact,225,0.06666666666666667,0.25,0.016666666666666666,0.0,0.0,0.0,0.0,1.0,0.034,0.09933333333333333
qwen3_14b,TOFU,full_inference,target_token_f1,225,0.57170426530636,0.23891967438937659,0.015927978292625107,0.5090909090909091,0.3368421052631579,0.7924528301886793,0.2105263157894736,1.0,0.5404854278528147,0.6029231027599052
qwen3_14b,TOFU,full_inference,target_semantic,225,0.6305861724747552,0.21849177750499285,0.014566118500332856,0.5581404566764832,0.4394802153110504,0.8207826614379883,0.2468853592872619,1.0,0.6020365802141029,0.6591357647354076
qwen3_14b,TOFU,full_inference,target_positive,225,0.5022222222222222,0.501109879279097,0.03340732528527313,1.0,0.0,1.0,0.0,1.0,0.4367438646630869,0.5677005797813576
qwen3_14b,TOFU,full_inference,system_exact,225,0.16444444444444445,0.3715048761670202,0.024766991744468014,0.0,0.0,0.0,0.0,1.0,0.11590114062528714,0.21298774826360176
qwen3_14b,TOFU,full_inference,system_token_f1,225,0.7501770042247264,0.21503297242220748,0.014335531494813833,0.782608695652174,0.6153846153846153,0.9444444444444444,0.2105263157894736,1.0,0.7220793624948914,0.7782746459545615
qwen3_14b,TOFU,full_inference,system_semantic,225,0.7938915133476258,0.1889911286226163,0.012599408574841087,0.8207826614379883,0.6978226900100708,0.9492889046669006,0.2468853592872619,1.0,0.7691966725409373,0.8185863541543142
qwen3_14b,TOFU,full_inference,system_positive,225,0.8355555555555556,0.37150487616702016,0.02476699174446801,1.0,1.0,1.0,0.0,1.0,0.7870122517363983,0.8840988593747129
qwen3_14b,TOFU,none,chain_length,225,4.0,0.0,0.0,4.0,4.0,4.0,4.0,4.0,4.0,4.0
qwen3_14b,TOFU,none,target_agent_position,225,2.0,0.0,0.0,2.0,2.0,2.0,2.0,2.0,2.0,2.0
qwen3_14b,TOFU,none,peer_evidence,225,1.0,0.0,0.0,1.0,1.0,1.0,1.0,1.0,1.0,1.0
qwen3_14b,TOFU,none,target_exact,225,0.4311111111111111,0.49633577983982413,0.03308905198932161,0.0,0.0,1.0,0.0,1.0,0.36625656921204075,0.4959656530101815
qwen3_14b,TOFU,none,target_token_f1,225,0.8722836614205913,0.15984797041167356,0.010656531360778237,0.9444444444444444,0.7352941176470588,1.0,0.3846153846153846,1.0,0.851396859953466,0.8931704628877166
qwen3_14b,TOFU,none,target_semantic,225,0.9027934426731533,0.11741715207874147,0.007827810138582764,0.9492889046669006,0.8061496019363403,1.0,0.6195321083068848,1.0,0.8874509348015311,0.9181359505447755
qwen3_14b,TOFU,none,target_positive,225,0.9866666666666667,0.11495340671022203,0.007663560447348135,1.0,1.0,1.0,0.0,1.0,0.9716460881898643,1.001687245143469
qwen3_14b,TOFU,none,system_exact,225,0.39555555555555555,0.49005992506909823,0.032670661671273214,0.0,0.0,1.0,0.0,1.0,0.33152105867986004,0.45959005243125106
qwen3_14b,TOFU,none,system_token_f1,225,0.8694395060192207,0.1589034014085565,0.010593560093903767,0.9444444444444444,0.7352941176470588,1.0,0.3846153846153846,1.0,0.8486761282351694,0.8902028838032721
qwen3_14b,TOFU,none,system_semantic,225,0.9005326387617323,0.116353557861369,0.0077569038574246,0.9492889046669006,0.8061496019363403,1.0,0.6195321083068848,1.0,0.8853291072011801,0.9157361703222845
qwen3_14b,TOFU,none,system_positive,225,0.9866666666666667,0.11495340671022203,0.007663560447348135,1.0,1.0,1.0,0.0,1.0,0.9716460881898643,1.001687245143469
qwen3_14b,TOFU,target_context_memory,chain_length,225,4.0,0.0,0.0,4.0,4.0,4.0,4.0,4.0,4.0,4.0
qwen3_14b,TOFU,target_context_memory,target_agent_position,225,2.0,0.0,0.0,2.0,2.0,2.0,2.0,2.0,2.0,2.0
qwen3_14b,TOFU,target_context_memory,peer_evidence,225,1.0,0.0,0.0,1.0,1.0,1.0,1.0,1.0,1.0,1.0
qwen3_14b,TOFU,target_context_memory,target_exact,225,0.09777777777777778,0.2976761849915292,0.01984507899943528,0.0,0.0,0.0,0.0,1.0,0.05888142293888463,0.13667413261667094
qwen3_14b,TOFU,target_context_memory,target_token_f1,225,0.6901198331500816,0.2235147870570973,0.014900985803806487,0.7234042553191489,0.5050505050505051,0.9019607843137256,0.2105263157894736,1.0,0.6609139009746209,0.7193257653255424
qwen3_14b,TOFU,target_context_memory,target_semantic,225,0.7449239904350705,0.20129209689621405,0.013419473126414271,0.8061496019363403,0.6414269804954529,0.9266647696495056,0.2468853592872619,1.0,0.7186218231072985,0.7712261577628425
qwen3_14b,TOFU,target_context_memory,target_positive,225,0.7511111111111111,0.4333333333333333,0.028888888888888888,1.0,1.0,1.0,0.0,1.0,0.6944888888888888,0.8077333333333333
qwen3_14b,TOFU,target_context_memory,system_exact,225,0.13777777777777778,0.3454350833737026,0.02302900555824684,0.0,0.0,0.0,0.0,1.0,0.09264092688361397,0.18291462867194158
qwen3_14b,TOFU,target_context_memory,system_token_f1,225,0.7548067438386589,0.2067763281140698,0.013785088540937986,0.782608695652174,0.6373626373626374,0.9444444444444444,0.2105263157894736,1.0,0.7277879702984205,0.7818255173788973
qwen3_14b,TOFU,target_context_memory,system_semantic,225,0.8046731514400906,0.1764103401612703,0.011760689344084687,0.8329018950462341,0.6978226900100708,0.9492889046669006,0.2468853592872619,1.0,0.7816222003256845,0.8277241025544966
qwen3_14b,TOFU,target_context_memory,system_positive,225,0.8666666666666667,0.34069257193462343,0.022712838128974896,1.0,1.0,1.0,0.0,1.0,0.8221495039338759,0.9111838293994575
qwen3_4b,MUSE-Books,communication,chain_length,50,4.0,0.0,0.0,4.0,4.0,4.0,4.0,4.0,4.0,4.0
qwen3_4b,MUSE-Books,communication,target_agent_position,50,2.0,0.0,0.0,2.0,2.0,2.0,2.0,2.0,2.0,2.0
qwen3_4b,MUSE-Books,communication,peer_evidence,50,1.0,0.0,0.0,1.0,1.0,1.0,1.0,1.0,1.0,1.0
qwen3_4b,MUSE-Books,communication,target_exact,50,0.06,0.23989793748209523,0.033926691677251195,0.0,0.0,0.0,0.0,1.0,-0.006496315687412338,0.12649631568741232
qwen3_4b,MUSE-Books,communication,target_token_f1,50,0.2515309989590648,0.22806599502130012,0.03225340232752374,0.2428571428571428,0.0833333333333333,0.3441558441558441,0.0,1.0,0.18831433039711826,0.3147476675210113
qwen3_4b,MUSE-Books,communication,target_semantic,50,0.45713350489735605,0.24481078856150854,0.03462147373989375,0.4531532824039459,0.3470110595226288,0.6396021246910095,0.0,1.0,0.3892754163671643,0.5249915934275478
qwen3_4b,MUSE-Books,communication,target_positive,50,0.06,0.23989793748209523,0.033926691677251195,0.0,0.0,0.0,0.0,1.0,-0.006496315687412338,0.12649631568741232
qwen3_4b,MUSE-Books,communication,system_exact,50,0.1,0.30304576336566325,0.04285714285714286,0.0,0.0,0.0,0.0,1.0,0.016,0.184
qwen3_4b,MUSE-Books,communication,system_token_f1,50,0.2664879485500351,0.2731204800746366,0.03862506870834017,0.1999999999999999,0.07743710691823895,0.2857142857142857,0.0,1.0,0.19078281388168838,0.3421930832183818
qwen3_4b,MUSE-Books,communication,system_semantic,50,0.474812224060297,0.2633357967738259,0.03724130552558697,0.45666229724884033,0.360154777765274,0.6344011873006821,0.0,1.0,0.40181926523014655,0.5478051828904474
qwen3_4b,MUSE-Books,communication,system_positive,50,0.1,0.30304576336566325,0.04285714285714286,0.0,0.0,0.0,0.0,1.0,0.016,0.184
qwen3_4b,MUSE-Books,full_inference,chain_length,50,4.0,0.0,0.0,4.0,4.0,4.0,4.0,4.0,4.0,4.0
qwen3_4b,MUSE-Books,full_inference,target_agent_position,50,2.0,0.0,0.0,2.0,2.0,2.0,2.0,2.0,2.0,2.0
qwen3_4b,MUSE-Books,full_inference,peer_evidence,50,1.0,0.0,0.0,1.0,1.0,1.0,1.0,1.0,1.0,1.0
qwen3_4b,MUSE-Books,full_inference,target_exact,50,0.06,0.23989793748209523,0.033926691677251195,0.0,0.0,0.0,0.0,1.0,-0.006496315687412338,0.12649631568741232
qwen3_4b,MUSE-Books,full_inference,target_token_f1,50,0.18271140890191348,0.23162633755130896,0.03275691079678696,0.0952380952380952,0.056372549019607796,0.2857142857142857,0.0,1.0,0.11850786374021104,0.2469149540636159
qwen3_4b,MUSE-Books,full_inference,target_semantic,50,0.43558569997549057,0.17723950989421802,0.02506545186807635,0.4082483053207397,0.4082483053207397,0.4082483053207397,0.0,1.0,0.38645741431406094,0.4847139856369202
qwen3_4b,MUSE-Books,full_inference,target_positive,50,0.06,0.23989793748209523,0.033926691677251195,0.0,0.0,0.0,0.0,1.0,-0.006496315687412338,0.12649631568741232
qwen3_4b,MUSE-Books,full_inference,system_exact,50,0.2,0.4040610178208843,0.05714285714285715,0.0,0.0,0.0,0.0,1.0,0.08800000000000001,0.312
qwen3_4b,MUSE-Books,full_inference,system_token_f1,50,0.32657840861850396,0.3527270686954792,0.0498831404365253,0.1999999999999999,0.07676767676767672,0.2857142857142857,0.0,1.0,0.22880745336291436,0.42434936387409355
qwen3_4b,MUSE-Books,full_inference,system_semantic,50,0.5392482677102088,0.2717899740364933,0.038436906739944016,0.4082483053207397,0.4082483053207397,0.653125062584877,0.0,1.0,0.4639119304999186,0.6145846049204992
qwen3_4b,MUSE-Books,full_inference,system_positive,50,0.22,0.41845195759648035,0.05917804336345138,0.0,0.0,0.0,0.0,1.0,0.1040110350076353,0.3359889649923647
qwen3_4b,MUSE-Books,global_context,chain_length,50,4.0,0.0,0.0,4.0,4.0,4.0,4.0,4.0,4.0,4.0
qwen3_4b,MUSE-Books,global_context,target_agent_position,50,2.0,0.0,0.0,2.0,2.0,2.0,2.0,2.0,2.0,2.0
qwen3_4b,MUSE-Books,global_context,peer_evidence,50,1.0,0.0,0.0,1.0,1.0,1.0,1.0,1.0,1.0,1.0
qwen3_4b,MUSE-Books,global_context,target_exact,50,0.12,0.32826072265931594,0.04642307659791978,0.0,0.0,0.0,0.0,1.0,0.02901076986807724,0.21098923013192275
qwen3_4b,MUSE-Books,global_context,target_token_f1,50,0.24486869866550823,0.29746787721796364,0.04206831063319788,0.0952380952380952,0.0952380952380952,0.2857142857142857,0.0155038759689922,1.0,0.1624148098244404,0.32732258750657606
qwen3_4b,MUSE-Books,global_context,target_semantic,50,0.47802874147892,0.20606989391681782,0.02914268387739487,0.4082483053207397,0.4082483053207397,0.4169361591339111,0.2452557384967804,1.0,0.42090908107922603,0.5351484018786139
qwen3_4b,MUSE-Books,global_context,target_positive,50,0.12,0.32826072265931594,0.04642307659791978,0.0,0.0,0.0,0.0,1.0,0.02901076986807724,0.21098923013192275
qwen3_4b,MUSE-Books,global_context,system_exact,50,0.12,0.32826072265931594,0.04642307659791978,0.0,0.0,0.0,0.0,1.0,0.02901076986807724,0.21098923013192275
qwen3_4b,MUSE-Books,global_context,system_token_f1,50,0.24154240124044457,0.29952901563819095,0.042359799623979254,0.0952380952380952,0.07263157894736838,0.2857142857142857,0.0181818181818181,1.0,0.15851719397744524,0.3245676085034439
qwen3_4b,MUSE-Books,global_context,system_semantic,50,0.47325189352035524,0.209630821111424,0.029646275030718396,0.4082483053207397,0.4082483053207397,0.4169361591339111,0.2452557384967804,1.0,0.4151451944601472,0.5313585925805633
qwen3_4b,MUSE-Books,global_context,system_positive,50,0.12,0.32826072265931594,0.04642307659791978,0.0,0.0,0.0,0.0,1.0,0.02901076986807724,0.21098923013192275
qwen3_4b,MUSE-Books,none,chain_length,50,4.0,0.0,0.0,4.0,4.0,4.0,4.0,4.0,4.0,4.0
qwen3_4b,MUSE-Books,none,target_agent_position,50,2.0,0.0,0.0,2.0,2.0,2.0,2.0,2.0,2.0,2.0
qwen3_4b,MUSE-Books,none,peer_evidence,50,1.0,0.0,0.0,1.0,1.0,1.0,1.0,1.0,1.0,1.0
qwen3_4b,MUSE-Books,none,target_exact,50,0.04,0.19794866372215741,0.027994168488950606,0.0,0.0,0.0,0.0,1.0,-0.014868570238343183,0.09486857023834319
qwen3_4b,MUSE-Books,none,target_token_f1,50,0.24859355756002655,0.20357935738249858,0.028790468822952876,0.2857142857142857,0.0833333333333333,0.3636363636363636,0.0,1.0,0.1921642386670389,0.3050228764530142
qwen3_4b,MUSE-Books,none,target_semantic,50,0.4586911053955555,0.2386794565307479,0.033754372448562324,0.48147425055503845,0.3470110595226288,0.6396021246910095,0.0,1.0,0.39253253539637334,0.5248496753947377
qwen3_4b,MUSE-Books,none,target_positive,50,0.04,0.19794866372215741,0.027994168488950606,0.0,0.0,0.0,0.0,1.0,-0.014868570238343183,0.09486857023834319
qwen3_4b,MUSE-Books,none,system_exact,50,0.1,0.30304576336566325,0.04285714285714286,0.0,0.0,0.0,0.0,1.0,0.016,0.184
qwen3_4b,MUSE-Books,none,system_token_f1,50,0.2736093310074185,0.2729607251316828,0.03860247594764203,0.2428571428571428,0.07743710691823895,0.3441558441558441,0.0,1.0,0.19794847815004013,0.3492701838647969
qwen3_4b,MUSE-Books,none,system_semantic,50,0.47909212961792946,0.26563046773124643,0.03756582100450375,0.45666229724884033,0.360154777765274,0.6396021246910095,0.0,1.0,0.4054631204491021,0.5527211387867568
qwen3_4b,MUSE-Books,none,system_positive,50,0.1,0.30304576336566325,0.04285714285714286,0.0,0.0,0.0,0.0,1.0,0.016,0.184
qwen3_4b,MUSE-Books,target_context,chain_length,50,4.0,0.0,0.0,4.0,4.0,4.0,4.0,4.0,4.0,4.0
qwen3_4b,MUSE-Books,target_context,target_agent_position,50,2.0,0.0,0.0,2.0,2.0,2.0,2.0,2.0,2.0,2.0
qwen3_4b,MUSE-Books,target_context,peer_evidence,50,1.0,0.0,0.0,1.0,1.0,1.0,1.0,1.0,1.0,1.0
qwen3_4b,MUSE-Books,target_context,target_exact,50,0.08,0.27404751561786966,0.03875617133214439,0.0,0.0,0.0,0.0,1.0,0.004037904188997007,0.155962095811003
qwen3_4b,MUSE-Books,target_context,target_token_f1,50,0.23198172614036586,0.25340511682281724,0.035836895298556666,0.1952380952380952,0.07727272727272724,0.2857142857142857,0.0,1.0,0.1617414113551948,0.30222204092553695
qwen3_4b,MUSE-Books,target_context,target_semantic,50,0.4978660351037979,0.21113071653177595,0.029858392275278697,0.4082483053207397,0.4082483053207397,0.6125899255275726,0.0,1.0,0.4393435862442516,0.5563884839633442
qwen3_4b,MUSE-Books,target_context,target_positive,50,0.12,0.32826072265931594,0.04642307659791978,0.0,0.0,0.0,0.0,1.0,0.02901076986807724,0.21098923013192275
qwen3_4b,MUSE-Books,target_context,system_exact,50,0.16,0.3703280399090206,0.05237229365663817,0.0,0.0,0.0,0.0,1.0,0.05735030443298919,0.2626496955670108
qwen3_4b,MUSE-Books,target_context,system_token_f1,50,0.28568575164713556,0.32808881408534796,0.0463987650542404,0.1999999999999999,0.06505681818181817,0.2857142857142857,0.0,1.0,0.19474417214082437,0.3766273311534467
qwen3_4b,MUSE-Books,target_context,system_semantic,50,0.5235991168022156,0.25820829689237673,0.03651616753824578,0.4082483053207397,0.4082483053207397,0.637887567281723,0.0,1.0,0.45202742842725385,0.5951708051771774
qwen3_4b,MUSE-Books,target_context,system_positive,50,0.18,0.3880879344916036,0.054883922035138706,0.0,0.0,0.0,0.0,1.0,0.07242751281112814,0.28757248718887185
qwen3_4b,MUSE-Books,target_context_comm,chain_length,50,4.0,0.0,0.0,4.0,4.0,4.0,4.0,4.0,4.0,4.0
qwen3_4b,MUSE-Books,target_context_comm,target_agent_position,50,2.0,0.0,0.0,2.0,2.0,2.0,2.0,2.0,2.0,2.0
qwen3_4b,MUSE-Books,target_context_comm,peer_evidence,50,1.0,0.0,0.0,1.0,1.0,1.0,1.0,1.0,1.0,1.0
qwen3_4b,MUSE-Books,target_context_comm,target_exact,50,0.08,0.27404751561786966,0.03875617133214439,0.0,0.0,0.0,0.0,1.0,0.004037904188997007,0.155962095811003
qwen3_4b,MUSE-Books,target_context_comm,target_token_f1,50,0.19176163690007086,0.25902311362256497,0.03663140002531386,0.0952380952380952,0.054084507042253475,0.2857142857142857,0.0,1.0,0.1199640928504557,0.263559180949686
qwen3_4b,MUSE-Books,target_context_comm,target_semantic,50,0.4516740769147873,0.19789807924380723,0.027987014763417768,0.4082483053207397,0.4082483053207397,0.46446879208087916,0.0,1.0,0.39681952797848846,0.5065286258510862
qwen3_4b,MUSE-Books,target_context_comm,target_positive,50,0.08,0.27404751561786966,0.03875617133214439,0.0,0.0,0.0,0.0,1.0,0.004037904188997007,0.155962095811003
qwen3_4b,MUSE-Books,target_context_comm,system_exact,50,0.2,0.4040610178208843,0.05714285714285715,0.0,0.0,0.0,0.0,1.0,0.08800000000000001,0.312
qwen3_4b,MUSE-Books,target_context_comm,system_token_f1,50,0.31370612840733114,0.35837619576412005,0.05068204764812939,0.1904761904761905,0.06505681818181817,0.2857142857142857,0.0,1.0,0.21436931501699752,0.41304294179766476
qwen3_4b,MUSE-Books,target_context_comm,system_semantic,50,0.5423964416980743,0.2747970009101285,0.03886216455865554,0.4082483053207397,0.4082483053207397,0.6611032485961914,0.0,1.0,0.4662265991631095,0.6185662842330392
qwen3_4b,MUSE-Books,target_context_comm,system_positive,50,0.22,0.41845195759648035,0.05917804336345138,0.0,0.0,0.0,0.0,1.0,0.1040110350076353,0.3359889649923647
qwen3_4b,MUSE-Books,target_context_memory,chain_length,50,4.0,0.0,0.0,4.0,4.0,4.0,4.0,4.0,4.0,4.0
qwen3_4b,MUSE-Books,target_context_memory,target_agent_position,50,2.0,0.0,0.0,2.0,2.0,2.0,2.0,2.0,2.0,2.0
qwen3_4b,MUSE-Books,target_context_memory,peer_evidence,50,1.0,0.0,0.0,1.0,1.0,1.0,1.0,1.0,1.0,1.0
qwen3_4b,MUSE-Books,target_context_memory,target_exact,50,0.06,0.23989793748209523,0.033926691677251195,0.0,0.0,0.0,0.0,1.0,-0.006496315687412338,0.12649631568741232
qwen3_4b,MUSE-Books,target_context_memory,target_token_f1,50,0.21598203676486455,0.2255442326521861,0.031896771273175424,0.1999999999999999,0.0888888888888888,0.2857142857142857,0.0,1.0,0.15346436506944072,0.2784997084602884
qwen3_4b,MUSE-Books,target_context_memory,target_semantic,50,0.47934983044862745,0.1931557552938846,0.027316348878703035,0.4082483053207397,0.4082483053207397,0.5547001957893372,0.0,1.0,0.4258097866463695,0.5328898742508854
qwen3_4b,MUSE-Books,target_context_memory,target_positive,50,0.1,0.30304576336566325,0.04285714285714286,0.0,0.0,0.0,0.0,1.0,0.016,0.184
qwen3_4b,MUSE-Books,target_context_memory,system_exact,50,0.14,0.3505098327538656,0.0495695759225642,0.0,0.0,0.0,0.0,1.0,0.04284363119177417,0.23715636880822585
qwen3_4b,MUSE-Books,target_context_memory,system_token_f1,50,0.27834489387876915,0.3088471490473875,0.043677582688308014,0.1999999999999999,0.07676767676767672,0.2857142857142857,0.0,1.0,0.19273683180968543,0.3639529559478529
qwen3_4b,MUSE-Books,target_context_memory,system_semantic,50,0.5152993384003639,0.24712762742777086,0.03494912423454388,0.4082483053207397,0.4082483053207397,0.5932711213827133,0.0,1.0,0.4467990549006579,0.58379962190007
qwen3_4b,MUSE-Books,target_context_memory,system_positive,50,0.18,0.3880879344916036,0.054883922035138706,0.0,0.0,0.0,0.0,1.0,0.07242751281112814,0.28757248718887185
qwen3_4b,MUSE-Books,target_memory,chain_length,50,4.0,0.0,0.0,4.0,4.0,4.0,4.0,4.0,4.0,4.0
qwen3_4b,MUSE-Books,target_memory,target_agent_position,50,2.0,0.0,0.0,2.0,2.0,2.0,2.0,2.0,2.0,2.0
qwen3_4b,MUSE-Books,target_memory,peer_evidence,50,1.0,0.0,0.0,1.0,1.0,1.0,1.0,1.0,1.0,1.0
qwen3_4b,MUSE-Books,target_memory,target_exact,50,0.02,0.14142135623730948,0.019999999999999993,0.0,0.0,0.0,0.0,1.0,-0.019199999999999984,0.05919999999999999
qwen3_4b,MUSE-Books,target_memory,target_token_f1,50,0.19568064312002492,0.16756286125806855,0.02369696709412018,0.1999999999999999,0.0588235294117647,0.2857142857142857,0.0,1.0,0.14923458761554936,0.24212669862450048
qwen3_4b,MUSE-Books,target_memory,target_semantic,50,0.4380602790415287,0.2086382519223301,0.02950590454983737,0.48147425055503845,0.2620200365781784,0.5547001957893372,0.0,1.0,0.38022870612384746,0.49589185195921
qwen3_4b,MUSE-Books,target_memory,target_positive,50,0.02,0.14142135623730948,0.019999999999999993,0.0,0.0,0.0,0.0,1.0,-0.019199999999999984,0.05919999999999999
qwen3_4b,MUSE-Books,target_memory,system_exact,50,0.08,0.27404751561786966,0.03875617133214439,0.0,0.0,0.0,0.0,1.0,0.004037904188997007,0.155962095811003
qwen3_4b,MUSE-Books,target_memory,system_token_f1,50,0.2361677839067947,0.25155974219853594,0.03557591991642489,0.1999999999999999,0.06456820016142042,0.2857142857142857,0.0,1.0,0.16643898087060188,0.3058965869429875
qwen3_4b,MUSE-Books,target_memory,system_semantic,50,0.4635063959658146,0.2436404804871973,0.034455967184809186,0.48147425055503845,0.32184188067913055,0.5547001957893372,0.0,1.0,0.3959727002835886,0.5310400916480407
qwen3_4b,MUSE-Books,target_memory,system_positive,50,0.08,0.27404751561786966,0.03875617133214439,0.0,0.0,0.0,0.0,1.0,0.004037904188997007,0.155962095811003
qwen3_4b,MUSE-Books,target_memory_comm,chain_length,50,4.0,0.0,0.0,4.0,4.0,4.0,4.0,4.0,4.0,4.0
qwen3_4b,MUSE-Books,target_memory_comm,target_agent_position,50,2.0,0.0,0.0,2.0,2.0,2.0,2.0,2.0,2.0,2.0
qwen3_4b,MUSE-Books,target_memory_comm,peer_evidence,50,1.0,0.0,0.0,1.0,1.0,1.0,1.0,1.0,1.0,1.0
qwen3_4b,MUSE-Books,target_memory_comm,target_exact,50,0.0,0.0,0.0,0.0,0.0,0.0,0.0,0.0,0.0,0.0
qwen3_4b,MUSE-Books,target_memory_comm,target_token_f1,50,0.16067142245578725,0.10010648640108454,0.014157195074993155,0.1999999999999999,0.0588235294117647,0.1999999999999999,0.0,0.3636363636363636,0.13292332010880067,0.18841952480277382
qwen3_4b,MUSE-Books,target_memory_comm,target_semantic,50,0.41801146283745766,0.18201970856061067,0.025741474046561377,0.48147425055503845,0.2620200365781784,0.5547001957893372,0.0,0.650791347026825,0.36755817370619737,0.46846475196871795
qwen3_4b,MUSE-Books,target_memory_comm,target_positive,50,0.0,0.0,0.0,0.0,0.0,0.0,0.0,0.0,0.0,0.0
qwen3_4b,MUSE-Books,target_memory_comm,system_exact,50,0.06,0.23989793748209523,0.033926691677251195,0.0,0.0,0.0,0.0,1.0,-0.006496315687412338,0.12649631568741232
qwen3_4b,MUSE-Books,target_memory_comm,system_token_f1,50,0.2169743446250963,0.2251540978625222,0.0318415978821058,0.1999999999999999,0.06694915254237283,0.2857142857142857,0.0,1.0,0.15456481277616893,0.27938387647402363
qwen3_4b,MUSE-Books,target_memory_comm,system_semantic,50,0.4523432423174381,0.2298948198644359,0.032512037217160485,0.48147425055503845,0.32184188067913055,0.5547001957893372,0.0,1.0,0.38861964937180354,0.5160668352630726
qwen3_4b,MUSE-Books,target_memory_comm,system_positive,50,0.06,0.23989793748209523,0.033926691677251195,0.0,0.0,0.0,0.0,1.0,-0.006496315687412338,0.12649631568741232
qwen3_4b,MUSE-News,communication,chain_length,50,4.0,0.0,0.0,4.0,4.0,4.0,4.0,4.0,4.0,4.0
qwen3_4b,MUSE-News,communication,target_agent_position,50,2.0,0.0,0.0,2.0,2.0,2.0,2.0,2.0,2.0,2.0
qwen3_4b,MUSE-News,communication,peer_evidence,50,1.0,0.0,0.0,1.0,1.0,1.0,1.0,1.0,1.0,1.0
qwen3_4b,MUSE-News,communication,target_exact,50,0.06,0.2398979374820952,0.03392669167725119,0.0,0.0,0.0,0.0,1.0,-0.006496315687412324,0.12649631568741232
qwen3_4b,MUSE-News,communication,target_token_f1,50,0.2598560587421814,0.22926762520110386,0.03242333849724727,0.23307436182019975,0.0952380952380952,0.3529411764705882,0.0249999999999999,1.0,0.19630631528757675,0.323405802196786
qwen3_4b,MUSE-News,communication,target_semantic,50,0.3646641293168068,0.19580183280883354,0.02769056074957616,0.41262248158454895,0.1961161345243454,0.4330126941204071,0.1961161345243454,1.0,0.3103906302476375,0.4189376283859761
qwen3_4b,MUSE-News,communication,target_positive,50,0.06,0.2398979374820952,0.03392669167725119,0.0,0.0,0.0,0.0,1.0,-0.006496315687412324,0.12649631568741232
qwen3_4b,MUSE-News,communication,system_exact,50,0.16,0.3703280399090206,0.05237229365663817,0.0,0.0,0.0,0.0,1.0,0.05735030443298919,0.2626496955670108
qwen3_4b,MUSE-News,communication,system_token_f1,50,0.34970330634893104,0.3125035043001346,0.04419466940703692,0.3529411764705882,0.0952380952380952,0.3529411764705882,0.0249999999999999,1.0,0.26308175431113867,0.4363248583867234
qwen3_4b,MUSE-News,communication,system_semantic,50,0.44452962040901184,0.2651296651709595,0.03749499682722085,0.4330126941204071,0.1961161345243454,0.4330126941204071,0.1961161345243454,1.0,0.371039426627659,0.5180198141903647
qwen3_4b,MUSE-News,communication,system_positive,50,0.16,0.3703280399090206,0.05237229365663817,0.0,0.0,0.0,0.0,1.0,0.05735030443298919,0.2626496955670108
qwen3_4b,MUSE-News,full_inference,chain_length,50,4.0,0.0,0.0,4.0,4.0,4.0,4.0,4.0,4.0,4.0
qwen3_4b,MUSE-News,full_inference,target_agent_position,50,2.0,0.0,0.0,2.0,2.0,2.0,2.0,2.0,2.0,2.0
qwen3_4b,MUSE-News,full_inference,peer_evidence,50,1.0,0.0,0.0,1.0,1.0,1.0,1.0,1.0,1.0,1.0
qwen3_4b,MUSE-News,full_inference,target_exact,50,0.08,0.27404751561786966,0.03875617133214439,0.0,0.0,0.0,0.0,1.0,0.004037904188997007,0.155962095811003
qwen3_4b,MUSE-News,full_inference,target_token_f1,50,0.14988502643072235,0.25896051629604255,0.03662254742650023,0.0952380952380952,0.0407754010695187,0.0952380952380952,0.0,1.0,0.0781048334747819,0.22166521938666278
qwen3_4b,MUSE-News,full_inference,target_semantic,50,0.24119433999061585,0.25875560348744914,0.03659356837919855,0.1961161345243454,0.1033582147210836,0.21757980808615685,0.0,1.0,0.1694709459673867,0.312917734013845
qwen3_4b,MUSE-News,full_inference,target_positive,50,0.08,0.27404751561786966,0.03875617133214439,0.0,0.0,0.0,0.0,1.0,0.004037904188997007,0.155962095811003
qwen3_4b,MUSE-News,full_inference,system_exact,50,0.14,0.3505098327538656,0.0495695759225642,0.0,0.0,0.0,0.0,1.0,0.04284363119177417,0.23715636880822585
qwen3_4b,MUSE-News,full_inference,system_token_f1,50,0.28430301997753277,0.3195130142243856,0.045185963807083375,0.10002778549597105,0.0952380952380952,0.3529411764705882,0.0,1.0,0.19573853091564936,0.3728675090394162
qwen3_4b,MUSE-News,full_inference,system_semantic,50,0.4033769229054451,0.2855256239882449,0.040379420984921664,0.4330126941204071,0.1961161345243454,0.4330126941204071,0.0,1.0,0.3242332577749986,0.48252058803589154
qwen3_4b,MUSE-News,full_inference,system_positive,50,0.14,0.3505098327538656,0.0495695759225642,0.0,0.0,0.0,0.0,1.0,0.04284363119177417,0.23715636880822585
qwen3_4b,MUSE-News,global_context,chain_length,50,4.0,0.0,0.0,4.0,4.0,4.0,4.0,4.0,4.0,4.0
qwen3_4b,MUSE-News,global_context,target_agent_position,50,2.0,0.0,0.0,2.0,2.0,2.0,2.0,2.0,2.0,2.0
qwen3_4b,MUSE-News,global_context,peer_evidence,50,1.0,0.0,0.0,1.0,1.0,1.0,1.0,1.0,1.0,1.0
qwen3_4b,MUSE-News,global_context,target_exact,50,0.08,0.27404751561786966,0.03875617133214439,0.0,0.0,0.0,0.0,1.0,0.004037904188997007,0.155962095811003
qwen3_4b,MUSE-News,global_context,target_token_f1,50,0.11442486926194992,0.2671984824048326,0.03778757176624231,0.0172413793103448,0.0,0.0952380952380952,0.0,1.0,0.040361228600114984,0.18848850992378485
qwen3_4b,MUSE-News,global_context,target_semantic,50,0.16830464094877243,0.2684829089753524,0.03796921711383245,0.0980580672621727,0.0,0.1961161345243454,0.0,1.0,0.09388497540566082,0.24272430649188403
qwen3_4b,MUSE-News,global_context,target_positive,50,0.08,0.27404751561786966,0.03875617133214439,0.0,0.0,0.0,0.0,1.0,0.004037904188997007,0.155962095811003
qwen3_4b,MUSE-News,global_context,system_exact,50,0.18,0.3880879344916036,0.054883922035138706,0.0,0.0,0.0,0.0,1.0,0.07242751281112814,0.28757248718887185
qwen3_4b,MUSE-News,global_context,system_token_f1,50,0.2040219388590195,0.37850321378788443,0.05352843783406292,0.0172413793103448,0.0,0.0952380952380952,0.0,1.0,0.09910620070425619,0.30893767701378283
qwen3_4b,MUSE-News,global_context,system_semantic,50,0.2504275593161583,0.36872438164143845,0.05214550212949553,0.0980580672621727,0.0,0.24089162796735758,0.0,1.0,0.14822237514234704,0.35263274348996954
qwen3_4b,MUSE-News,global_context,system_positive,50,0.18,0.3880879344916036,0.054883922035138706,0.0,0.0,0.0,0.0,1.0,0.07242751281112814,0.28757248718887185
qwen3_4b,MUSE-News,none,chain_length,50,4.0,0.0,0.0,4.0,4.0,4.0,4.0,4.0,4.0,4.0
qwen3_4b,MUSE-News,none,target_agent_position,50,2.0,0.0,0.0,2.0,2.0,2.0,2.0,2.0,2.0,2.0
qwen3_4b,MUSE-News,none,peer_evidence,50,1.0,0.0,0.0,1.0,1.0,1.0,1.0,1.0,1.0,1.0
qwen3_4b,MUSE-News,none,target_exact,50,0.06,0.2398979374820952,0.03392669167725119,0.0,0.0,0.0,0.0,1.0,-0.006496315687412324,0.12649631568741232
qwen3_4b,MUSE-News,none,target_token_f1,50,0.2600093154471622,0.22916347630875508,0.03240860961964069,0.23307436182019975,0.0952380952380952,0.3529411764705882,0.0249999999999999,1.0,0.19648844059266646,0.32353019030165797
qwen3_4b,MUSE-News,none,target_semantic,50,0.364292583167553,0.1957164828175412,0.027678490438052757,0.4089564383029938,0.1961161345243454,0.4330126941204071,0.1961161345243454,1.0,0.3100427419089696,0.4185424244261364
qwen3_4b,MUSE-News,none,target_positive,50,0.06,0.2398979374820952,0.03392669167725119,0.0,0.0,0.0,0.0,1.0,-0.006496315687412324,0.12649631568741232
qwen3_4b,MUSE-News,none,system_exact,50,0.16,0.3703280399090206,0.05237229365663817,0.0,0.0,0.0,0.0,1.0,0.05735030443298919,0.2626496955670108
qwen3_4b,MUSE-News,none,system_token_f1,50,0.35048550592335276,0.31187927032769125,0.04410638939204457,0.3529411764705882,0.0952380952380952,0.3529411764705882,0.0249999999999999,1.0,0.2640369827149454,0.4369340291317601
qwen3_4b,MUSE-News,none,system_semantic,50,0.4446809697151184,0.2646919856376249,0.037433099594019366,0.4330126941204071,0.1961161345243454,0.4330126941204071,0.1961161345243454,1.0,0.37131209451084046,0.5180498449193963
qwen3_4b,MUSE-News,none,system_positive,50,0.16,0.3703280399090206,0.05237229365663817,0.0,0.0,0.0,0.0,1.0,0.05735030443298919,0.2626496955670108
qwen3_4b,MUSE-News,parameter_only,chain_length,100,4.0,0.0,0.0,4.0,4.0,4.0,4.0,4.0,4.0,4.0
qwen3_4b,MUSE-News,parameter_only,target_agent_position,100,2.0,0.0,0.0,2.0,2.0,2.0,2.0,2.0,2.0,2.0
qwen3_4b,MUSE-News,parameter_only,peer_evidence,100,1.0,0.0,0.0,1.0,1.0,1.0,1.0,1.0,1.0,1.0
qwen3_4b,MUSE-News,parameter_only,target_exact,100,0.12,0.3265986323710904,0.03265986323710904,0.0,0.0,0.0,0.0,1.0,0.05598666805526628,0.1840133319447337
qwen3_4b,MUSE-News,parameter_only,target_token_f1,100,0.3144347648685591,0.2837499233343472,0.02837499233343472,0.3529411764705882,0.0952380952380952,0.3529411764705882,0.0249999999999999,1.0,0.258819779895027,0.37004974984209116
qwen3_4b,MUSE-News,parameter_only,target_semantic,100,0.4086362035572529,0.24375906359317645,0.024375906359317644,0.4330126941204071,0.1961161345243454,0.4330126941204071,0.1740776598453521,1.0,0.3608594270929903,0.4564129800215155
qwen3_4b,MUSE-News,parameter_only,target_positive,100,0.12,0.3265986323710904,0.03265986323710904,0.0,0.0,0.0,0.0,1.0,0.05598666805526628,0.1840133319447337
qwen3_4b,MUSE-News,parameter_only,system_exact,100,0.2,0.4020151261036849,0.04020151261036849,0.0,0.0,0.0,0.0,1.0,0.12120503528367778,0.27879496471632226
qwen3_4b,MUSE-News,parameter_only,system_token_f1,100,0.38675733370433546,0.3306422849954819,0.033064228499548196,0.3529411764705882,0.0952380952380952,0.3529411764705882,0.0249999999999999,1.0,0.321951445845221,0.4515632215634499
qwen3_4b,MUSE-News,parameter_only,system_semantic,100,0.47594095155596733,0.2806479775711365,0.028064797757113652,0.4330126941204071,0.22419129684567446,0.4330126941204071,0.1740776598453521,1.0,0.42093394795202455,0.5309479551599101
qwen3_4b,MUSE-News,parameter_only,system_positive,100,0.2,0.4020151261036849,0.04020151261036849,0.0,0.0,0.0,0.0,1.0,0.12120503528367778,0.27879496471632226
qwen3_4b,MUSE-News,parameter_plus_comm,chain_length,100,4.0,0.0,0.0,4.0,4.0,4.0,4.0,4.0,4.0,4.0
qwen3_4b,MUSE-News,parameter_plus_comm,target_agent_position,100,2.0,0.0,0.0,2.0,2.0,2.0,2.0,2.0,2.0,2.0
qwen3_4b,MUSE-News,parameter_plus_comm,peer_evidence,100,1.0,0.0,0.0,1.0,1.0,1.0,1.0,1.0,1.0,1.0
qwen3_4b,MUSE-News,parameter_plus_comm,target_exact,100,0.12,0.3265986323710904,0.03265986323710904,0.0,0.0,0.0,0.0,1.0,0.05598666805526628,0.1840133319447337
qwen3_4b,MUSE-News,parameter_plus_comm,target_token_f1,100,0.3148897021726343,0.2835136590264197,0.028351365902641968,0.3529411764705882,0.0952380952380952,0.3529411764705882,0.0249999999999999,1.0,0.25932102500345605,0.3704583793418125
qwen3_4b,MUSE-News,parameter_plus_comm,target_semantic,100,0.40939777582883835,0.2435794840663915,0.02435794840663915,0.4330126941204071,0.1961161345243454,0.4330126941204071,0.1740776598453521,1.0,0.3616561969518256,0.4571393547058511
qwen3_4b,MUSE-News,parameter_plus_comm,target_positive,100,0.12,0.3265986323710904,0.03265986323710904,0.0,0.0,0.0,0.0,1.0,0.05598666805526628,0.1840133319447337
qwen3_4b,MUSE-News,parameter_plus_comm,system_exact,100,0.2,0.4020151261036849,0.04020151261036849,0.0,0.0,0.0,0.0,1.0,0.12120503528367778,0.27879496471632226
qwen3_4b,MUSE-News,parameter_plus_comm,system_token_f1,100,0.38638376752320286,0.3309622225906312,0.03309622225906312,0.3529411764705882,0.0952380952380952,0.3529411764705882,0.0249999999999999,1.0,0.32151517189543916,0.45125236315096656
qwen3_4b,MUSE-News,parameter_plus_comm,system_semantic,100,0.472474879771471,0.2826525764250834,0.02826525764250834,0.4330126941204071,0.1961161345243454,0.4330126941204071,0.1740776598453521,1.0,0.41707497479215466,0.5278747847507873
qwen3_4b,MUSE-News,parameter_plus_comm,system_positive,100,0.2,0.4020151261036849,0.04020151261036849,0.0,0.0,0.0,0.0,1.0,0.12120503528367778,0.27879496471632226
qwen3_4b,MUSE-News,target_context,chain_length,50,4.0,0.0,0.0,4.0,4.0,4.0,4.0,4.0,4.0,4.0
qwen3_4b,MUSE-News,target_context,target_agent_position,50,2.0,0.0,0.0,2.0,2.0,2.0,2.0,2.0,2.0,2.0
qwen3_4b,MUSE-News,target_context,peer_evidence,50,1.0,0.0,0.0,1.0,1.0,1.0,1.0,1.0,1.0,1.0
qwen3_4b,MUSE-News,target_context,target_exact,50,0.1,0.30304576336566325,0.04285714285714286,0.0,0.0,0.0,0.0,1.0,0.016,0.184
qwen3_4b,MUSE-News,target_context,target_token_f1,50,0.21496137536447604,0.2907838431073362,0.041123045464136504,0.0952380952380952,0.04782067247820668,0.3529411764705882,0.0,1.0,0.1343602062547685,0.2955625444741836
qwen3_4b,MUSE-News,target_context,target_semantic,50,0.3213480174541473,0.2845584176762613,0.04024263735651965,0.1961161345243454,0.1961161345243454,0.4330126941204071,0.0,1.0,0.2424724482353688,0.40022358667292585
qwen3_4b,MUSE-News,target_context,target_positive,50,0.1,0.30304576336566325,0.04285714285714286,0.0,0.0,0.0,0.0,1.0,0.016,0.184
qwen3_4b,MUSE-News,target_context,system_exact,50,0.2,0.4040610178208843,0.05714285714285715,0.0,0.0,0.0,0.0,1.0,0.08800000000000001,0.312
qwen3_4b,MUSE-News,target_context,system_token_f1,50,0.3415219135924849,0.3558123497436689,0.05031946506673356,0.2389705882352941,0.0952380952380952,0.3529411764705882,0.0,1.0,0.24289576206168711,0.4401480651232827
qwen3_4b,MUSE-News,target_context,system_semantic,50,0.43641607224941253,0.3188757991997479,0.045095847994084316,0.4330126941204071,0.1961161345243454,0.472960963845253,0.0,1.0,0.34802821018100727,0.5248039343178178
qwen3_4b,MUSE-News,target_context,system_positive,50,0.2,0.4040610178208843,0.05714285714285715,0.0,0.0,0.0,0.0,1.0,0.08800000000000001,0.312
qwen3_4b,MUSE-News,target_context_comm,chain_length,50,4.0,0.0,0.0,4.0,4.0,4.0,4.0,4.0,4.0,4.0
qwen3_4b,MUSE-News,target_context_comm,target_agent_position,50,2.0,0.0,0.0,2.0,2.0,2.0,2.0,2.0,2.0,2.0
qwen3_4b,MUSE-News,target_context_comm,peer_evidence,50,1.0,0.0,0.0,1.0,1.0,1.0,1.0,1.0,1.0,1.0
qwen3_4b,MUSE-News,target_context_comm,target_exact,50,0.1,0.30304576336566325,0.04285714285714286,0.0,0.0,0.0,0.0,1.0,0.016,0.184
qwen3_4b,MUSE-News,target_context_comm,target_token_f1,50,0.1721614743781287,0.2840780348661245,0.04017470096799702,0.0952380952380952,0.04357707509881417,0.1176470588235294,0.0,1.0,0.09341906048085455,0.2509038882754029
qwen3_4b,MUSE-News,target_context_comm,target_semantic,50,0.26053329050540924,0.2784469747557019,0.039378348810127244,0.1961161345243454,0.1443375647068023,0.2801205143332481,0.0,1.0,0.18335172683755985,0.33771485417325864
qwen3_4b,MUSE-News,target_context_comm,target_positive,50,0.1,0.30304576336566325,0.04285714285714286,0.0,0.0,0.0,0.0,1.0,0.016,0.184
qwen3_4b,MUSE-News,target_context_comm,system_exact,50,0.2,0.4040610178208843,0.05714285714285715,0.0,0.0,0.0,0.0,1.0,0.08800000000000001,0.312
qwen3_4b,MUSE-News,target_context_comm,system_token_f1,50,0.3419867167522462,0.3554497443891219,0.05026818492571462,0.23202614379084965,0.0952380952380952,0.3529411764705882,0.0,1.0,0.24346107429784553,0.44051235920664683
qwen3_4b,MUSE-News,target_context_comm,system_semantic,50,0.43926317632198336,0.31900378816757424,0.045113948367497735,0.4330126941204071,0.1961161345243454,0.4908571317791939,0.0,1.0,0.3508398375216878,0.5276865151222789
qwen3_4b,MUSE-News,target_context_comm,system_positive,50,0.2,0.4040610178208843,0.05714285714285715,0.0,0.0,0.0,0.0,1.0,0.08800000000000001,0.312
qwen3_4b,MUSE-News,target_context_memory,chain_length,50,4.0,0.0,0.0,4.0,4.0,4.0,4.0,4.0,4.0,4.0
qwen3_4b,MUSE-News,target_context_memory,target_agent_position,50,2.0,0.0,0.0,2.0,2.0,2.0,2.0,2.0,2.0,2.0
qwen3_4b,MUSE-News,target_context_memory,peer_evidence,50,1.0,0.0,0.0,1.0,1.0,1.0,1.0,1.0,1.0,1.0
qwen3_4b,MUSE-News,target_context_memory,target_exact,50,0.08,0.27404751561786966,0.03875617133214439,0.0,0.0,0.0,0.0,1.0,0.004037904188997007,0.155962095811003
qwen3_4b,MUSE-News,target_context_memory,target_token_f1,50,0.19621877734115206,0.2684111932842328,0.03795907498353082,0.0952380952380952,0.04839910647803423,0.3529411764705882,0.0,1.0,0.12181899037343165,0.2706185643088725
qwen3_4b,MUSE-News,target_context_memory,target_semantic,50,0.3009392204880714,0.26519859997236506,0.03750474568032758,0.1961161345243454,0.1961161345243454,0.4330126941204071,0.0,1.0,0.22742991895462938,0.37444852202151346
qwen3_4b,MUSE-News,target_context_memory,target_positive,50,0.08,0.27404751561786966,0.03875617133214439,0.0,0.0,0.0,0.0,1.0,0.004037904188997007,0.155962095811003
qwen3_4b,MUSE-News,target_context_memory,system_exact,50,0.14,0.3505098327538656,0.0495695759225642,0.0,0.0,0.0,0.0,1.0,0.04284363119177417,0.23715636880822585
qwen3_4b,MUSE-News,target_context_memory,system_token_f1,50,0.28441730724850184,0.3194622932923682,0.045178790784087854,0.09600614439324115,0.0952380952380952,0.3529411764705882,0.0,1.0,0.19586687731168964,0.37296773718531406
qwen3_4b,MUSE-News,target_context_memory,system_semantic,50,0.4003529587388039,0.2849698937614242,0.04030082886254261,0.4330126941204071,0.1961161345243454,0.4330126941204071,0.0,1.0,0.3213633341682204,0.4793425833093874
qwen3_4b,MUSE-News,target_context_memory,system_positive,50,0.14,0.3505098327538656,0.0495695759225642,0.0,0.0,0.0,0.0,1.0,0.04284363119177417,0.23715636880822585
qwen3_4b,MUSE-News,target_memory,chain_length,50,4.0,0.0,0.0,4.0,4.0,4.0,4.0,4.0,4.0,4.0
qwen3_4b,MUSE-News,target_memory,target_agent_position,50,2.0,0.0,0.0,2.0,2.0,2.0,2.0,2.0,2.0,2.0
qwen3_4b,MUSE-News,target_memory,peer_evidence,50,1.0,0.0,0.0,1.0,1.0,1.0,1.0,1.0,1.0,1.0
qwen3_4b,MUSE-News,target_memory,target_exact,50,0.08,0.27404751561786966,0.03875617133214439,0.0,0.0,0.0,0.0,1.0,0.004037904188997007,0.155962095811003
qwen3_4b,MUSE-News,target_memory,target_token_f1,50,0.2781474950431373,0.2505597307638431,0.035434496943077806,0.3529411764705882,0.0952380952380952,0.3529411764705882,0.0249999999999999,1.0,0.2086958810347048,0.34759910905156977
qwen3_4b,MUSE-News,target_memory,target_semantic,50,0.380697728395462,0.21399572502109035,0.030263565661468945,0.4330126941204071,0.1961161345243454,0.4330126941204071,0.1961161345243454,1.0,0.32138113969898285,0.44001431709194117
qwen3_4b,MUSE-News,target_memory,target_positive,50,0.08,0.27404751561786966,0.03875617133214439,0.0,0.0,0.0,0.0,1.0,0.004037904188997007,0.155962095811003
qwen3_4b,MUSE-News,target_memory,system_exact,50,0.2,0.4040610178208843,0.05714285714285715,0.0,0.0,0.0,0.0,1.0,0.08800000000000001,0.312
qwen3_4b,MUSE-News,target_memory,system_token_f1,50,0.3878570524984187,0.3312151987570999,0.0468409026146391,0.3529411764705882,0.0952380952380952,0.3529411764705882,0.0285714285714285,1.0,0.29604888337372604,0.4796652216231113
qwen3_4b,MUSE-News,target_memory,system_semantic,50,0.4672232136130333,0.28782274445077954,0.04070428287617379,0.4330126941204071,0.1961161345243454,0.4330126941204071,0.1889822334051132,1.0,0.3874428191757327,0.547003608050334
qwen3_4b,MUSE-News,target_memory,system_positive,50,0.2,0.4040610178208843,0.05714285714285715,0.0,0.0,0.0,0.0,1.0,0.08800000000000001,0.312
qwen3_4b,MUSE-News,target_memory_comm,chain_length,50,4.0,0.0,0.0,4.0,4.0,4.0,4.0,4.0,4.0,4.0
qwen3_4b,MUSE-News,target_memory_comm,target_agent_position,50,2.0,0.0,0.0,2.0,2.0,2.0,2.0,2.0,2.0,2.0
qwen3_4b,MUSE-News,target_memory_comm,peer_evidence,50,1.0,0.0,0.0,1.0,1.0,1.0,1.0,1.0,1.0,1.0
qwen3_4b,MUSE-News,target_memory_comm,target_exact,50,0.08,0.27404751561786966,0.03875617133214439,0.0,0.0,0.0,0.0,1.0,0.004037904188997007,0.155962095811003
qwen3_4b,MUSE-News,target_memory_comm,target_token_f1,50,0.2781474950431373,0.2505597307638431,0.035434496943077806,0.3529411764705882,0.0952380952380952,0.3529411764705882,0.0249999999999999,1.0,0.2086958810347048,0.34759910905156977
qwen3_4b,MUSE-News,target_memory_comm,target_semantic,50,0.38135089933872224,0.2140006347777688,0.030264260005917205,0.4330126941204071,0.1961161345243454,0.4330126941204071,0.1961161345243454,1.0,0.32203294972712454,0.44066884895031994
qwen3_4b,MUSE-News,target_memory_comm,target_positive,50,0.08,0.27404751561786966,0.03875617133214439,0.0,0.0,0.0,0.0,1.0,0.004037904188997007,0.155962095811003
qwen3_4b,MUSE-News,target_memory_comm,system_exact,50,0.2,0.4040610178208843,0.05714285714285715,0.0,0.0,0.0,0.0,1.0,0.08800000000000001,0.312
qwen3_4b,MUSE-News,target_memory_comm,system_token_f1,50,0.38749710600420534,0.33152291550211704,0.04688442033405635,0.3529411764705882,0.0952380952380952,0.3529411764705882,0.0285714285714285,1.0,0.2956036421494549,0.4793905698589558
qwen3_4b,MUSE-News,target_memory_comm,system_semantic,50,0.4730792725086212,0.2851279948553145,0.04032318773366318,0.4330126941204071,0.1961161345243454,0.4330126941204071,0.1856953352689743,1.0,0.39404582455064135,0.552112720466601
qwen3_4b,MUSE-News,target_memory_comm,system_positive,50,0.2,0.4040610178208843,0.05714285714285715,0.0,0.0,0.0,0.0,1.0,0.08800000000000001,0.312
qwen3_4b,RWKU,communication,chain_length,750,4.0,0.0,0.0,4.0,4.0,4.0,4.0,4.0,4.0,4.0
qwen3_4b,RWKU,communication,target_agent_position,750,2.0,0.0,0.0,2.0,2.0,2.0,2.0,2.0,2.0,2.0
qwen3_4b,RWKU,communication,peer_evidence,750,1.0,0.0,0.0,1.0,1.0,1.0,1.0,1.0,1.0,1.0
qwen3_4b,RWKU,communication,target_exact,750,0.16,0.36685070430944583,0.013395493732462741,0.0,0.0,0.0,0.0,1.0,0.13374483228437303,0.18625516771562697
qwen3_4b,RWKU,communication,target_token_f1,750,0.33174103637917307,0.32791939205584525,0.011973923204824453,0.1999999999999999,0.1111111111111111,0.4444444444444445,0.0,1.0,0.30827214689771715,0.355209925860629
qwen3_4b,RWKU,communication,target_semantic,750,0.4420349861681461,0.28425820267453905,0.010379641984048026,0.3162277638912201,0.25,0.5345224738121033,0.0,1.0,0.421690887879412,0.46237908445688025
qwen3_4b,RWKU,communication,target_positive,750,0.23333333333333334,0.42323483535349243,0.015454351096339518,0.0,0.0,0.0,0.0,1.0,0.20304280518450787,0.26362386148215877
qwen3_4b,RWKU,communication,system_exact,750,0.16133333333333333,0.3680835995675208,0.013440512702055329,0.0,0.0,0.0,0.0,1.0,0.1349899284373049,0.18767673822936176
qwen3_4b,RWKU,communication,system_token_f1,750,0.33494562724488164,0.3281892840645551,0.01198377826757517,0.1999999999999999,0.1111111111111111,0.4444444444444445,0.0,1.0,0.3114574218404343,0.358433832649329
qwen3_4b,RWKU,communication,system_semantic,750,0.44658459730943045,0.2852940066491344,0.010417464197517316,0.3162277638912201,0.2581988871097564,0.5345224738121033,0.0,1.0,0.4261663674822965,0.4670028271365644
qwen3_4b,RWKU,communication,system_positive,750,0.23466666666666666,0.4240731142509857,0.015484960713782026,0.0,0.0,0.0,0.0,1.0,0.20431614366765388,0.26501718966567944
qwen3_4b,RWKU,full_inference,chain_length,750,4.0,0.0,0.0,4.0,4.0,4.0,4.0,4.0,4.0,4.0
qwen3_4b,RWKU,full_inference,target_agent_position,750,2.0,0.0,0.0,2.0,2.0,2.0,2.0,2.0,2.0,2.0
qwen3_4b,RWKU,full_inference,peer_evidence,750,1.0,0.0,0.0,1.0,1.0,1.0,1.0,1.0,1.0,1.0
qwen3_4b,RWKU,full_inference,target_exact,750,0.18133333333333335,0.3855512355435973,0.014078340585414389,0.0,0.0,0.0,0.0,1.0,0.15373978578592115,0.20892688088074554
qwen3_4b,RWKU,full_inference,target_token_f1,750,0.2897792547317157,0.3609373420660491,0.013179568273035559,0.125,0.030080367393800198,0.4,0.0,1.0,0.263947300916566,0.31561120854686536
qwen3_4b,RWKU,full_inference,target_semantic,750,0.3713171159525712,0.3400779520057424,0.012417891041580292,0.2886751294136047,0.1290994435548782,0.5077327638864517,0.0,1.0,0.34697804951107386,0.3956561823940686
qwen3_4b,RWKU,full_inference,target_positive,750,0.216,0.4117888942867983,0.015036404422065977,0.0,0.0,0.0,0.0,1.0,0.18652864733275068,0.24547135266724932
qwen3_4b,RWKU,full_inference,system_exact,750,0.17333333333333334,0.37878779787190137,0.013831374760143181,0.0,0.0,0.0,0.0,1.0,0.14622383880345272,0.20044282786321396
qwen3_4b,RWKU,full_inference,system_token_f1,750,0.32246556470874815,0.3458215916734304,0.012627619108791904,0.1904761904761905,0.0888888888888888,0.4444444444444445,0.0,1.0,0.297715431255516,0.3472156981619803
qwen3_4b,RWKU,full_inference,system_semantic,750,0.43193379627664885,0.3108882107196983,0.01135203239157321,0.3284927755594253,0.2425356209278106,0.5570875853300095,0.0,1.0,0.4096838127891654,0.4541837797641323
qwen3_4b,RWKU,full_inference,system_positive,750,0.24133333333333334,0.4281775374307982,0.015634833057857386,0.0,0.0,0.0,0.0,1.0,0.21068906053993286,0.27197760612673383
qwen3_4b,RWKU,global_context,chain_length,750,4.0,0.0,0.0,4.0,4.0,4.0,4.0,4.0,4.0,4.0
qwen3_4b,RWKU,global_context,target_agent_position,750,2.0,0.0,0.0,2.0,2.0,2.0,2.0,2.0,2.0,2.0
qwen3_4b,RWKU,global_context,peer_evidence,750,1.0,0.0,0.0,1.0,1.0,1.0,1.0,1.0,1.0,1.0
qwen3_4b,RWKU,global_context,target_exact,750,0.18533333333333332,0.388827044905601,0.014197956230858122,0.0,0.0,0.0,0.0,1.0,0.1575053391208514,0.21316132754581524
qwen3_4b,RWKU,global_context,target_token_f1,750,0.3291436282881291,0.34721919255283146,0.012678652277327705,0.17786561264822134,0.10996955859969558,0.4444444444444445,0.0,1.0,0.3042934698245668,0.3539937867516914
qwen3_4b,RWKU,global_context,target_semantic,750,0.4286598587433497,0.3086317377753254,0.011269637649437666,0.3162277638912201,0.2425356209278106,0.5345224738121033,0.0,1.0,0.4065713689504519,0.45074834853624757
qwen3_4b,RWKU,global_context,target_positive,750,0.216,0.41178889428679827,0.015036404422065976,0.0,0.0,0.0,0.0,1.0,0.18652864733275068,0.24547135266724932
qwen3_4b,RWKU,global_context,system_exact,750,0.17733333333333334,0.3822054380627455,0.013956169335207288,0.0,0.0,0.0,0.0,1.0,0.14997924143632707,0.20468742523033961
qwen3_4b,RWKU,global_context,system_token_f1,750,0.32347299799659956,0.34231101725333657,0.012499431055479503,0.1739130434782609,0.1111111111111111,0.4444444444444445,0.0,1.0,0.29897411312785976,0.34797188286533937
qwen3_4b,RWKU,global_context,system_semantic,750,0.42463791559139885,0.30474130244604664,0.011127579036880266,0.3162277638912201,0.2425356209278106,0.5345224738121033,0.0,1.0,0.4028278606791135,0.4464479705036842
qwen3_4b,RWKU,global_context,system_positive,750,0.20933333333333334,0.4071042463285383,0.014865345264685342,0.0,0.0,0.0,0.0,1.0,0.18019725661455008,0.2384694100521166
qwen3_4b,RWKU,none,chain_length,750,4.0,0.0,0.0,4.0,4.0,4.0,4.0,4.0,4.0,4.0
qwen3_4b,RWKU,none,target_agent_position,750,2.0,0.0,0.0,2.0,2.0,2.0,2.0,2.0,2.0,2.0
qwen3_4b,RWKU,none,peer_evidence,750,1.0,0.0,0.0,1.0,1.0,1.0,1.0,1.0,1.0,1.0
qwen3_4b,RWKU,none,target_exact,750,0.15866666666666668,0.36560878262353624,0.013350145164327573,0.0,0.0,0.0,0.0,1.0,0.13250038214458465,0.1848329511887487
qwen3_4b,RWKU,none,target_token_f1,750,0.33381354491755627,0.3248729260491627,0.011862681994655604,0.1999999999999999,0.1176470588235294,0.4444444444444445,0.0,1.0,0.3105626882080313,0.35706440162708125
qwen3_4b,RWKU,none,target_semantic,750,0.44542381394902864,0.2834130623435016,0.01034878182247692,0.33106565475463867,0.2581988871097564,0.5345224738121033,0.0,1.0,0.42514020157697385,0.4657074263210834
qwen3_4b,RWKU,none,target_positive,750,0.23333333333333334,0.42323483535349243,0.015454351096339518,0.0,0.0,0.0,0.0,1.0,0.20304280518450787,0.26362386148215877
qwen3_4b,RWKU,none,system_exact,750,0.156,0.36309748881236076,0.013258445679733978,0.0,0.0,0.0,0.0,1.0,0.1300134464677214,0.1819865535322786
qwen3_4b,RWKU,none,system_token_f1,750,0.33152251356031937,0.3229273705891792,0.011791640353834919,0.1999999999999999,0.1176470588235294,0.4444444444444445,0.0,1.0,0.3084108984668029,0.3546341286538358
qwen3_4b,RWKU,none,system_semantic,750,0.44442924867073696,0.28181257154172673,0.01029034016146281,0.3162277638912201,0.2581988871097564,0.5345224738121033,0.0,1.0,0.42426018195426984,0.4645983153872041
qwen3_4b,RWKU,none,system_positive,750,0.22933333333333333,0.42068458840258,0.015361229244191284,0.0,0.0,0.0,0.0,1.0,0.19922532401471843,0.25944134265194824
qwen3_4b,RWKU,parameter_only,chain_length,150,4.0,0.0,0.0,4.0,4.0,4.0,4.0,4.0,4.0,4.0
qwen3_4b,RWKU,parameter_only,target_agent_position,150,2.0,0.0,0.0,2.0,2.0,2.0,2.0,2.0,2.0,2.0
qwen3_4b,RWKU,parameter_only,peer_evidence,150,1.0,0.0,0.0,1.0,1.0,1.0,1.0,1.0,1.0,1.0
qwen3_4b,RWKU,parameter_only,target_exact,150,0.09333333333333334,0.2918735284323547,0.023831373802832904,0.0,0.0,0.0,0.0,1.0,0.04662384067978085,0.14004282598688583
qwen3_4b,RWKU,parameter_only,target_token_f1,150,0.220588542087664,0.2630167002055946,0.02147522364447607,0.1538461538461538,0.125,0.1999999999999999,0.0,1.0,0.1784971037444909,0.2626799804308371
qwen3_4b,RWKU,parameter_only,target_semantic,150,0.3590665716181199,0.2205773719369742,0.018010067001656277,0.3015113472938537,0.2425356209278106,0.35233259946107864,0.0,1.0,0.32376684029487357,0.3943663029413662
qwen3_4b,RWKU,parameter_only,target_positive,150,0.1,0.301005027940793,0.024576957615571212,0.0,0.0,0.0,0.0,1.0,0.05182916307348043,0.14817083692651958
qwen3_4b,RWKU,parameter_only,system_exact,150,0.09333333333333334,0.29187352843235476,0.02383137380283291,0.0,0.0,0.0,0.0,1.0,0.046623840679780836,0.14004282598688583
qwen3_4b,RWKU,parameter_only,system_token_f1,150,0.2229893226503152,0.2610558024706641,0.021315117014864108,0.1538461538461538,0.125,0.1999999999999999,0.0,1.0,0.18121169330118156,0.2647669519994489
qwen3_4b,RWKU,parameter_only,system_semantic,150,0.35565322731932003,0.21939285964645416,0.01791335197812863,0.2934087663888931,0.2425356209278106,0.3162277638912201,0.0,1.0,0.3205430574421879,0.39076339719645214
qwen3_4b,RWKU,parameter_only,system_positive,150,0.09333333333333334,0.29187352843235476,0.02383137380283291,0.0,0.0,0.0,0.0,1.0,0.046623840679780836,0.14004282598688583
qwen3_4b,RWKU,parameter_plus_comm,chain_length,150,4.0,0.0,0.0,4.0,4.0,4.0,4.0,4.0,4.0,4.0
qwen3_4b,RWKU,parameter_plus_comm,target_agent_position,150,2.0,0.0,0.0,2.0,2.0,2.0,2.0,2.0,2.0,2.0
qwen3_4b,RWKU,parameter_plus_comm,peer_evidence,150,1.0,0.0,0.0,1.0,1.0,1.0,1.0,1.0,1.0,1.0
qwen3_4b,RWKU,parameter_plus_comm,target_exact,150,0.08,0.2722020568099066,0.02222520487067834,0.0,0.0,0.0,0.0,1.0,0.03643859845347046,0.12356140154652955
qwen3_4b,RWKU,parameter_plus_comm,target_token_f1,150,0.21017155025576387,0.2452506384652204,0.020024630777719432,0.1538461538461538,0.125,0.1999999999999999,0.0,1.0,0.17092327393143378,0.24941982658009396
qwen3_4b,RWKU,parameter_plus_comm,target_semantic,150,0.3507186466703812,0.20539880213988962,0.016770741967387037,0.3015113472938537,0.2425356209278106,0.3162277638912201,0.0,1.0,0.3178479924143026,0.3835893009264598
qwen3_4b,RWKU,parameter_plus_comm,target_positive,150,0.08666666666666667,0.2822885064873428,0.023048760038210964,0.0,0.0,0.0,0.0,1.0,0.04149109699177318,0.13184223634156017
qwen3_4b,RWKU,parameter_plus_comm,system_exact,150,0.09333333333333334,0.29187352843235476,0.02383137380283291,0.0,0.0,0.0,0.0,1.0,0.046623840679780836,0.14004282598688583
qwen3_4b,RWKU,parameter_plus_comm,system_token_f1,150,0.22476710042809298,0.2613489808375369,0.021339054928279467,0.1538461538461538,0.125,0.1999999999999999,0.0,1.0,0.18294255276866522,0.2665916480875207
qwen3_4b,RWKU,parameter_plus_comm,system_semantic,150,0.35565322731932003,0.21939285964645414,0.017913351978128628,0.2934087663888931,0.2425356209278106,0.3162277638912201,0.0,1.0,0.3205430574421879,0.39076339719645214
qwen3_4b,RWKU,parameter_plus_comm,system_positive,150,0.09333333333333334,0.29187352843235476,0.02383137380283291,0.0,0.0,0.0,0.0,1.0,0.046623840679780836,0.14004282598688583
qwen3_4b,RWKU,target_context,chain_length,750,4.0,0.0,0.0,4.0,4.0,4.0,4.0,4.0,4.0,4.0
qwen3_4b,RWKU,target_context,target_agent_position,750,2.0,0.0,0.0,2.0,2.0,2.0,2.0,2.0,2.0,2.0
qwen3_4b,RWKU,target_context,peer_evidence,750,1.0,0.0,0.0,1.0,1.0,1.0,1.0,1.0,1.0,1.0
qwen3_4b,RWKU,target_context,target_exact,750,0.2,0.4002669336299758,0.014615681904837394,0.0,0.0,0.0,0.0,1.0,0.17135326346651872,0.2286467365334813
qwen3_4b,RWKU,target_context,target_token_f1,750,0.35176991002750096,0.35277272481914884,0.012881438603734025,0.1904761904761905,0.1111111111111111,0.4444444444444445,0.0,1.0,0.3265222903641823,0.37701752969081964
qwen3_4b,RWKU,target_context,target_semantic,750,0.46317976038654646,0.3053571488180959,0.01115006656687554,0.3333333432674408,0.2581988871097564,0.6063390374183655,0.0,1.0,0.4413256299154704,0.4850338908576225
qwen3_4b,RWKU,target_context,target_positive,750,0.25066666666666665,0.43368613894348124,0.015835978745110956,0.0,0.0,0.75,0.0,1.0,0.21962814832624916,0.28170518500708414
qwen3_4b,RWKU,target_context,system_exact,750,0.168,0.37411577996982415,0.01366077678720747,0.0,0.0,0.0,0.0,1.0,0.14122487749707335,0.19477512250292667
qwen3_4b,RWKU,target_context,system_token_f1,750,0.3323582119119822,0.3335009392268683,0.012177732490914351,0.1999999999999999,0.1111111111111111,0.4444444444444445,0.0,1.0,0.3084898562297901,0.35622656759417437
qwen3_4b,RWKU,target_context,system_semantic,750,0.453540285885334,0.2861775256910358,0.010449725751466299,0.3333333432674408,0.2581988871097564,0.5345224738121033,0.0,1.0,0.43305882341246005,0.474021748358208
qwen3_4b,RWKU,target_context,system_positive,750,0.23333333333333334,0.42323483535349243,0.015454351096339518,0.0,0.0,0.0,0.0,1.0,0.20304280518450787,0.26362386148215877
qwen3_4b,RWKU,target_context_comm,chain_length,750,4.0,0.0,0.0,4.0,4.0,4.0,4.0,4.0,4.0,4.0
qwen3_4b,RWKU,target_context_comm,target_agent_position,750,2.0,0.0,0.0,2.0,2.0,2.0,2.0,2.0,2.0,2.0
qwen3_4b,RWKU,target_context_comm,peer_evidence,750,1.0,0.0,0.0,1.0,1.0,1.0,1.0,1.0,1.0,1.0
qwen3_4b,RWKU,target_context_comm,target_exact,750,0.17333333333333334,0.37878779787190137,0.013831374760143181,0.0,0.0,0.0,0.0,1.0,0.14622383880345272,0.20044282786321396
qwen3_4b,RWKU,target_context_comm,target_token_f1,750,0.3227339954928914,0.33880086532933534,0.012371258429543128,0.1818181818181818,0.1052631578947368,0.4444444444444445,0.0,1.0,0.29848632897098687,0.3469816620147959
qwen3_4b,RWKU,target_context_comm,target_semantic,750,0.4318735701640447,0.2956536685218342,0.010795745563904243,0.3162277638912201,0.24381303414702415,0.5345224738121033,0.0,1.0,0.4107139088587924,0.453033231469297
qwen3_4b,RWKU,target_context_comm,target_positive,750,0.20933333333333334,0.4071042463285383,0.014865345264685342,0.0,0.0,0.0,0.0,1.0,0.18019725661455008,0.2384694100521166
qwen3_4b,RWKU,target_context_comm,system_exact,750,0.16,0.3668507043094458,0.01339549373246274,0.0,0.0,0.0,0.0,1.0,0.13374483228437303,0.18625516771562697
qwen3_4b,RWKU,target_context_comm,system_token_f1,750,0.33129904879628136,0.32918827064295747,0.012020256099817564,0.1999999999999999,0.1111111111111111,0.4444444444444445,0.0,1.0,0.3077393468406389,0.3548587507519238
qwen3_4b,RWKU,target_context_comm,system_semantic,750,0.45421477524439496,0.2826223768089701,0.01031991006893319,0.3333333432674408,0.2581988871097564,0.5345224738121033,0.0,1.0,0.4339877515092859,0.474441798979504
qwen3_4b,RWKU,target_context_comm,system_positive,750,0.24,0.42736813720678746,0.01560527794047469,0.0,0.0,0.0,0.0,1.0,0.2094136552366696,0.2705863447633304
qwen3_4b,RWKU,target_context_memory,chain_length,750,4.0,0.0,0.0,4.0,4.0,4.0,4.0,4.0,4.0,4.0
qwen3_4b,RWKU,target_context_memory,target_agent_position,750,2.0,0.0,0.0,2.0,2.0,2.0,2.0,2.0,2.0,2.0
qwen3_4b,RWKU,target_context_memory,peer_evidence,750,1.0,0.0,0.0,1.0,1.0,1.0,1.0,1.0,1.0,1.0
qwen3_4b,RWKU,target_context_memory,target_exact,750,0.204,0.4032378963689931,0.014724166125481868,0.0,0.0,0.0,0.0,1.0,0.17514063439405553,0.23285936560594445
qwen3_4b,RWKU,target_context_memory,target_token_f1,750,0.3336715707038668,0.3672854277273129,0.013411367587278844,0.1720629047178538,0.07059206245933634,0.4444444444444445,0.0,1.0,0.3073852902328003,0.35995785117493334
qwen3_4b,RWKU,target_context_memory,target_semantic,750,0.42763060761491456,0.337650721638393,0.012329261119949702,0.3162277638912201,0.2294157296419143,0.6123724579811096,0.0,1.0,0.40346525581981313,0.451795959410016
qwen3_4b,RWKU,target_context_memory,target_positive,750,0.256,0.436713053451279,0.015946506035481655,0.0,0.0,1.0,0.0,1.0,0.22474484817045595,0.28725515182954403
qwen3_4b,RWKU,target_context_memory,system_exact,750,0.17733333333333334,0.3822054380627455,0.013956169335207288,0.0,0.0,0.0,0.0,1.0,0.14997924143632707,0.20468742523033961
qwen3_4b,RWKU,target_context_memory,system_token_f1,750,0.32514653575870006,0.34726798051409014,0.012680433761788776,0.1818181818181818,0.0930232558139534,0.4444444444444445,0.0,1.0,0.3002928855855941,0.35000018593180604
qwen3_4b,RWKU,target_context_memory,system_semantic,750,0.43520985105633736,0.3096948494475507,0.011308456999039323,0.3162277638912201,0.2425356209278106,0.561252161860466,0.0,1.0,0.4130452753382203,0.45737442677445445
qwen3_4b,RWKU,target_context_memory,system_positive,750,0.24,0.42736813720678746,0.01560527794047469,0.0,0.0,0.0,0.0,1.0,0.2094136552366696,0.2705863447633304
qwen3_4b,RWKU,target_memory,chain_length,750,4.0,0.0,0.0,4.0,4.0,4.0,4.0,4.0,4.0,4.0
qwen3_4b,RWKU,target_memory,target_agent_position,750,2.0,0.0,0.0,2.0,2.0,2.0,2.0,2.0,2.0,2.0
qwen3_4b,RWKU,target_memory,peer_evidence,750,1.0,0.0,0.0,1.0,1.0,1.0,1.0,1.0,1.0,1.0
qwen3_4b,RWKU,target_memory,target_exact,750,0.19333333333333333,0.39517562414802765,0.014429773568137199,0.0,0.0,0.0,0.0,1.0,0.16505097713978442,0.22161568952688224
qwen3_4b,RWKU,target_memory,target_token_f1,750,0.3621645424567746,0.34450867388166134,0.012579678129411784,0.1999999999999999,0.125,0.4444444444444445,0.0,1.0,0.3375083733231275,0.3868207115904217
qwen3_4b,RWKU,target_memory,target_semantic,750,0.4733016460935275,0.2952657161904138,0.010781579547693865,0.3333333432674408,0.2581988871097564,0.6757479608058929,0.0,1.0,0.4521697501800475,0.49443354200700745
qwen3_4b,RWKU,target_memory,target_positive,750,0.2613333333333333,0.4396543530499422,0.016053907111386236,0.0,0.0,1.0,0.0,1.0,0.2298676753950163,0.2927989912716503
qwen3_4b,RWKU,target_memory,system_exact,750,0.16933333333333334,0.3752963522670079,0.013703885192403021,0.0,0.0,0.0,0.0,1.0,0.1424737183562234,0.19619294831044326
qwen3_4b,RWKU,target_memory,system_token_f1,750,0.34408422955238244,0.33096735005461075,0.012085218894841265,0.1999999999999999,0.125,0.4444444444444445,0.0,1.0,0.3203972005184936,0.3677712585862713
qwen3_4b,RWKU,target_memory,system_semantic,750,0.45941592957576116,0.2847949859081943,0.010399242536418928,0.3333333432674408,0.2581988871097564,0.5773502588272095,0.0,1.0,0.4390334142043801,0.47979844494714224
qwen3_4b,RWKU,target_memory,system_positive,750,0.24266666666666667,0.42898126080095855,0.01566418088584611,0.0,0.0,0.0,0.0,1.0,0.2119648721304083,0.2733684612029251
qwen3_4b,RWKU,target_memory_comm,chain_length,750,4.0,0.0,0.0,4.0,4.0,4.0,4.0,4.0,4.0,4.0
qwen3_4b,RWKU,target_memory_comm,target_agent_position,750,2.0,0.0,0.0,2.0,2.0,2.0,2.0,2.0,2.0,2.0
qwen3_4b,RWKU,target_memory_comm,peer_evidence,750,1.0,0.0,0.0,1.0,1.0,1.0,1.0,1.0,1.0,1.0
qwen3_4b,RWKU,target_memory_comm,target_exact,750,0.188,0.3909729058184367,0.014276311992673372,0.0,0.0,0.0,0.0,1.0,0.16001842849436018,0.21598157150563982
qwen3_4b,RWKU,target_memory_comm,target_token_f1,750,0.3549063649666235,0.34387207573985545,0.01255643285192292,0.1999999999999999,0.1176470588235294,0.4444444444444445,0.0,1.0,0.33029575657685456,0.3795169733563924
qwen3_4b,RWKU,target_memory_comm,target_semantic,750,0.46517262639602025,0.29362544681647607,0.010721685378594492,0.3333333432674408,0.2581988871097564,0.5773502588272095,0.0,1.0,0.44415812305397506,0.48618712973806544
qwen3_4b,RWKU,target_memory_comm,target_positive,750,0.25466666666666665,0.4359644200194776,0.015919169807621647,0.0,0.0,1.0,0.0,1.0,0.22346509384372823,0.2858682394896051
qwen3_4b,RWKU,target_memory_comm,system_exact,750,0.168,0.37411577996982415,0.01366077678720747,0.0,0.0,0.0,0.0,1.0,0.14122487749707335,0.19477512250292667
qwen3_4b,RWKU,target_memory_comm,system_token_f1,750,0.3414966878856797,0.33150540968665715,0.012104866054691582,0.1999999999999999,0.1176470588235294,0.4444444444444445,0.0,1.0,0.3177711504184842,0.36522222535287524
qwen3_4b,RWKU,target_memory_comm,system_semantic,750,0.45816151092449825,0.2830217930381951,0.010334494687505202,0.3333333432674408,0.2581988871097564,0.5345224738121033,0.0,1.0,0.43790590133698803,0.47841712051200846
qwen3_4b,RWKU,target_memory_comm,system_positive,750,0.23866666666666667,0.4265530278128038,0.015575514353680075,0.0,0.0,0.0,0.0,1.0,0.20813865853345373,0.26919467479987963
qwen3_4b,TOFU,communication,chain_length,225,4.0,0.0,0.0,4.0,4.0,4.0,4.0,4.0,4.0,4.0
qwen3_4b,TOFU,communication,target_agent_position,225,2.0,0.0,0.0,2.0,2.0,2.0,2.0,2.0,2.0,2.0
qwen3_4b,TOFU,communication,peer_evidence,225,1.0,0.0,0.0,1.0,1.0,1.0,1.0,1.0,1.0,1.0
qwen3_4b,TOFU,communication,target_exact,225,0.26222222222222225,0.4408235438646589,0.029388236257643925,0.0,0.0,1.0,0.0,1.0,0.20462127915724015,0.31982316528720434
qwen3_4b,TOFU,communication,target_token_f1,225,0.7833321737420715,0.194219230928145,0.012947948728543,0.7536231884057972,0.6206896551724138,1.0,0.3238095238095238,1.0,0.7579541942341272,0.8087101532500158
qwen3_4b,TOFU,communication,target_semantic,225,0.8325436202685038,0.15631642619867245,0.010421095079911496,0.848628580570221,0.7050347328186035,1.0,0.4820287823677063,1.0,0.8121182739118773,0.8529689666251303
qwen3_4b,TOFU,communication,target_positive,225,0.9333333333333333,0.25,0.016666666666666666,1.0,1.0,1.0,0.0,1.0,0.9006666666666667,0.966
qwen3_4b,TOFU,communication,system_exact,225,0.12444444444444444,0.33082388735465346,0.022054925823643563,0.0,0.0,0.0,0.0,1.0,0.08121678983010305,0.16767209905878583
qwen3_4b,TOFU,communication,system_token_f1,225,0.7590060958314858,0.1768336162539849,0.01178890775026566,0.7536231884057972,0.606060606060606,0.9295774647887324,0.3238095238095238,1.0,0.7358998366409651,0.7821123550220065
qwen3_4b,TOFU,communication,system_semantic,225,0.8208014867040846,0.13624443106022682,0.009082962070681789,0.837435781955719,0.7061878442764282,0.9486833214759828,0.4820287823677063,1.0,0.8029988810455483,0.8386040923626209
qwen3_4b,TOFU,communication,system_positive,225,0.9466666666666667,0.22519832529192066,0.015013221686128043,1.0,1.0,1.0,0.0,1.0,0.9172407521618557,0.9760925811714776
qwen3_4b,TOFU,full_inference,chain_length,225,4.0,0.0,0.0,4.0,4.0,4.0,4.0,4.0,4.0,4.0
qwen3_4b,TOFU,full_inference,target_agent_position,225,2.0,0.0,0.0,2.0,2.0,2.0,2.0,2.0,2.0,2.0
qwen3_4b,TOFU,full_inference,peer_evidence,225,1.0,0.0,0.0,1.0,1.0,1.0,1.0,1.0,1.0,1.0
qwen3_4b,TOFU,full_inference,target_exact,225,0.0,0.0,0.0,0.0,0.0,0.0,0.0,0.0,0.0,0.0
qwen3_4b,TOFU,full_inference,target_token_f1,225,0.5175648066067061,0.1961011925796071,0.013073412838640473,0.4745762711864407,0.3571428571428571,0.606060606060606,0.2278481012658227,0.983050847457627,0.4919409174429708,0.5431886957704415
qwen3_4b,TOFU,full_inference,target_semantic,225,0.6165669352478451,0.16860485225642344,0.011240323483761562,0.5943775773048401,0.4824506342411041,0.7191465497016907,0.2870189249515533,0.9831920862197876,0.5945359012196725,0.6385979692760178
qwen3_4b,TOFU,full_inference,target_positive,225,0.4622222222222222,0.49968243883744773,0.03331216258916318,0.0,0.0,1.0,0.0,1.0,0.39693038354746235,0.527514060896982
qwen3_4b,TOFU,full_inference,system_exact,225,0.04,0.19639610121239318,0.013093073414159545,0.0,0.0,0.0,0.0,1.0,0.01433757610824729,0.06566242389175271
qwen3_4b,TOFU,full_inference,system_token_f1,225,0.6504059560815955,0.1900452138159006,0.01266968092106004,0.6567164179104478,0.5052631578947367,0.764705882352941,0.28125,1.0,0.6255733814763178,0.6752385306868731
qwen3_4b,TOFU,full_inference,system_semantic,225,0.7377636019388835,0.16248390360700313,0.010832260240466875,0.7699905037879944,0.6389994025230408,0.848628580570221,0.3045547902584076,1.0,0.7165323718675684,0.7589948320101986
qwen3_4b,TOFU,full_inference,system_positive,225,0.7733333333333333,0.4196086612207004,0.02797391074804669,1.0,1.0,1.0,0.0,1.0,0.7185044682671617,0.8281621983995049
qwen3_4b,TOFU,global_context,chain_length,225,4.0,0.0,0.0,4.0,4.0,4.0,4.0,4.0,4.0,4.0
qwen3_4b,TOFU,global_context,target_agent_position,225,2.0,0.0,0.0,2.0,2.0,2.0,2.0,2.0,2.0,2.0
qwen3_4b,TOFU,global_context,peer_evidence,225,1.0,0.0,0.0,1.0,1.0,1.0,1.0,1.0,1.0,1.0
qwen3_4b,TOFU,global_context,target_exact,225,0.0044444444444444444,0.06666666666666667,0.0044444444444444444,0.0,0.0,0.0,0.0,1.0,-0.004266666666666666,0.013155555555555556
qwen3_4b,TOFU,global_context,target_token_f1,225,0.48453425377317794,0.16838145279671435,0.011225430186447623,0.4444444444444445,0.3636363636363636,0.5757575757575757,0.2340425531914893,1.0,0.4625324106077406,0.5065360969386152
qwen3_4b,TOFU,global_context,target_semantic,225,0.578381230433782,0.15584270614533824,0.01038951374302255,0.5669466853141785,0.4496937394142151,0.6670633554458618,0.270868182182312,1.0,0.5580177834974578,0.5987446773701062
qwen3_4b,TOFU,global_context,target_positive,225,0.41333333333333333,0.49352956200356285,0.032901970800237525,0.0,0.0,1.0,0.0,1.0,0.3488454705648678,0.47782119610179885
qwen3_4b,TOFU,global_context,system_exact,225,0.0044444444444444444,0.06666666666666667,0.0044444444444444444,0.0,0.0,0.0,0.0,1.0,-0.004266666666666666,0.013155555555555556
qwen3_4b,TOFU,global_context,system_token_f1,225,0.4854720608937785,0.16801065776154037,0.011200710517436024,0.4444444444444445,0.3714285714285714,0.5757575757575757,0.2340425531914893,1.0,0.46351866827960386,0.5074254535079531
qwen3_4b,TOFU,global_context,system_semantic,225,0.579599975877338,0.15537001619803195,0.010358001079868796,0.5669466853141785,0.4509744048118591,0.6697052717208862,0.270868182182312,1.0,0.5592982937607952,0.5999016579938808
qwen3_4b,TOFU,global_context,system_positive,225,0.41333333333333333,0.4935295620035629,0.032901970800237525,0.0,0.0,1.0,0.0,1.0,0.3488454705648678,0.47782119610179885
qwen3_4b,TOFU,none,chain_length,225,4.0,0.0,0.0,4.0,4.0,4.0,4.0,4.0,4.0,4.0
qwen3_4b,TOFU,none,target_agent_position,225,2.0,0.0,0.0,2.0,2.0,2.0,2.0,2.0,2.0,2.0
qwen3_4b,TOFU,none,peer_evidence,225,1.0,0.0,0.0,1.0,1.0,1.0,1.0,1.0,1.0,1.0
qwen3_4b,TOFU,none,target_exact,225,0.19111111111111112,0.39405301391789627,0.02627020092785975,0.0,0.0,0.0,0.0,1.0,0.139621517292506,0.24260070492971625
qwen3_4b,TOFU,none,target_token_f1,225,0.7698737751999963,0.1830740449554059,0.012204936330360395,0.7536231884057972,0.619718309859155,0.9473684210526316,0.3238095238095238,1.0,0.74595209999249,0.7937954504075027
qwen3_4b,TOFU,none,target_semantic,225,0.8254696167839898,0.1435442577834519,0.00956961718556346,0.848628580570221,0.7061878442764282,0.9492889046669006,0.4820287823677063,1.0,0.8067131671002854,0.8442260664676942
qwen3_4b,TOFU,none,target_positive,225,0.9511111111111111,0.21611651766199919,0.014407767844133279,1.0,1.0,1.0,0.0,1.0,0.9228718861366099,0.9793503360856124
qwen3_4b,TOFU,none,system_exact,225,0.1288888888888889,0.33582402799349814,0.022388268532899876,0.0,0.0,0.0,0.0,1.0,0.08500788256440513,0.17276989521337266
qwen3_4b,TOFU,none,system_token_f1,225,0.7626892503609037,0.17545462122993563,0.011696974748662376,0.7536231884057972,0.6129032258064516,0.9295774647887324,0.3238095238095238,1.0,0.7397631798535255,0.785615320868282
qwen3_4b,TOFU,none,system_semantic,225,0.8219513527552287,0.13615310477635165,0.009076873651756776,0.8352180123329163,0.7061878442764282,0.9486833214759828,0.4820287823677063,1.0,0.8041606803977854,0.8397420251126719
qwen3_4b,TOFU,none,system_positive,225,0.9466666666666667,0.22519832529192063,0.015013221686128042,1.0,1.0,1.0,0.0,1.0,0.9172407521618557,0.9760925811714776
qwen3_4b,TOFU,parameter_only,chain_length,450,4.0,0.0,0.0,4.0,4.0,4.0,4.0,4.0,4.0,4.0
qwen3_4b,TOFU,parameter_only,target_agent_position,450,2.0,0.0,0.0,2.0,2.0,2.0,2.0,2.0,2.0,2.0
qwen3_4b,TOFU,parameter_only,peer_evidence,450,1.0,0.0,0.0,1.0,1.0,1.0,1.0,1.0,1.0,1.0
qwen3_4b,TOFU,parameter_only,target_exact,450,0.18444444444444444,0.38827788108819816,0.018303594846813924,0.0,0.0,0.0,0.0,1.0,0.14856939854468915,0.22031949034419973
qwen3_4b,TOFU,parameter_only,target_token_f1,450,0.7714949039339265,0.18095260753088183,0.008530187723898297,0.7536231884057972,0.6210387323943662,0.9466374269005848,0.3238095238095238,1.0,0.7547757359950859,0.7882140718727672
qwen3_4b,TOFU,parameter_only,target_semantic,450,0.8282121489445369,0.1408910348774013,0.006641667078013389,0.8485130667686462,0.7130677700042725,0.9492889046669006,0.4452851116657257,1.0,0.8151944814716306,0.8412298164174431
qwen3_4b,TOFU,parameter_only,target_positive,450,0.9466666666666667,0.2249474078599158,0.010604122500538835,1.0,1.0,1.0,0.0,1.0,0.9258825865656105,0.9674507467677228
qwen3_4b,TOFU,parameter_only,system_exact,450,0.12666666666666668,0.33296936327830506,0.015696326313430434,0.0,0.0,0.0,0.0,1.0,0.09590186709234302,0.15743146624099033
qwen3_4b,TOFU,parameter_only,system_token_f1,450,0.7635739354616294,0.17522441054761398,0.008260157928508895,0.7536231884057972,0.6146069968196275,0.9295774647887324,0.320754716981132,1.0,0.747384025921752,0.7797638450015069
qwen3_4b,TOFU,parameter_only,system_semantic,450,0.8224134125312169,0.1355559267123698,0.006390167667222889,0.8290217518806458,0.7061878442764282,0.9486833214759828,0.474991500377655,1.0,0.80988868390346,0.8349381411589738
qwen3_4b,TOFU,parameter_only,system_positive,450,0.94,0.2377511566158204,0.011207697005199434,1.0,1.0,1.0,0.0,1.0,0.918032913869809,0.9619670861301909
qwen3_4b,TOFU,parameter_plus_comm,chain_length,450,4.0,0.0,0.0,4.0,4.0,4.0,4.0,4.0,4.0,4.0
qwen3_4b,TOFU,parameter_plus_comm,target_agent_position,450,2.0,0.0,0.0,2.0,2.0,2.0,2.0,2.0,2.0,2.0
qwen3_4b,TOFU,parameter_plus_comm,peer_evidence,450,1.0,0.0,0.0,1.0,1.0,1.0,1.0,1.0,1.0,1.0
qwen3_4b,TOFU,parameter_plus_comm,target_exact,450,0.25555555555555554,0.4366584776259964,0.020584278039462427,0.0,0.0,1.0,0.0,1.0,0.2152103705982092,0.2959007405129019
qwen3_4b,TOFU,parameter_plus_comm,target_token_f1,450,0.781427573483317,0.19349920582701197,0.009121640039632778,0.7536231884057972,0.6094750320102433,1.0,0.3050847457627119,1.0,0.7635491590056368,0.7993059879609973
qwen3_4b,TOFU,parameter_plus_comm,target_semantic,450,0.8342079132795334,0.15338126900492885,0.00723046236135888,0.848628580570221,0.7061878442764282,1.0,0.4452851116657257,1.0,0.82003620705127,0.8483796195077967
qwen3_4b,TOFU,parameter_plus_comm,target_positive,450,0.9266666666666666,0.26097299521526335,0.012302384974885143,1.0,1.0,1.0,0.0,1.0,0.9025539921158917,0.9507793412174416
qwen3_4b,TOFU,parameter_plus_comm,system_exact,450,0.12444444444444444,0.33045528123756407,0.015577811349465948,0.0,0.0,0.0,0.0,1.0,0.09391193419949118,0.1549769546893977
qwen3_4b,TOFU,parameter_plus_comm,system_token_f1,450,0.7589194063659309,0.1773985176696527,0.008362646321110199,0.7536231884057972,0.6129032258064516,0.9295774647887324,0.320754716981132,1.0,0.7425286195765549,0.7753101931553069
qwen3_4b,TOFU,parameter_plus_comm,system_semantic,450,0.8204091642300287,0.13672469118366715,0.00644526375277384,0.8290217518806458,0.7061878442764282,0.9486833214759828,0.474991500377655,1.0,0.807776447274592,0.8330418811854655
qwen3_4b,TOFU,parameter_plus_comm,system_positive,450,0.9333333333333333,0.24972144838146604,0.011771981970550734,1.0,1.0,1.0,0.0,1.0,0.9102602486710539,0.9564064179956128
qwen3_4b,TOFU,target_context,chain_length,225,4.0,0.0,0.0,4.0,4.0,4.0,4.0,4.0,4.0,4.0
qwen3_4b,TOFU,target_context,target_agent_position,225,2.0,0.0,0.0,2.0,2.0,2.0,2.0,2.0,2.0,2.0
qwen3_4b,TOFU,target_context,peer_evidence,225,1.0,0.0,0.0,1.0,1.0,1.0,1.0,1.0,1.0,1.0
qwen3_4b,TOFU,target_context,target_exact,225,0.0044444444444444444,0.06666666666666667,0.0044444444444444444,0.0,0.0,0.0,0.0,1.0,-0.004266666666666666,0.013155555555555556
qwen3_4b,TOFU,target_context,target_token_f1,225,0.6120305018995746,0.19867379517619688,0.013244919678413125,0.59375,0.4424778761061947,0.7384615384615385,0.2631578947368421,1.0,0.5860704593298849,0.6379905444692644
qwen3_4b,TOFU,target_context,target_semantic,225,0.6975902814335293,0.17306626364029032,0.011537750909352688,0.69642573595047,0.5766854882240295,0.8141442537307739,0.3045547902584076,1.0,0.674976289651198,0.7202042732158606
qwen3_4b,TOFU,target_context,target_positive,225,0.68,0.46751623348438776,0.031167748898959183,1.0,0.0,1.0,0.0,1.0,0.61891121215804,0.7410887878419601
qwen3_4b,TOFU,target_context,system_exact,225,0.04,0.19639610121239318,0.013093073414159545,0.0,0.0,0.0,0.0,1.0,0.01433757610824729,0.06566242389175271
qwen3_4b,TOFU,target_context,system_token_f1,225,0.6681744415339558,0.19292502582144916,0.01286166838809661,0.6956521739130435,0.5233644859813085,0.7878787878787878,0.2666666666666666,1.0,0.6429655714932864,0.6933833115746252
qwen3_4b,TOFU,target_context,system_semantic,225,0.7493299603462219,0.16096726397654829,0.010731150931769885,0.7699905037879944,0.6444240808486938,0.8510808348655701,0.3045547902584076,1.0,0.7282969045199529,0.7703630161724909
qwen3_4b,TOFU,target_context,system_positive,225,0.8133333333333334,0.39051248379533277,0.026034165586355518,1.0,1.0,1.0,0.0,1.0,0.7623063687840765,0.8643602978825902
qwen3_4b,TOFU,target_context_comm,chain_length,225,4.0,0.0,0.0,4.0,4.0,4.0,4.0,4.0,4.0,4.0
qwen3_4b,TOFU,target_context_comm,target_agent_position,225,2.0,0.0,0.0,2.0,2.0,2.0,2.0,2.0,2.0,2.0
qwen3_4b,TOFU,target_context_comm,peer_evidence,225,1.0,0.0,0.0,1.0,1.0,1.0,1.0,1.0,1.0,1.0
qwen3_4b,TOFU,target_context_comm,target_exact,225,0.0044444444444444444,0.06666666666666667,0.0044444444444444444,0.0,0.0,0.0,0.0,1.0,-0.004266666666666666,0.013155555555555556
qwen3_4b,TOFU,target_context_comm,target_token_f1,225,0.5220292750137803,0.19606101994165595,0.013070734662777063,0.4666666666666666,0.3835616438356164,0.6170212765957447,0.2063492063492063,1.0,0.4964106350747372,0.5476479149528233
qwen3_4b,TOFU,target_context_comm,target_semantic,225,0.6177668833732605,0.17062919825479714,0.011375279883653142,0.5824651718139648,0.4824506342411041,0.7210366725921631,0.2996023595333099,1.0,0.5954713348013003,0.6400624319452206
qwen3_4b,TOFU,target_context_comm,target_positive,225,0.4622222222222222,0.49968243883744773,0.03331216258916318,0.0,0.0,1.0,0.0,1.0,0.39693038354746235,0.527514060896982
qwen3_4b,TOFU,target_context_comm,system_exact,225,0.044444444444444446,0.20653989967735087,0.013769326645156725,0.0,0.0,0.0,0.0,1.0,0.017456564219937267,0.07143232466895162
qwen3_4b,TOFU,target_context_comm,system_token_f1,225,0.6523786136616057,0.19257230132954498,0.012838153421969666,0.65625,0.5000000000000001,0.7747747747747747,0.2666666666666666,1.0,0.6272158329545451,0.6775413943686662
qwen3_4b,TOFU,target_context_comm,system_semantic,225,0.7381560055414835,0.16125121070942497,0.010750080713961664,0.7622517347335815,0.6333333253860474,0.848628580570221,0.3045547902584076,1.0,0.7170858473421187,0.7592261637408484
qwen3_4b,TOFU,target_context_comm,system_positive,225,0.7866666666666666,0.41057451037714043,0.027371634025142696,1.0,1.0,1.0,0.0,1.0,0.7330182639773869,0.8403150693559464
qwen3_4b,TOFU,target_context_memory,chain_length,225,4.0,0.0,0.0,4.0,4.0,4.0,4.0,4.0,4.0,4.0
qwen3_4b,TOFU,target_context_memory,target_agent_position,225,2.0,0.0,0.0,2.0,2.0,2.0,2.0,2.0,2.0,2.0
qwen3_4b,TOFU,target_context_memory,peer_evidence,225,1.0,0.0,0.0,1.0,1.0,1.0,1.0,1.0,1.0,1.0
qwen3_4b,TOFU,target_context_memory,target_exact,225,0.0,0.0,0.0,0.0,0.0,0.0,0.0,0.0,0.0,0.0
qwen3_4b,TOFU,target_context_memory,target_token_f1,225,0.611512924495613,0.19950154549725932,0.013300103033150622,0.6,0.4489795918367347,0.7536231884057972,0.28125,0.983050847457627,0.5854447225506378,0.6375811264405882
qwen3_4b,TOFU,target_context_memory,target_semantic,225,0.6985067035092248,0.17240152252857469,0.011493434835238313,0.69642573595047,0.5669466853141785,0.8091548085212708,0.3045547902584076,0.9831920862197876,0.6759795712321578,0.7210338357862919
qwen3_4b,TOFU,target_context_memory,target_positive,225,0.6888888888888889,0.46398036356916844,0.030932024237944562,1.0,0.0,1.0,0.0,1.0,0.6282621213825176,0.7495156563952602
qwen3_4b,TOFU,target_context_memory,system_exact,225,0.035555555555555556,0.1855921454276674,0.012372809695177825,0.0,0.0,0.0,0.0,1.0,0.011304848553007018,0.05980626255810409
qwen3_4b,TOFU,target_context_memory,system_token_f1,225,0.6643721943867361,0.1936870025899292,0.012912466839328614,0.6774193548387096,0.52,0.782608695652174,0.28125,1.0,0.639063759381652,0.6896806293918202
qwen3_4b,TOFU,target_context_memory,system_semantic,225,0.7440978496604496,0.16515194124535426,0.011010129416356951,0.7666981816291809,0.6444240808486938,0.8500262498855591,0.3045547902584076,1.0,0.7225179960043899,0.7656777033165092
qwen3_4b,TOFU,target_context_memory,system_positive,225,0.8,0.40089186286863665,0.026726124191242442,1.0,1.0,1.0,0.0,1.0,0.7476167965851649,0.8523832034148352
qwen3_4b,TOFU,target_memory,chain_length,225,4.0,0.0,0.0,4.0,4.0,4.0,4.0,4.0,4.0,4.0
qwen3_4b,TOFU,target_memory,target_agent_position,225,2.0,0.0,0.0,2.0,2.0,2.0,2.0,2.0,2.0,2.0
qwen3_4b,TOFU,target_memory,peer_evidence,225,1.0,0.0,0.0,1.0,1.0,1.0,1.0,1.0,1.0,1.0
qwen3_4b,TOFU,target_memory,target_exact,225,0.20444444444444446,0.4041942798618208,0.02694628532412139,0.0,0.0,0.0,0.0,1.0,0.15162972520916654,0.2572591636797224
qwen3_4b,TOFU,target_memory,target_token_f1,225,0.7737492299342322,0.18326418018546803,0.012217612012364536,0.7536231884057972,0.6285714285714286,0.9491525423728816,0.3300970873786407,1.0,0.7498027103899978,0.7976957494784667
qwen3_4b,TOFU,target_memory,target_semantic,225,0.8277134833070967,0.14504273244139126,0.00966951549609275,0.848628580570221,0.7061878442764282,0.9492889046669006,0.474991500377655,1.0,0.8087612329347549,0.8466657336794385
qwen3_4b,TOFU,target_memory,target_positive,225,0.9377777777777778,0.24209731743889912,0.016139821162593274,1.0,1.0,1.0,0.0,1.0,0.906143728299095,0.9694118272564607
qwen3_4b,TOFU,target_memory,system_exact,225,0.13333333333333333,0.3406925719346235,0.0227128381289749,0.0,0.0,0.0,0.0,1.0,0.08881617060054253,0.17785049606612413
qwen3_4b,TOFU,target_memory,system_token_f1,225,0.7599878026866018,0.18009797172493847,0.01200653144832923,0.7536231884057972,0.606060606060606,0.9295774647887324,0.3140495867768594,1.0,0.7364550010478765,0.7835206043253271
qwen3_4b,TOFU,target_memory,system_semantic,225,0.8179113701979319,0.14296264627833002,0.009530843085222002,0.836007833480835,0.6930121779441833,0.9486833214759828,0.4170288145542145,1.0,0.7992309177508968,0.836591822644967
qwen3_4b,TOFU,target_memory,system_positive,225,0.9155555555555556,0.2786731600975059,0.01857821067316706,1.0,1.0,1.0,0.0,1.0,0.8791422626361481,0.951968848474963
qwen3_4b,TOFU,target_memory_comm,chain_length,225,4.0,0.0,0.0,4.0,4.0,4.0,4.0,4.0,4.0,4.0
qwen3_4b,TOFU,target_memory_comm,target_agent_position,225,2.0,0.0,0.0,2.0,2.0,2.0,2.0,2.0,2.0,2.0
qwen3_4b,TOFU,target_memory_comm,peer_evidence,225,1.0,0.0,0.0,1.0,1.0,1.0,1.0,1.0,1.0,1.0
qwen3_4b,TOFU,target_memory_comm,target_exact,225,0.28444444444444444,0.45215533220835114,0.030143688813890075,0.0,0.0,1.0,0.0,1.0,0.2253628143692199,0.343526074519669
qwen3_4b,TOFU,target_memory_comm,target_token_f1,225,0.7992041329024921,0.18966713050007672,0.012644475366671782,0.7887323943661972,0.64,1.0,0.3300970873786407,1.0,0.7744209611838154,0.8239873046211689
qwen3_4b,TOFU,target_memory_comm,target_semantic,225,0.8453403445084889,0.15292830429531365,0.010195220286354244,0.8510808348655701,0.7245688438415527,1.0,0.474991500377655,1.0,0.8253577127472346,0.8653229762697433
qwen3_4b,TOFU,target_memory_comm,target_positive,225,0.9288888888888889,0.25758339688187665,0.017172226458791778,1.0,1.0,1.0,0.0,1.0,0.895231325029657,0.9625464527481208
qwen3_4b,TOFU,target_memory_comm,system_exact,225,0.13333333333333333,0.34069257193462343,0.022712838128974896,0.0,0.0,0.0,0.0,1.0,0.08881617060054253,0.17785049606612413
qwen3_4b,TOFU,target_memory_comm,system_token_f1,225,0.7619937454514828,0.17916334670931489,0.011944223113954325,0.7536231884057972,0.606060606060606,0.9295774647887324,0.2978723404255319,1.0,0.7385830681481323,0.7854044227548332
qwen3_4b,TOFU,target_memory_comm,system_semantic,225,0.8235024897257487,0.13759814476987703,0.009173209651325136,0.848628580570221,0.7061878442764282,0.9486833214759828,0.4515308141708374,1.0,0.8055229988091515,0.8414819806423459
qwen3_4b,TOFU,target_memory_comm,system_positive,225,0.9422222222222222,0.23384298082803273,0.015589532055202183,1.0,1.0,1.0,0.0,1.0,0.9116667393940259,0.9727777050504185
qwen3_8b,MUSE-Books,communication,chain_length,50,4.0,0.0,0.0,4.0,4.0,4.0,4.0,4.0,4.0,4.0
qwen3_8b,MUSE-Books,communication,target_agent_position,50,2.0,0.0,0.0,2.0,2.0,2.0,2.0,2.0,2.0,2.0
qwen3_8b,MUSE-Books,communication,peer_evidence,50,1.0,0.0,0.0,1.0,1.0,1.0,1.0,1.0,1.0,1.0
qwen3_8b,MUSE-Books,communication,target_exact,50,0.0,0.0,0.0,0.0,0.0,0.0,0.0,0.0,0.0,0.0
qwen3_8b,MUSE-Books,communication,target_token_f1,50,0.20856609719434618,0.08357242566064564,0.011818925780970232,0.1999999999999999,0.18043478260869558,0.2857142857142857,0.0399999999999999,0.3333333333333333,0.18540100266364454,0.23173119172504783
qwen3_8b,MUSE-Books,communication,target_semantic,50,0.4648192802071571,0.12192509152799423,0.01724281180324704,0.4894593358039856,0.4082483053207397,0.5547001957893372,0.2132007181644439,0.6479012966156006,0.43102336907279293,0.4986151913415213
qwen3_8b,MUSE-Books,communication,target_positive,50,0.0,0.0,0.0,0.0,0.0,0.0,0.0,0.0,0.0,0.0
qwen3_8b,MUSE-Books,communication,system_exact,50,0.0,0.0,0.0,0.0,0.0,0.0,0.0,0.0,0.0,0.0
qwen3_8b,MUSE-Books,communication,system_token_f1,50,0.22972180911311343,0.11314340498779572,0.016000893782681238,0.1999999999999999,0.1999999999999999,0.2857142857142857,0.054054054054054,0.8,0.1983600572990582,0.26108356092716867
qwen3_8b,MUSE-Books,communication,system_semantic,50,0.47107397615909574,0.13278085834218278,0.01877804906910556,0.5009568929672241,0.4082483053207397,0.5547001957893372,0.2132007181644439,0.8164966106414795,0.4342689999836489,0.5078789523345426
qwen3_8b,MUSE-Books,communication,system_positive,50,0.04,0.19794866372215741,0.027994168488950606,0.0,0.0,0.0,0.0,1.0,-0.014868570238343183,0.09486857023834319
qwen3_8b,MUSE-Books,full_inference,chain_length,50,4.0,0.0,0.0,4.0,4.0,4.0,4.0,4.0,4.0,4.0
qwen3_8b,MUSE-Books,full_inference,target_agent_position,50,2.0,0.0,0.0,2.0,2.0,2.0,2.0,2.0,2.0,2.0
qwen3_8b,MUSE-Books,full_inference,peer_evidence,50,1.0,0.0,0.0,1.0,1.0,1.0,1.0,1.0,1.0,1.0
qwen3_8b,MUSE-Books,full_inference,target_exact,50,0.0,0.0,0.0,0.0,0.0,0.0,0.0,0.0,0.0,0.0
qwen3_8b,MUSE-Books,full_inference,target_token_f1,50,0.20684735112476965,0.07770782340286542,0.010989545775882566,0.1999999999999999,0.1999999999999999,0.2666666666666667,0.0303030303030303,0.3333333333333333,0.18530784140403983,0.22838686084549947
qwen3_8b,MUSE-Books,full_inference,target_semantic,50,0.46402029305696485,0.10590726850276222,0.014977549547049523,0.4805525541305542,0.3922322690486908,0.5547001957893372,0.1886083781719207,0.5976142883300781,0.43466429594474776,0.49337629016918194
qwen3_8b,MUSE-Books,full_inference,target_positive,50,0.0,0.0,0.0,0.0,0.0,0.0,0.0,0.0,0.0,0.0
qwen3_8b,MUSE-Books,full_inference,system_exact,50,0.0,0.0,0.0,0.0,0.0,0.0,0.0,0.0,0.0,0.0
qwen3_8b,MUSE-Books,full_inference,system_token_f1,50,0.2230146163985654,0.11309910659268349,0.01599462904356533,0.1999999999999999,0.1999999999999999,0.2857142857142857,0.054054054054054,0.8,0.19166514347317737,0.25436408932395344
qwen3_8b,MUSE-Books,full_inference,system_semantic,50,0.47433356910943986,0.13161667034665678,0.018613408023863076,0.5009568929672241,0.4082483053207397,0.5547001957893372,0.1889822334051132,0.8164966106414795,0.4378512893826682,0.5108158488362115
qwen3_8b,MUSE-Books,full_inference,system_positive,50,0.04,0.19794866372215741,0.027994168488950606,0.0,0.0,0.0,0.0,1.0,-0.014868570238343183,0.09486857023834319
qwen3_8b,MUSE-Books,global_context,chain_length,50,4.0,0.0,0.0,4.0,4.0,4.0,4.0,4.0,4.0,4.0
qwen3_8b,MUSE-Books,global_context,target_agent_position,50,2.0,0.0,0.0,2.0,2.0,2.0,2.0,2.0,2.0,2.0
qwen3_8b,MUSE-Books,global_context,peer_evidence,50,1.0,0.0,0.0,1.0,1.0,1.0,1.0,1.0,1.0,1.0
qwen3_8b,MUSE-Books,global_context,target_exact,50,0.0,0.0,0.0,0.0,0.0,0.0,0.0,0.0,0.0,0.0
qwen3_8b,MUSE-Books,global_context,target_token_f1,50,0.1784463412233277,0.07503813985026271,0.010611995507149053,0.1999999999999999,0.1111111111111111,0.1999999999999999,0.05,0.2857142857142857,0.15764683002931557,0.19924585241733983
qwen3_8b,MUSE-Books,global_context,target_semantic,50,0.43633804500102996,0.14786249941799645,0.020910915204331446,0.48147425055503845,0.2828427255153656,0.5547001957893372,0.1407195031642913,0.6666666865348816,0.3953526512005403,0.4773234388015196
qwen3_8b,MUSE-Books,global_context,target_positive,50,0.0,0.0,0.0,0.0,0.0,0.0,0.0,0.0,0.0,0.0
qwen3_8b,MUSE-Books,global_context,system_exact,50,0.0,0.0,0.0,0.0,0.0,0.0,0.0,0.0,0.0,0.0
qwen3_8b,MUSE-Books,global_context,system_token_f1,50,0.17909197585282147,0.07413957478890852,0.010484919217504883,0.1999999999999999,0.1111111111111111,0.1999999999999999,0.05,0.2857142857142857,0.1585415341865119,0.19964241751913103
qwen3_8b,MUSE-Books,global_context,system_semantic,50,0.4353907567262649,0.1489363564735588,0.021062781525534074,0.48147425055503845,0.2626128792762756,0.5547001957893372,0.1407195031642913,0.6666666865348816,0.39410770493621816,0.4766738085163117
qwen3_8b,MUSE-Books,global_context,system_positive,50,0.0,0.0,0.0,0.0,0.0,0.0,0.0,0.0,0.0,0.0
qwen3_8b,MUSE-Books,none,chain_length,50,4.0,0.0,0.0,4.0,4.0,4.0,4.0,4.0,4.0,4.0
qwen3_8b,MUSE-Books,none,target_agent_position,50,2.0,0.0,0.0,2.0,2.0,2.0,2.0,2.0,2.0,2.0
qwen3_8b,MUSE-Books,none,peer_evidence,50,1.0,0.0,0.0,1.0,1.0,1.0,1.0,1.0,1.0,1.0
qwen3_8b,MUSE-Books,none,target_exact,50,0.0,0.0,0.0,0.0,0.0,0.0,0.0,0.0,0.0,0.0
qwen3_8b,MUSE-Books,none,target_token_f1,50,0.20786365963615236,0.08498150858254772,0.012018200198836456,0.1999999999999999,0.18043478260869558,0.2857142857142857,0.0285714285714285,0.3333333333333333,0.1843079872464329,0.2314193320258718
qwen3_8b,MUSE-Books,none,target_semantic,50,0.46081131786108015,0.12013394553280098,0.016989505507387783,0.44889557361602783,0.4082483053207397,0.5547001957893372,0.2132007181644439,0.6687338352203369,0.4275118870666001,0.4941107486555602
qwen3_8b,MUSE-Books,none,target_positive,50,0.0,0.0,0.0,0.0,0.0,0.0,0.0,0.0,0.0,0.0
qwen3_8b,MUSE-Books,none,system_exact,50,0.0,0.0,0.0,0.0,0.0,0.0,0.0,0.0,0.0,0.0
qwen3_8b,MUSE-Books,none,system_token_f1,50,0.2078357071553697,0.08502616234937321,0.01202451519510202,0.1999999999999999,0.18043478260869558,0.2857142857142857,0.0285714285714285,0.3333333333333333,0.18426765737296974,0.23140375693776966
qwen3_8b,MUSE-Books,none,system_semantic,50,0.46077765226364137,0.12019493934848044,0.01699813133552326,0.44889557361602783,0.4082483053207397,0.5547001957893372,0.2132007181644439,0.6687338352203369,0.4274613148460158,0.49409398968126694
qwen3_8b,MUSE-Books,none,system_positive,50,0.0,0.0,0.0,0.0,0.0,0.0,0.0,0.0,0.0,0.0
qwen3_8b,MUSE-Books,target_context,chain_length,50,4.0,0.0,0.0,4.0,4.0,4.0,4.0,4.0,4.0,4.0
qwen3_8b,MUSE-Books,target_context,target_agent_position,50,2.0,0.0,0.0,2.0,2.0,2.0,2.0,2.0,2.0,2.0
qwen3_8b,MUSE-Books,target_context,peer_evidence,50,1.0,0.0,0.0,1.0,1.0,1.0,1.0,1.0,1.0,1.0
qwen3_8b,MUSE-Books,target_context,target_exact,50,0.0,0.0,0.0,0.0,0.0,0.0,0.0,0.0,0.0,0.0
qwen3_8b,MUSE-Books,target_context,target_token_f1,50,0.19424143307270383,0.0791027244240435,0.011186814570114377,0.1999999999999999,0.125,0.2666666666666667,0.0533333333333333,0.3333333333333333,0.17231527651527967,0.216167589630128
qwen3_8b,MUSE-Books,target_context,target_semantic,50,0.45381647735834124,0.14351252275135642,0.02029573560453456,0.5009568929672241,0.3922322690486908,0.5547001957893372,0.2041241526603698,0.6902014017105103,0.4140368355734535,0.493596119143229
qwen3_8b,MUSE-Books,target_context,target_positive,50,0.0,0.0,0.0,0.0,0.0,0.0,0.0,0.0,0.0,0.0
qwen3_8b,MUSE-Books,target_context,system_exact,50,0.0,0.0,0.0,0.0,0.0,0.0,0.0,0.0,0.0,0.0
qwen3_8b,MUSE-Books,target_context,system_token_f1,50,0.19695105344379057,0.08255124675471397,0.011674509275132444,0.1999999999999999,0.125,0.28095238095238095,0.0287769784172661,0.3333333333333333,0.17406901526453097,0.21983309162305018
qwen3_8b,MUSE-Books,target_context,system_semantic,50,0.44992668479681014,0.13844110141024107,0.019578528320423193,0.4472135901451111,0.39539624005556107,0.5547001957893372,0.2041241526603698,0.7071067690849304,0.4115527692887807,0.48830060030483957
qwen3_8b,MUSE-Books,target_context,system_positive,50,0.02,0.14142135623730948,0.019999999999999993,0.0,0.0,0.0,0.0,1.0,-0.019199999999999984,0.05919999999999999
qwen3_8b,MUSE-Books,target_context_comm,chain_length,50,4.0,0.0,0.0,4.0,4.0,4.0,4.0,4.0,4.0,4.0
qwen3_8b,MUSE-Books,target_context_comm,target_agent_position,50,2.0,0.0,0.0,2.0,2.0,2.0,2.0,2.0,2.0,2.0
qwen3_8b,MUSE-Books,target_context_comm,peer_evidence,50,1.0,0.0,0.0,1.0,1.0,1.0,1.0,1.0,1.0,1.0
qwen3_8b,MUSE-Books,target_context_comm,target_exact,50,0.0,0.0,0.0,0.0,0.0,0.0,0.0,0.0,0.0,0.0
qwen3_8b,MUSE-Books,target_context_comm,target_token_f1,50,0.19390072382877022,0.07677213695531569,0.010857219729457215,0.1999999999999999,0.125,0.2666666666666667,0.0425531914893616,0.3333333333333333,0.17262057315903406,0.21518087449850637
qwen3_8b,MUSE-Books,target_context_comm,target_semantic,50,0.44639263540506363,0.13423785417695216,0.018984099396090758,0.5009568929672241,0.3922322690486908,0.5547001957893372,0.2041241526603698,0.6479012966156006,0.4091838005887257,0.48360147022140154
qwen3_8b,MUSE-Books,target_context_comm,target_positive,50,0.0,0.0,0.0,0.0,0.0,0.0,0.0,0.0,0.0,0.0
qwen3_8b,MUSE-Books,target_context_comm,system_exact,50,0.0,0.0,0.0,0.0,0.0,0.0,0.0,0.0,0.0,0.0
qwen3_8b,MUSE-Books,target_context_comm,system_token_f1,50,0.2123385111002371,0.11587096639204707,0.016386629215691007,0.1999999999999999,0.1372282608695652,0.2857142857142857,0.0533333333333333,0.8,0.18022071783748272,0.24445630436299148
qwen3_8b,MUSE-Books,target_context_comm,system_semantic,50,0.4580873176455498,0.14753977556768424,0.020865275159730166,0.5009568929672241,0.39623627811670303,0.5547001957893372,0.2041241526603698,0.8164966106414795,0.41719137833247866,0.4989832569586209
qwen3_8b,MUSE-Books,target_context_comm,system_positive,50,0.04,0.19794866372215741,0.027994168488950606,0.0,0.0,0.0,0.0,1.0,-0.014868570238343183,0.09486857023834319
qwen3_8b,MUSE-Books,target_context_memory,chain_length,50,4.0,0.0,0.0,4.0,4.0,4.0,4.0,4.0,4.0,4.0
qwen3_8b,MUSE-Books,target_context_memory,target_agent_position,50,2.0,0.0,0.0,2.0,2.0,2.0,2.0,2.0,2.0,2.0
qwen3_8b,MUSE-Books,target_context_memory,peer_evidence,50,1.0,0.0,0.0,1.0,1.0,1.0,1.0,1.0,1.0,1.0
qwen3_8b,MUSE-Books,target_context_memory,target_exact,50,0.0,0.0,0.0,0.0,0.0,0.0,0.0,0.0,0.0,0.0
qwen3_8b,MUSE-Books,target_context_memory,target_token_f1,50,0.22967606414149913,0.1317648441054879,0.018634362957795754,0.1999999999999999,0.1999999999999999,0.28095238095238095,0.0310077519379844,0.8,0.19315271274421947,0.2661994155387788
qwen3_8b,MUSE-Books,target_context_memory,target_semantic,50,0.4785538962483406,0.12592611970257334,0.017808642634039702,0.4805525541305542,0.3922322690486908,0.5547001957893372,0.2156655490398407,0.8164966106414795,0.44364895668562276,0.5134588358110584
qwen3_8b,MUSE-Books,target_context_memory,target_positive,50,0.06,0.23989793748209523,0.033926691677251195,0.0,0.0,0.0,0.0,1.0,-0.006496315687412338,0.12649631568741232
qwen3_8b,MUSE-Books,target_context_memory,system_exact,50,0.0,0.0,0.0,0.0,0.0,0.0,0.0,0.0,0.0,0.0
qwen3_8b,MUSE-Books,target_context_memory,system_token_f1,50,0.2223735907575397,0.11399424037367795,0.016121220076887398,0.1999999999999999,0.1999999999999999,0.2857142857142857,0.0512820512820512,0.8,0.19077599940684042,0.253971182108239
qwen3_8b,MUSE-Books,target_context_memory,system_semantic,50,0.474442655146122,0.1319453415387659,0.01865988914960728,0.5009568929672241,0.4082483053207397,0.5547001957893372,0.1889822334051132,0.8164966106414795,0.43786927241289175,0.5110160378793522
qwen3_8b,MUSE-Books,target_context_memory,system_positive,50,0.04,0.19794866372215741,0.027994168488950606,0.0,0.0,0.0,0.0,1.0,-0.014868570238343183,0.09486857023834319
qwen3_8b,MUSE-Books,target_memory,chain_length,50,4.0,0.0,0.0,4.0,4.0,4.0,4.0,4.0,4.0,4.0
qwen3_8b,MUSE-Books,target_memory,target_agent_position,50,2.0,0.0,0.0,2.0,2.0,2.0,2.0,2.0,2.0,2.0
qwen3_8b,MUSE-Books,target_memory,peer_evidence,50,1.0,0.0,0.0,1.0,1.0,1.0,1.0,1.0,1.0,1.0
qwen3_8b,MUSE-Books,target_memory,target_exact,50,0.0,0.0,0.0,0.0,0.0,0.0,0.0,0.0,0.0,0.0
qwen3_8b,MUSE-Books,target_memory,target_token_f1,50,0.2097140845665528,0.08064216917571919,0.011404524934748762,0.1999999999999999,0.18043478260869558,0.2857142857142857,0.0287769784172661,0.3333333333333333,0.18736121569444522,0.23206695343866038
qwen3_8b,MUSE-Books,target_memory,target_semantic,50,0.4657783475518227,0.1234710779261039,0.01746144729639214,0.4472135901451111,0.4082483053207397,0.5547001957893372,0.2132007181644439,0.6859943270683289,0.43155391085089406,0.5000027842527512
qwen3_8b,MUSE-Books,target_memory,target_positive,50,0.0,0.0,0.0,0.0,0.0,0.0,0.0,0.0,0.0,0.0
qwen3_8b,MUSE-Books,target_memory,system_exact,50,0.0,0.0,0.0,0.0,0.0,0.0,0.0,0.0,0.0,0.0
qwen3_8b,MUSE-Books,target_memory,system_token_f1,50,0.22372173438984735,0.1161649309486616,0.01642820208197313,0.1999999999999999,0.1999999999999999,0.2857142857142857,0.0305343511450381,0.8,0.19152245830918002,0.2559210104705147
qwen3_8b,MUSE-Books,target_memory,system_semantic,50,0.46653936833143234,0.13300819933351185,0.018810199940427652,0.4472135901451111,0.4082483053207397,0.5547001957893372,0.1767766922712326,0.8164966106414795,0.42967137644819414,0.5034073602146706
qwen3_8b,MUSE-Books,target_memory,system_positive,50,0.04,0.19794866372215741,0.027994168488950606,0.0,0.0,0.0,0.0,1.0,-0.014868570238343183,0.09486857023834319
qwen3_8b,MUSE-Books,target_memory_comm,chain_length,50,4.0,0.0,0.0,4.0,4.0,4.0,4.0,4.0,4.0,4.0
qwen3_8b,MUSE-Books,target_memory_comm,target_agent_position,50,2.0,0.0,0.0,2.0,2.0,2.0,2.0,2.0,2.0,2.0
qwen3_8b,MUSE-Books,target_memory_comm,peer_evidence,50,1.0,0.0,0.0,1.0,1.0,1.0,1.0,1.0,1.0,1.0
qwen3_8b,MUSE-Books,target_memory_comm,target_exact,50,0.0,0.0,0.0,0.0,0.0,0.0,0.0,0.0,0.0,0.0
qwen3_8b,MUSE-Books,target_memory_comm,target_token_f1,50,0.20471330881068353,0.08284108825553936,0.011715499053273027,0.1999999999999999,0.18043478260869558,0.2857142857142857,0.0449438202247191,0.3333333333333333,0.1817509306662684,0.22767568695509866
qwen3_8b,MUSE-Books,target_memory_comm,target_semantic,50,0.4645222988724709,0.11781482168570287,0.016661531867648884,0.5006927847862244,0.4082483053207397,0.5547001957893372,0.2132007181644439,0.6488856673240662,0.43186569641187905,0.4971789013330627
qwen3_8b,MUSE-Books,target_memory_comm,target_positive,50,0.0,0.0,0.0,0.0,0.0,0.0,0.0,0.0,0.0,0.0
qwen3_8b,MUSE-Books,target_memory_comm,system_exact,50,0.0,0.0,0.0,0.0,0.0,0.0,0.0,0.0,0.0,0.0
qwen3_8b,MUSE-Books,target_memory_comm,system_token_f1,50,0.22464931696959148,0.11481783509676378,0.01623769395961609,0.1999999999999999,0.1999999999999999,0.2857142857142857,0.048780487804878,0.8,0.19282343680874395,0.256475197130439
qwen3_8b,MUSE-Books,target_memory_comm,system_semantic,50,0.472246021926403,0.13328333376330603,0.018849109824636723,0.5009568929672241,0.4082483053207397,0.5547001957893372,0.1767766922712326,0.8164966106414795,0.43530176667011505,0.509190277182691
qwen3_8b,MUSE-Books,target_memory_comm,system_positive,50,0.04,0.19794866372215741,0.027994168488950606,0.0,0.0,0.0,0.0,1.0,-0.014868570238343183,0.09486857023834319
qwen3_8b,MUSE-News,communication,chain_length,50,4.0,0.0,0.0,4.0,4.0,4.0,4.0,4.0,4.0,4.0
qwen3_8b,MUSE-News,communication,target_agent_position,50,2.0,0.0,0.0,2.0,2.0,2.0,2.0,2.0,2.0,2.0
qwen3_8b,MUSE-News,communication,peer_evidence,50,1.0,0.0,0.0,1.0,1.0,1.0,1.0,1.0,1.0,1.0
qwen3_8b,MUSE-News,communication,target_exact,50,0.0,0.0,0.0,0.0,0.0,0.0,0.0,0.0,0.0,0.0
qwen3_8b,MUSE-News,communication,target_token_f1,50,0.2197720245074982,0.13658101973034964,0.019315473046540774,0.267379679144385,0.0869565217391304,0.3529411764705882,0.03125,0.3529411764705882,0.18191369733627827,0.2576303516787181
qwen3_8b,MUSE-News,communication,target_semantic,50,0.3185809329152107,0.11880364541124856,0.016801372659995182,0.3726801127195358,0.2041241526603698,0.4330126941204071,0.1386750489473343,0.4330126941204071,0.2856502425016202,0.35151162332880126
qwen3_8b,MUSE-News,communication,target_positive,50,0.0,0.0,0.0,0.0,0.0,0.0,0.0,0.0,0.0,0.0
qwen3_8b,MUSE-News,communication,system_exact,50,0.0,0.0,0.0,0.0,0.0,0.0,0.0,0.0,0.0,0.0
qwen3_8b,MUSE-News,communication,system_token_f1,50,0.22075028537706337,0.1355131938021078,0.019164459655543448,0.267379679144385,0.0869565217391304,0.3529411764705882,0.03125,0.3529411764705882,0.18318794445219821,0.2583126263019285
qwen3_8b,MUSE-News,communication,system_semantic,50,0.32089058637619017,0.1161757004199913,0.016429725115214535,0.3726801127195358,0.2041241526603698,0.4330126941204071,0.1386750489473343,0.4330126941204071,0.2886883251503697,0.35309284760201065
qwen3_8b,MUSE-News,communication,system_positive,50,0.0,0.0,0.0,0.0,0.0,0.0,0.0,0.0,0.0,0.0
qwen3_8b,MUSE-News,full_inference,chain_length,820,3.9878048780487805,0.5949297870357704,0.020775849356076265,4.0,4.0,4.0,1.0,8.0,3.947084213310871,4.02852554278669
qwen3_8b,MUSE-News,full_inference,target_agent_position,820,2.024390243902439,0.26956346731032627,0.009413564610111209,2.0,2.0,2.0,1.0,4.0,2.0059396572666213,2.042840830538257
qwen3_8b,MUSE-News,full_inference,peer_evidence,820,0.9176829268292683,0.2441466101126912,0.00852596945560734,1.0,1.0,1.0,0.0,1.0,0.900972026696278,0.9343938269622587
qwen3_8b,MUSE-News,full_inference,target_exact,820,0.0,0.0,0.0,0.0,0.0,0.0,0.0,0.0,0.0,0.0
qwen3_8b,MUSE-News,full_inference,target_token_f1,820,0.08982131650597551,0.08115877064075297,0.002834187209145823,0.0869565217391304,0.0307692307692307,0.1176470588235294,0.0,0.3529411764705882,0.08426630957604969,0.09537632343590133
qwen3_8b,MUSE-News,full_inference,target_semantic,820,0.16262498728749228,0.10662838466675019,0.0037236247120115344,0.1856953352689743,0.1443375647068023,0.2041241526603698,0.0,0.4330126941204071,0.15532668285194967,0.16992329172303489
qwen3_8b,MUSE-News,full_inference,target_positive,820,0.0,0.0,0.0,0.0,0.0,0.0,0.0,0.0,0.0,0.0
qwen3_8b,MUSE-News,full_inference,system_exact,820,0.0,0.0,0.0,0.0,0.0,0.0,0.0,0.0,0.0,0.0
qwen3_8b,MUSE-News,full_inference,system_token_f1,820,0.16415986575043467,0.13693812386017026,0.004782086717489493,0.0952380952380952,0.0769230769230769,0.3529411764705882,0.0,0.3529411764705882,0.15478697578415526,0.1735327557167141
qwen3_8b,MUSE-News,full_inference,system_semantic,820,0.2515925876977967,0.1457597315888499,0.005090150622244738,0.2041241526603698,0.1856953352689743,0.4330126941204071,0.0,0.4330126941204071,0.241615892478197,0.2615692829173964
qwen3_8b,MUSE-News,full_inference,system_positive,820,0.0,0.0,0.0,0.0,0.0,0.0,0.0,0.0,0.0,0.0
qwen3_8b,MUSE-News,global_context,chain_length,50,4.0,0.0,0.0,4.0,4.0,4.0,4.0,4.0,4.0,4.0
qwen3_8b,MUSE-News,global_context,target_agent_position,50,2.0,0.0,0.0,2.0,2.0,2.0,2.0,2.0,2.0,2.0
qwen3_8b,MUSE-News,global_context,peer_evidence,50,1.0,0.0,0.0,1.0,1.0,1.0,1.0,1.0,1.0,1.0
qwen3_8b,MUSE-News,global_context,target_exact,50,0.0,0.0,0.0,0.0,0.0,0.0,0.0,0.0,0.0,0.0
qwen3_8b,MUSE-News,global_context,target_token_f1,50,0.04069799189434531,0.04365283679272379,0.006173443382832922,0.01388888888888885,0.0,0.0869565217391304,0.0,0.1,0.02859804286399278,0.052797940924697834
qwen3_8b,MUSE-News,global_context,target_semantic,50,0.10457798153162001,0.10753541569466325,0.015207804331082134,0.09284766763448715,0.0,0.2041241526603698,0.0,0.3162277638912201,0.07477068504269903,0.13438527802054098
qwen3_8b,MUSE-News,global_context,target_positive,50,0.0,0.0,0.0,0.0,0.0,0.0,0.0,0.0,0.0,0.0
qwen3_8b,MUSE-News,global_context,system_exact,50,0.0,0.0,0.0,0.0,0.0,0.0,0.0,0.0,0.0,0.0
qwen3_8b,MUSE-News,global_context,system_token_f1,50,0.0399820641439348,0.042877978208369305,0.006063861830941389,0.01388888888888885,0.0,0.0869565217391304,0.0,0.0952380952380952,0.028096894955289678,0.05186723333257992
qwen3_8b,MUSE-News,global_context,system_semantic,50,0.10365473508834837,0.10678813670305816,0.015102123122601693,0.0833333358168602,0.0,0.20235957950353614,0.0,0.3162277638912201,0.07405457376804905,0.13325489640864768
qwen3_8b,MUSE-News,global_context,system_positive,50,0.0,0.0,0.0,0.0,0.0,0.0,0.0,0.0,0.0,0.0
qwen3_8b,MUSE-News,none,chain_length,50,4.0,0.0,0.0,4.0,4.0,4.0,4.0,4.0,4.0,4.0
qwen3_8b,MUSE-News,none,target_agent_position,50,2.0,0.0,0.0,2.0,2.0,2.0,2.0,2.0,2.0,2.0
qwen3_8b,MUSE-News,none,peer_evidence,50,1.0,0.0,0.0,1.0,1.0,1.0,1.0,1.0,1.0,1.0
qwen3_8b,MUSE-News,none,target_exact,50,0.0,0.0,0.0,0.0,0.0,0.0,0.0,0.0,0.0,0.0
qwen3_8b,MUSE-News,none,target_token_f1,50,0.2197720245074982,0.13658101973034964,0.019315473046540774,0.267379679144385,0.0869565217391304,0.3529411764705882,0.03125,0.3529411764705882,0.18191369733627827,0.2576303516787181
qwen3_8b,MUSE-News,none,target_semantic,50,0.3185809329152107,0.11880364541124856,0.016801372659995182,0.3726801127195358,0.2041241526603698,0.4330126941204071,0.1386750489473343,0.4330126941204071,0.2856502425016202,0.35151162332880126
qwen3_8b,MUSE-News,none,target_positive,50,0.0,0.0,0.0,0.0,0.0,0.0,0.0,0.0,0.0,0.0
qwen3_8b,MUSE-News,none,system_exact,50,0.0,0.0,0.0,0.0,0.0,0.0,0.0,0.0,0.0,0.0
qwen3_8b,MUSE-News,none,system_token_f1,50,0.22075028537706337,0.1355131938021078,0.019164459655543448,0.267379679144385,0.0869565217391304,0.3529411764705882,0.03125,0.3529411764705882,0.18318794445219821,0.2583126263019285
qwen3_8b,MUSE-News,none,system_semantic,50,0.32089058637619017,0.1161757004199913,0.016429725115214535,0.3726801127195358,0.2041241526603698,0.4330126941204071,0.1386750489473343,0.4330126941204071,0.2886883251503697,0.35309284760201065
qwen3_8b,MUSE-News,none,system_positive,50,0.0,0.0,0.0,0.0,0.0,0.0,0.0,0.0,0.0,0.0
qwen3_8b,MUSE-News,parameter_only,chain_length,100,4.0,0.0,0.0,4.0,4.0,4.0,4.0,4.0,4.0,4.0
qwen3_8b,MUSE-News,parameter_only,target_agent_position,100,2.0,0.0,0.0,2.0,2.0,2.0,2.0,2.0,2.0,2.0
qwen3_8b,MUSE-News,parameter_only,peer_evidence,100,1.0,0.0,0.0,1.0,1.0,1.0,1.0,1.0,1.0,1.0
qwen3_8b,MUSE-News,parameter_only,target_exact,100,0.0,0.0,0.0,0.0,0.0,0.0,0.0,0.0,0.0,0.0
qwen3_8b,MUSE-News,parameter_only,target_token_f1,100,0.21529284568631787,0.1374700292169272,0.01374700292169272,0.1818181818181818,0.0869565217391304,0.3529411764705882,0.0277777777777777,0.3529411764705882,0.18834871995980015,0.2422369714128356
qwen3_8b,MUSE-News,parameter_only,target_semantic,100,0.31809972815215587,0.11785250720776992,0.011785250720776992,0.3418691009283066,0.2041241526603698,0.4330126941204071,0.122169442474842,0.4330126941204071,0.29500063673943294,0.3411988195648788
qwen3_8b,MUSE-News,parameter_only,target_positive,100,0.0,0.0,0.0,0.0,0.0,0.0,0.0,0.0,0.0,0.0
qwen3_8b,MUSE-News,parameter_only,system_exact,100,0.0,0.0,0.0,0.0,0.0,0.0,0.0,0.0,0.0,0.0
qwen3_8b,MUSE-News,parameter_only,system_token_f1,100,0.21817911374516363,0.1346135070679472,0.01346135070679472,0.1818181818181818,0.0869565217391304,0.3529411764705882,0.03125,0.3529411764705882,0.191794866359846,0.24456336113048127
qwen3_8b,MUSE-News,parameter_only,system_semantic,100,0.32044001430273056,0.11461290155818327,0.011461290155818326,0.3367525488138199,0.2041241526603698,0.4330126941204071,0.1386750489473343,0.4330126941204071,0.29797588559732663,0.3429041430081345
qwen3_8b,MUSE-News,parameter_only,system_positive,100,0.0,0.0,0.0,0.0,0.0,0.0,0.0,0.0,0.0,0.0
qwen3_8b,MUSE-News,parameter_plus_comm,chain_length,100,4.0,0.0,0.0,4.0,4.0,4.0,4.0,4.0,4.0,4.0
qwen3_8b,MUSE-News,parameter_plus_comm,target_agent_position,100,2.0,0.0,0.0,2.0,2.0,2.0,2.0,2.0,2.0,2.0
qwen3_8b,MUSE-News,parameter_plus_comm,peer_evidence,100,1.0,0.0,0.0,1.0,1.0,1.0,1.0,1.0,1.0,1.0
qwen3_8b,MUSE-News,parameter_plus_comm,target_exact,100,0.0,0.0,0.0,0.0,0.0,0.0,0.0,0.0,0.0,0.0
qwen3_8b,MUSE-News,parameter_plus_comm,target_token_f1,100,0.2186456027104155,0.13691631477258676,0.013691631477258676,0.267379679144385,0.0869565217391304,0.3529411764705882,0.0277777777777777,0.3529411764705882,0.1918100050149885,0.2454812004058425
qwen3_8b,MUSE-News,parameter_plus_comm,target_semantic,100,0.3189981035143137,0.11813583630383837,0.011813583630383836,0.3726801127195358,0.2041241526603698,0.4330126941204071,0.122169442474842,0.4330126941204071,0.29584347959876134,0.342152727429866
qwen3_8b,MUSE-News,parameter_plus_comm,target_positive,100,0.0,0.0,0.0,0.0,0.0,0.0,0.0,0.0,0.0,0.0
qwen3_8b,MUSE-News,parameter_plus_comm,system_exact,100,0.0,0.0,0.0,0.0,0.0,0.0,0.0,0.0,0.0,0.0
qwen3_8b,MUSE-News,parameter_plus_comm,system_token_f1,100,0.22048403571395114,0.13493073871116296,0.013493073871116295,0.267379679144385,0.0869565217391304,0.3529411764705882,0.03125,0.3529411764705882,0.19403761092656321,0.24693046050133907
qwen3_8b,MUSE-News,parameter_plus_comm,system_semantic,100,0.3211585655808449,0.11509498320605555,0.011509498320605554,0.3726801127195358,0.2041241526603698,0.4330126941204071,0.1386750489473343,0.4330126941204071,0.298599948872458,0.34371718228923176
qwen3_8b,MUSE-News,parameter_plus_comm,system_positive,100,0.0,0.0,0.0,0.0,0.0,0.0,0.0,0.0,0.0,0.0
qwen3_8b,MUSE-News,target_context,chain_length,50,4.0,0.0,0.0,4.0,4.0,4.0,4.0,4.0,4.0,4.0
qwen3_8b,MUSE-News,target_context,target_agent_position,50,2.0,0.0,0.0,2.0,2.0,2.0,2.0,2.0,2.0,2.0
qwen3_8b,MUSE-News,target_context,peer_evidence,50,1.0,0.0,0.0,1.0,1.0,1.0,1.0,1.0,1.0,1.0
qwen3_8b,MUSE-News,target_context,target_exact,50,0.0,0.0,0.0,0.0,0.0,0.0,0.0,0.0,0.0,0.0
qwen3_8b,MUSE-News,target_context,target_token_f1,50,0.1554996884874877,0.13953077036334025,0.01973263078162017,0.0952380952380952,0.0431086824529447,0.3529411764705882,0.0,0.3529411764705882,0.11682373215551216,0.1941756448194632
qwen3_8b,MUSE-News,target_context,target_semantic,50,0.24101651728153228,0.15514141325614916,0.021940309071257522,0.2041241526603698,0.1856953352689743,0.4330126941204071,0.0,0.4330126941204071,0.19801351150186752,0.28401952306119704
qwen3_8b,MUSE-News,target_context,target_positive,50,0.0,0.0,0.0,0.0,0.0,0.0,0.0,0.0,0.0,0.0
qwen3_8b,MUSE-News,target_context,system_exact,50,0.0,0.0,0.0,0.0,0.0,0.0,0.0,0.0,0.0,0.0
qwen3_8b,MUSE-News,target_context,system_token_f1,50,0.19111922956957225,0.14008219185765325,0.019810613557204315,0.1245421245421245,0.0869565217391304,0.3529411764705882,0.0,0.3529411764705882,0.1522904269974518,0.2299480321416927
qwen3_8b,MUSE-News,target_context,system_semantic,50,0.28322119027376175,0.1415997534660611,0.020025229178039027,0.269434243440628,0.19683896005153656,0.4330126941204071,0.0,0.4330126941204071,0.24397174108480527,0.32247063946271826
qwen3_8b,MUSE-News,target_context,system_positive,50,0.0,0.0,0.0,0.0,0.0,0.0,0.0,0.0,0.0,0.0
qwen3_8b,MUSE-News,target_context_comm,chain_length,170,4.0,0.0,0.0,4.0,4.0,4.0,4.0,4.0,4.0,4.0
qwen3_8b,MUSE-News,target_context_comm,target_agent_position,170,2.0,0.0,0.0,2.0,2.0,2.0,2.0,2.0,2.0,2.0
qwen3_8b,MUSE-News,target_context_comm,peer_evidence,170,1.0,0.0,0.0,1.0,1.0,1.0,1.0,1.0,1.0,1.0
qwen3_8b,MUSE-News,target_context_comm,target_exact,170,0.0,0.0,0.0,0.0,0.0,0.0,0.0,0.0,0.0,0.0
qwen3_8b,MUSE-News,target_context_comm,target_token_f1,170,0.14345407691729337,0.10263175678454534,0.007871496419764484,0.1176470588235294,0.0869565217391304,0.1818181818181818,0.0,0.3529411764705882,0.12802594393455496,0.15888220990003177
qwen3_8b,MUSE-News,target_context_comm,target_semantic,170,0.2273313904509825,0.1122777877723154,0.00861131322466013,0.2041241526603698,0.1443375647068023,0.2886751294136047,0.0,0.4330126941204071,0.21045321653064863,0.24420956437131636
qwen3_8b,MUSE-News,target_context_comm,target_positive,170,0.0,0.0,0.0,0.0,0.0,0.0,0.0,0.0,0.0,0.0
qwen3_8b,MUSE-News,target_context_comm,system_exact,170,0.0,0.0,0.0,0.0,0.0,0.0,0.0,0.0,0.0,0.0
qwen3_8b,MUSE-News,target_context_comm,system_token_f1,170,0.2181417588747362,0.13381624279793908,0.010263237316511836,0.19090909090909086,0.0869565217391304,0.3529411764705882,0.0,0.3529411764705882,0.198025813734373,0.23825770401509938
qwen3_8b,MUSE-News,target_context_comm,system_semantic,170,0.3190940310849863,0.11780418979934264,0.009035168911562632,0.2950932383537292,0.2041241526603698,0.4330126941204071,0.0,0.4330126941204071,0.3013851000183235,0.33680296215164907
qwen3_8b,MUSE-News,target_context_comm,system_positive,170,0.0,0.0,0.0,0.0,0.0,0.0,0.0,0.0,0.0,0.0
qwen3_8b,MUSE-News,target_context_memory,chain_length,820,3.9878048780487805,0.5949297870357704,0.020775849356076265,4.0,4.0,4.0,1.0,8.0,3.947084213310871,4.02852554278669
qwen3_8b,MUSE-News,target_context_memory,target_agent_position,820,2.024390243902439,0.26956346731032627,0.009413564610111209,2.0,2.0,2.0,1.0,4.0,2.0059396572666213,2.042840830538257
qwen3_8b,MUSE-News,target_context_memory,peer_evidence,820,0.9176829268292683,0.2441466101126912,0.00852596945560734,1.0,1.0,1.0,0.0,1.0,0.900972026696278,0.9343938269622587
qwen3_8b,MUSE-News,target_context_memory,target_exact,820,0.0,0.0,0.0,0.0,0.0,0.0,0.0,0.0,0.0,0.0
qwen3_8b,MUSE-News,target_context_memory,target_token_f1,820,0.14150384072032787,0.13567976592572267,0.004738142952272481,0.0869565217391304,0.0327868852459016,0.3529411764705882,0.0,0.3529411764705882,0.13221708053387382,0.15079060090678192
qwen3_8b,MUSE-News,target_context_memory,target_semantic,820,0.2233170760659183,0.15285810415778875,0.005338036544885069,0.2041241526603698,0.1601281464099884,0.4330126941204071,0.0,0.4330126941204071,0.21285452443794356,0.23377962769389304
qwen3_8b,MUSE-News,target_context_memory,target_positive,820,0.0,0.0,0.0,0.0,0.0,0.0,0.0,0.0,0.0,0.0
qwen3_8b,MUSE-News,target_context_memory,system_exact,820,0.0,0.0,0.0,0.0,0.0,0.0,0.0,0.0,0.0,0.0
qwen3_8b,MUSE-News,target_context_memory,system_token_f1,820,0.16881894078462484,0.1394698659991111,0.00487049898803513,0.0952380952380952,0.0769230769230769,0.3529411764705882,0.0,0.3529411764705882,0.15927276276807598,0.1783651188011737
qwen3_8b,MUSE-News,target_context_memory,system_semantic,820,0.2574747028692466,0.14716317598847933,0.005139161026601205,0.2041241526603698,0.1856953352689743,0.4330126941204071,0.0,0.4330126941204071,0.24740194725710826,0.267547458481385
qwen3_8b,MUSE-News,target_context_memory,system_positive,820,0.0,0.0,0.0,0.0,0.0,0.0,0.0,0.0,0.0,0.0
qwen3_8b,MUSE-News,target_memory,chain_length,50,4.0,0.0,0.0,4.0,4.0,4.0,4.0,4.0,4.0,4.0
qwen3_8b,MUSE-News,target_memory,target_agent_position,50,2.0,0.0,0.0,2.0,2.0,2.0,2.0,2.0,2.0,2.0
qwen3_8b,MUSE-News,target_memory,peer_evidence,50,1.0,0.0,0.0,1.0,1.0,1.0,1.0,1.0,1.0,1.0
qwen3_8b,MUSE-News,target_memory,target_exact,50,0.0,0.0,0.0,0.0,0.0,0.0,0.0,0.0,0.0,0.0
qwen3_8b,MUSE-News,target_memory,target_token_f1,50,0.22193080798629897,0.1355114728384326,0.019164216274526465,0.276470588235294,0.0869565217391304,0.3529411764705882,0.0256410256410256,0.3529411764705882,0.1843689440882271,0.25949267188437086
qwen3_8b,MUSE-News,target_memory,target_semantic,50,0.32547982096672057,0.1124938632965712,0.01590903471577559,0.3746202290058136,0.2041241526603698,0.4330126941204071,0.1601281464099884,0.4330126941204071,0.2942981129238004,0.3566615290096407
qwen3_8b,MUSE-News,target_memory,target_positive,50,0.0,0.0,0.0,0.0,0.0,0.0,0.0,0.0,0.0,0.0
qwen3_8b,MUSE-News,target_memory,system_exact,50,0.0,0.0,0.0,0.0,0.0,0.0,0.0,0.0,0.0,0.0
qwen3_8b,MUSE-News,target_memory,system_token_f1,50,0.22302771955142092,0.13419571917011333,0.018978140606278542,0.276470588235294,0.0869565217391304,0.3529411764705882,0.03125,0.3529411764705882,0.18583056396311498,0.26022487513972686
qwen3_8b,MUSE-News,target_memory,system_semantic,50,0.3228357082605362,0.11365331242683892,0.01607300558426622,0.36726202070713043,0.2041241526603698,0.4330126941204071,0.1767766922712326,0.4330126941204071,0.2913326173153744,0.354338799205698
qwen3_8b,MUSE-News,target_memory,system_positive,50,0.0,0.0,0.0,0.0,0.0,0.0,0.0,0.0,0.0,0.0
qwen3_8b,MUSE-News,target_memory_comm,chain_length,50,4.0,0.0,0.0,4.0,4.0,4.0,4.0,4.0,4.0,4.0
qwen3_8b,MUSE-News,target_memory_comm,target_agent_position,50,2.0,0.0,0.0,2.0,2.0,2.0,2.0,2.0,2.0,2.0
qwen3_8b,MUSE-News,target_memory_comm,peer_evidence,50,1.0,0.0,0.0,1.0,1.0,1.0,1.0,1.0,1.0,1.0
qwen3_8b,MUSE-News,target_memory_comm,target_exact,50,0.0,0.0,0.0,0.0,0.0,0.0,0.0,0.0,0.0,0.0
qwen3_8b,MUSE-News,target_memory_comm,target_token_f1,50,0.19840139622159306,0.13098370842899903,0.01852389369102135,0.1176470588235294,0.0869565217391304,0.3529411764705882,0.0256410256410256,0.3529411764705882,0.1620945645871912,0.2347082278559949
qwen3_8b,MUSE-News,target_memory_comm,target_semantic,50,0.2966123080253601,0.11820666099625113,0.016716946314373708,0.2501583471894264,0.1981181390583515,0.4330126941204071,0.1443375647068023,0.4330126941204071,0.26384709324918765,0.32937752280153254
qwen3_8b,MUSE-News,target_memory_comm,target_positive,50,0.0,0.0,0.0,0.0,0.0,0.0,0.0,0.0,0.0,0.0
qwen3_8b,MUSE-News,target_memory_comm,system_exact,50,0.0,0.0,0.0,0.0,0.0,0.0,0.0,0.0,0.0,0.0
qwen3_8b,MUSE-News,target_memory_comm,system_token_f1,50,0.22302771955142092,0.13419571917011333,0.018978140606278542,0.276470588235294,0.0869565217391304,0.3529411764705882,0.03125,0.3529411764705882,0.18583056396311498,0.26022487513972686
qwen3_8b,MUSE-News,target_memory_comm,system_semantic,50,0.3228357082605362,0.11365331242683892,0.01607300558426622,0.36726202070713043,0.2041241526603698,0.4330126941204071,0.1767766922712326,0.4330126941204071,0.2913326173153744,0.354338799205698
qwen3_8b,MUSE-News,target_memory_comm,system_positive,50,0.0,0.0,0.0,0.0,0.0,0.0,0.0,0.0,0.0,0.0
qwen3_8b,RWKU,communication,chain_length,750,4.0,0.0,0.0,4.0,4.0,4.0,4.0,4.0,4.0,4.0
qwen3_8b,RWKU,communication,target_agent_position,750,2.0,0.0,0.0,2.0,2.0,2.0,2.0,2.0,2.0,2.0
qwen3_8b,RWKU,communication,peer_evidence,750,1.0,0.0,0.0,1.0,1.0,1.0,1.0,1.0,1.0,1.0
qwen3_8b,RWKU,communication,target_exact,750,0.084,0.2775729255024031,0.010135530176691145,0.0,0.0,0.0,0.0,1.0,0.06413436085368536,0.10386563914631465
qwen3_8b,RWKU,communication,target_token_f1,750,0.26297598049073456,0.25629619108225565,0.009358613683893721,0.1818181818181818,0.1111111111111111,0.2666666666666667,0.0,1.0,0.24463309767030286,0.28131886331116623
qwen3_8b,RWKU,communication,target_semantic,750,0.38999377661570905,0.23256373973922262,0.008492027087528857,0.3162277638912201,0.2581988871097564,0.4472135901451111,0.0,1.0,0.37334940352415247,0.40663814970726564
qwen3_8b,RWKU,communication,target_positive,750,0.15466666666666667,0.36182792616531556,0.013212087806403802,0.0,0.0,0.0,0.0,1.0,0.12877097456611522,0.18056235876721813
qwen3_8b,RWKU,communication,system_exact,750,0.05466666666666667,0.22748014971327424,0.008306400625507509,0.0,0.0,0.0,0.0,1.0,0.03838612144067195,0.07094721189266139
qwen3_8b,RWKU,communication,system_token_f1,750,0.24126098609554197,0.22084835543848416,0.008064241737438433,0.1818181818181818,0.1111111111111111,0.2666666666666667,0.0,1.0,0.22545507229016265,0.2570668999009213
qwen3_8b,RWKU,communication,system_semantic,750,0.37198563059419393,0.20511408610934612,0.0074897074549430615,0.3162277638912201,0.2581988871097564,0.4444444477558136,0.0,1.0,0.35730580398250555,0.3866654572058823
qwen3_8b,RWKU,communication,system_positive,750,0.11466666666666667,0.3188318688112097,0.011642093773295158,0.0,0.0,0.0,0.0,1.0,0.09184816287100817,0.13748517046232517
qwen3_8b,RWKU,full_inference,chain_length,1905,3.9921259842519685,0.47791668088436845,0.010949762491402571,4.0,4.0,4.0,1.0,8.0,3.9706644497688193,4.013587518735117
qwen3_8b,RWKU,full_inference,target_agent_position,1905,2.015748031496063,0.21684274674211002,0.004968181002629498,2.0,2.0,2.0,1.0,4.0,2.0060103967309093,2.0254856662612166
qwen3_8b,RWKU,full_inference,peer_evidence,1905,0.9468503937007874,0.20002770601450906,0.00458292409569379,1.0,1.0,1.0,0.0,1.0,0.9378678624732275,0.9558329249283473
qwen3_8b,RWKU,full_inference,target_exact,1905,0.029396325459317585,0.1689590687067592,0.003871096672508074,0.0,0.0,0.0,0.0,1.0,0.02180897598120176,0.03698367493743341
qwen3_8b,RWKU,full_inference,target_token_f1,1905,0.16644079608958542,0.1767111479916086,0.004048708022726169,0.1428571428571428,0.0909090909090909,0.1818181818181818,0.0,1.0,0.15850532836504214,0.1743762638141287
qwen3_8b,RWKU,full_inference,target_semantic,1905,0.27907301855134214,0.18311883416988003,0.0041955173821351804,0.2773500978946686,0.2425356209278106,0.3015113472938537,0.0,1.0,0.2708498044823572,0.2872962326203271
qwen3_8b,RWKU,full_inference,target_positive,1905,0.03989501312335958,0.19576393535003184,0.004485234941995614,0.0,0.0,0.0,0.0,1.0,0.031103952637048175,0.048686073609670984
qwen3_8b,RWKU,full_inference,system_exact,1905,0.010498687664041995,0.10195058287261914,0.0023358353306469556,0.0,0.0,0.0,0.0,1.0,0.005920450415973962,0.015076924912110028
qwen3_8b,RWKU,full_inference,system_token_f1,1905,0.1719169012365307,0.13396771526641885,0.003069394148303544,0.1538461538461538,0.125,0.1999999999999999,0.0,1.0,0.16590088870585576,0.17793291376720563
qwen3_8b,RWKU,full_inference,system_semantic,1905,0.2916844087440198,0.14038640327801938,0.0032164555756288727,0.2886751294136047,0.2425356209278106,0.3086067140102386,0.0,1.0,0.2853801558157872,0.2979886616722524
qwen3_8b,RWKU,full_inference,system_positive,1905,0.030446194225721784,0.17185670564961222,0.003937485726457482,0.0,0.0,0.0,0.0,1.0,0.02272872220186512,0.03816366624957845
qwen3_8b,RWKU,global_context,chain_length,750,4.0,0.0,0.0,4.0,4.0,4.0,4.0,4.0,4.0,4.0
qwen3_8b,RWKU,global_context,target_agent_position,750,2.0,0.0,0.0,2.0,2.0,2.0,2.0,2.0,2.0,2.0
qwen3_8b,RWKU,global_context,peer_evidence,750,1.0,0.0,0.0,1.0,1.0,1.0,1.0,1.0,1.0,1.0
qwen3_8b,RWKU,global_context,target_exact,750,0.07066666666666667,0.2564382374928125,0.009363800485445363,0.0,0.0,0.0,0.0,1.0,0.05231361771519376,0.08901971561813958
qwen3_8b,RWKU,global_context,target_token_f1,750,0.24354067809798008,0.25057475112976774,0.009149696235667793,0.1666666666666666,0.1081081081081081,0.2666666666666667,0.0,1.0,0.2256072734760712,0.261474082719889
qwen3_8b,RWKU,global_context,target_semantic,750,0.36272386795282363,0.24303966835764299,0.008874553915203707,0.3086067140102386,0.2425356209278106,0.457911841571331,0.0,1.0,0.34532974227902435,0.3801179936266229
qwen3_8b,RWKU,global_context,target_positive,750,0.128,0.3343127577982962,0.012207375913859198,0.0,0.0,0.0,0.0,1.0,0.10407354320883597,0.15192645679116404
qwen3_8b,RWKU,global_context,system_exact,750,0.04666666666666667,0.21106465029549917,0.007706991337252288,0.0,0.0,0.0,0.0,1.0,0.03156096364565218,0.061772369687681156
qwen3_8b,RWKU,global_context,system_token_f1,750,0.22448772216645113,0.2191448896824473,0.008002039962737168,0.1666666666666666,0.1111111111111111,0.2666666666666667,0.0,1.0,0.20880372383948628,0.24017172049341598
qwen3_8b,RWKU,global_context,system_semantic,750,0.3435299475193024,0.2197349764065072,0.00802358688338063,0.2886751294136047,0.2425356209278106,0.4264014363288879,0.0,1.0,0.3278037172278763,0.35925617781072844
qwen3_8b,RWKU,global_context,system_positive,750,0.08933333333333333,0.28541461810471336,0.010421868305178258,0.0,0.0,0.0,0.0,1.0,0.06890647145518394,0.10976019521148273
qwen3_8b,RWKU,none,chain_length,750,4.0,0.0,0.0,4.0,4.0,4.0,4.0,4.0,4.0,4.0
qwen3_8b,RWKU,none,target_agent_position,750,2.0,0.0,0.0,2.0,2.0,2.0,2.0,2.0,2.0,2.0
qwen3_8b,RWKU,none,peer_evidence,750,1.0,0.0,0.0,1.0,1.0,1.0,1.0,1.0,1.0,1.0
qwen3_8b,RWKU,none,target_exact,750,0.08666666666666667,0.28153372303360474,0.010280158053594472,0.0,0.0,0.0,0.0,1.0,0.0665175568816215,0.10681577645171184
qwen3_8b,RWKU,none,target_token_f1,750,0.26961258091945545,0.26039655794291466,0.009508337912135692,0.1818181818181818,0.1111111111111111,0.3333333333333333,0.0,1.0,0.2509762386116695,0.2882489232272414
qwen3_8b,RWKU,none,target_semantic,750,0.3980340497555832,0.23490000808925443,0.008577335545908709,0.3162277638912201,0.2581988871097564,0.45306520909070963,0.0,1.0,0.3812224720856021,0.4148456274255643
qwen3_8b,RWKU,none,target_positive,750,0.16533333333333333,0.3717290216132826,0.013573624694461352,0.0,0.0,0.0,0.0,1.0,0.13872902893218908,0.19193763773447758
qwen3_8b,RWKU,none,system_exact,750,0.056,0.2300751604134013,0.0084011570186693,0.0,0.0,0.0,0.0,1.0,0.03953373224340817,0.07246626775659183
qwen3_8b,RWKU,none,system_token_f1,750,0.24444876850258448,0.22299826129807124,0.00814274519982566,0.1818181818181818,0.1119047619047619,0.2666666666666667,0.0,1.0,0.2284889879109262,0.26040854909424277
qwen3_8b,RWKU,none,system_semantic,750,0.3740654321735104,0.20659403132745366,0.007543747413598355,0.3162277638912201,0.2581988871097564,0.4444444477558136,0.0,1.0,0.35927968724285764,0.38885117710416317
qwen3_8b,RWKU,none,system_positive,750,0.12,0.32517839409157956,0.011873836110484183,0.0,0.0,0.0,0.0,1.0,0.09672728122345099,0.14327271877654899
qwen3_8b,RWKU,parameter_only,chain_length,150,4.0,0.0,0.0,4.0,4.0,4.0,4.0,4.0,4.0,4.0
qwen3_8b,RWKU,parameter_only,target_agent_position,150,2.0,0.0,0.0,2.0,2.0,2.0,2.0,2.0,2.0,2.0
qwen3_8b,RWKU,parameter_only,peer_evidence,150,1.0,0.0,0.0,1.0,1.0,1.0,1.0,1.0,1.0,1.0
qwen3_8b,RWKU,parameter_only,target_exact,150,0.03333333333333333,0.18010685369303292,0.014705663024201157,0.0,0.0,0.0,0.0,1.0,0.004510233805899065,0.0621564328607676
qwen3_8b,RWKU,parameter_only,target_token_f1,150,0.17951604908944513,0.1643182044114706,0.013416525208614893,0.1538461538461538,0.125,0.1818181818181818,0.0344827586206896,1.0,0.15321965968055995,0.2058124384983303
qwen3_8b,RWKU,parameter_only,target_semantic,150,0.3100834554930528,0.1443020875016038,0.011782216106579306,0.2886751294136047,0.2425356209278106,0.3162277638912201,0.091669850051403,1.0,0.28699031192415736,0.3331765990619482
qwen3_8b,RWKU,parameter_only,target_positive,150,0.03333333333333333,0.18010685369303292,0.014705663024201157,0.0,0.0,0.0,0.0,1.0,0.004510233805899065,0.0621564328607676
qwen3_8b,RWKU,parameter_only,system_exact,150,0.03333333333333333,0.18010685369303292,0.014705663024201157,0.0,0.0,0.0,0.0,1.0,0.004510233805899065,0.0621564328607676
qwen3_8b,RWKU,parameter_only,system_token_f1,150,0.19658079040141063,0.1739974791914123,0.01420683468498313,0.1538461538461538,0.125,0.1818181818181818,0.0344827586206896,1.0,0.1687353944188437,0.22442618638397757
qwen3_8b,RWKU,parameter_only,system_semantic,150,0.3198651421070099,0.15175792422572865,0.012390982625899636,0.2886751294136047,0.2425356209278106,0.3162277638912201,0.1324532330036163,1.0,0.2955788161602466,0.34415146805377317
qwen3_8b,RWKU,parameter_only,system_positive,150,0.05333333333333334,0.22545008425851168,0.018407922296694253,0.0,0.0,0.0,0.0,1.0,0.0172538056318126,0.08941286103485407
qwen3_8b,RWKU,parameter_plus_comm,chain_length,150,4.0,0.0,0.0,4.0,4.0,4.0,4.0,4.0,4.0,4.0
qwen3_8b,RWKU,parameter_plus_comm,target_agent_position,150,2.0,0.0,0.0,2.0,2.0,2.0,2.0,2.0,2.0,2.0
qwen3_8b,RWKU,parameter_plus_comm,peer_evidence,150,1.0,0.0,0.0,1.0,1.0,1.0,1.0,1.0,1.0,1.0
qwen3_8b,RWKU,parameter_plus_comm,target_exact,150,0.03333333333333333,0.18010685369303292,0.014705663024201157,0.0,0.0,0.0,0.0,1.0,0.004510233805899065,0.0621564328607676
qwen3_8b,RWKU,parameter_plus_comm,target_token_f1,150,0.17881485666812263,0.1642286600587869,0.01340921394283413,0.1538461538461538,0.125,0.1818181818181818,0.03125,1.0,0.15253279734016773,0.20509691599607754
qwen3_8b,RWKU,parameter_plus_comm,target_semantic,150,0.30681510115663213,0.14265338338526418,0.011647599979184029,0.2886751294136047,0.2425356209278106,0.3162277638912201,0.091669850051403,1.0,0.28398580519743144,0.3296443971158328
qwen3_8b,RWKU,parameter_plus_comm,target_positive,150,0.03333333333333333,0.18010685369303292,0.014705663024201157,0.0,0.0,0.0,0.0,1.0,0.004510233805899065,0.0621564328607676
qwen3_8b,RWKU,parameter_plus_comm,system_exact,150,0.03333333333333333,0.18010685369303292,0.014705663024201157,0.0,0.0,0.0,0.0,1.0,0.004510233805899065,0.0621564328607676
qwen3_8b,RWKU,parameter_plus_comm,system_token_f1,150,0.1972601358237901,0.1746802839076463,0.01426258545660777,0.1538461538461538,0.125,0.1818181818181818,0.0344827586206896,1.0,0.16930546832883886,0.22521480331874133
qwen3_8b,RWKU,parameter_plus_comm,system_semantic,150,0.32047682007153827,0.15230049174828442,0.012435283078608557,0.2886751294136047,0.2425356209278106,0.3162277638912201,0.1324532330036163,1.0,0.2961036652374655,0.34484997490561103
qwen3_8b,RWKU,parameter_plus_comm,system_positive,150,0.05333333333333334,0.22545008425851168,0.018407922296694253,0.0,0.0,0.0,0.0,1.0,0.0172538056318126,0.08941286103485407
qwen3_8b,RWKU,target_context,chain_length,750,4.0,0.0,0.0,4.0,4.0,4.0,4.0,4.0,4.0,4.0
qwen3_8b,RWKU,target_context,target_agent_position,750,2.0,0.0,0.0,2.0,2.0,2.0,2.0,2.0,2.0,2.0
qwen3_8b,RWKU,target_context,peer_evidence,750,1.0,0.0,0.0,1.0,1.0,1.0,1.0,1.0,1.0,1.0
qwen3_8b,RWKU,target_context,target_exact,750,0.064,0.24491626862702331,0.008943077668467699,0.0,0.0,0.0,0.0,1.0,0.04647156776980331,0.08152843223019669
qwen3_8b,RWKU,target_context,target_token_f1,750,0.23401137452740167,0.23668087851384018,0.008642363739478003,0.1666666666666666,0.1052631578947368,0.2666666666666667,0.0,1.0,0.2170723415980248,0.25095040745677855
qwen3_8b,RWKU,target_context,target_semantic,750,0.36292246892054875,0.22061120820928137,0.008055582344979486,0.3086067140102386,0.2540002465248108,0.4444444477558136,0.0,1.0,0.347133527524389,0.3787114103167085
qwen3_8b,RWKU,target_context,target_positive,750,0.10933333333333334,0.3122652211074852,0.011402313701660532,0.0,0.0,0.0,0.0,1.0,0.08698479847807869,0.13168186818858799
qwen3_8b,RWKU,target_context,system_exact,750,0.03866666666666667,0.19292792384883806,0.007044731724309834,0.0,0.0,0.0,0.0,1.0,0.024858992487019393,0.052474340846313944
qwen3_8b,RWKU,target_context,system_token_f1,750,0.22750679623480097,0.20234729930630752,0.007388678685354272,0.1739130434782608,0.1111111111111111,0.2666666666666667,0.0,1.0,0.2130249860115066,0.24198860645809533
qwen3_8b,RWKU,target_context,system_semantic,750,0.35603738189737,0.19225207403211503,0.007020053178302838,0.3015113472938537,0.2540002465248108,0.4339272007346153,0.0,1.0,0.3422780776678964,0.3697966861268436
qwen3_8b,RWKU,target_context,system_positive,750,0.096,0.2947878330064718,0.01076412972104737,0.0,0.0,0.0,0.0,1.0,0.07490230574674715,0.11709769425325285
qwen3_8b,RWKU,target_context_comm,chain_length,930,4.0,0.0,0.0,4.0,4.0,4.0,4.0,4.0,4.0,4.0
qwen3_8b,RWKU,target_context_comm,target_agent_position,930,2.0,0.0,0.0,2.0,2.0,2.0,2.0,2.0,2.0,2.0
qwen3_8b,RWKU,target_context_comm,peer_evidence,930,1.0,0.0,0.0,1.0,1.0,1.0,1.0,1.0,1.0,1.0
qwen3_8b,RWKU,target_context_comm,target_exact,930,0.05268817204301075,0.22353043483137025,0.007329851712321691,0.0,0.0,0.0,0.0,1.0,0.03832166268686024,0.06705468139916126
qwen3_8b,RWKU,target_context_comm,target_token_f1,930,0.21552438304769697,0.22086003147595878,0.007242285736699541,0.1538461538461538,0.1052631578947368,0.2481060606060606,0.0,1.0,0.20132950300376587,0.22971926309162807
qwen3_8b,RWKU,target_context_comm,target_semantic,930,0.34255904878179233,0.2067007498507414,0.006777984601401613,0.2886751294136047,0.2425356209278106,0.3779644668102264,0.0,1.0,0.32927419896304516,0.3558438986005395
qwen3_8b,RWKU,target_context_comm,target_positive,930,0.09462365591397849,0.29285190304096476,0.009602992203638094,0.0,0.0,0.0,0.0,1.0,0.07580179119484783,0.11344552063310916
qwen3_8b,RWKU,target_context_comm,system_exact,930,0.030107526881720432,0.1709751341532476,0.005606495512716355,0.0,0.0,0.0,0.0,1.0,0.019118795676796377,0.04109625808664449
qwen3_8b,RWKU,target_context_comm,system_token_f1,930,0.21362774153874453,0.18530601011172065,0.006076423447865442,0.1666666666666666,0.125,0.2424242424242424,0.0,1.0,0.20171795158092826,0.2255375314965608
qwen3_8b,RWKU,target_context_comm,system_semantic,930,0.3424909434892157,0.17600585490311674,0.005771459344735284,0.2886751294136047,0.24575416371226305,0.3779644668102264,0.0,1.0,0.33117888317353456,0.3538030038048969
qwen3_8b,RWKU,target_context_comm,system_positive,930,0.07849462365591398,0.26909306770779934,0.008823909301656767,0.0,0.0,0.0,0.0,1.0,0.06119976142466671,0.09578948588716124
qwen3_8b,RWKU,target_context_memory,chain_length,1905,3.9921259842519685,0.47791668088436845,0.010949762491402571,4.0,4.0,4.0,1.0,8.0,3.9706644497688193,4.013587518735117
qwen3_8b,RWKU,target_context_memory,target_agent_position,1905,2.015748031496063,0.21684274674211002,0.004968181002629498,2.0,2.0,2.0,1.0,4.0,2.0060103967309093,2.0254856662612166
qwen3_8b,RWKU,target_context_memory,peer_evidence,1905,0.9468503937007874,0.20002770601450906,0.00458292409569379,1.0,1.0,1.0,0.0,1.0,0.9378678624732275,0.9558329249283473
qwen3_8b,RWKU,target_context_memory,target_exact,1905,0.029921259842519685,0.17041485495204906,0.0039044508412612493,0.0,0.0,0.0,0.0,1.0,0.022268536193647638,0.03757398349139173
qwen3_8b,RWKU,target_context_memory,target_token_f1,1905,0.17850964785128856,0.1841699770709286,0.004219600586533293,0.1538461538461538,0.1052631578947368,0.1999999999999999,0.0,1.0,0.17023923070168331,0.1867800650008938
qwen3_8b,RWKU,target_context_memory,target_semantic,1905,0.2927805632470161,0.18705000472103586,0.004285586186113101,0.2886751294136047,0.2425356209278106,0.3162277638912201,0.0,1.0,0.28438081432223444,0.3011803121717978
qwen3_8b,RWKU,target_context_memory,target_positive,1905,0.05459317585301837,0.2272440726308247,0.005206490424820724,0.0,0.0,0.0,0.0,1.0,0.04438845462036975,0.064797897085667
qwen3_8b,RWKU,target_context_memory,system_exact,1905,0.012598425196850394,0.11156271033752645,0.0025560630753305273,0.0,0.0,0.0,0.0,1.0,0.00758854156920256,0.017608308824498226
qwen3_8b,RWKU,target_context_memory,system_token_f1,1905,0.17390348561301383,0.13947802679632929,0.0031956433564176144,0.1538461538461538,0.125,0.1999999999999999,0.0,1.0,0.1676400246344353,0.18016694659159235
qwen3_8b,RWKU,target_context_memory,system_semantic,1905,0.29448993039412763,0.14543487798538013,0.0033321234340663733,0.2886751294136047,0.2425356209278106,0.3162277638912201,0.0,1.0,0.28795896846335756,0.3010208923248977
qwen3_8b,RWKU,target_context_memory,system_positive,1905,0.03412073490813648,0.18158694735316042,0.004160419639206954,0.0,0.0,0.0,0.0,1.0,0.025966312415290852,0.042275157400982116
qwen3_8b,RWKU,target_memory,chain_length,750,4.0,0.0,0.0,4.0,4.0,4.0,4.0,4.0,4.0,4.0
qwen3_8b,RWKU,target_memory,target_agent_position,750,2.0,0.0,0.0,2.0,2.0,2.0,2.0,2.0,2.0,2.0
qwen3_8b,RWKU,target_memory,peer_evidence,750,1.0,0.0,0.0,1.0,1.0,1.0,1.0,1.0,1.0,1.0
qwen3_8b,RWKU,target_memory,target_exact,750,0.064,0.24491626862702331,0.008943077668467699,0.0,0.0,0.0,0.0,1.0,0.04647156776980331,0.08152843223019669
qwen3_8b,RWKU,target_memory,target_token_f1,750,0.25753255541938747,0.23465420227558986,0.008568359986648042,0.1818181818181818,0.11948529411764705,0.2857142857142857,0.0,1.0,0.2407385698455573,0.2743265409932176
qwen3_8b,RWKU,target_memory,target_semantic,750,0.3884916363755862,0.21109605293849643,0.007708137999647946,0.3162277638912201,0.2581988871097564,0.4472135901451111,0.0,1.0,0.37338368589627624,0.40359958685489616
qwen3_8b,RWKU,target_memory,target_positive,750,0.13466666666666666,0.341594991776467,0.012473285501784179,0.0,0.0,0.0,0.0,1.0,0.11021902708316966,0.15911430625016365
qwen3_8b,RWKU,target_memory,system_exact,750,0.04133333333333333,0.19919285281448237,0.007273494585353227,0.0,0.0,0.0,0.0,1.0,0.02707728394604101,0.055589382720625656
qwen3_8b,RWKU,target_memory,system_token_f1,750,0.2382329217803601,0.20382842805617232,0.007442761860478963,0.1818181818181818,0.125,0.2666666666666667,0.0,1.0,0.22364510853382133,0.2528207350268989
qwen3_8b,RWKU,target_memory,system_semantic,750,0.3686626787185669,0.1899723266534683,0.006936808573989633,0.3162277638912201,0.2581988871097564,0.4444444477558136,0.0,1.0,0.3550665339135472,0.3822588235235866
qwen3_8b,RWKU,target_memory,system_positive,750,0.10133333333333333,0.3019709768339041,0.011026421048253281,0.0,0.0,0.0,0.0,1.0,0.0797215480787569,0.12294511858790977
qwen3_8b,RWKU,target_memory_comm,chain_length,750,4.0,0.0,0.0,4.0,4.0,4.0,4.0,4.0,4.0,4.0
qwen3_8b,RWKU,target_memory_comm,target_agent_position,750,2.0,0.0,0.0,2.0,2.0,2.0,2.0,2.0,2.0,2.0
qwen3_8b,RWKU,target_memory_comm,peer_evidence,750,1.0,0.0,0.0,1.0,1.0,1.0,1.0,1.0,1.0,1.0
qwen3_8b,RWKU,target_memory_comm,target_exact,750,0.06666666666666667,0.24961028814965894,0.00911447902699551,0.0,0.0,0.0,0.0,1.0,0.04880228777375546,0.08453104555957787
qwen3_8b,RWKU,target_memory_comm,target_token_f1,750,0.2587330609910378,0.23894450234364795,0.008725019595030801,0.1818181818181818,0.1111111111111111,0.2857142857142857,0.0,1.0,0.24163202258477745,0.2758340993972982
qwen3_8b,RWKU,target_memory_comm,target_semantic,750,0.38871471013625464,0.21437533577881,0.00782788047858657,0.3162277638912201,0.2581988871097564,0.4472135901451111,0.0,1.0,0.37337206439822496,0.4040573558742843
qwen3_8b,RWKU,target_memory_comm,target_positive,750,0.144,0.3513240262614719,0.012828539611796369,0.0,0.0,0.0,0.0,1.0,0.1188560623608791,0.16914393763912086
qwen3_8b,RWKU,target_memory_comm,system_exact,750,0.04,0.19608994966038013,0.007160192581936178,0.0,0.0,0.0,0.0,1.0,0.025966022539405092,0.054033977460594906
qwen3_8b,RWKU,target_memory_comm,system_token_f1,750,0.23591960279161042,0.20229240555898204,0.007386674249109194,0.1818181818181818,0.125,0.2666666666666667,0.0,1.0,0.2214417212633564,0.2503974843198644
qwen3_8b,RWKU,target_memory_comm,system_semantic,750,0.36479654190937677,0.18849470600102264,0.006882853496470966,0.3162277638912201,0.2581988871097564,0.4444444477558136,0.0,1.0,0.35130614905629365,0.3782869347624599
qwen3_8b,RWKU,target_memory_comm,system_positive,750,0.1,0.3002002002224818,0.010961761428628043,0.0,0.0,0.0,0.0,1.0,0.07851494759988904,0.12148505240011097
qwen3_8b,TOFU,communication,chain_length,225,4.0,0.0,0.0,4.0,4.0,4.0,4.0,4.0,4.0,4.0
qwen3_8b,TOFU,communication,target_agent_position,225,2.0,0.0,0.0,2.0,2.0,2.0,2.0,2.0,2.0,2.0
qwen3_8b,TOFU,communication,peer_evidence,225,1.0,0.0,0.0,1.0,1.0,1.0,1.0,1.0,1.0,1.0
qwen3_8b,TOFU,communication,target_exact,225,0.13777777777777778,0.3454350833737026,0.02302900555824684,0.0,0.0,0.0,0.0,1.0,0.09264092688361397,0.18291462867194158
qwen3_8b,TOFU,communication,target_token_f1,225,0.7540026050387135,0.15915728713202207,0.010610485808801471,0.7234042553191489,0.6373626373626373,0.923076923076923,0.2926829268292683,1.0,0.7332060528534626,0.7747991572239644
qwen3_8b,TOFU,communication,target_semantic,225,0.8210821626583735,0.12331566021345522,0.008221044014230348,0.8061496019363403,0.737057626247406,0.9393364191055298,0.2453582435846328,1.0,0.8049689163904821,0.837195408926265
qwen3_8b,TOFU,communication,target_positive,225,0.9733333333333334,0.16146649364939022,0.010764432909959348,1.0,1.0,1.0,0.0,1.0,0.952235044829813,0.9944316218368537
qwen3_8b,TOFU,communication,system_exact,225,0.08,0.2718980901524897,0.018126539343499316,0.0,0.0,0.0,0.0,1.0,0.04447198288674134,0.11552801711325866
qwen3_8b,TOFU,communication,system_token_f1,225,0.7538539115326505,0.14243708898740826,0.009495805932493884,0.7234042553191489,0.6571428571428573,0.8431372549019609,0.3516483516483517,1.0,0.7352421319049625,0.7724656911603385
qwen3_8b,TOFU,communication,system_semantic,225,0.8181276149219937,0.11658833302863006,0.007772555535242004,0.8061496019363403,0.7429815530776978,0.9234209656715392,0.437880277633667,1.0,0.8028934060729194,0.833361823771068
qwen3_8b,TOFU,communication,system_positive,225,0.9777777777777777,0.14773421007131973,0.009848947338087981,1.0,1.0,1.0,0.0,1.0,0.9584738409951253,0.9970817145604302
qwen3_8b,TOFU,full_inference,chain_length,3690,3.9878048780487805,0.5946474953059814,0.009789182178121095,4.0,4.0,4.0,1.0,8.0,3.968618080979663,4.006991675117898
qwen3_8b,TOFU,full_inference,target_agent_position,3690,2.024390243902439,0.2694355605570704,0.004435491292534854,2.0,2.0,2.0,1.0,4.0,2.0156966809690706,2.0330838068358075
qwen3_8b,TOFU,full_inference,peer_evidence,3690,0.9176829268292683,0.24403076355332792,0.0040172734609103325,1.0,1.0,1.0,0.0,1.0,0.909809070845884,0.9255567828126526
qwen3_8b,TOFU,full_inference,target_exact,3690,0.028455284552845527,0.16629213869643386,0.0027375277846771037,0.0,0.0,0.0,0.0,1.0,0.023089730094878403,0.03382083901081265
qwen3_8b,TOFU,full_inference,target_token_f1,3690,0.49099055307399275,0.20782786248409468,0.00342129551306602,0.44552319309600863,0.3130958617077004,0.6437651331719128,0.0465116279069767,1.0,0.48428481386838335,0.49769629227960216
qwen3_8b,TOFU,full_inference,target_semantic,3690,0.5738757446892863,0.19855132358107058,0.0032685836459162166,0.541331946849823,0.4114352762699127,0.7429815530776978,0.0550481900572776,1.0,0.5674693207432905,0.580282168635282
qwen3_8b,TOFU,full_inference,target_positive,3690,0.4230352303523035,0.4941078703440498,0.008134082791271934,0.0,0.0,1.0,0.0,1.0,0.4070924280814105,0.4389780326231965
qwen3_8b,TOFU,full_inference,system_exact,3690,0.034959349593495934,0.1837017659652978,0.0030241278533453485,0.0,0.0,0.0,0.0,1.0,0.02903205900093905,0.040886640186052814
qwen3_8b,TOFU,full_inference,system_token_f1,3690,0.6328564822073968,0.20276986399190935,0.0033380299328903463,0.6571428571428573,0.4878048780487805,0.7536231884057972,0.0465116279069767,1.0,0.6263139435389317,0.6393990208758619
qwen3_8b,TOFU,full_inference,system_semantic,3690,0.7079712666126933,0.18776979719392586,0.0030910964340888606,0.7429815530776978,0.581129401922226,0.837435781955719,0.0975900068879127,1.0,0.7019127176018791,0.7140298156235074
qwen3_8b,TOFU,full_inference,system_positive,3690,0.7485094850948509,0.43392863931702336,0.007143402664788479,1.0,0.0,1.0,0.0,1.0,0.7345084158718655,0.7625105543178363
qwen3_8b,TOFU,global_context,chain_length,225,4.0,0.0,0.0,4.0,4.0,4.0,4.0,4.0,4.0,4.0
qwen3_8b,TOFU,global_context,target_agent_position,225,2.0,0.0,0.0,2.0,2.0,2.0,2.0,2.0,2.0,2.0
qwen3_8b,TOFU,global_context,peer_evidence,225,1.0,0.0,0.0,1.0,1.0,1.0,1.0,1.0,1.0,1.0
qwen3_8b,TOFU,global_context,target_exact,225,0.03111111111111111,0.17400510848184253,0.011600340565456169,0.0,0.0,0.0,0.0,1.0,0.00837444360281702,0.0538477786194052
qwen3_8b,TOFU,global_context,target_token_f1,225,0.46458370644232877,0.1774936446334993,0.011832909642233286,0.417391304347826,0.3294117647058823,0.5507246376811594,0.2153846153846154,1.0,0.44139120354355155,0.487776209341106
qwen3_8b,TOFU,global_context,target_semantic,225,0.5526914751529693,0.18067410835614242,0.012044940557076162,0.5272743701934814,0.4225072860717773,0.6625413298606873,0.2610066533088684,1.0,0.5290833916611001,0.5762995586448386
qwen3_8b,TOFU,global_context,target_positive,225,0.3111111111111111,0.46398036356916844,0.030932024237944562,0.0,0.0,1.0,0.0,1.0,0.25048434360473976,0.3717378786174825
qwen3_8b,TOFU,global_context,system_exact,225,0.017777777777777778,0.13243746652546076,0.008829164435030717,0.0,0.0,0.0,0.0,1.0,0.00047261548511757373,0.03508294007043798
qwen3_8b,TOFU,global_context,system_token_f1,225,0.4766458837409001,0.17637300435097256,0.011758200290064837,0.4233576642335765,0.3384615384615384,0.5853658536585366,0.2153846153846154,1.0,0.453599811172373,0.4996919563094272
qwen3_8b,TOFU,global_context,system_semantic,225,0.5487627037366232,0.17586367488548657,0.011724244992365771,0.5222329497337341,0.4217326641082763,0.6881023645401001,0.2610066533088684,1.0,0.5257831835515863,0.5717422239216601
qwen3_8b,TOFU,global_context,system_positive,225,0.3466666666666667,0.47696960070847283,0.03179797338056486,0.0,0.0,1.0,0.0,1.0,0.28434263884075955,0.4089906944925738
qwen3_8b,TOFU,none,chain_length,225,4.0,0.0,0.0,4.0,4.0,4.0,4.0,4.0,4.0,4.0
qwen3_8b,TOFU,none,target_agent_position,225,2.0,0.0,0.0,2.0,2.0,2.0,2.0,2.0,2.0,2.0
qwen3_8b,TOFU,none,peer_evidence,225,1.0,0.0,0.0,1.0,1.0,1.0,1.0,1.0,1.0,1.0
qwen3_8b,TOFU,none,target_exact,225,0.1111111111111111,0.314970394174356,0.0209980262782904,0.0,0.0,0.0,0.0,1.0,0.06995497960566192,0.15226724261656027
qwen3_8b,TOFU,none,target_token_f1,225,0.7360989191330866,0.15414494878462917,0.010276329918975279,0.6984126984126984,0.6329113924050633,0.8349514563106797,0.3166666666666666,1.0,0.715957312491895,0.7562405257742781
qwen3_8b,TOFU,none,target_semantic,225,0.8128479033046299,0.11699441186486495,0.0077996274576576635,0.8061496019363403,0.7429815530776978,0.894258975982666,0.4694855213165283,1.0,0.7975606334876209,0.8281351731216389
qwen3_8b,TOFU,none,target_positive,225,0.9644444444444444,0.1855921454276674,0.012372809695177825,1.0,1.0,1.0,0.0,1.0,0.9401937374418959,0.9886951514469929
qwen3_8b,TOFU,none,system_exact,225,0.06666666666666667,0.25,0.016666666666666666,0.0,0.0,0.0,0.0,1.0,0.034,0.09933333333333333
qwen3_8b,TOFU,none,system_token_f1,225,0.7469207257564752,0.1388719210771291,0.009258128071808607,0.7234042553191489,0.6363636363636365,0.8411214953271028,0.3762376237623762,1.0,0.7287747947357303,0.7650666567772201
qwen3_8b,TOFU,none,system_semantic,225,0.8117337873246935,0.11370929778969363,0.007580619852646242,0.8061496019363403,0.7340056300163269,0.9047967791557312,0.4694855213165283,1.0,0.7968757724135068,0.8265918022358801
qwen3_8b,TOFU,none,system_positive,225,0.9777777777777777,0.14773421007131973,0.009848947338087981,1.0,1.0,1.0,0.0,1.0,0.9584738409951253,0.9970817145604302
qwen3_8b,TOFU,parameter_only,chain_length,450,4.0,0.0,0.0,4.0,4.0,4.0,4.0,4.0,4.0,4.0
qwen3_8b,TOFU,parameter_only,target_agent_position,450,2.0,0.0,0.0,2.0,2.0,2.0,2.0,2.0,2.0,2.0
qwen3_8b,TOFU,parameter_only,peer_evidence,450,1.0,0.0,0.0,1.0,1.0,1.0,1.0,1.0,1.0,1.0
qwen3_8b,TOFU,parameter_only,target_exact,450,0.10444444444444445,0.30617662017517855,0.014433304291109776,0.0,0.0,0.0,0.0,1.0,0.07615516803386929,0.1327337208550196
qwen3_8b,TOFU,parameter_only,target_token_f1,450,0.72810007065241,0.15352536952138562,0.007237255324849485,0.6984126984126984,0.626865671641791,0.8170518207282914,0.3166666666666666,1.0,0.713915050215705,0.742285091089115
qwen3_8b,TOFU,parameter_only,target_semantic,450,0.8060976519849565,0.11780694358466935,0.005553472578638716,0.8061496019363403,0.7266511917114258,0.8886833190917969,0.437880277633667,1.0,0.7952128457308246,0.8169824582390884
qwen3_8b,TOFU,parameter_only,target_positive,450,0.96,0.19617727540492727,0.009247885450234998,1.0,1.0,1.0,0.0,1.0,0.9418741445175394,0.9781258554824606
qwen3_8b,TOFU,parameter_only,system_exact,450,0.06222222222222222,0.24182757104043784,0.011399861024037677,0.0,0.0,0.0,0.0,1.0,0.039878494615108374,0.08456594982933607
qwen3_8b,TOFU,parameter_only,system_token_f1,450,0.7423877897591543,0.13744078937971782,0.006479020945468699,0.7234042553191489,0.6357264231096007,0.8292682926829269,0.3762376237623762,1.0,0.7296889087060356,0.755086670812273
qwen3_8b,TOFU,parameter_only,system_semantic,450,0.8077345107661353,0.1133340974027725,0.005342620587543808,0.8061496019363403,0.7324296832084656,0.9045340418815612,0.4694855213165283,1.0,0.7972629744145495,0.8182060471177212
qwen3_8b,TOFU,parameter_only,system_positive,450,0.9733333333333334,0.16128658663681003,0.007603122608354665,1.0,1.0,1.0,0.0,1.0,0.9584312130209582,0.9882354536457085
qwen3_8b,TOFU,parameter_plus_comm,chain_length,450,4.0,0.0,0.0,4.0,4.0,4.0,4.0,4.0,4.0,4.0
qwen3_8b,TOFU,parameter_plus_comm,target_agent_position,450,2.0,0.0,0.0,2.0,2.0,2.0,2.0,2.0,2.0,2.0
qwen3_8b,TOFU,parameter_plus_comm,peer_evidence,450,1.0,0.0,0.0,1.0,1.0,1.0,1.0,1.0,1.0,1.0
qwen3_8b,TOFU,parameter_plus_comm,target_exact,450,0.12444444444444444,0.33045528123756407,0.015577811349465948,0.0,0.0,0.0,0.0,1.0,0.09391193419949118,0.1549769546893977
qwen3_8b,TOFU,parameter_plus_comm,target_token_f1,450,0.7436081306978951,0.15698073403302934,0.0074001427700264594,0.7234042553191489,0.6252717391304348,0.8653846153846154,0.2926829268292683,1.0,0.7291038508686433,0.758112410527147
qwen3_8b,TOFU,parameter_plus_comm,target_semantic,450,0.8131555084387462,0.12411370653194655,0.0058507762351291,0.8061496019363403,0.7302150726318359,0.9139803051948547,0.2453582435846328,1.0,0.8016879870178931,0.8246230298595992
qwen3_8b,TOFU,parameter_plus_comm,target_positive,450,0.9755555555555555,0.15459632837279777,0.00728774080926317,1.0,1.0,1.0,0.0,1.0,0.9612715835693997,0.9898395275417113
qwen3_8b,TOFU,parameter_plus_comm,system_exact,450,0.06888888888888889,0.25354697356702716,0.01195231895723808,0.0,0.0,0.0,0.0,1.0,0.04546234373270225,0.09231543404507553
qwen3_8b,TOFU,parameter_plus_comm,system_token_f1,450,0.7461728322865515,0.139485771982851,0.006575422349874299,0.7234042553191489,0.6460772833723653,0.8292682926829269,0.3516483516483517,1.0,0.7332850044807979,0.7590606600923051
qwen3_8b,TOFU,parameter_plus_comm,system_semantic,450,0.812517642709944,0.11416052966306818,0.005381578977906901,0.8061496019363403,0.7429815530776978,0.9047967791557312,0.437880277633667,1.0,0.8019697479132465,0.8230655375066415
qwen3_8b,TOFU,parameter_plus_comm,system_positive,450,0.9755555555555555,0.15459632837279777,0.00728774080926317,1.0,1.0,1.0,0.0,1.0,0.9612715835693997,0.9898395275417113
qwen3_8b,TOFU,target_context,chain_length,225,4.0,0.0,0.0,4.0,4.0,4.0,4.0,4.0,4.0,4.0
qwen3_8b,TOFU,target_context,target_agent_position,225,2.0,0.0,0.0,2.0,2.0,2.0,2.0,2.0,2.0,2.0
qwen3_8b,TOFU,target_context,peer_evidence,225,1.0,0.0,0.0,1.0,1.0,1.0,1.0,1.0,1.0,1.0
qwen3_8b,TOFU,target_context,target_exact,225,0.03111111111111111,0.17400510848184253,0.011600340565456169,0.0,0.0,0.0,0.0,1.0,0.00837444360281702,0.0538477786194052
qwen3_8b,TOFU,target_context,target_token_f1,225,0.5690504524333071,0.18056614216204067,0.012037742810802712,0.5846153846153845,0.4222222222222222,0.7012987012987013,0.2153846153846154,1.0,0.5454564765241338,0.5926444283424804
qwen3_8b,TOFU,target_context,target_semantic,225,0.6598107443915473,0.17690191461641763,0.011793460974427843,0.6893587708473206,0.5294142961502075,0.8055696487426758,0.2610066533088684,1.0,0.6366955608816687,0.6829259279014259
qwen3_8b,TOFU,target_context,target_positive,225,0.6355555555555555,0.48234710547356885,0.032156473698237924,1.0,0.0,1.0,0.0,1.0,0.5725288671070092,0.6985822440041018
qwen3_8b,TOFU,target_context,system_exact,225,0.02666666666666667,0.16146649364939025,0.01076443290995935,0.0,0.0,0.0,0.0,1.0,0.0055683781631463425,0.047764955170186994
qwen3_8b,TOFU,target_context,system_token_f1,225,0.6572547172234815,0.1711022968398792,0.01140681978932528,0.6666666666666666,0.5609756097560975,0.7317073170731708,0.2153846153846154,1.0,0.6348973504364039,0.6796120840105591
qwen3_8b,TOFU,target_context,system_semantic,225,0.7336425567997826,0.16062875149157707,0.010708583432771805,0.7699905037879944,0.6766649484634399,0.8219529390335083,0.2610066533088684,1.0,0.7126537332715499,0.7546313803280154
qwen3_8b,TOFU,target_context,system_positive,225,0.84,0.3674234614174767,0.024494897427831782,1.0,1.0,1.0,0.0,1.0,0.7919900010414497,0.8880099989585503
qwen3_8b,TOFU,target_context_comm,chain_length,765,4.0,0.0,0.0,4.0,4.0,4.0,4.0,4.0,4.0,4.0
qwen3_8b,TOFU,target_context_comm,target_agent_position,765,2.0,0.0,0.0,2.0,2.0,2.0,2.0,2.0,2.0,2.0
qwen3_8b,TOFU,target_context_comm,peer_evidence,765,1.0,0.0,0.0,1.0,1.0,1.0,1.0,1.0,1.0,1.0
qwen3_8b,TOFU,target_context_comm,target_exact,765,0.011764705882352941,0.10789585369624449,0.003900982823176844,0.0,0.0,0.0,0.0,1.0,0.0041187795489263275,0.019410632215779555
qwen3_8b,TOFU,target_context_comm,target_token_f1,765,0.5490359787396069,0.17916609323506694,0.006477763771843851,0.5405405405405405,0.3999999999999999,0.6571428571428573,0.2153846153846154,1.0,0.5363395617467929,0.5617323957324208
qwen3_8b,TOFU,target_context_comm,target_semantic,765,0.6401688492376041,0.16980676188815816,0.006139376432850281,0.6766649484634399,0.5,0.7734307050704956,0.2610066533088684,1.0,0.6281356714292176,0.6522020270459906
qwen3_8b,TOFU,target_context_comm,target_positive,765,0.5947712418300654,0.4912574486430489,0.017761450540160262,1.0,0.0,1.0,0.0,1.0,0.5599587987713512,0.6295836848887795
qwen3_8b,TOFU,target_context_comm,system_exact,765,0.0196078431372549,0.13873909726958567,0.005016122648006382,0.0,0.0,0.0,0.0,1.0,0.009776242747162394,0.02943944352734741
qwen3_8b,TOFU,target_context_comm,system_token_f1,765,0.686051391443748,0.14955099023443588,0.005407027463131592,0.6808510638297872,0.6016260162601627,0.7536231884057972,0.2153846153846154,1.0,0.6754536176160101,0.696649165271486
qwen3_8b,TOFU,target_context_comm,system_semantic,765,0.7636744820214565,0.1294070684608711,0.004678722434364492,0.771869421005249,0.6972522735595703,0.837435781955719,0.2610066533088684,1.0,0.754504186050102,0.7728447779928109
qwen3_8b,TOFU,target_context_comm,system_positive,765,0.9241830065359478,0.26487825510030133,0.009576693524185862,1.0,1.0,1.0,0.0,1.0,0.9054126872285435,0.942953325843352
qwen3_8b,TOFU,target_context_memory,chain_length,3690,3.9878048780487805,0.5946474953059814,0.009789182178121095,4.0,4.0,4.0,1.0,8.0,3.968618080979663,4.006991675117898
qwen3_8b,TOFU,target_context_memory,target_agent_position,3690,2.024390243902439,0.2694355605570704,0.004435491292534854,2.0,2.0,2.0,1.0,4.0,2.0156966809690706,2.0330838068358075
qwen3_8b,TOFU,target_context_memory,peer_evidence,3690,0.9176829268292683,0.24403076355332792,0.0040172734609103325,1.0,1.0,1.0,0.0,1.0,0.909809070845884,0.9255567828126526
qwen3_8b,TOFU,target_context_memory,target_exact,3690,0.028455284552845527,0.16629213869643386,0.0027375277846771037,0.0,0.0,0.0,0.0,1.0,0.023089730094878403,0.03382083901081265
qwen3_8b,TOFU,target_context_memory,target_token_f1,3690,0.5672394430933223,0.19990288959388897,0.0032908333417943233,0.5714285714285715,0.3890117994100295,0.7234042553191489,0.1538461538461538,1.0,0.5607894097434054,0.5736894764432392
qwen3_8b,TOFU,target_context_memory,target_semantic,3690,0.6544638194406258,0.19247930299107044,0.0031686250717794027,0.6954271495342255,0.5000034868717194,0.8061496019363403,0.2144225090742111,1.0,0.6482533142999382,0.6606743245813135
qwen3_8b,TOFU,target_context_memory,target_positive,3690,0.6306233062330623,0.48270145606649406,0.007946308575045464,1.0,0.0,1.0,0.0,1.0,0.6150485414259732,0.6461980710401514
qwen3_8b,TOFU,target_context_memory,system_exact,3690,0.026829268292682926,0.16160611469767494,0.002660385708107363,0.0,0.0,0.0,0.0,1.0,0.021614912304792497,0.032043624280573356
qwen3_8b,TOFU,target_context_memory,system_token_f1,3690,0.6380294324824071,0.19328387629192156,0.003181870086144814,0.6595088520845231,0.5208333333333334,0.7432364096080911,0.1538461538461538,1.0,0.6317929671135633,0.6442658978512509
qwen3_8b,TOFU,target_context_memory,system_semantic,3690,0.7140923538626371,0.17942893704938975,0.002953787860317639,0.7553994655609131,0.6082558482885361,0.8287754058837891,0.2144225090742111,1.0,0.7083029296564146,0.7198817780688597
qwen3_8b,TOFU,target_context_memory,system_positive,3690,0.7753387533875339,0.4174156073436526,0.006871562491279824,1.0,1.0,1.0,0.0,1.0,0.7618704909046254,0.7888070158704423
qwen3_8b,TOFU,target_memory,chain_length,225,4.0,0.0,0.0,4.0,4.0,4.0,4.0,4.0,4.0,4.0
qwen3_8b,TOFU,target_memory,target_agent_position,225,2.0,0.0,0.0,2.0,2.0,2.0,2.0,2.0,2.0,2.0
qwen3_8b,TOFU,target_memory,peer_evidence,225,1.0,0.0,0.0,1.0,1.0,1.0,1.0,1.0,1.0,1.0
qwen3_8b,TOFU,target_memory,target_exact,225,0.08888888888888889,0.2852178226359747,0.01901452150906498,0.0,0.0,0.0,0.0,1.0,0.05162042673112153,0.12615735104665626
qwen3_8b,TOFU,target_memory,target_token_f1,225,0.7143340807647784,0.16089482815688608,0.010726321877125739,0.6984126984126984,0.6133333333333333,0.792079207920792,0.2441860465116278,1.0,0.693310489885612,0.7353576716439449
qwen3_8b,TOFU,target_memory,target_semantic,225,0.7992912985218896,0.11848049932106758,0.007898699954737838,0.8045379519462585,0.7197633385658264,0.8723732233047485,0.4504426121711731,1.0,0.7838098466106035,0.8147727504331758
qwen3_8b,TOFU,target_memory,target_positive,225,0.9511111111111111,0.21611651766199919,0.014407767844133279,1.0,1.0,1.0,0.0,1.0,0.9228718861366099,0.9793503360856124
qwen3_8b,TOFU,target_memory,system_exact,225,0.06222222222222222,0.2420973174388992,0.01613982116259328,0.0,0.0,0.0,0.0,1.0,0.030588172743539387,0.09385627170090505
qwen3_8b,TOFU,target_memory,system_token_f1,225,0.7406585196770432,0.1455930737702687,0.009706204918017913,0.7234042553191489,0.634920634920635,0.8333333333333334,0.3275862068965517,1.0,0.7216343580377281,0.7596826813163583
qwen3_8b,TOFU,target_memory,system_semantic,225,0.8069811718993717,0.11581130291599313,0.007720753527732876,0.8061496019363403,0.7276514172554016,0.9048240184783936,0.4540766179561615,1.0,0.7918484949850152,0.8221138488137282
qwen3_8b,TOFU,target_memory,system_positive,225,0.9733333333333334,0.16146649364939022,0.010764432909959348,1.0,1.0,1.0,0.0,1.0,0.952235044829813,0.9944316218368537
qwen3_8b,TOFU,target_memory_comm,chain_length,225,4.0,0.0,0.0,4.0,4.0,4.0,4.0,4.0,4.0,4.0
qwen3_8b,TOFU,target_memory_comm,target_agent_position,225,2.0,0.0,0.0,2.0,2.0,2.0,2.0,2.0,2.0,2.0
qwen3_8b,TOFU,target_memory_comm,peer_evidence,225,1.0,0.0,0.0,1.0,1.0,1.0,1.0,1.0,1.0,1.0
qwen3_8b,TOFU,target_memory_comm,target_exact,225,0.10222222222222223,0.30361577640587073,0.02024105176039138,0.0,0.0,0.0,0.0,1.0,0.06254976077185512,0.14189468367258934
qwen3_8b,TOFU,target_memory_comm,target_token_f1,225,0.7278963501948554,0.15806691005460732,0.010537794003640489,0.7234042553191489,0.6153846153846153,0.8073394495412846,0.3333333333333333,1.0,0.7072422739477201,0.7485504264419908
qwen3_8b,TOFU,target_memory_comm,target_semantic,225,0.8085510961214701,0.11427707211333903,0.007618471474222602,0.8061496019363403,0.7299588918685913,0.881989598274231,0.5243040919303894,1.0,0.7936188920319939,0.8234833002109464
qwen3_8b,TOFU,target_memory_comm,target_positive,225,0.9511111111111111,0.21611651766199919,0.014407767844133279,1.0,1.0,1.0,0.0,1.0,0.9228718861366099,0.9793503360856124
qwen3_8b,TOFU,target_memory_comm,system_exact,225,0.05333333333333334,0.22519832529192066,0.015013221686128043,0.0,0.0,0.0,0.0,1.0,0.023907418828522372,0.0827592478381443
qwen3_8b,TOFU,target_memory_comm,system_token_f1,225,0.7458171237195624,0.14022471794970054,0.009348314529980035,0.7234042553191489,0.6571428571428573,0.8292682926829269,0.3275862068965517,1.0,0.7274944272408016,0.7641398201983233
qwen3_8b,TOFU,target_memory_comm,system_semantic,225,0.8145653194851346,0.10947126239875851,0.007298084159917234,0.8061496019363403,0.7429815530776978,0.9106678366661072,0.4844899773597717,1.0,0.8002610745316968,0.8288695644385723
qwen3_8b,TOFU,target_memory_comm,system_positive,225,0.9733333333333334,0.16146649364939022,0.010764432909959348,1.0,1.0,1.0,0.0,1.0,0.952235044829813,0.9944316218368537
qwen3_8b,WMDP,full_inference,chain_length,30,4.0,0.0,0.0,4.0,4.0,4.0,4.0,4.0,4.0,4.0
qwen3_8b,WMDP,full_inference,target_agent_position,30,2.0,0.0,0.0,2.0,2.0,2.0,2.0,2.0,2.0,2.0
qwen3_8b,WMDP,full_inference,peer_evidence,30,1.0,0.0,0.0,1.0,1.0,1.0,1.0,1.0,1.0,1.0
qwen3_8b,WMDP,full_inference,target_exact,30,0.0,0.0,0.0,0.0,0.0,0.0,0.0,0.0,0.0,0.0
qwen3_8b,WMDP,full_inference,target_token_f1,30,0.11442368444359624,0.10431217246453156,0.01904470996039773,0.1363636363636363,0.0,0.2222222222222222,0.0,0.3529411764705882,0.07709605292121668,0.1517513159659758
qwen3_8b,WMDP,full_inference,target_semantic,30,0.20756734957297643,0.1631071012321711,0.029779146211379594,0.24456604570150375,0.0,0.3333333432674408,0.0,0.4588314592838287,0.14920022299867242,0.26593447614728044
qwen3_8b,WMDP,full_inference,target_positive,30,0.0,0.0,0.0,0.0,0.0,0.0,0.0,0.0,0.0,0.0
qwen3_8b,WMDP,full_inference,system_exact,30,0.0,0.0,0.0,0.0,0.0,0.0,0.0,0.0,0.0,0.0
qwen3_8b,WMDP,full_inference,system_token_f1,30,0.12640666227754893,0.12474368513076411,0.02277497675081376,0.1395348837209302,0.0,0.21929824561403505,0.0,0.375,0.08176770784595397,0.1710456167091439
qwen3_8b,WMDP,full_inference,system_semantic,30,0.238396322230498,0.1928084901453245,0.03520185311036892,0.29330745339393616,0.0,0.35486376285552973,0.0,0.6154574751853943,0.1694006901341749,0.3073919543268211
qwen3_8b,WMDP,full_inference,system_positive,30,0.0,0.0,0.0,0.0,0.0,0.0,0.0,0.0,0.0,0.0
qwen3_8b,WMDP,none,chain_length,30,4.0,0.0,0.0,4.0,4.0,4.0,4.0,4.0,4.0,4.0
qwen3_8b,WMDP,none,target_agent_position,30,2.0,0.0,0.0,2.0,2.0,2.0,2.0,2.0,2.0,2.0
qwen3_8b,WMDP,none,peer_evidence,30,1.0,0.0,0.0,1.0,1.0,1.0,1.0,1.0,1.0,1.0
qwen3_8b,WMDP,none,target_exact,30,0.0,0.0,0.0,0.0,0.0,0.0,0.0,0.0,0.0,0.0
qwen3_8b,WMDP,none,target_token_f1,30,0.232643646231618,0.12071210913760189,0.022038915046230012,0.2222222222222222,0.1644787644787645,0.22863247863247857,0.0519480519480519,0.5454545454545454,0.1894473727410072,0.2758399197222288
qwen3_8b,WMDP,none,target_semantic,30,0.34680885771910347,0.10972136113393315,0.02003228817774193,0.3333333432674408,0.2788062170147895,0.42475952208042145,0.1856953352689743,0.6123724579811096,0.30754557289072926,0.3860721425474777
qwen3_8b,WMDP,none,target_positive,30,0.06666666666666667,0.2537081317024624,0.04632055558531008,0.0,0.0,0.0,0.0,1.0,-0.024121622280541086,0.1574549556138744
qwen3_8b,WMDP,none,system_exact,30,0.0,0.0,0.0,0.0,0.0,0.0,0.0,0.0,0.0,0.0
qwen3_8b,WMDP,none,system_token_f1,30,0.23168836167877246,0.11968621117707724,0.021851612561337382,0.2222222222222222,0.1644787644787645,0.22863247863247857,0.0519480519480519,0.5454545454545454,0.1888592010585512,0.27451752229899373
qwen3_8b,WMDP,none,system_semantic,30,0.34695510963598886,0.1095862860250872,0.0200076269497178,0.3333333432674408,0.2788062170147895,0.4297805279493332,0.1856953352689743,0.6123724579811096,0.307740160814542,0.38617005845743574
qwen3_8b,WMDP,none,system_positive,30,0.06666666666666667,0.2537081317024624,0.04632055558531008,0.0,0.0,0.0,0.0,1.0,-0.024121622280541086,0.1574549556138744
qwen3_8b,WMDP,target_context_memory,chain_length,30,4.0,0.0,0.0,4.0,4.0,4.0,4.0,4.0,4.0,4.0
qwen3_8b,WMDP,target_context_memory,target_agent_position,30,2.0,0.0,0.0,2.0,2.0,2.0,2.0,2.0,2.0,2.0
qwen3_8b,WMDP,target_context_memory,peer_evidence,30,1.0,0.0,0.0,1.0,1.0,1.0,1.0,1.0,1.0,1.0
qwen3_8b,WMDP,target_context_memory,target_exact,30,0.0,0.0,0.0,0.0,0.0,0.0,0.0,0.0,0.0,0.0
qwen3_8b,WMDP,target_context_memory,target_token_f1,30,0.12070398318354673,0.10518134684765508,0.019203398765745193,0.13794926004228325,0.0,0.2222222222222222,0.0,0.3529411764705882,0.08306532160268615,0.15834264476440732
qwen3_8b,WMDP,target_context_memory,target_semantic,30,0.2080730845530828,0.16396186374107355,0.029935203780524788,0.26341230422258377,0.0,0.3333333432674408,0.0,0.4588314592838287,0.1494000851432542,0.2667460839629114
qwen3_8b,WMDP,target_context_memory,target_positive,30,0.0,0.0,0.0,0.0,0.0,0.0,0.0,0.0,0.0,0.0
qwen3_8b,WMDP,target_context_memory,system_exact,30,0.0,0.0,0.0,0.0,0.0,0.0,0.0,0.0,0.0,0.0
qwen3_8b,WMDP,target_context_memory,system_token_f1,30,0.1264432990242058,0.12471690336607338,0.022770087091930125,0.1395348837209302,0.0,0.21929824561403505,0.0,0.375,0.08181392832402276,0.17107266972438886
qwen3_8b,WMDP,target_context_memory,system_semantic,30,0.2386996512611707,0.19289745453335488,0.03521809571108188,0.2978573888540268,0.0,0.35486376285552973,0.0,0.6154574751853943,0.16967218366745024,0.3077271188548912
qwen3_8b,WMDP,target_context_memory,system_positive,30,0.0,0.0,0.0,0.0,0.0,0.0,0.0,0.0,0.0,0.0
