benchmark,intervention,metric,n,mean,std,sem,median,q25,q75,min,max,ci95_low,ci95_high
MUSE-Books,communication,chain_length,150,4.0,0.0,0.0,4.0,4.0,4.0,4.0,4.0,4.0,4.0
MUSE-Books,communication,target_agent_position,150,2.0,0.0,0.0,2.0,2.0,2.0,2.0,2.0,2.0,2.0
MUSE-Books,communication,peer_evidence,150,1.0,0.0,0.0,1.0,1.0,1.0,1.0,1.0,1.0,1.0
MUSE-Books,communication,target_exact,150,0.02,0.14046901303903672,0.011469246887266565,0.0,0.0,0.0,0.0,1.0,-0.002479723899042465,0.04247972389904246
MUSE-Books,communication,target_token_f1,150,0.23978994114204602,0.1516240312725693,0.012380050312053144,0.2857142857142857,0.1999999999999999,0.2857142857142857,0.0,1.0,0.21552504253042187,0.26405483975367017
MUSE-Books,communication,target_semantic,150,0.46371454472343127,0.18448038071839723,0.015062760010481653,0.4726359248161316,0.4082483053207397,0.5547001957893372,0.0,1.0,0.4341915351028872,0.4932375543439753
MUSE-Books,communication,target_positive,150,0.02,0.14046901303903672,0.011469246887266565,0.0,0.0,0.0,0.0,1.0,-0.002479723899042465,0.04247972389904246
MUSE-Books,communication,system_exact,150,0.03333333333333333,0.18010685369303292,0.014705663024201157,0.0,0.0,0.0,0.0,1.0,0.004510233805899065,0.0621564328607676
MUSE-Books,communication,system_token_f1,150,0.2529184040695343,0.17929668779922356,0.014639513255973197,0.2857142857142857,0.1999999999999999,0.2857142857142857,0.0,1.0,0.22422495808782683,0.2816118500512418
MUSE-Books,communication,system_semantic,150,0.47225836262106896,0.19534877710650086,0.01595016085958704,0.476144939661026,0.4082483053207397,0.5547001957893372,0.0,1.0,0.4409960473362784,0.5035206779058595
MUSE-Books,communication,system_positive,150,0.04666666666666667,0.21163050828222799,0.017279558643243598,0.0,0.0,0.0,0.0,1.0,0.012798731725909215,0.08053460160742412
MUSE-Books,communication,target_content_precision,150,0.6817658170158412,0.3592763293930991,0.02933478945577289,0.6666666666666666,0.6666666666666666,1.0,0.0,1.0,0.6242696296825263,0.739262004349156
MUSE-Books,communication,target_content_recall,150,0.94,0.2382824447791589,0.01945568014572829,1.0,1.0,1.0,0.0,1.0,0.9018668669143725,0.9781331330856274
MUSE-Books,communication,target_content_f1,150,0.7391797521824058,0.3426767033335873,0.02797943566354587,0.8,0.8,1.0,0.0,1.0,0.684340058281856,0.7940194460829557
MUSE-Books,communication,system_content_precision,150,0.6794975099987556,0.3568385412096536,0.02913574488409196,0.6666666666666666,0.5416666666666666,1.0,0.0,1.0,0.6223914500259353,0.7366035699715758
MUSE-Books,communication,system_content_recall,150,0.94,0.2382824447791589,0.01945568014572829,1.0,1.0,1.0,0.0,1.0,0.9018668669143725,0.9781331330856274
MUSE-Books,communication,system_content_f1,150,0.7387767634031719,0.33888644190388195,0.027669962113728207,0.8,0.7,1.0,0.0,1.0,0.6845436376602646,0.7930098891460792
MUSE-Books,communication,target_positive_content,150,0.44666666666666666,0.4988129084871181,0.04072790343023466,0.0,0.0,1.0,0.0,1.0,0.3668399759434067,0.5264933573899266
MUSE-Books,communication,system_positive_content,150,0.44666666666666666,0.4988129084871181,0.04072790343023466,0.0,0.0,1.0,0.0,1.0,0.3668399759434067,0.5264933573899266
MUSE-Books,full_inference,chain_length,290,4.0,0.0,0.0,4.0,4.0,4.0,4.0,4.0,4.0,4.0
MUSE-Books,full_inference,target_agent_position,290,2.0,0.0,0.0,2.0,2.0,2.0,2.0,2.0,2.0,2.0
MUSE-Books,full_inference,peer_evidence,290,1.0,0.0,0.0,1.0,1.0,1.0,1.0,1.0,1.0,1.0
MUSE-Books,full_inference,target_exact,290,0.07586206896551724,0.2652349906900709,0.015575134945600375,0.0,0.0,0.0,0.0,1.0,0.04533480447214051,0.10638933345889398
MUSE-Books,full_inference,target_token_f1,290,0.21056372348678473,0.24717892610636968,0.014514846324759106,0.125,0.074074074074074,0.2666666666666667,0.0,1.0,0.18211462469025688,0.23901282228331258
MUSE-Books,full_inference,target_semantic,290,0.41734576953639246,0.22552751669195206,0.013243431785845403,0.4082483053207397,0.3015113472938537,0.5443310737609863,0.0,1.0,0.3913886432361355,0.44330289583664945
MUSE-Books,full_inference,target_positive,290,0.08275862068965517,0.27599328701183945,0.01620688385836769,0.0,0.0,0.0,0.0,1.0,0.0509931283272545,0.11452411305205584
MUSE-Books,full_inference,system_exact,290,0.07931034482758621,0.2706896361728106,0.015895442757375304,0.0,0.0,0.0,0.0,1.0,0.04815527702313062,0.1104654126320418
MUSE-Books,full_inference,system_token_f1,290,0.2449616453363773,0.24434000649033896,0.014348139224748091,0.1999999999999999,0.0999999999999999,0.2857142857142857,0.0,1.0,0.21683929245587102,0.27308399821688356
MUSE-Books,full_inference,system_semantic,290,0.45670607549877,0.23184622003426006,0.013614478822217243,0.4082483053207397,0.36021352559328074,0.5547001957893372,0.0,1.0,0.4300216970072242,0.4833904539903158
MUSE-Books,full_inference,system_positive,290,0.09310344827586207,0.29107964460545704,0.017092785280147835,0.0,0.0,0.0,0.0,1.0,0.05960158912677232,0.12660530742495182
MUSE-Books,full_inference,target_content_precision,290,0.4048009470916126,0.4205623139254788,0.02469626943029313,0.1666666666666666,0.0,0.6666666666666666,0.0,1.0,0.356396259008238,0.45320563517498713
MUSE-Books,full_inference,target_content_recall,290,0.5793103448275863,0.48212283632325376,0.028311227777879252,1.0,0.0,1.0,0.0,1.0,0.523820338382943,0.6348003512722296
MUSE-Books,full_inference,target_content_f1,290,0.44410864741318057,0.43540284369606147,0.025567735345252734,0.26785714285714285,0.0,0.8,0.0,1.0,0.39399588613648523,0.4942214086898759
MUSE-Books,full_inference,system_content_precision,290,0.5565703785311759,0.4045208616629492,0.0237542829183994,0.6666666666666666,0.07769230769230767,1.0,0.0,1.0,0.510011984011113,0.6031287730512387
MUSE-Books,full_inference,system_content_recall,290,0.7931034482758621,0.39057320531213024,0.022935248335995046,1.0,1.0,1.0,0.0,1.0,0.7481503615373118,0.8380565350144124
MUSE-Books,full_inference,system_content_f1,290,0.6101492687050253,0.4022648017633504,0.023621802519451326,0.8,0.1428571428571428,1.0,0.0,1.0,0.5638505357669007,0.6564480016431499
MUSE-Books,full_inference,target_positive_content,290,0.24482758620689654,0.43072820522879696,0.025293231122562838,0.0,0.0,0.0,0.0,1.0,0.19525285320667338,0.2944023192071197
MUSE-Books,full_inference,system_positive_content,290,0.38275862068965516,0.4869003475608108,0.02859177289764447,0.0,0.0,1.0,0.0,1.0,0.326718745810272,0.4387984955690383
MUSE-Books,global_context,chain_length,150,4.0,0.0,0.0,4.0,4.0,4.0,4.0,4.0,4.0,4.0
MUSE-Books,global_context,target_agent_position,150,2.0,0.0,0.0,2.0,2.0,2.0,2.0,2.0,2.0,2.0
MUSE-Books,global_context,peer_evidence,150,1.0,0.0,0.0,1.0,1.0,1.0,1.0,1.0,1.0,1.0
MUSE-Books,global_context,target_exact,150,0.04,0.19661566092456975,0.01605360149017563,0.0,0.0,0.0,0.0,1.0,0.008534941079255766,0.07146505892074423
MUSE-Books,global_context,target_token_f1,150,0.18620493806287006,0.19244060124683718,0.015712709294971844,0.11805555555555555,0.0833333333333333,0.2857142857142857,0.0,1.0,0.15540802784472524,0.21700184828101488
MUSE-Books,global_context,target_semantic,150,0.40742029398679735,0.18511443056197288,0.01511452996342338,0.4082483053207397,0.3015113472938537,0.4529108107089996,0.0,1.0,0.37779581525848754,0.43704477271510717
MUSE-Books,global_context,target_positive,150,0.04,0.19661566092456975,0.01605360149017563,0.0,0.0,0.0,0.0,1.0,0.008534941079255766,0.07146505892074423
MUSE-Books,global_context,system_exact,150,0.04,0.19661566092456975,0.01605360149017563,0.0,0.0,0.0,0.0,1.0,0.008534941079255766,0.07146505892074423
MUSE-Books,global_context,system_token_f1,150,0.18476592925222554,0.19316094662093314,0.01577152524847549,0.1111111111111111,0.0833333333333333,0.2857142857142857,0.0,1.0,0.15385373976521358,0.2156781187392375
MUSE-Books,global_context,system_semantic,150,0.40595097581545514,0.18573471244603326,0.015165175767178051,0.4082483053207397,0.3015113472938537,0.4529108107089996,0.0,1.0,0.37622723131178615,0.43567472031912413
MUSE-Books,global_context,system_positive,150,0.04,0.19661566092456975,0.01605360149017563,0.0,0.0,0.0,0.0,1.0,0.008534941079255766,0.07146505892074423
MUSE-Books,global_context,target_content_precision,150,0.3798972600928483,0.40020465137397865,0.032676572951822615,0.12916666666666665,0.0,0.6666666666666666,0.0,1.0,0.31585117710727595,0.44394334307842065
MUSE-Books,global_context,target_content_recall,150,0.6066666666666667,0.4901262221576524,0.040018638461474625,1.0,0.0,1.0,0.0,1.0,0.5282301352821764,0.6851031980511569
MUSE-Books,global_context,target_content_f1,150,0.4298273462924605,0.4234502756160302,0.03457457022333919,0.2287581699346405,0.0,0.8,0.0,1.0,0.3620611886547157,0.4975935039302053
MUSE-Books,global_context,system_content_precision,150,0.37094423772863677,0.4003112732831275,0.032685278594249814,0.11513157894736839,0.0,0.6666666666666666,0.0,1.0,0.30688109168390715,0.4350073837733664
MUSE-Books,global_context,system_content_recall,150,0.6066666666666667,0.4901262221576524,0.040018638461474625,1.0,0.0,1.0,0.0,1.0,0.5282301352821764,0.6851031980511569
MUSE-Books,global_context,system_content_f1,150,0.4199331601918228,0.42201036201200126,0.03445700176988709,0.20634920634920634,0.0,0.8,0.0,1.0,0.3523974367228441,0.4874688836608015
MUSE-Books,global_context,target_positive_content,150,0.18,0.38547451799936877,0.03147386259812478,0.0,0.0,0.0,0.0,1.0,0.11831122930767543,0.24168877069232456
MUSE-Books,global_context,system_positive_content,150,0.18,0.38547451799936877,0.03147386259812478,0.0,0.0,0.0,0.0,1.0,0.11831122930767543,0.24168877069232456
MUSE-Books,none,chain_length,290,4.0,0.0,0.0,4.0,4.0,4.0,4.0,4.0,4.0,4.0
MUSE-Books,none,target_agent_position,290,2.0,0.0,0.0,2.0,2.0,2.0,2.0,2.0,2.0,2.0
MUSE-Books,none,peer_evidence,290,1.0,0.0,0.0,1.0,1.0,1.0,1.0,1.0,1.0,1.0
MUSE-Books,none,target_exact,290,0.04827586206896552,0.21471908042460783,0.012608738554093347,0.0,0.0,0.0,0.0,1.0,0.023562734502942558,0.07298898963498848
MUSE-Books,none,target_token_f1,290,0.2505671341891756,0.20393904912296998,0.011975713319361031,0.1999999999999999,0.1739130434782608,0.2857142857142857,0.0,1.0,0.22709473608322797,0.27403953229512323
MUSE-Books,none,target_semantic,290,0.4580763692742792,0.231299466527789,0.013582372350808204,0.5547001957893372,0.4082483053207397,0.5547001957893372,0.0,1.0,0.4314549194666951,0.48469781908186327
MUSE-Books,none,target_positive,290,0.06206896551724138,0.24169784835322825,0.01419298635662142,0.0,0.0,0.0,0.0,1.0,0.0342507122582634,0.08988721877621936
MUSE-Books,none,system_exact,290,0.04482758620689655,0.20728297842901275,0.01217207560947464,0.0,0.0,0.0,0.0,1.0,0.020970318012326256,0.06868485440146685
MUSE-Books,none,system_token_f1,290,0.24162237991408536,0.19775673089222562,0.011612675092504287,0.1999999999999999,0.1428571428571428,0.2857142857142857,0.0,1.0,0.21886153673277697,0.26438322309539375
MUSE-Books,none,system_semantic,290,0.4507534232889784,0.22865470143246477,0.013427066396824094,0.5443310737609863,0.4082483053207397,0.5547001957893372,0.0,1.0,0.42443637315120314,0.4770704734267536
MUSE-Books,none,system_positive,290,0.05172413793103448,0.22185236160473995,0.013027619248139076,0.0,0.0,0.0,0.0,1.0,0.026190004204681892,0.07725827165738708
MUSE-Books,none,target_content_precision,290,0.6812921569467957,0.3792914212398073,0.02227275916404835,0.8333333333333333,0.5,1.0,0.0,1.0,0.6376375489852609,0.7249467649083304
MUSE-Books,none,target_content_recall,290,0.8637931034482759,0.32416956766913213,0.019035892468665428,1.0,1.0,1.0,0.0,1.0,0.8264827542096916,0.9011034526868601
MUSE-Books,none,target_content_f1,290,0.7253132263187373,0.3655517168818997,0.021465935943136585,0.9,0.5,1.0,0.0,1.0,0.6832399918701896,0.767386460767285
MUSE-Books,none,system_content_precision,290,0.6684003017932697,0.3811915754890362,0.02238434006358275,0.6666666666666666,0.3333333333333333,1.0,0.0,1.0,0.6245269952686475,0.7122736083178919
MUSE-Books,none,system_content_recall,290,0.8637931034482759,0.32416956766913213,0.019035892468665428,1.0,1.0,1.0,0.0,1.0,0.8264827542096916,0.9011034526868601
MUSE-Books,none,system_content_f1,290,0.7155075134713657,0.3674277152306045,0.021576098359350152,0.8,0.4,1.0,0.0,1.0,0.6732183606870393,0.757796666255692
MUSE-Books,none,target_positive_content,290,0.5206896551724138,0.500435319386186,0.029386573810286688,1.0,0.0,1.0,0.0,1.0,0.46309197050425194,0.5782873398405758
MUSE-Books,none,system_positive_content,290,0.49310344827586206,0.5008166579713209,0.029408966783053922,0.0,0.0,1.0,0.0,1.0,0.4354618733810764,0.5507450231706478
MUSE-Books,target_context,chain_length,150,4.0,0.0,0.0,4.0,4.0,4.0,4.0,4.0,4.0,4.0
MUSE-Books,target_context,target_agent_position,150,2.0,0.0,0.0,2.0,2.0,2.0,2.0,2.0,2.0,2.0
MUSE-Books,target_context,peer_evidence,150,1.0,0.0,0.0,1.0,1.0,1.0,1.0,1.0,1.0,1.0
MUSE-Books,target_context,target_exact,150,0.02666666666666667,0.16164700403963203,0.013198422611556987,0.0,0.0,0.0,0.0,1.0,0.0007977583480149736,0.05253557498531836
MUSE-Books,target_context,target_token_f1,150,0.21167053517106518,0.16783055256755486,0.013703307234661953,0.1999999999999999,0.0952380952380952,0.2857142857142857,0.0,1.0,0.18481205299112777,0.2385290173510026
MUSE-Books,target_context,target_semantic,150,0.4518699553608894,0.18312155521262788,0.014951812372527847,0.4082483053207397,0.39395271986722946,0.5547001957893372,0.0,1.0,0.42256440311073484,0.481175507611044
MUSE-Books,target_context,target_positive,150,0.04,0.19661566092456975,0.01605360149017563,0.0,0.0,0.0,0.0,1.0,0.008534941079255766,0.07146505892074423
MUSE-Books,target_context,system_exact,150,0.05333333333333334,0.22545008425851168,0.018407922296694253,0.0,0.0,0.0,0.0,1.0,0.0172538056318126,0.08941286103485407
MUSE-Books,target_context,system_token_f1,150,0.23682041330512027,0.20706115934984987,0.016906472865208348,0.1999999999999999,0.0999999999999999,0.2857142857142857,0.0,1.0,0.2036837264893119,0.26995710012092866
MUSE-Books,target_context,system_semantic,150,0.4690906793872515,0.19962288031747574,0.01629913992541636,0.4082483053207397,0.4082483053207397,0.5547001957893372,0.0,1.0,0.43714436513343546,0.5010369936410676
MUSE-Books,target_context,system_positive,150,0.06666666666666667,0.25027948583350335,0.020435234445940472,0.0,0.0,0.0,0.0,1.0,0.026613607152623342,0.10671972618070999
MUSE-Books,target_context,target_content_precision,150,0.5317342759712799,0.4046504475327484,0.03303957068813633,0.6666666666666666,0.0714285714285714,1.0,0.0,1.0,0.46697671742253266,0.5964918345200271
MUSE-Books,target_context,target_content_recall,150,0.8133333333333334,0.3909490546234406,0.0319208566416966,1.0,1.0,1.0,0.0,1.0,0.750768454315608,0.8758982123510587
MUSE-Books,target_context,target_content_f1,150,0.5891161986603197,0.40568545292130226,0.03312407852423593,0.8,0.1333333333333333,1.0,0.0,1.0,0.5241930047528173,0.6540393925678222
MUSE-Books,target_context,system_content_precision,150,0.5729661318336796,0.3853030746571126,0.03145986430784728,0.6666666666666666,0.1176470588235294,1.0,0.0,1.0,0.5113047977902989,0.6346274658770603
MUSE-Books,target_context,system_content_recall,150,0.8866666666666667,0.31806180368281994,0.02596963752307281,1.0,1.0,1.0,0.0,1.0,0.835766177121444,0.9375671562118895
MUSE-Books,target_context,system_content_f1,150,0.6369844198758546,0.3815976491593057,0.03115731758286311,0.8,0.2105263157894736,1.0,0.0,1.0,0.575916077413443,0.6980527623382663
MUSE-Books,target_context,target_positive_content,150,0.32,0.4680388901411545,0.03821521535414602,0.0,0.0,1.0,0.0,1.0,0.2450981779058738,0.3949018220941262
MUSE-Books,target_context,system_positive_content,150,0.36666666666666664,0.48350880098132465,0.039478328284971595,0.0,0.0,1.0,0.0,1.0,0.2892891432281223,0.44404419010521096
MUSE-Books,target_context_comm,chain_length,150,4.0,0.0,0.0,4.0,4.0,4.0,4.0,4.0,4.0,4.0
MUSE-Books,target_context_comm,target_agent_position,150,2.0,0.0,0.0,2.0,2.0,2.0,2.0,2.0,2.0,2.0
MUSE-Books,target_context_comm,peer_evidence,150,1.0,0.0,0.0,1.0,1.0,1.0,1.0,1.0,1.0,1.0
MUSE-Books,target_context_comm,target_exact,150,0.02666666666666667,0.16164700403963203,0.013198422611556987,0.0,0.0,0.0,0.0,1.0,0.0007977583480149736,0.05253557498531836
MUSE-Books,target_context_comm,target_token_f1,150,0.17886609598175204,0.16854226011936926,0.013761417912929645,0.12310606060606061,0.0833333333333333,0.2857142857142857,0.0,1.0,0.15189371687240993,0.20583847509109415
MUSE-Books,target_context_comm,target_semantic,150,0.412497515976429,0.16585605559957475,0.013542090232321162,0.4082483053207397,0.38029793649911875,0.4682511687278747,0.0,1.0,0.3859550191210795,0.43904001283177846
MUSE-Books,target_context_comm,target_positive,150,0.02666666666666667,0.16164700403963203,0.013198422611556987,0.0,0.0,0.0,0.0,1.0,0.0007977583480149736,0.05253557498531836
MUSE-Books,target_context_comm,system_exact,150,0.06666666666666667,0.2502794858335033,0.02043523444594047,0.0,0.0,0.0,0.0,1.0,0.02661360715262335,0.10671972618070999
MUSE-Books,target_context_comm,system_token_f1,150,0.24255970496553392,0.2281054266124389,0.018624730092011668,0.1999999999999999,0.09642857142857138,0.2857142857142857,0.0,1.0,0.20605523398519104,0.2790641759458768
MUSE-Books,target_context_comm,system_semantic,150,0.4749556635816892,0.20857530354140077,0.017030102220751638,0.4082483053207397,0.4082483053207397,0.5547001957893372,0.0,1.0,0.441576663229016,0.5083346639343624
MUSE-Books,target_context_comm,system_positive,150,0.08666666666666667,0.28228850648734277,0.02304876003821096,0.0,0.0,0.0,0.0,1.0,0.04149109699177319,0.13184223634156014
MUSE-Books,target_context_comm,target_content_precision,150,0.392869854590192,0.40123146669348403,0.03276041207158465,0.1666666666666666,0.0,0.6666666666666666,0.0,1.0,0.32865944692988613,0.4570802622504979
MUSE-Books,target_context_comm,target_content_recall,150,0.6333333333333333,0.48350880098132465,0.039478328284971595,1.0,0.0,1.0,0.0,1.0,0.555955809894789,0.7107108567718776
MUSE-Books,target_context_comm,target_content_f1,150,0.44429828956185125,0.4229162058082882,0.03453096360613939,0.2857142857142857,0.0,0.8,0.0,1.0,0.376617600893818,0.5119789782298845
MUSE-Books,target_context_comm,system_content_precision,150,0.5642305599981078,0.3832035728991972,0.03128844070714831,0.6666666666666666,0.11274509803921567,1.0,0.0,1.0,0.502905216212097,0.6255559037841185
MUSE-Books,target_context_comm,system_content_recall,150,0.8866666666666667,0.31806180368281994,0.02596963752307281,1.0,1.0,1.0,0.0,1.0,0.835766177121444,0.9375671562118895
MUSE-Books,target_context_comm,system_content_f1,150,0.6303879402803729,0.37950820009680597,0.03098671478130774,0.8,0.20263157894736833,1.0,0.0,1.0,0.5696539793090097,0.6911219012517361
MUSE-Books,target_context_comm,target_positive_content,150,0.17333333333333334,0.3798033165786159,0.03101081094114506,0.0,0.0,0.0,0.0,1.0,0.11255214388868902,0.23411452277797767
MUSE-Books,target_context_comm,system_positive_content,150,0.36,0.48160804470526886,0.03932313218491395,0.0,0.0,1.0,0.0,1.0,0.28292666091756863,0.43707333908243134
MUSE-Books,target_context_memory,chain_length,290,4.0,0.0,0.0,4.0,4.0,4.0,4.0,4.0,4.0,4.0
MUSE-Books,target_context_memory,target_agent_position,290,2.0,0.0,0.0,2.0,2.0,2.0,2.0,2.0,2.0,2.0
MUSE-Books,target_context_memory,peer_evidence,290,1.0,0.0,0.0,1.0,1.0,1.0,1.0,1.0,1.0,1.0
MUSE-Books,target_context_memory,target_exact,290,0.07586206896551724,0.2652349906900709,0.015575134945600375,0.0,0.0,0.0,0.0,1.0,0.04533480447214051,0.10638933345889398
MUSE-Books,target_context_memory,target_token_f1,290,0.24304938755738897,0.2457487886104331,0.014430865759329097,0.1999999999999999,0.0952380952380952,0.2857142857142857,0.0,1.0,0.21476489066910395,0.271333884445674
MUSE-Books,target_context_memory,target_semantic,290,0.45548738693368845,0.23435493174047273,0.013761795446099373,0.4082483053207397,0.3779644668102264,0.5547001957893372,0.0,1.0,0.42851426785933366,0.48246050600804324
MUSE-Books,target_context_memory,target_positive,290,0.1,0.30051858292811295,0.017647058823529408,0.0,0.0,0.0,0.0,1.0,0.06541176470588236,0.13458823529411765
MUSE-Books,target_context_memory,system_exact,290,0.07586206896551724,0.2652349906900709,0.015575134945600375,0.0,0.0,0.0,0.0,1.0,0.04533480447214051,0.10638933345889398
MUSE-Books,target_context_memory,system_token_f1,290,0.24725868099589948,0.2394201825751984,0.014059237216805838,0.1999999999999999,0.09999999999999992,0.2857142857142857,0.0,1.0,0.21970257605096005,0.2748147859408389
MUSE-Books,target_context_memory,system_semantic,290,0.46222221725459756,0.22986091071328466,0.013497897444690467,0.4082483053207397,0.3779644668102264,0.5547001957893372,0.0,1.0,0.43576633826300426,0.48867809624619085
MUSE-Books,target_context_memory,system_positive,290,0.09310344827586207,0.29107964460545704,0.017092785280147835,0.0,0.0,0.0,0.0,1.0,0.05960158912677232,0.12660530742495182
MUSE-Books,target_context_memory,target_content_precision,290,0.5491054770194889,0.41863577665303986,0.024583139266290643,0.6666666666666666,0.04724880382775115,1.0,0.0,1.0,0.5009225240575592,0.5972884299814185
MUSE-Books,target_context_memory,target_content_recall,290,0.7551724137931034,0.416432539718046,0.02445376073862964,1.0,0.5,1.0,0.0,1.0,0.7072430427453893,0.8031017848408175
MUSE-Books,target_context_memory,target_content_f1,290,0.5945546259189208,0.4178181523791075,0.024535126715728734,0.8,0.0902173913043478,1.0,0.0,1.0,0.5464657775560925,0.6426434742817492
MUSE-Books,target_context_memory,system_content_precision,290,0.5795758965820937,0.40126124761834053,0.02356287179091857,0.6666666666666666,0.11274509803921567,1.0,0.0,1.0,0.5333926678718933,0.6257591252922942
MUSE-Books,target_context_memory,system_content_recall,290,0.8206896551724138,0.36818014090332196,0.021620282316220315,1.0,1.0,1.0,0.0,1.0,0.778313901832622,0.8630654085122056
MUSE-Books,target_context_memory,system_content_f1,290,0.6329920834065396,0.3953230314044701,0.023214167728055093,0.8,0.20263157894736833,1.0,0.0,1.0,0.5874923146595515,0.6784918521535276
MUSE-Books,target_context_memory,target_positive_content,290,0.3931034482758621,0.4892838029001734,0.028731734214402872,0.0,0.0,1.0,0.0,1.0,0.33678924921563247,0.4494176473360917
MUSE-Books,target_context_memory,system_positive_content,290,0.4068965517241379,0.4921044664199068,0.028897369279526366,0.0,0.0,1.0,0.0,1.0,0.3502577079362662,0.4635353955120096
MUSE-Books,target_memory,chain_length,150,4.0,0.0,0.0,4.0,4.0,4.0,4.0,4.0,4.0,4.0
MUSE-Books,target_memory,target_agent_position,150,2.0,0.0,0.0,2.0,2.0,2.0,2.0,2.0,2.0,2.0
MUSE-Books,target_memory,peer_evidence,150,1.0,0.0,0.0,1.0,1.0,1.0,1.0,1.0,1.0,1.0
MUSE-Books,target_memory,target_exact,150,0.006666666666666667,0.08164965809277258,0.006666666666666665,0.0,0.0,0.0,0.0,1.0,-0.006399999999999997,0.019733333333333332
MUSE-Books,target_memory,target_token_f1,150,0.21160882222643074,0.13561987726786287,0.011073316609504787,0.1999999999999999,0.08847320525783615,0.2857142857142857,0.0,1.0,0.18990512167180135,0.23331252278106013
MUSE-Books,target_memory,target_semantic,150,0.4378489541510741,0.20265651714079602,0.016546835334818107,0.4472135901451111,0.395767018198967,0.5547001957893372,0.0,1.0,0.4054171568948306,0.4702807514073176
MUSE-Books,target_memory,target_positive,150,0.006666666666666667,0.08164965809277258,0.006666666666666665,0.0,0.0,0.0,0.0,1.0,-0.006399999999999997,0.019733333333333332
MUSE-Books,target_memory,system_exact,150,0.02666666666666667,0.16164700403963203,0.013198422611556987,0.0,0.0,0.0,0.0,1.0,0.0007977583480149736,0.05253557498531836
MUSE-Books,target_memory,system_token_f1,150,0.23369477449714898,0.17717926880775367,0.014466626719280538,0.1999999999999999,0.11696428571428572,0.2857142857142857,0.0,1.0,0.20534018612735913,0.26204936286693886
MUSE-Books,target_memory,system_semantic,150,0.45216215079029404,0.21091153640831267,0.01722085483556009,0.4472135901451111,0.4082483053207397,0.5547001957893372,0.0,1.0,0.41840927531259625,0.4859150262679918
MUSE-Books,target_memory,system_positive,150,0.04,0.19661566092456975,0.01605360149017563,0.0,0.0,0.0,0.0,1.0,0.008534941079255766,0.07146505892074423
MUSE-Books,target_memory,target_content_precision,150,0.6370765489539734,0.4037072412451454,0.03296255821724259,0.6666666666666666,0.11948529411764705,1.0,0.0,1.0,0.5724699348481779,0.7016831630597689
MUSE-Books,target_memory,target_content_recall,150,0.9066666666666666,0.2918735284323547,0.023831373802832904,1.0,1.0,1.0,0.0,1.0,0.8599571740131141,0.9533761593202191
MUSE-Books,target_memory,target_content_f1,150,0.6834407866779915,0.3913121290106312,0.03195050154127296,0.8,0.21345029239766075,1.0,0.0,1.0,0.6208178036570965,0.7460637696988864
MUSE-Books,target_memory,system_content_precision,150,0.647466638331516,0.3886891884558154,0.03173633934177458,0.6666666666666666,0.1818181818181818,1.0,0.0,1.0,0.5852634132216378,0.7096698634413942
MUSE-Books,target_memory,system_content_recall,150,0.9133333333333333,0.2822885064873429,0.023048760038210967,1.0,1.0,1.0,0.0,1.0,0.8681577636584399,0.9585089030082268
MUSE-Books,target_memory,system_content_f1,150,0.6990570634404798,0.37570972521103035,0.030676570605610177,0.8,0.3076923076923077,1.0,0.0,1.0,0.6389309850534839,0.7591831418274757
MUSE-Books,target_memory,target_positive_content,150,0.4533333333333333,0.4994851935873328,0.04078279527880806,0.0,0.0,1.0,0.0,1.0,0.3733990545868695,0.5332676120797971
MUSE-Books,target_memory,system_positive_content,150,0.46,0.5000671095902627,0.040830308521485996,0.0,0.0,1.0,0.0,1.0,0.37997259529788746,0.5400274047021125
MUSE-Books,target_memory_comm,chain_length,150,4.0,0.0,0.0,4.0,4.0,4.0,4.0,4.0,4.0,4.0
MUSE-Books,target_memory_comm,target_agent_position,150,2.0,0.0,0.0,2.0,2.0,2.0,2.0,2.0,2.0,2.0
MUSE-Books,target_memory_comm,peer_evidence,150,1.0,0.0,0.0,1.0,1.0,1.0,1.0,1.0,1.0,1.0
MUSE-Books,target_memory_comm,target_exact,150,0.0,0.0,0.0,0.0,0.0,0.0,0.0,0.0,0.0,0.0
MUSE-Books,target_memory_comm,target_token_f1,150,0.1922981307790358,0.11003934133663339,0.008984674596890015,0.1999999999999999,0.08605200945626475,0.2857142857142857,0.0,0.3636363636363636,0.17468816856913136,0.20990809298894023
MUSE-Books,target_memory_comm,target_semantic,150,0.42809769863883657,0.19074829360939405,0.015574532954986826,0.5006927847862244,0.40684052556753153,0.5547001957893372,0.0,0.6666666865348816,0.39757161404706237,0.45862378323061076
MUSE-Books,target_memory_comm,target_positive,150,0.0,0.0,0.0,0.0,0.0,0.0,0.0,0.0,0.0,0.0
MUSE-Books,target_memory_comm,system_exact,150,0.02,0.14046901303903672,0.011469246887266565,0.0,0.0,0.0,0.0,1.0,-0.002479723899042465,0.04247972389904246
MUSE-Books,target_memory_comm,system_token_f1,150,0.22324251923286123,0.16341225954276775,0.013342555119834404,0.1999999999999999,0.11696428571428572,0.2857142857142857,0.0,1.0,0.1970911111979858,0.24939392726773665
MUSE-Books,target_memory_comm,system_semantic,150,0.44807926600178083,0.20423592619106196,0.01667579354376095,0.5009568929672241,0.4082483053207397,0.5547001957893372,0.0,1.0,0.41539471065600936,0.4807638213475523
MUSE-Books,target_memory_comm,system_positive,150,0.03333333333333333,0.18010685369303292,0.014705663024201157,0.0,0.0,0.0,0.0,1.0,0.004510233805899065,0.0621564328607676
MUSE-Books,target_memory_comm,target_content_precision,150,0.6354490426221919,0.4054354296740142,0.03310366421157961,0.6666666666666666,0.10441176470588236,1.0,0.0,1.0,0.5705658607674959,0.7003322244768879
MUSE-Books,target_memory_comm,target_content_recall,150,0.9066666666666666,0.2918735284323547,0.023831373802832904,1.0,1.0,1.0,0.0,1.0,0.8599571740131141,0.9533761593202191
MUSE-Books,target_memory_comm,target_content_f1,150,0.6811906262368573,0.39336005012463154,0.03211771360003206,0.8,0.18899521531100474,1.0,0.0,1.0,0.6182399075807945,0.7441413448929202
MUSE-Books,target_memory_comm,system_content_precision,150,0.6445329754799557,0.38717057956798717,0.031612345445306764,0.6666666666666666,0.1818181818181818,1.0,0.0,1.0,0.5825727784071545,0.7064931725527569
MUSE-Books,target_memory_comm,system_content_recall,150,0.9133333333333333,0.2822885064873429,0.023048760038210967,1.0,1.0,1.0,0.0,1.0,0.8681577636584399,0.9585089030082268
MUSE-Books,target_memory_comm,system_content_f1,150,0.6975615863966158,0.3737200855000945,0.030514117203484462,0.8,0.3076923076923077,1.0,0.0,1.0,0.6377539166777862,0.7573692561154454
MUSE-Books,target_memory_comm,target_positive_content,150,0.44666666666666666,0.4988129084871181,0.04072790343023466,0.0,0.0,1.0,0.0,1.0,0.3668399759434067,0.5264933573899266
MUSE-Books,target_memory_comm,system_positive_content,150,0.46,0.5000671095902627,0.040830308521485996,0.0,0.0,1.0,0.0,1.0,0.37997259529788746,0.5400274047021125
MUSE-News,communication,chain_length,150,4.0,0.0,0.0,4.0,4.0,4.0,4.0,4.0,4.0,4.0
MUSE-News,communication,target_agent_position,150,2.0,0.0,0.0,2.0,2.0,2.0,2.0,2.0,2.0,2.0
MUSE-News,communication,peer_evidence,150,1.0,0.0,0.0,1.0,1.0,1.0,1.0,1.0,1.0,1.0
MUSE-News,communication,target_exact,150,0.02,0.14046901303903672,0.011469246887266565,0.0,0.0,0.0,0.0,1.0,-0.002479723899042465,0.04247972389904246
MUSE-News,communication,target_token_f1,150,0.2335275004601894,0.17213392134441238,0.014054675823939483,0.267379679144385,0.0909090909090909,0.3529411764705882,0.0249999999999999,1.0,0.20598033584526804,0.2610746650751108
MUSE-News,communication,target_semantic,150,0.331593759059906,0.1509245276858843,0.012322936083365646,0.41262248158454895,0.1961161345243454,0.4330126941204071,0.1386750489473343,1.0,0.30744080433650933,0.3557467137833027
MUSE-News,communication,target_positive,150,0.02,0.14046901303903672,0.011469246887266565,0.0,0.0,0.0,0.0,1.0,-0.002479723899042465,0.04247972389904246
MUSE-News,communication,system_exact,150,0.05333333333333334,0.22545008425851168,0.018407922296694253,0.0,0.0,0.0,0.0,1.0,0.0172538056318126,0.08941286103485407
MUSE-News,communication,system_token_f1,150,0.2638026699522943,0.21847068535359565,0.01783805676241479,0.3529411764705882,0.0909090909090909,0.3529411764705882,0.0249999999999999,1.0,0.2288400786979613,0.2987652612066273
MUSE-News,communication,system_semantic,150,0.3589854739109675,0.19032412470465307,0.01553989970894114,0.4330126941204071,0.1961161345243454,0.4330126941204071,0.1386750489473343,1.0,0.32852727048144287,0.3894436773404922
MUSE-News,communication,system_positive,150,0.05333333333333334,0.22545008425851168,0.018407922296694253,0.0,0.0,0.0,0.0,1.0,0.0172538056318126,0.08941286103485407
MUSE-News,communication,target_content_precision,150,0.626248390790496,0.3799026846103582,0.03101892430696217,0.6666666666666666,0.25,1.0,0.0357142857142857,1.0,0.5654512991488502,0.6870454824321418
MUSE-News,communication,target_content_recall,150,1.0,0.0,0.0,1.0,1.0,1.0,1.0,1.0,1.0,1.0
MUSE-News,communication,target_content_f1,150,0.6975133469340365,0.3151431205948736,0.025731328046860832,0.75,0.4,1.0,0.0689655172413793,1.0,0.6470799439621893,0.7479467499058838
MUSE-News,communication,system_content_precision,150,0.6516602681851321,0.3785724127451226,0.03091030806399525,1.0,0.25,1.0,0.0357142857142857,1.0,0.5910760643797014,0.7122444719905628
MUSE-News,communication,system_content_recall,150,1.0,0.0,0.0,1.0,1.0,1.0,1.0,1.0,1.0,1.0
MUSE-News,communication,system_content_f1,150,0.71809668026737,0.31376389372264113,0.02561871464431069,1.0,0.4,1.0,0.0689655172413793,1.0,0.667883999564521,0.7683093609702188
MUSE-News,communication,target_positive_content,150,0.02,0.14046901303903672,0.011469246887266565,0.0,0.0,0.0,0.0,1.0,-0.002479723899042465,0.04247972389904246
MUSE-News,communication,system_positive_content,150,0.05333333333333334,0.22545008425851168,0.018407922296694253,0.0,0.0,0.0,0.0,1.0,0.0172538056318126,0.08941286103485407
MUSE-News,full_inference,chain_length,1060,3.990566037735849,0.5232152183014975,0.016070427682790985,4.0,4.0,4.0,1.0,8.0,3.9590679994775786,4.022064075994119
MUSE-News,full_inference,target_agent_position,1060,2.018867924528302,0.2372780838071195,0.007287938410721527,2.0,2.0,2.0,1.0,4.0,2.004583565243288,2.0331522838133163
MUSE-News,full_inference,peer_evidence,1060,0.9363207547169812,0.21745513021678278,0.006679081231133033,1.0,1.0,1.0,0.0,1.0,0.9232297555039605,0.9494117539300019
MUSE-News,full_inference,target_exact,1060,0.005660377358490566,0.07505765952203945,0.0023053776862687076,0.0,0.0,0.0,0.0,1.0,0.001141837093403899,0.010178917623577232
MUSE-News,full_inference,target_token_f1,1060,0.09845839991868666,0.11044012225474308,0.0033921413901816626,0.0869565217391304,0.032130056323604675,0.1176470588235294,0.0,1.0,0.0918098027939306,0.10510699704344272
MUSE-News,full_inference,target_semantic,1060,0.1707482818022089,0.1299209191349802,0.003990489309959849,0.1856953352689743,0.1443375647068023,0.2041241526603698,0.0,1.0,0.16292692275468762,0.1785696408497302
MUSE-News,full_inference,target_positive,1060,0.005660377358490566,0.07505765952203945,0.0023053776862687076,0.0,0.0,0.0,0.0,1.0,0.001141837093403899,0.010178917623577232
MUSE-News,full_inference,system_exact,1060,0.008490566037735849,0.09179556516728817,0.0028194783714638933,0.0,0.0,0.0,0.0,1.0,0.0029643884296666183,0.01401674364580508
MUSE-News,full_inference,system_token_f1,1060,0.16852986825130586,0.15570222726484054,0.004782355894448082,0.0952380952380952,0.0769230769230769,0.3529411764705882,0.0,1.0,0.15915645069818762,0.1779032858044241
MUSE-News,full_inference,system_semantic,1060,0.25519543798324074,0.16271175405045366,0.004997651798234028,0.2041241526603698,0.1856953352689743,0.4330126941204071,0.0,1.0,0.24540004045870203,0.2649908355077794
MUSE-News,full_inference,system_positive,1060,0.008490566037735849,0.09179556516728817,0.0028194783714638933,0.0,0.0,0.0,0.0,1.0,0.0029643884296666183,0.01401674364580508
MUSE-News,full_inference,target_content_precision,1060,0.27155224018470137,0.2669848361897694,0.008200374057004387,0.25,0.04,0.3333333333333333,0.0,1.0,0.2554795070329728,0.28762497333642995
MUSE-News,full_inference,target_content_recall,1060,0.6433962264150943,0.4256533502193403,0.01307383872518762,1.0,0.3333333333333333,1.0,0.0,1.0,0.6177715025137266,0.669020950316462
MUSE-News,full_inference,target_content_f1,1060,0.33929419150633455,0.27489334963428236,0.008443282116523385,0.3333333333333333,0.0769230769230769,0.5,0.0,1.0,0.3227453585579487,0.3558430244547204
MUSE-News,full_inference,system_content_precision,1060,0.4655321424628027,0.39303536192159694,0.012071985178575084,0.3333333333333333,0.2,1.0,0.0,1.0,0.44187105151279554,0.4891932334128099
MUSE-News,full_inference,system_content_recall,1060,0.8283018867924529,0.3637028598772223,0.011171044540056022,1.0,1.0,1.0,0.0,1.0,0.8064066394939431,0.8501971340909626
MUSE-News,full_inference,system_content_f1,1060,0.5319733653703398,0.36668091706643724,0.011262514839505371,0.4,0.3333333333333333,1.0,0.0,1.0,0.5098988362849093,0.5540478944557703
MUSE-News,full_inference,target_positive_content,1060,0.005660377358490566,0.07505765952203945,0.0023053776862687076,0.0,0.0,0.0,0.0,1.0,0.001141837093403899,0.010178917623577232
MUSE-News,full_inference,system_positive_content,1060,0.008490566037735849,0.09179556516728817,0.0028194783714638933,0.0,0.0,0.0,0.0,1.0,0.0029643884296666183,0.01401674364580508
MUSE-News,global_context,chain_length,150,4.0,0.0,0.0,4.0,4.0,4.0,4.0,4.0,4.0,4.0
MUSE-News,global_context,target_agent_position,150,2.0,0.0,0.0,2.0,2.0,2.0,2.0,2.0,2.0,2.0
MUSE-News,global_context,peer_evidence,150,1.0,0.0,0.0,1.0,1.0,1.0,1.0,1.0,1.0,1.0
MUSE-News,global_context,target_exact,150,0.02666666666666667,0.16164700403963203,0.013198422611556987,0.0,0.0,0.0,0.0,1.0,0.0007977583480149736,0.05253557498531836
MUSE-News,global_context,target_token_f1,150,0.0653508140899088,0.1610959890732823,0.01315343242795053,0.0136986301369863,0.0,0.0909090909090909,0.0,1.0,0.03957008653112576,0.09113154164869183
MUSE-News,global_context,target_semantic,150,0.12191821292042732,0.17776612493410196,0.014514543321346524,0.0601929277181625,0.0,0.1961161345243454,0.0,1.0,0.09346970801058813,0.1503667178302665
MUSE-News,global_context,target_positive,150,0.02666666666666667,0.16164700403963203,0.013198422611556987,0.0,0.0,0.0,0.0,1.0,0.0007977583480149736,0.05253557498531836
MUSE-News,global_context,system_exact,150,0.06,0.23828244477915886,0.01945568014572829,0.0,0.0,0.0,0.0,1.0,0.02186686691437255,0.09813313308562745
MUSE-News,global_context,system_token_f1,150,0.09497786137212848,0.2331051058664038,0.019032952193671432,0.0136986301369863,0.0,0.0909090909090909,0.0,1.0,0.05767327507253247,0.13228244767172448
MUSE-News,global_context,system_semantic,150,0.1489847702284654,0.2380066446336627,0.01943316115814659,0.0601929277181625,0.0,0.1961161345243454,0.0,1.0,0.1108957743584981,0.1870737660984327
MUSE-News,global_context,system_positive,150,0.06,0.23828244477915886,0.01945568014572829,0.0,0.0,0.0,0.0,1.0,0.02186686691437255,0.09813313308562745
MUSE-News,global_context,target_content_precision,150,0.1482533672890008,0.20273211317522294,0.016553007725182232,0.0172413793103448,0.0,0.3333333333333333,0.0,1.0,0.11580947214764362,0.18069726243035797
MUSE-News,global_context,target_content_recall,150,0.5,0.5016750465679883,0.04096159602595202,0.5,0.0,1.0,0.0,1.0,0.41971527178913404,0.580284728210866
MUSE-News,global_context,target_content_f1,150,0.21460128172481116,0.2561037787165888,0.020910785968476567,0.0333333333333333,0.0,0.5,0.0,1.0,0.17361614122659708,0.25558642222302524
MUSE-News,global_context,system_content_precision,150,0.169470298505932,0.2536784286058343,0.020712756961178195,0.0172413793103448,0.0,0.3333333333333333,0.0,1.0,0.12887329486202276,0.21006730214984126
MUSE-News,global_context,system_content_recall,150,0.5,0.5016750465679883,0.04096159602595202,0.5,0.0,1.0,0.0,1.0,0.41971527178913404,0.580284728210866
MUSE-News,global_context,system_content_f1,150,0.2292679483914778,0.28939293776059916,0.023628834422615944,0.0333333333333333,0.0,0.5,0.0,1.0,0.18295543292315053,0.27558046385980506
MUSE-News,global_context,target_positive_content,150,0.02666666666666667,0.16164700403963203,0.013198422611556987,0.0,0.0,0.0,0.0,1.0,0.0007977583480149736,0.05253557498531836
MUSE-News,global_context,system_positive_content,150,0.06,0.23828244477915886,0.01945568014572829,0.0,0.0,0.0,0.0,1.0,0.02186686691437255,0.09813313308562745
MUSE-News,none,chain_length,290,4.0,0.0,0.0,4.0,4.0,4.0,4.0,4.0,4.0,4.0
MUSE-News,none,target_agent_position,290,2.0,0.0,0.0,2.0,2.0,2.0,2.0,2.0,2.0,2.0
MUSE-News,none,peer_evidence,290,1.0,0.0,0.0,1.0,1.0,1.0,1.0,1.0,1.0,1.0
MUSE-News,none,target_exact,290,0.017241379310344827,0.13039457159939286,0.007657032895812118,0.0,0.0,0.0,0.0,1.0,0.002233594834553076,0.03224916378613658
MUSE-News,none,target_token_f1,290,0.20595394209812828,0.16865744217331766,0.0099039060215804,0.0952380952380952,0.0909090909090909,0.3529411764705882,0.0,1.0,0.1865422862958307,0.22536559790042587
MUSE-News,none,target_semantic,290,0.2949085381010483,0.1633682762256226,0.009593315502694882,0.2041241526603698,0.193366602063179,0.4330126941204071,0.0,1.0,0.2761056397157663,0.31371143648633026
MUSE-News,none,target_positive,290,0.017241379310344827,0.13039457159939286,0.007657032895812118,0.0,0.0,0.0,0.0,1.0,0.002233594834553076,0.03224916378613658
MUSE-News,none,system_exact,290,0.034482758620689655,0.18278101948996045,0.010733271038801586,0.0,0.0,0.0,0.0,1.0,0.013445547384638545,0.055519969856740764
MUSE-News,none,system_token_f1,290,0.2220326612007031,0.1969006471015465,0.01156240412135573,0.11542730299667034,0.0909090909090909,0.3529411764705882,0.0,1.0,0.19937034912284587,0.24469497327856035
MUSE-News,none,system_semantic,290,0.3094988357918016,0.1863551395740519,0.010943150596836796,0.23804265260696406,0.1961161345243454,0.4330126941204071,0.0,1.0,0.28805026062200145,0.33094741096160174
MUSE-News,none,system_positive,290,0.034482758620689655,0.18278101948996045,0.010733271038801586,0.0,0.0,0.0,0.0,1.0,0.013445547384638545,0.055519969856740764
MUSE-News,none,target_content_precision,290,0.5437763033498061,0.38296169140199837,0.02248828484908036,0.3333333333333333,0.25,1.0,0.0,1.0,0.4996992650456086,0.5878533416540036
MUSE-News,none,target_content_recall,290,0.9137931034482759,0.25983421819344577,0.015257990664498657,1.0,1.0,1.0,0.0,1.0,0.8838874417458585,0.9436987651506933
MUSE-News,none,target_content_f1,290,0.6181100946019005,0.3359389776495187,0.01972701601988954,0.5,0.4,1.0,0.0,1.0,0.579445143202917,0.656775046000884
MUSE-News,none,system_content_precision,290,0.5587188320854383,0.38391871846312986,0.022544483413172275,0.3333333333333333,0.25,1.0,0.0,1.0,0.5145316445956206,0.6029060195752559
MUSE-News,none,system_content_recall,290,0.9137931034482759,0.25983421819344577,0.015257990664498657,1.0,1.0,1.0,0.0,1.0,0.8838874417458585,0.9436987651506933
MUSE-News,none,system_content_f1,290,0.6305074673441007,0.33653675735024546,0.019762118852597762,0.5,0.4,1.0,0.0,1.0,0.5917737143930091,0.6692412202951923
MUSE-News,none,target_positive_content,290,0.017241379310344827,0.13039457159939286,0.007657032895812118,0.0,0.0,0.0,0.0,1.0,0.002233594834553076,0.03224916378613658
MUSE-News,none,system_positive_content,290,0.034482758620689655,0.18278101948996045,0.010733271038801586,0.0,0.0,0.0,0.0,1.0,0.013445547384638545,0.055519969856740764
MUSE-News,parameter_only,chain_length,200,4.0,0.0,0.0,4.0,4.0,4.0,4.0,4.0,4.0,4.0
MUSE-News,parameter_only,target_agent_position,200,2.0,0.0,0.0,2.0,2.0,2.0,2.0,2.0,2.0,2.0
MUSE-News,parameter_only,peer_evidence,200,1.0,0.0,0.0,1.0,1.0,1.0,1.0,1.0,1.0,1.0
MUSE-News,parameter_only,target_exact,200,0.06,0.23808279460185094,0.016834995854681276,0.0,0.0,0.0,0.0,1.0,0.0270034081248247,0.0929965918751753
MUSE-News,parameter_only,target_token_f1,200,0.26486380527743847,0.22787247129392815,0.016113016969767347,0.3529411764705882,0.0952380952380952,0.3529411764705882,0.0249999999999999,1.0,0.23328229201669448,0.29644531853818246
MUSE-News,parameter_only,target_semantic,200,0.3633679658547044,0.19628848153011003,0.013879691635875118,0.4330126941204071,0.1961161345243454,0.4330126941204071,0.122169442474842,1.0,0.33616377024838917,0.3905721614610196
MUSE-News,parameter_only,target_positive,200,0.06,0.23808279460185094,0.016834995854681276,0.0,0.0,0.0,0.0,1.0,0.0270034081248247,0.0929965918751753
MUSE-News,parameter_only,system_exact,200,0.1,0.3007528242702513,0.021266436150250076,0.0,0.0,0.0,0.0,1.0,0.05831778514550986,0.14168221485449015
MUSE-News,parameter_only,system_token_f1,200,0.3024682237247496,0.26559875834583085,0.018780668310106413,0.3529411764705882,0.0952380952380952,0.3529411764705882,0.0249999999999999,1.0,0.265658113836941,0.33927833361255816
MUSE-News,parameter_only,system_semantic,200,0.39819048292934894,0.22758363774465407,0.01609259335363476,0.4330126941204071,0.2041241526603698,0.4330126941204071,0.1386750489473343,1.0,0.3666489999562248,0.4297319659024731
MUSE-News,parameter_only,system_positive,200,0.1,0.3007528242702513,0.021266436150250076,0.0,0.0,0.0,0.0,1.0,0.05831778514550986,0.14168221485449015
MUSE-News,parameter_only,target_content_precision,200,0.6405980098605099,0.384944278681479,0.027219670983463794,1.0,0.25,1.0,0.0357142857142857,1.0,0.5872474547329208,0.6939485649880989
MUSE-News,parameter_only,target_content_recall,200,1.0,0.0,0.0,1.0,1.0,1.0,1.0,1.0,1.0,1.0
MUSE-News,parameter_only,target_content_f1,200,0.7056689957879967,0.3248474322326149,0.022970182218271944,1.0,0.4,1.0,0.0689655172413793,1.0,0.6606474386401837,0.7506905529358097
MUSE-News,parameter_only,system_content_precision,200,0.6732875712007291,0.3792778313773308,0.02681899265206385,1.0,0.25,1.0,0.0357142857142857,1.0,0.620722345602684,0.7258527967987742
MUSE-News,parameter_only,system_content_recall,200,1.0,0.0,0.0,1.0,1.0,1.0,1.0,1.0,1.0,1.0
MUSE-News,parameter_only,system_content_f1,200,0.7335004363049735,0.31812595496399204,0.0224949020026485,1.0,0.4,1.0,0.0689655172413793,1.0,0.6894104283797825,0.7775904442301645
MUSE-News,parameter_only,target_positive_content,200,0.06,0.23808279460185094,0.016834995854681276,0.0,0.0,0.0,0.0,1.0,0.0270034081248247,0.0929965918751753
MUSE-News,parameter_only,system_positive_content,200,0.1,0.3007528242702513,0.021266436150250076,0.0,0.0,0.0,0.0,1.0,0.05831778514550986,0.14168221485449015
MUSE-News,parameter_plus_comm,chain_length,200,4.0,0.0,0.0,4.0,4.0,4.0,4.0,4.0,4.0,4.0
MUSE-News,parameter_plus_comm,target_agent_position,200,2.0,0.0,0.0,2.0,2.0,2.0,2.0,2.0,2.0,2.0
MUSE-News,parameter_plus_comm,peer_evidence,200,1.0,0.0,0.0,1.0,1.0,1.0,1.0,1.0,1.0,1.0
MUSE-News,parameter_plus_comm,target_exact,200,0.06,0.23808279460185094,0.016834995854681276,0.0,0.0,0.0,0.0,1.0,0.0270034081248247,0.0929965918751753
MUSE-News,parameter_plus_comm,target_token_f1,200,0.2667676524415249,0.22724731919857338,0.016068812041177515,0.3529411764705882,0.0952380952380952,0.3529411764705882,0.0249999999999999,1.0,0.23527278084081696,0.2982625240422328
MUSE-News,parameter_plus_comm,target_semantic,200,0.36419793967157604,0.19624646185815597,0.013876720396376923,0.4330126941204071,0.1961161345243454,0.4330126941204071,0.122169442474842,1.0,0.33699956769467726,0.3913963116484748
MUSE-News,parameter_plus_comm,target_positive,200,0.06,0.23808279460185094,0.016834995854681276,0.0,0.0,0.0,0.0,1.0,0.0270034081248247,0.0929965918751753
MUSE-News,parameter_plus_comm,system_exact,200,0.1,0.3007528242702513,0.021266436150250076,0.0,0.0,0.0,0.0,1.0,0.05831778514550986,0.14168221485449015
MUSE-News,parameter_plus_comm,system_token_f1,200,0.30343390161857703,0.2654532812127351,0.018770381523374454,0.3529411764705882,0.0952380952380952,0.3529411764705882,0.0249999999999999,1.0,0.26664395383276307,0.340223849404391
MUSE-News,parameter_plus_comm,system_semantic,200,0.396816722676158,0.22822920490989604,0.016138241845660158,0.4330126941204071,0.2041241526603698,0.4330126941204071,0.1386750489473343,1.0,0.3651857686586641,0.42844767669365186
MUSE-News,parameter_plus_comm,system_positive,200,0.1,0.3007528242702513,0.021266436150250076,0.0,0.0,0.0,0.0,1.0,0.05831778514550986,0.14168221485449015
MUSE-News,parameter_plus_comm,target_content_precision,200,0.6460173863173864,0.3827970644077793,0.027067840006104432,1.0,0.25,1.0,0.0357142857142857,1.0,0.5929644199054217,0.699070352729351
MUSE-News,parameter_plus_comm,target_content_recall,200,1.0,0.0,0.0,1.0,1.0,1.0,1.0,1.0,1.0,1.0
MUSE-News,parameter_plus_comm,target_content_f1,200,0.7110308482705033,0.3218578062407683,0.022758783737067318,1.0,0.4,1.0,0.0689655172413793,1.0,0.6664236321458514,0.7556380643951552
MUSE-News,parameter_plus_comm,system_content_precision,200,0.6772872309612583,0.37850737450410216,0.026764513124096674,1.0,0.25,1.0,0.0357142857142857,1.0,0.6248287852380289,0.7297456766844878
MUSE-News,parameter_plus_comm,system_content_recall,200,1.0,0.0,0.0,1.0,1.0,1.0,1.0,1.0,1.0,1.0
MUSE-News,parameter_plus_comm,system_content_f1,200,0.7368057135021305,0.31752173317887256,0.022452177070488636,1.0,0.4,1.0,0.0689655172413793,1.0,0.6927994464439728,0.7808119805602882
MUSE-News,parameter_plus_comm,target_positive_content,200,0.06,0.23808279460185094,0.016834995854681276,0.0,0.0,0.0,0.0,1.0,0.0270034081248247,0.0929965918751753
MUSE-News,parameter_plus_comm,system_positive_content,200,0.1,0.3007528242702513,0.021266436150250076,0.0,0.0,0.0,0.0,1.0,0.05831778514550986,0.14168221485449015
MUSE-News,target_context,chain_length,150,4.0,0.0,0.0,4.0,4.0,4.0,4.0,4.0,4.0,4.0
MUSE-News,target_context,target_agent_position,150,2.0,0.0,0.0,2.0,2.0,2.0,2.0,2.0,2.0,2.0
MUSE-News,target_context,peer_evidence,150,1.0,0.0,0.0,1.0,1.0,1.0,1.0,1.0,1.0,1.0
MUSE-News,target_context,target_exact,150,0.03333333333333333,0.18010685369303292,0.014705663024201157,0.0,0.0,0.0,0.0,1.0,0.004510233805899065,0.0621564328607676
MUSE-News,target_context,target_token_f1,150,0.17336844051834835,0.2035144935056847,0.01661688881166295,0.0952380952380952,0.061375661375661326,0.3529411764705882,0.0,1.0,0.140799338447489,0.2059375425892077
MUSE-News,target_context,target_semantic,150,0.26207094634572664,0.21068274108452648,0.01720217377559972,0.1961161345243454,0.1856953352689743,0.4330126941204071,0.0,1.0,0.22835468574555118,0.2957872069459021
MUSE-News,target_context,target_positive,150,0.03333333333333333,0.18010685369303292,0.014705663024201157,0.0,0.0,0.0,0.0,1.0,0.004510233805899065,0.0621564328607676
MUSE-News,target_context,system_exact,150,0.06666666666666667,0.2502794858335033,0.02043523444594047,0.0,0.0,0.0,0.0,1.0,0.02661360715262335,0.10671972618070999
MUSE-News,target_context,system_token_f1,150,0.23906558113086002,0.24488096366447276,0.019994446956632873,0.0952380952380952,0.0909090909090909,0.3529411764705882,0.0,1.0,0.1998764650958596,0.27825469716586043
MUSE-News,target_context,system_semantic,150,0.329214197297891,0.2301466077218012,0.01879139183169653,0.269434243440628,0.193366602063179,0.4330126941204071,0.0,1.0,0.2923830693077658,0.36604532528801614
MUSE-News,target_context,system_positive,150,0.06666666666666667,0.2502794858335033,0.02043523444594047,0.0,0.0,0.0,0.0,1.0,0.02661360715262335,0.10671972618070999
MUSE-News,target_context,target_content_precision,150,0.42922073790407117,0.3981140962405183,0.032505879839951485,0.25,0.09318181818181817,1.0,0.0,1.0,0.36550921341776627,0.4929322623903761
MUSE-News,target_context,target_content_recall,150,0.8,0.40134003725439066,0.03276927682076162,1.0,1.0,1.0,0.0,1.0,0.7357722174313073,0.8642277825686928
MUSE-News,target_context,target_content_f1,150,0.4979802435424772,0.37752599590670655,0.030824868486916058,0.4,0.17045454545454541,1.0,0.0,1.0,0.4375635013081217,0.5583969857768327
MUSE-News,target_context,system_content_precision,150,0.5549518146466416,0.4080547020888392,0.033317526908701905,0.3333333333333333,0.25,1.0,0.0,1.0,0.48964946190558584,0.6202541673876973
MUSE-News,target_context,system_content_recall,150,0.9,0.301005027940793,0.024576957615571212,1.0,1.0,1.0,0.0,1.0,0.8518291630734804,0.9481708369265196
MUSE-News,target_context,system_content_f1,150,0.6189023442781049,0.3688953681968183,0.030120180685277675,0.5,0.4,1.0,0.0,1.0,0.5598667901349607,0.6779378984212491
MUSE-News,target_context,target_positive_content,150,0.03333333333333333,0.18010685369303292,0.014705663024201157,0.0,0.0,0.0,0.0,1.0,0.004510233805899065,0.0621564328607676
MUSE-News,target_context,system_positive_content,150,0.06666666666666667,0.2502794858335033,0.02043523444594047,0.0,0.0,0.0,0.0,1.0,0.02661360715262335,0.10671972618070999
MUSE-News,target_context_comm,chain_length,270,4.0,0.0,0.0,4.0,4.0,4.0,4.0,4.0,4.0,4.0
MUSE-News,target_context_comm,target_agent_position,270,2.0,0.0,0.0,2.0,2.0,2.0,2.0,2.0,2.0,2.0
MUSE-News,target_context_comm,peer_evidence,270,1.0,0.0,0.0,1.0,1.0,1.0,1.0,1.0,1.0,1.0
MUSE-News,target_context_comm,target_exact,270,0.018518518518518517,0.13506720628416966,0.008219928406782583,0.0,0.0,0.0,0.0,1.0,0.0024074588412246536,0.03462957819581238
MUSE-News,target_context_comm,target_token_f1,270,0.1499165914074088,0.15793515049918355,0.009611627172375126,0.0976190476190476,0.0869565217391304,0.1818181818181818,0.0,1.0,0.13107780214955356,0.16875538066526402
MUSE-News,target_context_comm,target_semantic,270,0.23283487450745372,0.16329363082873538,0.009937733900202153,0.1961161345243454,0.1443375647068023,0.2886751294136047,0.0,1.0,0.21335691606305748,0.2523128329518499
MUSE-News,target_context_comm,target_positive,270,0.018518518518518517,0.13506720628416966,0.008219928406782583,0.0,0.0,0.0,0.0,1.0,0.0024074588412246536,0.03462957819581238
MUSE-News,target_context_comm,system_exact,270,0.037037037037037035,0.1892032760394245,0.011514544693407723,0.0,0.0,0.0,0.0,1.0,0.014468529437957896,0.05960554463611617
MUSE-News,target_context_comm,system_token_f1,270,0.23485635132534669,0.20172666801580208,0.012276694058067857,0.1818181818181818,0.0869565217391304,0.3529411764705882,0.0,1.0,0.21079403097153368,0.25891867167915966
MUSE-News,target_context_comm,system_semantic,270,0.3318867058113769,0.18493113811135292,0.01125455065874348,0.2950932383537292,0.19900743663311,0.4330126941204071,0.0,1.0,0.3098277865202397,0.35394562510251415
MUSE-News,target_context_comm,system_positive,270,0.037037037037037035,0.1892032760394245,0.011514544693407723,0.0,0.0,0.0,0.0,1.0,0.014468529437957896,0.05960554463611617
MUSE-News,target_context_comm,target_content_precision,270,0.3808363395863396,0.33168667562789367,0.020185808251699598,0.3333333333333333,0.2,0.3333333333333333,0.0,1.0,0.34127215541300837,0.42040052375967085
MUSE-News,target_context_comm,target_content_recall,270,0.7481481481481481,0.37577768275860196,0.02286910149487849,1.0,0.3333333333333333,1.0,0.0,1.0,0.7033247092181862,0.79297158707811
MUSE-News,target_context_comm,target_content_f1,270,0.4451067539047036,0.31351209428251536,0.019079738454357786,0.4,0.3333333333333333,0.5,0.0,1.0,0.4077104665341624,0.48250304127524485
MUSE-News,target_context_comm,system_content_precision,270,0.5939397956411673,0.403750040044714,0.024571444947344888,0.5,0.25,1.0,0.0,1.0,0.5457797635443713,0.6420998277379633
MUSE-News,target_context_comm,system_content_recall,270,0.9444444444444444,0.22948679341504752,0.013966121489216617,1.0,1.0,1.0,0.0,1.0,0.9170708463255799,0.971818042563309
MUSE-News,target_context_comm,system_content_f1,270,0.655685504388884,0.3589510248490622,0.02184506370549209,0.6666666666666666,0.4,1.0,0.0,1.0,0.6128691795261194,0.6985018292516485
MUSE-News,target_context_comm,target_positive_content,270,0.018518518518518517,0.13506720628416966,0.008219928406782583,0.0,0.0,0.0,0.0,1.0,0.0024074588412246536,0.03462957819581238
MUSE-News,target_context_comm,system_positive_content,270,0.037037037037037035,0.1892032760394245,0.011514544693407723,0.0,0.0,0.0,0.0,1.0,0.014468529437957896,0.05960554463611617
MUSE-News,target_context_memory,chain_length,1060,3.990566037735849,0.5232152183014975,0.016070427682790985,4.0,4.0,4.0,1.0,8.0,3.9590679994775786,4.022064075994119
MUSE-News,target_context_memory,target_agent_position,1060,2.018867924528302,0.2372780838071195,0.007287938410721527,2.0,2.0,2.0,1.0,4.0,2.004583565243288,2.0331522838133163
MUSE-News,target_context_memory,peer_evidence,1060,0.9363207547169812,0.21745513021678278,0.006679081231133033,1.0,1.0,1.0,0.0,1.0,0.9232297555039605,0.9494117539300019
MUSE-News,target_context_memory,target_exact,1060,0.006603773584905661,0.08103307002154013,0.002488910960814787,0.0,0.0,0.0,0.0,1.0,0.0017255081017086777,0.011482039068102644
MUSE-News,target_context_memory,target_token_f1,1060,0.14247664058494167,0.14928221604251127,0.00458516681725328,0.0869565217391304,0.0337570621468926,0.3529411764705882,0.0,1.0,0.13348971362312523,0.1514635675467581
MUSE-News,target_context_memory,target_semantic,1060,0.22287222582776592,0.16484127771274582,0.0050630595975804495,0.2041241526603698,0.1443375647068023,0.4330126941204071,0.0,1.0,0.21294862901650824,0.2327958226390236
MUSE-News,target_context_memory,target_positive,1060,0.006603773584905661,0.08103307002154013,0.002488910960814787,0.0,0.0,0.0,0.0,1.0,0.0017255081017086777,0.011482039068102644
MUSE-News,target_context_memory,system_exact,1060,0.008490566037735849,0.09179556516728817,0.0028194783714638933,0.0,0.0,0.0,0.0,1.0,0.0029643884296666183,0.01401674364580508
MUSE-News,target_context_memory,system_token_f1,1060,0.1714463726904083,0.15690351602125835,0.004819253185296832,0.0952380952380952,0.0769230769230769,0.3529411764705882,0.0,1.0,0.1620006364472265,0.1808921089335901
MUSE-News,target_context_memory,system_semantic,1060,0.2593006016018818,0.1631406752431387,0.005010826007942678,0.2041241526603698,0.1856953352689743,0.4330126941204071,0.0,1.0,0.24947938262631414,0.26912182057744943
MUSE-News,target_context_memory,system_positive,1060,0.008490566037735849,0.09179556516728817,0.0028194783714638933,0.0,0.0,0.0,0.0,1.0,0.0029643884296666183,0.01401674364580508
MUSE-News,target_context_memory,target_content_precision,1060,0.3930847008315773,0.3834012157740553,0.011776074731910112,0.25,0.0476190476190476,1.0,0.0,1.0,0.3700035943570335,0.4161658073061211
MUSE-News,target_context_memory,target_content_recall,1060,0.7632075471698113,0.41784828977755134,0.01283410819938838,1.0,1.0,1.0,0.0,1.0,0.7380526950990101,0.7883623992406126
MUSE-News,target_context_memory,target_content_f1,1060,0.4613722448358733,0.3687730163449661,0.011326773158041977,0.4,0.0909090909090909,1.0,0.0,1.0,0.439171769446111,0.4835727202256356
MUSE-News,target_context_memory,system_content_precision,1060,0.4722918636143416,0.39718738626588124,0.012199513592558562,0.3333333333333333,0.2,1.0,0.0,1.0,0.4483808169729268,0.4962029102557564
MUSE-News,target_context_memory,system_content_recall,1060,0.839622641509434,0.3584527425479784,0.01100978846814803,1.0,1.0,1.0,0.0,1.0,0.8180434561118639,0.8612018269070041
MUSE-News,target_context_memory,system_content_f1,1060,0.5398012462331788,0.36972744642291633,0.011356088244854191,0.4,0.3333333333333333,1.0,0.0,1.0,0.5175433132732646,0.562059179193093
MUSE-News,target_context_memory,target_positive_content,1060,0.006603773584905661,0.08103307002154013,0.002488910960814787,0.0,0.0,0.0,0.0,1.0,0.0017255081017086777,0.011482039068102644
MUSE-News,target_context_memory,system_positive_content,1060,0.008490566037735849,0.09179556516728817,0.0028194783714638933,0.0,0.0,0.0,0.0,1.0,0.0029643884296666183,0.01401674364580508
MUSE-News,target_memory,chain_length,150,4.0,0.0,0.0,4.0,4.0,4.0,4.0,4.0,4.0,4.0
MUSE-News,target_memory,target_agent_position,150,2.0,0.0,0.0,2.0,2.0,2.0,2.0,2.0,2.0,2.0
MUSE-News,target_memory,peer_evidence,150,1.0,0.0,0.0,1.0,1.0,1.0,1.0,1.0,1.0,1.0
MUSE-News,target_memory,target_exact,150,0.02666666666666667,0.16164700403963203,0.013198422611556987,0.0,0.0,0.0,0.0,1.0,0.0007977583480149736,0.05253557498531836
MUSE-News,target_memory,target_token_f1,150,0.23927460961439492,0.18179982265739175,0.014843893361302731,0.2608695652173913,0.0909090909090909,0.3529411764705882,0.0249999999999999,1.0,0.21018057862624157,0.2683686406025483
MUSE-News,target_memory,target_semantic,150,0.33838883906602857,0.1576796793672802,0.01287449190851644,0.3797672539949417,0.1961161345243454,0.4330126941204071,0.1543033570051193,1.0,0.31315483492533636,0.3636228432067208
MUSE-News,target_memory,target_positive,150,0.02666666666666667,0.16164700403963203,0.013198422611556987,0.0,0.0,0.0,0.0,1.0,0.0007977583480149736,0.05253557498531836
MUSE-News,target_memory,system_exact,150,0.06666666666666667,0.2502794858335033,0.02043523444594047,0.0,0.0,0.0,0.0,1.0,0.02661360715262335,0.10671972618070999
MUSE-News,target_memory,system_token_f1,150,0.27727432207842817,0.23242917917040795,0.018977763010047593,0.3529411764705882,0.0909090909090909,0.3529411764705882,0.0285714285714285,1.0,0.2400779065787349,0.31447073757812144
MUSE-News,target_memory,system_semantic,150,0.36739688048760094,0.20363318043417317,0.01662657955879411,0.4330126941204071,0.1961161345243454,0.4330126941204071,0.1543033570051193,1.0,0.3348087845523645,0.39998497642283737
MUSE-News,target_memory,system_positive,150,0.06666666666666667,0.2502794858335033,0.02043523444594047,0.0,0.0,0.0,0.0,1.0,0.02661360715262335,0.10671972618070999
MUSE-News,target_memory,target_content_precision,150,0.6299393257432473,0.37814697207142506,0.030875570978449087,0.75,0.25,1.0,0.0333333333333333,1.0,0.5694232066254871,0.6904554448610075
MUSE-News,target_memory,target_content_recall,150,1.0,0.0,0.0,1.0,1.0,1.0,1.0,1.0,1.0,1.0
MUSE-News,target_memory,target_content_f1,150,0.7009837048023181,0.31452616498213065,0.025680953832021954,0.8333333333333333,0.4,1.0,0.064516129032258,1.0,0.650649035291555,0.7513183743130811
MUSE-News,target_memory,system_content_precision,150,0.6691574844908178,0.3750621737410162,0.030623698249486048,1.0,0.25,1.0,0.037037037037037,1.0,0.6091350359218252,0.7291799330598104
MUSE-News,target_memory,system_content_recall,150,1.0,0.0,0.0,1.0,1.0,1.0,1.0,1.0,1.0,1.0
MUSE-News,target_memory,system_content_f1,150,0.7329707762983125,0.3101820786808328,0.02532626067079549,1.0,0.4,1.0,0.0714285714285714,1.0,0.6833313053835534,0.7826102472130717
MUSE-News,target_memory,target_positive_content,150,0.02666666666666667,0.16164700403963203,0.013198422611556987,0.0,0.0,0.0,0.0,1.0,0.0007977583480149736,0.05253557498531836
MUSE-News,target_memory,system_positive_content,150,0.06666666666666667,0.2502794858335033,0.02043523444594047,0.0,0.0,0.0,0.0,1.0,0.02661360715262335,0.10671972618070999
MUSE-News,target_memory_comm,chain_length,150,4.0,0.0,0.0,4.0,4.0,4.0,4.0,4.0,4.0,4.0
MUSE-News,target_memory_comm,target_agent_position,150,2.0,0.0,0.0,2.0,2.0,2.0,2.0,2.0,2.0,2.0
MUSE-News,target_memory_comm,peer_evidence,150,1.0,0.0,0.0,1.0,1.0,1.0,1.0,1.0,1.0,1.0
MUSE-News,target_memory_comm,target_exact,150,0.02666666666666667,0.16164700403963203,0.013198422611556987,0.0,0.0,0.0,0.0,1.0,0.0007977583480149736,0.05253557498531836
MUSE-News,target_memory_comm,target_token_f1,150,0.231431472359493,0.18180238174792052,0.014844102310169433,0.1176470588235294,0.0909090909090909,0.3529411764705882,0.0249999999999999,1.0,0.2023370318315609,0.2605259128874251
MUSE-News,target_memory_comm,target_semantic,150,0.32898405839999517,0.16048794585940251,0.013103785907431616,0.3279554396867752,0.1961161345243454,0.4330126941204071,0.1443375647068023,1.0,0.3033006380214292,0.35466747877856114
MUSE-News,target_memory_comm,target_positive,150,0.02666666666666667,0.16164700403963203,0.013198422611556987,0.0,0.0,0.0,0.0,1.0,0.0007977583480149736,0.05253557498531836
MUSE-News,target_memory_comm,system_exact,150,0.06666666666666667,0.2502794858335033,0.02043523444594047,0.0,0.0,0.0,0.0,1.0,0.02661360715262335,0.10671972618070999
MUSE-News,target_memory_comm,system_token_f1,150,0.27715433991369043,0.23251603038332475,0.01898485438188719,0.3529411764705882,0.0909090909090909,0.3529411764705882,0.0285714285714285,1.0,0.23994402532519155,0.3143646545021893
MUSE-News,target_memory_comm,system_semantic,150,0.3693489001194636,0.20336848522816314,0.016604967285724595,0.4330126941204071,0.1961161345243454,0.4330126941204071,0.1543033570051193,1.0,0.3368031642394434,0.4018946359994838
MUSE-News,target_memory_comm,system_positive,150,0.06666666666666667,0.2502794858335033,0.02043523444594047,0.0,0.0,0.0,0.0,1.0,0.02661360715262335,0.10671972618070999
MUSE-News,target_memory_comm,target_content_precision,150,0.6076530009569224,0.37538996803806945,0.030650462541765205,0.3333333333333333,0.25,1.0,0.0333333333333333,1.0,0.5475780943750627,0.6677279075387822
MUSE-News,target_memory_comm,target_content_recall,150,0.9777777777777779,0.12007123579535531,0.00980377534946744,1.0,1.0,1.0,0.3333333333333333,1.0,0.9585623780928216,0.9969931774627341
MUSE-News,target_memory_comm,target_content_f1,150,0.6786593114434418,0.3163233902041057,0.025827696656911925,0.5,0.4,1.0,0.064516129032258,1.0,0.6280370259958945,0.7292815968909891
MUSE-News,target_memory_comm,system_content_precision,150,0.668860734541894,0.3754907100856782,0.030658688095508025,1.0,0.25,1.0,0.037037037037037,1.0,0.6087697058746983,0.7289517632090897
MUSE-News,target_memory_comm,system_content_recall,150,1.0,0.0,0.0,1.0,1.0,1.0,1.0,1.0,1.0,1.0
MUSE-News,target_memory_comm,system_content_f1,150,0.7325064069941308,0.3109378801373359,0.025387971601304987,1.0,0.4,1.0,0.0714285714285714,1.0,0.6827459826555731,0.7822668313326886
MUSE-News,target_memory_comm,target_positive_content,150,0.02666666666666667,0.16164700403963203,0.013198422611556987,0.0,0.0,0.0,0.0,1.0,0.0007977583480149736,0.05253557498531836
MUSE-News,target_memory_comm,system_positive_content,150,0.06666666666666667,0.2502794858335033,0.02043523444594047,0.0,0.0,0.0,0.0,1.0,0.02661360715262335,0.10671972618070999
RWKU,communication,chain_length,2250,4.0,0.0,0.0,4.0,4.0,4.0,4.0,4.0,4.0,4.0
RWKU,communication,target_agent_position,2250,2.0,0.0,0.0,2.0,2.0,2.0,2.0,2.0,2.0,2.0
RWKU,communication,peer_evidence,2250,1.0,0.0,0.0,1.0,1.0,1.0,1.0,1.0,1.0,1.0
RWKU,communication,target_exact,2250,0.08133333333333333,0.273407105040643,0.005763927869342232,0.0,0.0,0.0,0.0,1.0,0.07003603470942255,0.09263063195724411
RWKU,communication,target_token_f1,2250,0.2591251526097911,0.259319437676514,0.005466933764079111,0.1739130434782608,0.1052631578947368,0.2857142857142857,0.0,1.0,0.248409962432196,0.2698403427873861
RWKU,communication,target_semantic,2250,0.3793204951836831,0.2367985498441512,0.004992151760882852,0.3048004955053329,0.2425356209278106,0.4472135901451111,0.0,1.0,0.3695358777323527,0.3891051126350135
RWKU,communication,target_positive,2250,0.1368888888888889,0.3438064216825201,0.00724807577806042,0.0,0.0,0.0,0.0,1.0,0.12268266036389047,0.15109511741388731
RWKU,communication,system_exact,2250,0.072,0.25854537165474595,0.005450615019491561,0.0,0.0,0.0,0.0,1.0,0.061316794561796534,0.08268320543820346
RWKU,communication,system_token_f1,2250,0.2527865136498447,0.24649437332647892,0.005196557667516859,0.1818181818181818,0.1111111111111111,0.2666666666666667,0.0,1.0,0.2426012606215117,0.2629717666781778
RWKU,communication,system_semantic,2250,0.3748327617024382,0.22655334119638074,0.004776163798012129,0.3086067140102386,0.2425356209278106,0.4444444477558136,0.0,1.0,0.3654714806583344,0.38419404274654195
RWKU,communication,system_positive,2250,0.11822222222222223,0.3229428439071049,0.00680823293865788,0.0,0.0,0.0,0.0,1.0,0.10487808566245278,0.13156635878199166
RWKU,communication,target_content_precision,2250,0.58039259336409,0.4203870585050465,0.008862537358229373,0.6666666666666666,0.1176470588235294,1.0,0.0,1.0,0.5630220201419605,0.5977631665862195
RWKU,communication,target_content_recall,2250,0.8422222222222222,0.36400328892484657,0.007673863125299056,1.0,1.0,1.0,0.0,1.0,0.827181450496636,0.8572629939478084
RWKU,communication,target_content_f1,2250,0.6291757765604854,0.40107458278627584,0.008455394621375956,0.8,0.2105263157894736,1.0,0.0,1.0,0.6126032031025885,0.6457483500183823
RWKU,communication,system_content_precision,2250,0.5849675444907845,0.4169261366934611,0.008789574720040268,0.6666666666666666,0.1333333333333333,1.0,0.0,1.0,0.5677399780395056,0.6021951109420633
RWKU,communication,system_content_recall,2250,0.8473333333333334,0.35959131488321533,0.007580850545638435,1.0,1.0,1.0,0.0,1.0,0.832474866263882,0.8621918004027848
RWKU,communication,system_content_f1,2250,0.6352014431108306,0.3966123622204724,0.008361322751976062,0.8,0.2352941176470588,1.0,0.0,1.0,0.6188132505169576,0.6515896357047036
RWKU,communication,target_positive_content,2250,0.196,0.39705675724621253,0.008370691421723982,0.0,0.0,0.0,0.0,1.0,0.179593444813421,0.21240655518657903
RWKU,communication,system_positive_content,2250,0.18444444444444444,0.38793243806510586,0.008178333883652918,0.0,0.0,0.0,0.0,1.0,0.1684149100324847,0.20047397885640417
RWKU,full_inference,chain_length,5505,3.997275204359673,0.2811156423473203,0.0037888407390320174,4.0,4.0,4.0,1.0,8.0,3.9898490765111703,4.0047013322081755
RWKU,full_inference,target_agent_position,5505,2.005449591280654,0.1277577424080432,0.0017219025420303748,2.0,2.0,2.0,1.0,4.0,2.0020746622982744,2.0088245202630333
RWKU,full_inference,peer_evidence,5505,0.9816076294277929,0.12033464759873397,0.0016218550178571758,1.0,1.0,1.0,0.0,1.0,0.9784287935927928,0.984786465262793
RWKU,full_inference,target_exact,5505,0.1075386012715713,0.3098249306526668,0.004175780861650737,0.0,0.0,0.0,0.0,1.0,0.09935407078273586,0.11572313176040674
RWKU,full_inference,target_token_f1,5505,0.2424460486207352,0.29320685928197937,0.003951804617256587,0.15,0.0625,0.25,0.0,1.0,0.2347005115709123,0.2501915856705581
RWKU,full_inference,target_semantic,5505,0.33900723330114885,0.2795357825617762,0.0037675475905346732,0.2886751294136047,0.2041241526603698,0.4082483053207397,0.0,1.0,0.3316228400237009,0.3463916265785968
RWKU,full_inference,target_positive,5505,0.13696639418710263,0.343843100178704,0.0046342734076055565,0.0,0.0,0.0,0.0,1.0,0.12788321830819574,0.14604957006600952
RWKU,full_inference,system_exact,5505,0.07774750227066303,0.2677981619890409,0.0036093494389343632,0.0,0.0,0.0,0.0,1.0,0.07067317737035168,0.08482182717097438
RWKU,full_inference,system_token_f1,5505,0.23966758724897969,0.25589472374537336,0.003448916417934281,0.1538461538461538,0.1111111111111111,0.25,0.0,1.0,0.2329077110698285,0.24642746342813088
RWKU,full_inference,system_semantic,5505,0.35151059706708065,0.24258694515706608,0.003269555877053738,0.2886751294136047,0.2425356209278106,0.4082483053207397,0.0,1.0,0.34510226754805534,0.35791892658610597
RWKU,full_inference,system_positive,5505,0.11716621253405994,0.3216474536952917,0.0043351233179011765,0.0,0.0,0.0,0.0,1.0,0.10866937083097364,0.12566305423714624
RWKU,full_inference,target_content_precision,5505,0.5421899996120277,0.4483976278903022,0.006043445984187122,0.5714285714285714,0.0,1.0,0.0,1.0,0.530344845483021,0.5540351537410345
RWKU,full_inference,target_content_recall,5505,0.7398728428701181,0.4353399564977645,0.005867456356161319,1.0,0.0,1.0,0.0,1.0,0.728372628412042,0.7513730573281943
RWKU,full_inference,target_content_f1,5505,0.5761466669549661,0.43811898603786753,0.005904911761519043,0.6666666666666666,0.0,1.0,0.0,1.0,0.5645730399023887,0.5877202940075434
RWKU,full_inference,system_content_precision,5505,0.6211864533570054,0.43067673026512077,0.005804605988326809,1.0,0.1111111111111111,1.0,0.0,1.0,0.6098094256198848,0.632563481094126
RWKU,full_inference,system_content_recall,5505,0.8143505903723888,0.3868092829747684,0.005213366134068977,1.0,1.0,1.0,0.0,1.0,0.8041323927496136,0.824568787995164
RWKU,full_inference,system_content_f1,5505,0.657077826292935,0.4140995960491896,0.0055811814896782365,1.0,0.1904761904761904,1.0,0.0,1.0,0.6461387105731656,0.6680169420127043
RWKU,full_inference,target_positive_content,5505,0.17620345140781107,0.3810277783867337,0.005135443753325103,0.0,0.0,0.0,0.0,1.0,0.16613798165129387,0.18626892116432828
RWKU,full_inference,system_positive_content,5505,0.16185286103542235,0.3683492355163696,0.004964563971119852,0.0,0.0,0.0,0.0,1.0,0.15212231565202744,0.17158340641881725
RWKU,global_context,chain_length,2250,4.0,0.0,0.0,4.0,4.0,4.0,4.0,4.0,4.0,4.0
RWKU,global_context,target_agent_position,2250,2.0,0.0,0.0,2.0,2.0,2.0,2.0,2.0,2.0,2.0
RWKU,global_context,peer_evidence,2250,1.0,0.0,0.0,1.0,1.0,1.0,1.0,1.0,1.0,1.0
RWKU,global_context,target_exact,2250,0.09066666666666667,0.2871983309153609,0.006054672439275276,0.0,0.0,0.0,0.0,1.0,0.07879950868568714,0.10253382464764621
RWKU,global_context,target_token_f1,2250,0.2569384070790995,0.27082222233201214,0.005709433757051173,0.1739130434782608,0.1052631578947368,0.2727272727272727,0.0,1.0,0.2457479169152792,0.2681288972429198
RWKU,global_context,target_semantic,2250,0.3733008074131277,0.25419123101875235,0.005358821675075335,0.3086067140102386,0.2425356209278106,0.4629100561141968,0.0,1.0,0.3627975169299801,0.38380409789627534
RWKU,global_context,target_positive,2250,0.13644444444444445,0.3433362040686325,0.00723816272035499,0.0,0.0,0.0,0.0,1.0,0.12225764551254867,0.15063124337634023
RWKU,global_context,system_exact,2250,0.07733333333333334,0.2671789950288297,0.005632627781639378,0.0,0.0,0.0,0.0,1.0,0.06629338288132015,0.08837328378534652
RWKU,global_context,system_token_f1,2250,0.24314656896734343,0.2548177526750769,0.005372029911324713,0.1684397163120567,0.1052631578947368,0.2666666666666667,0.0,1.0,0.232617390341147,0.2536757475935399
RWKU,global_context,system_semantic,2250,0.36091619060105745,0.24274374849783614,0.0051174875534682595,0.3015113472938537,0.2425356209278106,0.4481290876865387,0.0,1.0,0.35088591499625965,0.37094646620585525
RWKU,global_context,system_positive,2250,0.11244444444444444,0.3159827003861649,0.006661500229538984,0.0,0.0,0.0,0.0,1.0,0.09938790399454804,0.12550098489434086
RWKU,global_context,target_content_precision,2250,0.5213365388934281,0.41597662318654866,0.008769557217700685,0.5,0.0869565217391304,1.0,0.0,1.0,0.5041482067467348,0.5385248710401215
RWKU,global_context,target_content_recall,2250,0.794,0.4013477738462804,0.008461153994616024,1.0,1.0,1.0,0.0,1.0,0.7774161381705527,0.8105838618294474
RWKU,global_context,target_content_f1,2250,0.5755205951405783,0.4027672631631664,0.008491079456986933,0.6666666666666666,0.16,1.0,0.0,1.0,0.5588780794048839,0.5921631108762727
RWKU,global_context,system_content_precision,2250,0.5138506381978861,0.41592825220299656,0.008768537467829438,0.5,0.0833333333333333,1.0,0.0,1.0,0.4966643047609404,0.5310369716348318
RWKU,global_context,system_content_recall,2250,0.7924444444444444,0.4021377709427865,0.008477808595748551,1.0,1.0,1.0,0.0,1.0,0.7758279395967772,0.8090609492921116
RWKU,global_context,system_content_f1,2250,0.5683837671054568,0.4027961175670103,0.00849168776123142,0.6666666666666666,0.1538461538461538,1.0,0.0,1.0,0.5517400590934433,0.5850274751174703
RWKU,global_context,target_positive_content,2250,0.196,0.39705675724621253,0.008370691421723982,0.0,0.0,0.0,0.0,1.0,0.179593444813421,0.21240655518657903
RWKU,global_context,system_positive_content,2250,0.17777777777777778,0.38241055699222765,0.008061922409260456,0.0,0.0,0.0,0.0,1.0,0.16197640985562728,0.1935791456999283
RWKU,none,chain_length,4350,4.0,0.0,0.0,4.0,4.0,4.0,4.0,4.0,4.0,4.0
RWKU,none,target_agent_position,4350,2.0,0.0,0.0,2.0,2.0,2.0,2.0,2.0,2.0,2.0
RWKU,none,peer_evidence,4350,1.0,0.0,0.0,1.0,1.0,1.0,1.0,1.0,1.0,1.0
RWKU,none,target_exact,4350,0.12551724137931033,0.3313425751303638,0.005023803159214493,0.0,0.0,0.0,0.0,1.0,0.11567058718724993,0.13536389557137074
RWKU,none,target_token_f1,4350,0.30246734158801764,0.2993741487350151,0.004539099129082292,0.1818181818181818,0.1111111111111111,0.375,0.0,1.0,0.29357070729501633,0.31136397588101894
RWKU,none,target_semantic,4350,0.4155062663651489,0.2700798200791103,0.004094939664242315,0.32599715888500214,0.25,0.5345224738121033,0.0,1.0,0.407480184623234,0.42353234810706386
RWKU,none,target_positive,4350,0.19425287356321838,0.39566991831353415,0.005999131819530296,0.0,0.0,0.0,0.0,1.0,0.182494575196939,0.20601117192949775
RWKU,none,system_exact,4350,0.09724137931034482,0.29632022994330753,0.004492795731857445,0.0,0.0,0.0,0.0,1.0,0.08843549967590422,0.10604725894478542
RWKU,none,system_token_f1,4350,0.2764226181945586,0.27349535449618434,0.00414672586342952,0.1818181818181818,0.1111111111111111,0.3157894736842105,0.0,1.0,0.26829503550223677,0.28455020088688043
RWKU,none,system_semantic,4350,0.39409508208647887,0.2501498585747539,0.0037927623677412063,0.3162277638912201,0.2425356209278106,0.4815434217453003,0.0,1.0,0.3866612678457061,0.40152889632725164
RWKU,none,system_positive,4350,0.1542528735632184,0.3612325040940318,0.0054769930926158745,0.0,0.0,0.0,0.0,1.0,0.1435179671016913,0.1649877800247455
RWKU,none,target_content_precision,4350,0.6019116085013563,0.4168205160287412,0.006319816354498753,0.6666666666666666,0.1428571428571428,1.0,0.0,1.0,0.5895247684465387,0.6142984485561739
RWKU,none,target_content_recall,4350,0.8403448275862069,0.3660926038722144,0.005550681735284644,1.0,1.0,1.0,0.0,1.0,0.829465491385049,0.8512241637873648
RWKU,none,target_content_f1,4350,0.6496650074624211,0.3965651211277616,0.006012704849571738,0.8,0.25,1.0,0.0,1.0,0.6378801059572604,0.6614499089675817
RWKU,none,system_content_precision,4350,0.6033192401803796,0.41673742721028806,0.006318556565084501,0.6666666666666666,0.1538461538461538,1.0,0.0,1.0,0.590934869312814,0.6157036110479452
RWKU,none,system_content_recall,4350,0.8412643678160919,0.36507795668570436,0.005535297694344322,1.0,1.0,1.0,0.0,1.0,0.830415184335177,0.8521135512970068
RWKU,none,system_content_f1,4350,0.6509451145584336,0.3962089027084222,0.006007303879835979,0.8,0.25416666666666665,1.0,0.0,1.0,0.6391707989539551,0.6627194301629121
RWKU,none,target_positive_content,4350,0.24367816091954023,0.4293500811283626,0.006509789130277103,0.0,0.0,0.0,0.0,1.0,0.2309189742241971,0.25643734761488335
RWKU,none,system_positive_content,4350,0.21264367816091953,0.4092246839621653,0.006204648645918252,0.0,0.0,0.0,0.0,1.0,0.20048256681491974,0.22480478950691932
RWKU,parameter_only,chain_length,300,4.0,0.0,0.0,4.0,4.0,4.0,4.0,4.0,4.0,4.0
RWKU,parameter_only,target_agent_position,300,2.0,0.0,0.0,2.0,2.0,2.0,2.0,2.0,2.0,2.0
RWKU,parameter_only,peer_evidence,300,1.0,0.0,0.0,1.0,1.0,1.0,1.0,1.0,1.0,1.0
RWKU,parameter_only,target_exact,300,0.06333333333333334,0.24396849039011775,0.01408552736005211,0.0,0.0,0.0,0.0,1.0,0.0357256997076312,0.09094096695903547
RWKU,parameter_only,target_token_f1,300,0.20005229558855456,0.2198896158344975,0.012695332889405051,0.1538461538461538,0.125,0.1818181818181818,0.0,1.0,0.17516944312532065,0.22493514805178846
RWKU,parameter_only,target_semantic,300,0.33457501355558633,0.18768162998240273,0.010835803959228795,0.2886751294136047,0.2425356209278106,0.3162277638912201,0.0,1.0,0.31333683779549787,0.3558131893156748
RWKU,parameter_only,target_positive,300,0.06666666666666667,0.2498606077393724,0.014425708913821014,0.0,0.0,0.0,0.0,1.0,0.03839227719557747,0.09494105613775586
RWKU,parameter_only,system_exact,300,0.06333333333333334,0.24396849039011778,0.014085527360052112,0.0,0.0,0.0,0.0,1.0,0.0357256997076312,0.09094096695903547
RWKU,parameter_only,system_token_f1,300,0.2097850565258629,0.22186250791952686,0.01280923786704243,0.1538461538461538,0.125,0.1999999999999999,0.0,1.0,0.18467895030645975,0.23489116274526606
RWKU,parameter_only,system_semantic,300,0.33775918471316496,0.18916688937033682,0.01092155544997281,0.2886751294136047,0.2425356209278106,0.3162277638912201,0.0,1.0,0.3163529360312183,0.35916543339511164
RWKU,parameter_only,system_positive,300,0.07333333333333333,0.26111842459139595,0.015075679272821343,0.0,0.0,0.0,0.0,1.0,0.043785001958603506,0.10288166470806316
RWKU,parameter_only,target_content_precision,300,0.7928116325793375,0.3678729767099801,0.02123915621310959,1.0,0.875,1.0,0.0,1.0,0.7511828864016428,0.8344403787570323
RWKU,parameter_only,target_content_recall,300,0.9933333333333333,0.08151300584956361,0.004706155586970109,1.0,1.0,1.0,0.0,1.0,0.9841092683828718,1.0025573982837948
RWKU,parameter_only,target_content_f1,300,0.8162083362764838,0.3354134562448577,0.019365104925279132,1.0,0.9166666666666666,1.0,0.0,1.0,0.7782527306229368,0.8541639419300309
RWKU,parameter_only,system_content_precision,300,0.8297406693865829,0.33678762434424503,0.01944444255748844,1.0,1.0,1.0,0.0,1.0,0.7916295619739055,0.8678517767992602
RWKU,parameter_only,system_content_recall,300,0.9966666666666667,0.05773502691896257,0.0033333333333333327,1.0,1.0,1.0,0.0,1.0,0.9901333333333334,1.0032
RWKU,parameter_only,system_content_f1,300,0.8516307783167988,0.30355965416147956,0.01752602480452399,1.0,1.0,1.0,0.0,1.0,0.8172797696999318,0.8859817869336658
RWKU,parameter_only,target_positive_content,300,0.09,0.28665992577177274,0.01655031853102111,0.0,0.0,0.0,0.0,1.0,0.05756137567919862,0.12243862432080138
RWKU,parameter_only,system_positive_content,300,0.11,0.3134125472108031,0.018094881849956345,0.0,0.0,0.0,0.0,1.0,0.07453403157408556,0.14546596842591444
RWKU,parameter_plus_comm,chain_length,300,4.0,0.0,0.0,4.0,4.0,4.0,4.0,4.0,4.0,4.0
RWKU,parameter_plus_comm,target_agent_position,300,2.0,0.0,0.0,2.0,2.0,2.0,2.0,2.0,2.0,2.0
RWKU,parameter_plus_comm,peer_evidence,300,1.0,0.0,0.0,1.0,1.0,1.0,1.0,1.0,1.0,1.0
RWKU,parameter_plus_comm,target_exact,300,0.056666666666666664,0.23159088211286505,0.013370905812972551,0.0,0.0,0.0,0.0,1.0,0.030459691273240466,0.08287364206009286
RWKU,parameter_plus_comm,target_token_f1,300,0.19449320346194324,0.2089507431582517,0.012063776780978896,0.1538461538461538,0.125,0.1818181818181818,0.0,1.0,0.1708482009712246,0.21813820595266187
RWKU,parameter_plus_comm,target_semantic,300,0.3287668739135067,0.17789952257135574,0.010271033724527813,0.2886751294136047,0.2425356209278106,0.3162277638912201,0.0,1.0,0.30863564781343217,0.3488981000135812
RWKU,parameter_plus_comm,target_positive,300,0.06,0.2378836454288983,0.013734218672418391,0.0,0.0,0.0,0.0,1.0,0.03308093140205995,0.08691906859794005
RWKU,parameter_plus_comm,system_exact,300,0.06333333333333334,0.24396849039011778,0.014085527360052112,0.0,0.0,0.0,0.0,1.0,0.0357256997076312,0.09094096695903547
RWKU,parameter_plus_comm,system_token_f1,300,0.21101361812594155,0.22233486372676298,0.012836509342288535,0.1538461538461538,0.125,0.1999999999999999,0.0,1.0,0.185854059815056,0.2361731764368271
RWKU,parameter_plus_comm,system_semantic,300,0.3380650236954292,0.18935531184416518,0.010932434026571429,0.2886751294136047,0.2425356209278106,0.3162277638912201,0.0,1.0,0.31663745300334917,0.3594925943875092
RWKU,parameter_plus_comm,system_positive,300,0.07333333333333333,0.26111842459139595,0.015075679272821343,0.0,0.0,0.0,0.0,1.0,0.043785001958603506,0.10288166470806316
RWKU,parameter_plus_comm,target_content_precision,300,0.7966267155330622,0.36572671996447803,0.021115242022133024,1.0,1.0,1.0,0.0,1.0,0.7552408411696815,0.8380125898964429
RWKU,parameter_plus_comm,target_content_recall,300,0.9966666666666667,0.05773502691896257,0.0033333333333333327,1.0,1.0,1.0,0.0,1.0,0.9901333333333334,1.0032
RWKU,parameter_plus_comm,target_content_f1,300,0.8199293181456401,0.3311160247910633,0.019116992604611915,1.0,1.0,1.0,0.0,1.0,0.7824600126406007,0.8573986236506794
RWKU,parameter_plus_comm,system_content_precision,300,0.8305740027199162,0.33565573321850906,0.01937909279287474,1.0,1.0,1.0,0.0,1.0,0.7925909808458818,0.8685570245939507
RWKU,parameter_plus_comm,system_content_recall,300,0.9966666666666667,0.05773502691896257,0.0033333333333333327,1.0,1.0,1.0,0.0,1.0,0.9901333333333334,1.0032
RWKU,parameter_plus_comm,system_content_f1,300,0.8525196672056878,0.3026217378655169,0.017471874181928852,1.0,1.0,1.0,0.0,1.0,0.8182747938091073,0.8867645406022684
RWKU,parameter_plus_comm,target_positive_content,300,0.08,0.271746488194703,0.01568929081105472,0.0,0.0,0.0,0.0,1.0,0.04924899001033275,0.11075100998966725
RWKU,parameter_plus_comm,system_positive_content,300,0.11333333333333333,0.3175294822993921,0.01833257320811965,0.0,0.0,0.0,0.0,1.0,0.07740148984541881,0.14926517682124785
RWKU,target_context,chain_length,2250,4.0,0.0,0.0,4.0,4.0,4.0,4.0,4.0,4.0,4.0
RWKU,target_context,target_agent_position,2250,2.0,0.0,0.0,2.0,2.0,2.0,2.0,2.0,2.0,2.0
RWKU,target_context,peer_evidence,2250,1.0,0.0,0.0,1.0,1.0,1.0,1.0,1.0,1.0,1.0
RWKU,target_context,target_exact,2250,0.092,0.28909019979824013,0.006094556537303921,0.0,0.0,0.0,0.0,1.0,0.08005466918688431,0.10394533081311569
RWKU,target_context,target_token_f1,2250,0.2622398936366728,0.2697944802985745,0.005687767052566134,0.1739130434782608,0.1052631578947368,0.2758620689655173,0.0,1.0,0.2510918702136432,0.27338791705970245
RWKU,target_context,target_semantic,2250,0.3858639278444979,0.2445070593728179,0.005154661410720837,0.3086067140102386,0.25,0.4629100561141968,0.0,1.0,0.37576079147948505,0.3959670642095108
RWKU,target_context,target_positive,2250,0.13733333333333334,0.3442754230534479,0.007257963195112908,0.0,0.0,0.0,0.0,1.0,0.12310772547091203,0.15155894119575464
RWKU,target_context,system_exact,2250,0.07111111111111111,0.25706748436396526,0.005419458419732344,0.0,0.0,0.0,0.0,1.0,0.06048897260843572,0.0817332496137865
RWKU,target_context,system_token_f1,2250,0.24854281112884236,0.24615868228003174,0.005189480678870869,0.1739130434782608,0.1052631578947368,0.2666666666666667,0.0,1.0,0.23837142899825545,0.25871419325942924
RWKU,target_context,system_semantic,2250,0.3747483593126138,0.22510156771366763,0.004745557725665406,0.3086067140102386,0.25,0.4444444477558136,0.0,1.0,0.3654470661703096,0.384049652454918
RWKU,target_context,system_positive,2250,0.11644444444444445,0.32082843212770074,0.006763657224428502,0.0,0.0,0.0,0.0,1.0,0.10318767628456459,0.12970121260432432
RWKU,target_context,target_content_precision,2250,0.561552867630667,0.4153639462063203,0.008756640852850849,0.5,0.1111111111111111,1.0,0.0,1.0,0.5443898515590794,0.5787158837022547
RWKU,target_context,target_content_recall,2250,0.8366666666666667,0.3677923757482133,0.007753744089392196,1.0,1.0,1.0,0.0,1.0,0.821469328251458,0.8518640050818753
RWKU,target_context,target_content_f1,2250,0.6139994273785222,0.3981405800901815,0.008393540413504402,0.6666666666666666,0.1999999999999999,1.0,0.0,1.0,0.5975480881680536,0.6304507665889908
RWKU,target_context,system_content_precision,2250,0.5750294237542452,0.4156833528564192,0.008763374536278295,0.5,0.125,1.0,0.0,1.0,0.5578532096631397,0.5922056378453506
RWKU,target_context,system_content_recall,2250,0.8442222222222222,0.3613434549513032,0.007617788901603769,1.0,1.0,1.0,0.0,1.0,0.8292913559750789,0.8591530884693656
RWKU,target_context,system_content_f1,2250,0.6264675438844042,0.39683966401453674,0.008366114694545967,0.6666666666666666,0.2222222222222222,1.0,0.0,1.0,0.610069959083094,0.6428651286857143
RWKU,target_context,target_positive_content,2250,0.19733333333333333,0.3980745119067422,0.008392147573900817,0.0,0.0,0.0,0.0,1.0,0.18088472408848774,0.21378194257817892
RWKU,target_context,system_positive_content,2250,0.17777777777777778,0.3824105569922276,0.008061922409260455,0.0,0.0,0.0,0.0,1.0,0.16197640985562728,0.1935791456999283
RWKU,target_context_comm,chain_length,2430,4.0,0.0,0.0,4.0,4.0,4.0,4.0,4.0,4.0,4.0
RWKU,target_context_comm,target_agent_position,2430,2.0,0.0,0.0,2.0,2.0,2.0,2.0,2.0,2.0,2.0
RWKU,target_context_comm,peer_evidence,2430,1.0,0.0,0.0,1.0,1.0,1.0,1.0,1.0,1.0,1.0
RWKU,target_context_comm,target_exact,2430,0.07695473251028806,0.2665744647437706,0.005407735096112177,0.0,0.0,0.0,0.0,1.0,0.06635557172190819,0.08755389329866793
RWKU,target_context_comm,target_token_f1,2430,0.2404980633157427,0.2554985415352923,0.005183048689205562,0.1538461538461538,0.1052631578947368,0.25,0.0,1.0,0.2303392878848998,0.2506568387465856
RWKU,target_context_comm,target_semantic,2430,0.3623031831756541,0.23412256069006485,0.00474941510040077,0.2948839068412781,0.2425356209278106,0.4082483053207397,0.0,1.0,0.35299432957886856,0.3716120367724396
RWKU,target_context_comm,target_positive,2430,0.11934156378600823,0.3242567245657752,0.006577878609904245,0.0,0.0,0.0,0.0,1.0,0.1064489217105959,0.13223420586142054
RWKU,target_context_comm,system_exact,2430,0.06255144032921811,0.24220425007120774,0.004913360418060101,0.0,0.0,0.0,0.0,1.0,0.05292125390982032,0.0721816267486159
RWKU,target_context_comm,system_token_f1,2430,0.24104285338665304,0.2359888813827542,0.0047872753205090894,0.1666666666666666,0.1111111111111111,0.25,0.0,1.0,0.23165979375845522,0.25042591301485084
RWKU,target_context_comm,system_semantic,2430,0.3679523171650039,0.21666619336082155,0.004395294872314741,0.3015113472938537,0.25,0.4082483053207397,0.0,1.0,0.35933753921526695,0.3765670951147408
RWKU,target_context_comm,system_positive,2430,0.1111111111111111,0.3143343650357121,0.006376593419597137,0.0,0.0,0.0,0.0,1.0,0.09861298800870072,0.12360923421352149
RWKU,target_context_comm,target_content_precision,2430,0.5507834510368234,0.4186747066052519,0.008493243743131616,0.5,0.1,1.0,0.0,1.0,0.5341366933002853,0.5674302087733614
RWKU,target_context_comm,target_content_recall,2430,0.832716049382716,0.3692866255429358,0.007491356110919607,1.0,1.0,1.0,0.0,1.0,0.8180329914053136,0.8473991073601185
RWKU,target_context_comm,target_content_f1,2430,0.6018202907898718,0.4016355832244811,0.008147587734399695,0.6666666666666666,0.1818181818181818,1.0,0.0,1.0,0.5858510188304483,0.6177895627492952
RWKU,target_context_comm,system_content_precision,2430,0.5928462110358782,0.4133046819194658,0.008384307311473667,0.6666666666666666,0.1428571428571428,1.0,0.0,1.0,0.5764129687053898,0.6092794533663666
RWKU,target_context_comm,system_content_recall,2430,0.8565843621399177,0.3489498744886209,0.0070788043591116356,1.0,1.0,1.0,0.0,1.0,0.842709905596059,0.8704588186837765
RWKU,target_context_comm,system_content_f1,2430,0.6436402501965784,0.3917898318403281,0.007947856618522351,0.8,0.25,1.0,0.0,1.0,0.6280624512242746,0.6592180491688823
RWKU,target_context_comm,target_positive_content,2430,0.17119341563786009,0.37675541603757695,0.007642868149112019,0.0,0.0,0.0,0.0,1.0,0.15621339406560053,0.18617343721011964
RWKU,target_context_comm,system_positive_content,2430,0.16584362139917697,0.37201675757869107,0.007546739625769632,0.0,0.0,0.0,0.0,1.0,0.1510520117326685,0.18063523106568544
RWKU,target_context_memory,chain_length,5505,3.997275204359673,0.2811156423473203,0.0037888407390320174,4.0,4.0,4.0,1.0,8.0,3.9898490765111703,4.0047013322081755
RWKU,target_context_memory,target_agent_position,5505,2.005449591280654,0.1277577424080432,0.0017219025420303748,2.0,2.0,2.0,1.0,4.0,2.0020746622982744,2.0088245202630333
RWKU,target_context_memory,peer_evidence,5505,0.9816076294277929,0.12033464759873397,0.0016218550178571758,1.0,1.0,1.0,0.0,1.0,0.9784287935927928,0.984786465262793
RWKU,target_context_memory,target_exact,5505,0.11643960036330608,0.3207804731416303,0.004323438264681682,0.0,0.0,0.0,0.0,1.0,0.10796566136452998,0.12491353936208219
RWKU,target_context_memory,target_token_f1,5505,0.26499941663308035,0.3007025329392823,0.004052830349877292,0.1538461538461538,0.0869565217391304,0.2857142857142857,0.0,1.0,0.25705586914732087,0.27294296411883984
RWKU,target_context_memory,target_semantic,5505,0.3668530439831093,0.28204625690109186,0.003801383443181186,0.2886751294136047,0.2294157296419143,0.4522670209407806,0.0,1.0,0.35940233243447417,0.37430375553174444
RWKU,target_context_memory,target_positive,5505,0.16239782016348775,0.36884886060823296,0.0049712978543235324,0.0,0.0,0.0,0.0,1.0,0.15265407636901362,0.17214156395796187
RWKU,target_context_memory,system_exact,5505,0.08119891008174387,0.273165154967369,0.003681685085121083,0.0,0.0,0.0,0.0,1.0,0.07398280731490656,0.08841501284858119
RWKU,target_context_memory,system_token_f1,5505,0.2439218018822557,0.2603757414601855,0.0035093110026270394,0.1538461538461538,0.1111111111111111,0.2666666666666667,0.0,1.0,0.23704355231710672,0.2508000514474047
RWKU,target_context_memory,system_semantic,5505,0.35594876128554237,0.24568564546985305,0.0033113197642750444,0.2886751294136047,0.2425356209278106,0.4082483053207397,0.0,1.0,0.3494585745475633,0.36243894802352145
RWKU,target_context_memory,system_positive,5505,0.12297910990009082,0.32844306085218894,0.004426713643603147,0.0,0.0,0.0,0.0,1.0,0.11430275115862866,0.131655468641553
RWKU,target_context_memory,target_content_precision,5505,0.5771889793244339,0.44115240797350425,0.005945795835106857,0.6666666666666666,0.0588235294117647,1.0,0.0,1.0,0.5655352194876245,0.5888427391612433
RWKU,target_context_memory,target_content_recall,5505,0.7801089918256131,0.41143205100644237,0.005545228658143247,1.0,1.0,1.0,0.0,1.0,0.7692403436556523,0.7909776399955739
RWKU,target_context_memory,target_content_f1,5505,0.6128834870286493,0.4278956961916023,0.00576712356612362,0.8,0.1111111111111111,1.0,0.0,1.0,0.601579924839047,0.6241870492182515
RWKU,target_context_memory,system_content_precision,5505,0.6239296812337621,0.43015165950463424,0.005797529151649938,1.0,0.1111111111111111,1.0,0.0,1.0,0.6125665240965282,0.635292838370996
RWKU,target_context_memory,system_content_recall,5505,0.8178928247048138,0.3840803622983472,0.0051765860895788265,1.0,1.0,1.0,0.0,1.0,0.8077467159692393,0.8280389334403884
RWKU,target_context_memory,system_content_f1,5505,0.6597787645550889,0.41311940175551437,0.005567970556124226,1.0,0.1999999999999999,1.0,0.0,1.0,0.6488655422650854,0.6706919868450923
RWKU,target_context_memory,target_positive_content,5505,0.20744777475022708,0.40551580374245727,0.005465490232814788,0.0,0.0,0.0,0.0,1.0,0.19673541389391008,0.21816013560654407
RWKU,target_context_memory,system_positive_content,5505,0.17129881925522253,0.3768040938162715,0.005078517471899553,0.0,0.0,0.0,0.0,1.0,0.1613449250102994,0.18125271350014566
RWKU,target_memory,chain_length,2250,4.0,0.0,0.0,4.0,4.0,4.0,4.0,4.0,4.0,4.0
RWKU,target_memory,target_agent_position,2250,2.0,0.0,0.0,2.0,2.0,2.0,2.0,2.0,2.0,2.0
RWKU,target_memory,peer_evidence,2250,1.0,0.0,0.0,1.0,1.0,1.0,1.0,1.0,1.0,1.0
RWKU,target_memory,target_exact,2250,0.08666666666666667,0.28140851345523776,0.0059326123698712745,0.0,0.0,0.0,0.0,1.0,0.07503874642171897,0.09829458691161437
RWKU,target_memory,target_token_f1,2250,0.2692318118750606,0.2612003540958143,0.00550658696390176,0.1818181818181818,0.11512605042016807,0.2857142857142857,0.0,1.0,0.25843890142581316,0.2800247223243081
RWKU,target_memory,target_semantic,2250,0.39262090118726095,0.2346092013470815,0.00494599624193214,0.3162277638912201,0.25,0.4724555909633636,0.0,1.0,0.38292674855307396,0.40231505382144794
RWKU,target_memory,target_positive,2250,0.13733333333333334,0.3442754230534479,0.007257963195112908,0.0,0.0,0.0,0.0,1.0,0.12310772547091203,0.15155894119575464
RWKU,target_memory,system_exact,2250,0.07022222222222223,0.25557795851909165,0.005388056457709095,0.0,0.0,0.0,0.0,1.0,0.0596616315651124,0.08078281287933206
RWKU,target_memory,system_token_f1,2250,0.25509701729165085,0.24306052528627986,0.005124165794543962,0.1818181818181818,0.1111111111111111,0.2666666666666667,0.0,1.0,0.24505365233434467,0.26514038224895703
RWKU,target_memory,system_semantic,2250,0.37971553191542623,0.22101345155819047,0.004659372669727813,0.31410668790340424,0.25,0.4472135901451111,0.0,1.0,0.3705831614827597,0.38884790234809274
RWKU,target_memory,system_positive,2250,0.11644444444444445,0.32082843212770074,0.006763657224428502,0.0,0.0,0.0,0.0,1.0,0.10318767628456459,0.12970121260432432
RWKU,target_memory,target_content_precision,2250,0.60698200824033,0.41133766695391055,0.008671759433294216,0.6666666666666666,0.1666666666666666,1.0,0.0,1.0,0.5899853597510734,0.6239786567295866
RWKU,target_memory,target_content_recall,2250,0.8573333333333333,0.3498103405334853,0.00737464950109956,1.0,1.0,1.0,0.0,1.0,0.8428790203111781,0.8717876463554884
RWKU,target_memory,target_content_f1,2250,0.6568102079515074,0.3906386481322583,0.008235385801246779,0.8,0.2857142857142857,1.0,0.0,1.0,0.6406688517810637,0.672951564121951
RWKU,target_memory,system_content_precision,2250,0.6059674099922674,0.4119246246090159,0.008684133587162246,0.6666666666666666,0.1538461538461538,1.0,0.0,1.0,0.5889465081614293,0.6229883118231054
RWKU,target_memory,system_content_recall,2250,0.858,0.34896849842732197,0.00735690191119483,1.0,1.0,1.0,0.0,1.0,0.8435804722540581,0.8724195277459419
RWKU,target_memory,system_content_f1,2250,0.6557538728586456,0.39082872497824284,0.00823939297300526,0.8,0.2666666666666667,1.0,0.0,1.0,0.6396046626315554,0.6719030830857359
RWKU,target_memory,target_positive_content,2250,0.19466666666666665,0.3960318961693102,0.008349085453135553,0.0,0.0,0.0,0.0,1.0,0.17830245917852097,0.21103087415481234
RWKU,target_memory,system_positive_content,2250,0.1768888888888889,0.381659467863191,0.008046088060103469,0.0,0.0,0.0,0.0,1.0,0.1611185562910861,0.1926592214866917
RWKU,target_memory_comm,chain_length,2250,4.0,0.0,0.0,4.0,4.0,4.0,4.0,4.0,4.0,4.0
RWKU,target_memory_comm,target_agent_position,2250,2.0,0.0,0.0,2.0,2.0,2.0,2.0,2.0,2.0,2.0
RWKU,target_memory_comm,peer_evidence,2250,1.0,0.0,0.0,1.0,1.0,1.0,1.0,1.0,1.0,1.0
RWKU,target_memory_comm,target_exact,2250,0.08488888888888889,0.2787782388515841,0.0058771613124096594,0.0,0.0,0.0,0.0,1.0,0.07336965271656595,0.09640812506121182
RWKU,target_memory_comm,target_token_f1,2250,0.2647030751422034,0.26137269399948787,0.005510220208084043,0.1818181818181818,0.1111111111111111,0.2857142857142857,0.0,1.0,0.2539030435343587,0.27550310675004813
RWKU,target_memory_comm,target_semantic,2250,0.38868405154844127,0.233742688620943,0.004927728549691345,0.3162277638912201,0.25,0.4567546844482422,0.0,1.0,0.37902570359104626,0.3983423995058363
RWKU,target_memory_comm,target_positive,2250,0.14,0.34706416539942864,0.007316755045917311,0.0,0.0,0.0,0.0,1.0,0.12565916011000208,0.15434083988999794
RWKU,target_memory_comm,system_exact,2250,0.06933333333333333,0.2540765894268846,0.005356404818109404,0.0,0.0,0.0,0.0,1.0,0.0588347798898389,0.07983188677682776
RWKU,target_memory_comm,system_token_f1,2250,0.25312798939383985,0.24215870955950713,0.00510515384970155,0.1818181818181818,0.1111111111111111,0.2666666666666667,0.0,1.0,0.2431218878484248,0.2631340909392549
RWKU,target_memory_comm,system_semantic,2250,0.37846285501453614,0.21956242742885418,0.004628782395137377,0.3144854605197906,0.25,0.4444444477558136,0.0,1.0,0.3693904415200669,0.3875352685090054
RWKU,target_memory_comm,system_positive,2250,0.11555555555555555,0.3197622752179139,0.006741180663241481,0.0,0.0,0.0,0.0,1.0,0.10234284145560224,0.12876826965550886
RWKU,target_memory_comm,target_content_precision,2250,0.600459089936996,0.41774892649677103,0.008806920652133744,0.6666666666666666,0.125,1.0,0.0,1.0,0.5831975254588139,0.6177206544151782
RWKU,target_memory_comm,target_content_recall,2250,0.8573333333333333,0.3498103405334853,0.00737464950109956,1.0,1.0,1.0,0.0,1.0,0.8428790203111781,0.8717876463554884
RWKU,target_memory_comm,target_content_f1,2250,0.6479804176373705,0.3972126437808617,0.008373977798430928,0.8,0.2222222222222222,1.0,0.0,1.0,0.6315674211524458,0.6643934141222951
RWKU,target_memory_comm,system_content_precision,2250,0.6049963891451273,0.41406102865265504,0.008729172939030869,0.6666666666666666,0.1428571428571428,1.0,0.0,1.0,0.5878872101846269,0.6221055681056278
RWKU,target_memory_comm,system_content_recall,2250,0.8582222222222222,0.34889961614643134,0.007355449745207884,1.0,1.0,1.0,0.0,1.0,0.8438055407216147,0.8726389037228297
RWKU,target_memory_comm,system_content_f1,2250,0.6539400903616728,0.39260503404187397,0.008276840856135094,0.8,0.25,1.0,0.0,1.0,0.637717482283648,0.6701626984396976
RWKU,target_memory_comm,target_positive_content,2250,0.18844444444444444,0.3911535968229037,0.008246241872850517,0.0,0.0,0.0,0.0,1.0,0.17228181037365742,0.20460707851523147
RWKU,target_memory_comm,system_positive_content,2250,0.17377777777777778,0.3790025105703464,0.007990074482162244,0.0,0.0,0.0,0.0,1.0,0.1581172317927398,0.18943832376281577
TOFU,communication,chain_length,675,4.0,0.0,0.0,4.0,4.0,4.0,4.0,4.0,4.0,4.0
TOFU,communication,target_agent_position,675,2.0,0.0,0.0,2.0,2.0,2.0,2.0,2.0,2.0,2.0
TOFU,communication,peer_evidence,675,1.0,0.0,0.0,1.0,1.0,1.0,1.0,1.0,1.0,1.0
TOFU,communication,target_exact,675,0.17185185185185184,0.37753138723286583,0.014531189869761861,0.0,0.0,0.0,0.0,1.0,0.1433707197071186,0.20033298399658508
TOFU,communication,target_token_f1,675,0.7445892492729552,0.18708231494408387,0.007200801659572344,0.7234042553191489,0.6153846153846153,0.9295774647887324,0.2352941176470588,1.0,0.7304756780201934,0.758702820525717
TOFU,communication,target_semantic,675,0.8135878634232062,0.14281884632863392,0.005497099958212573,0.8061496019363403,0.6982972621917725,0.9486833214759828,0.2453582435846328,1.0,0.8028135475051096,0.8243621793413028
TOFU,communication,target_positive,675,0.9318518518518518,0.25218683075079934,0.00970667564133684,1.0,1.0,1.0,0.0,1.0,0.9128267675948316,0.950876936108872
TOFU,communication,system_exact,675,0.11259259259259259,0.31632853691769736,0.012175491062786202,0.0,0.0,0.0,0.0,1.0,0.08872863010953164,0.13645655507565355
TOFU,communication,system_token_f1,675,0.7450894075348276,0.16921094136933848,0.00651293216996117,0.7234042553191489,0.6181818181818182,0.9243697478991596,0.2352941176470588,1.0,0.7323240604817036,0.7578547545879515
TOFU,communication,system_semantic,675,0.8090688804785411,0.13347054047452384,0.005137283498123412,0.8061496019363403,0.6989058256149292,0.9475142359733582,0.3931785523891449,1.0,0.7989998048222192,0.819137956134863
TOFU,communication,system_positive,675,0.9318518518518518,0.25218683075079934,0.00970667564133684,1.0,1.0,1.0,0.0,1.0,0.9128267675948316,0.950876936108872
TOFU,communication,target_content_precision,675,0.6863418344229734,0.29444934798416217,0.011333360688091054,0.7692307692307693,0.4,1.0,0.0,1.0,0.6641284474743149,0.7085552213716318
TOFU,communication,target_content_recall,675,0.7425540315435053,0.25116404454000996,0.00966730858172866,0.8181818181818182,0.5,1.0,0.0,1.0,0.7236061067233172,0.7615019563636934
TOFU,communication,target_content_f1,675,0.6830118988811453,0.26013699072492685,0.01001267744141438,0.6511627906976745,0.4615384615384615,0.972972972972973,0.0,1.0,0.6633870510959732,0.7026367466663175
TOFU,communication,system_content_precision,675,0.6866218215008281,0.2791980060179127,0.01074633626210991,0.7692307692307693,0.42261904761904756,1.0,0.0,1.0,0.6655590024270926,0.7076846405745635
TOFU,communication,system_content_recall,675,0.7298319704986371,0.23608952167612346,0.009087089926170657,0.7857142857142857,0.5,0.9473684210526316,0.0,1.0,0.7120212742433426,0.7476426667539317
TOFU,communication,system_content_f1,675,0.6795342562536519,0.24360336797659152,0.009376298005118971,0.6428571428571429,0.4761904761904762,0.9245014245014245,0.0,1.0,0.6611567121636187,0.6979118003436852
TOFU,communication,target_positive_content,675,0.9362962962962963,0.24440547601747897,0.00940717115800734,1.0,1.0,1.0,0.0,1.0,0.917858240826602,0.9547343517659906
TOFU,communication,system_positive_content,675,0.9437037037037037,0.23066392608371003,0.008878258654451061,1.0,1.0,1.0,0.0,1.0,0.9263023167409796,0.9611050906664278
TOFU,full_inference,chain_length,4770,3.990566037735849,0.5230231875424743,0.007572891832997134,4.0,4.0,4.0,1.0,8.0,3.9757231697431745,4.005408905728523
TOFU,full_inference,target_agent_position,4770,2.018867924528302,0.237190997864396,0.003434306190185603,2.0,2.0,2.0,1.0,4.0,2.0121366843955384,2.025599164661066
TOFU,full_inference,peer_evidence,4770,0.9363207547169812,0.21737531970621582,0.0031473935047376064,1.0,1.0,1.0,0.0,1.0,0.9301518634476955,0.9424896459862668
TOFU,full_inference,target_exact,4770,0.027253668763102725,0.16283877090378754,0.0023577547375419946,0.0,0.0,0.0,0.0,1.0,0.022632469477520414,0.031874868048685036
TOFU,full_inference,target_token_f1,4770,0.49698965710496346,0.20753410635714375,0.0030049018409393966,0.4528301886792453,0.3225806451612903,0.65,0.0465116279069767,1.0,0.49110004949672226,0.5028792647132047
TOFU,full_inference,target_semantic,4770,0.5816256739808329,0.19591023633227098,0.0028365989578630502,0.5455954670906067,0.4225072860717773,0.7429815530776978,0.0550481900572776,1.0,0.5760659400234213,0.5871854079382445
TOFU,full_inference,target_positive,4770,0.4243186582809224,0.4942909622750051,0.007156875795363655,0.0,0.0,1.0,0.0,1.0,0.4102911817220096,0.4383461348398352
TOFU,full_inference,system_exact,4770,0.04968553459119497,0.21731724054172874,0.003146552572173071,0.0,0.0,0.0,0.0,1.0,0.04351829154973575,0.05585277763265419
TOFU,full_inference,system_token_f1,4770,0.6378504918299672,0.20664825958922597,0.0029920755993619015,0.6571428571428573,0.4864864864864864,0.7567567567567567,0.0465116279069767,1.0,0.6319860236552179,0.6437149600047165
TOFU,full_inference,system_semantic,4770,0.7132626930513347,0.1877284127768965,0.002718133722941726,0.7429815530776978,0.5916079878807068,0.8395366668701172,0.0975900068879127,1.0,0.707935150954369,0.7185902351483004
TOFU,full_inference,system_positive,4770,0.7440251572327043,0.43645350038191266,0.006319442860756119,1.0,0.0,1.0,0.0,1.0,0.7316390492256224,0.7564112652397863
TOFU,full_inference,target_content_precision,4770,0.3060131711050521,0.33810228709004714,0.0048954082908875644,0.1666666666666666,0.0,0.5555555555555556,0.0,1.0,0.29641817085491245,0.31560817135519176
TOFU,full_inference,target_content_recall,4770,0.3142044342799059,0.31596375840275814,0.0045748628789751555,0.2857142857142857,0.0,0.5,0.0,1.0,0.3052377030371146,0.3231711655226972
TOFU,full_inference,target_content_f1,4770,0.294057182667916,0.30745893803315555,0.004451720949033778,0.19478319783197828,0.0,0.5555555555555556,0.0,1.0,0.2853318096078098,0.30278255572802215
TOFU,full_inference,system_content_precision,4770,0.529581016156945,0.3403602768432866,0.004928101893329253,0.5714285714285714,0.2352941176470588,0.8333333333333334,0.0,1.0,0.5199219364460196,0.5392400958678704
TOFU,full_inference,system_content_recall,4770,0.5511041841309964,0.3182918596629025,0.0046085716311667696,0.5789473684210527,0.4166666666666667,0.8333333333333334,0.0,1.0,0.5420713837339095,0.5601369845280832
TOFU,full_inference,system_content_f1,4770,0.5156807858889827,0.3096398933123605,0.004483299163566919,0.5555555555555556,0.3076923076923076,0.7586206896551724,0.0,1.0,0.5068935195283916,0.5244680522495738
TOFU,full_inference,target_positive_content,4770,0.42536687631027253,0.49445035216725863,0.0071591836135293865,0.0,0.0,1.0,0.0,1.0,0.41133487642775496,0.4393988761927901
TOFU,full_inference,system_positive_content,4770,0.7522012578616353,0.4317795851441979,0.006251768892613097,1.0,1.0,1.0,0.0,1.0,0.7399477908321136,0.764454724891157
TOFU,global_context,chain_length,675,4.0,0.0,0.0,4.0,4.0,4.0,4.0,4.0,4.0,4.0
TOFU,global_context,target_agent_position,675,2.0,0.0,0.0,2.0,2.0,2.0,2.0,2.0,2.0,2.0
TOFU,global_context,peer_evidence,675,1.0,0.0,0.0,1.0,1.0,1.0,1.0,1.0,1.0,1.0
TOFU,global_context,target_exact,675,0.02074074074074074,0.14262081467957585,0.0054894777164864565,0.0,0.0,0.0,0.0,1.0,0.009981364416427286,0.03150011706505419
TOFU,global_context,target_token_f1,675,0.48157425591569564,0.1723892759111491,0.006635266323513774,0.4305555555555555,0.350531914893617,0.5763403263403264,0.2051282051282051,1.0,0.46856913392160865,0.4945793779097826
TOFU,global_context,target_semantic,675,0.579947347022869,0.16372519873700672,0.00630178583759572,0.563544511795044,0.4488268345594406,0.6863143146038055,0.260869562625885,1.0,0.5675958467811814,0.5922988472645566
TOFU,global_context,target_positive,675,0.38222222222222224,0.4862907915299293,0.018717341292949392,0.0,0.0,1.0,0.0,1.0,0.34553623328804145,0.41890821115640303
TOFU,global_context,system_exact,675,0.016296296296296295,0.12670639875230671,0.0048769315618461566,0.0,0.0,0.0,0.0,1.0,0.006737510435077828,0.02585508215751476
TOFU,global_context,system_token_f1,675,0.48588421370448065,0.17346598126213494,0.0066767087317957455,0.4333333333333333,0.35609266298501036,0.584349593495935,0.2051282051282051,1.0,0.472797864590161,0.4989705628188003
TOFU,global_context,system_semantic,675,0.578883787923389,0.1629004376973022,0.006270040770376352,0.5590654015541077,0.4514002054929733,0.6878734827041626,0.260869562625885,1.0,0.5665945080134513,0.5911730678333267
TOFU,global_context,system_positive,675,0.38814814814814813,0.4876899845662907,0.018771196258028824,0.0,0.0,1.0,0.0,1.0,0.35135660348241166,0.4249396928138846
TOFU,global_context,target_content_precision,675,0.2749540895284977,0.3079485955085513,0.011852946967561952,0.1538461538461538,0.0,0.4166666666666667,0.0,1.0,0.2517223134720763,0.2981858655849191
TOFU,global_context,target_content_recall,675,0.2750600575512856,0.2640344323948505,0.010162690041233133,0.2142857142857142,0.0,0.4166666666666667,0.0,1.0,0.2551411850704687,0.2949789300321025
TOFU,global_context,target_content_f1,675,0.25679935500197953,0.2603915308946751,0.01002247469711596,0.1818181818181818,0.0,0.4,0.0,1.0,0.23715530459563225,0.2764434054083268
TOFU,global_context,system_content_precision,675,0.2799611420202775,0.31182099309383865,0.012001995620113611,0.1578947368421052,0.0,0.4615384615384615,0.0,1.0,0.2564372306048548,0.3034850534357002
TOFU,global_context,system_content_recall,675,0.27299808781212287,0.25877942902466544,0.009960424867208549,0.2142857142857142,0.0,0.4166666666666667,0.0,1.0,0.2534756550723941,0.2925205205518516
TOFU,global_context,system_content_f1,675,0.2589343315460211,0.26154753693973587,0.010066969390536007,0.1818181818181818,0.0,0.44315245478036175,0.0,1.0,0.23920307154057052,0.27866559155147164
TOFU,global_context,target_positive_content,675,0.35703703703703704,0.4794811644408177,0.018455238624084085,0.0,0.0,1.0,0.0,1.0,0.32086476933383223,0.39320930474024185
TOFU,global_context,system_positive_content,675,0.36592592592592593,0.4820460477288485,0.018553961027869725,0.0,0.0,1.0,0.0,1.0,0.32956016231130125,0.4022916895405506
TOFU,none,chain_length,1305,4.0,0.0,0.0,4.0,4.0,4.0,4.0,4.0,4.0,4.0
TOFU,none,target_agent_position,1305,2.0,0.0,0.0,2.0,2.0,2.0,2.0,2.0,2.0,2.0
TOFU,none,peer_evidence,1305,1.0,0.0,0.0,1.0,1.0,1.0,1.0,1.0,1.0,1.0
TOFU,none,target_exact,1305,0.21302681992337164,0.409603414417197,0.011338570700002146,0.0,0.0,0.0,0.0,1.0,0.19080322135136743,0.23525041849537584
TOFU,none,target_token_f1,1305,0.7607495014571779,0.19205716716575044,0.005316493202209899,0.7234042553191489,0.6153846153846153,0.9491525423728816,0.2352941176470588,1.0,0.7503291747808465,0.7711698281335093
TOFU,none,target_semantic,1305,0.8189230064094295,0.15204183220177664,0.004208795637679452,0.8061496019363403,0.7003009915351868,0.9655172228813172,0.3042555451393127,1.0,0.8106737669595778,0.8271722458592812
TOFU,none,target_positive,1305,0.9088122605363985,0.28798626389660015,0.007971985825526317,1.0,1.0,1.0,0.0,1.0,0.893187168318367,0.9244373527544301
TOFU,none,system_exact,1305,0.18697318007662836,0.39003946636601394,0.010797004882087433,0.0,0.0,0.0,0.0,1.0,0.16581105050773698,0.20813530964551974
TOFU,none,system_token_f1,1305,0.7640759861550022,0.18754516323139653,0.0051915926915997715,0.7352941176470588,0.6176470588235293,0.9491525423728816,0.2352941176470588,1.0,0.7539004644794666,0.7742515078305378
TOFU,none,system_semantic,1305,0.8210234964030912,0.14789870353673487,0.004094106268318059,0.8118500709533691,0.7027642130851746,0.9534626007080078,0.3931785523891449,1.0,0.8129990481171878,0.8290479446889947
TOFU,none,system_positive,1305,0.9126436781609195,0.28246474793671433,0.007819140178056717,1.0,1.0,1.0,0.0,1.0,0.8973181634119284,0.9279691929099106
TOFU,none,target_content_precision,1305,0.696562286443383,0.30246703103418277,0.008372839910723255,0.8333333333333334,0.4166666666666667,1.0,0.0,1.0,0.6801515202183654,0.7129730526684006
TOFU,none,target_content_recall,1305,0.7264535546459321,0.26551528440153194,0.007349948067209153,0.8,0.5,1.0,0.0,1.0,0.7120476564342021,0.7408594528576621
TOFU,none,target_content_f1,1305,0.6872525067595603,0.27361840217838024,0.007574257168572399,0.6666666666666666,0.48,0.972972972972973,0.0,1.0,0.6724069627091583,0.7020980508099622
TOFU,none,system_content_precision,1305,0.7038361342738285,0.2952927636889621,0.008174243085962301,0.8333333333333334,0.45,1.0,0.0,1.0,0.6878146178253424,0.7198576507223147
TOFU,none,system_content_recall,1305,0.7264948141862843,0.25654353239033445,0.00710159358357627,0.7894736842105263,0.5,1.0,0.0,1.0,0.7125756907624747,0.7404139376100938
TOFU,none,system_content_f1,1305,0.691506363685937,0.26627993072977846,0.007371114874291698,0.6666666666666666,0.5,0.9583333333333334,0.0,1.0,0.6770589785323252,0.7059537488395488
TOFU,none,target_positive_content,1305,0.9049808429118774,0.29335381456919063,0.00812056943260783,1.0,1.0,1.0,0.0,1.0,0.8890645268239661,0.9208971589997887
TOFU,none,system_positive_content,1305,0.9103448275862069,0.28579662750125956,0.007911372690474226,1.0,1.0,1.0,0.0,1.0,0.8948385371128774,0.9258511180595365
TOFU,parameter_only,chain_length,900,4.0,0.0,0.0,4.0,4.0,4.0,4.0,4.0,4.0,4.0
TOFU,parameter_only,target_agent_position,900,2.0,0.0,0.0,2.0,2.0,2.0,2.0,2.0,2.0,2.0
TOFU,parameter_only,peer_evidence,900,1.0,0.0,0.0,1.0,1.0,1.0,1.0,1.0,1.0,1.0
TOFU,parameter_only,target_exact,900,0.14444444444444443,0.35173528545904326,0.011724509515301441,0.0,0.0,0.0,0.0,1.0,0.12146440579445361,0.16742448309443525
TOFU,parameter_only,target_token_f1,900,0.7497974872931683,0.16910625031203375,0.005636875010401125,0.7234042553191489,0.625,0.9295774647887324,0.3166666666666666,1.0,0.7387492122727821,0.7608457623135545
TOFU,parameter_only,target_semantic,900,0.8171549004647467,0.13026135087639923,0.004342045029213307,0.8061496019363403,0.7158894836902618,0.9486833214759828,0.437880277633667,1.0,0.8086444922074886,0.8256653087220048
TOFU,parameter_only,target_positive,900,0.9533333333333334,0.21104117127542593,0.007034705709180865,1.0,1.0,1.0,0.0,1.0,0.9395453101433389,0.9671213565233279
TOFU,parameter_only,system_exact,900,0.09444444444444444,0.2926086541720084,0.009753621805733612,0.0,0.0,0.0,0.0,1.0,0.07532734570520656,0.11356154318368232
TOFU,parameter_only,system_token_f1,900,0.7529808626103919,0.15773882750694818,0.0052579609168982725,0.7234042553191489,0.6329113924050633,0.9295774647887324,0.320754716981132,1.0,0.7426752592132713,0.7632864660075125
TOFU,parameter_only,system_semantic,900,0.8150739616486762,0.12508627885057294,0.004169542628352432,0.8061496019363403,0.7209644317626953,0.9484718739986421,0.4694855213165283,1.0,0.8069016580971055,0.8232462652002469
TOFU,parameter_only,system_positive,900,0.9566666666666667,0.20371958305616672,0.006790652768538891,1.0,1.0,1.0,0.0,1.0,0.9433569872403305,0.9699763460930029
TOFU,parameter_only,target_content_precision,900,0.6822460177967707,0.2709979977258584,0.009033266590861948,0.7692307692307693,0.4166666666666667,0.9615384615384616,0.0357142857142857,1.0,0.6645408152786814,0.6999512203148601
TOFU,parameter_only,target_content_recall,900,0.7430367686894003,0.22223867989461912,0.007407955996487304,0.7272727272727273,0.5714285714285714,0.9473684210526316,0.1,1.0,0.7285171749362852,0.7575563624425153
TOFU,parameter_only,target_content_f1,900,0.6848424082667885,0.23433188845404138,0.007811062948468046,0.6363636363636364,0.48,0.9285714285714286,0.0526315789473684,1.0,0.6695327248877911,0.700152091645786
TOFU,parameter_only,system_content_precision,900,0.6934155146047394,0.2613760124018968,0.008712533746729893,0.7692307692307693,0.4444444444444444,0.9285714285714286,0.1025641025641025,1.0,0.6763389484611488,0.7104920807483299
TOFU,parameter_only,system_content_recall,900,0.7269866332497912,0.21290756802346064,0.007096918934115354,0.72,0.5714285714285714,0.9285714285714286,0.2,1.0,0.7130766721389251,0.7408965943606572
TOFU,parameter_only,system_content_f1,900,0.685554473454768,0.22601063351701667,0.007533687783900555,0.6363636363636364,0.5333333333333333,0.9166666666666666,0.1509433962264151,1.0,0.6707884453983229,0.7003205015112132
TOFU,parameter_only,target_positive_content,900,0.9633333333333334,0.18804657080625298,0.0062682190268751,1.0,1.0,1.0,0.0,1.0,0.9510476240406582,0.9756190426260085
TOFU,parameter_only,system_positive_content,900,0.9577777777777777,0.20120757674184772,0.006706919224728257,1.0,1.0,1.0,0.0,1.0,0.9446322160973103,0.9709233394582452
TOFU,parameter_plus_comm,chain_length,900,4.0,0.0,0.0,4.0,4.0,4.0,4.0,4.0,4.0,4.0
TOFU,parameter_plus_comm,target_agent_position,900,2.0,0.0,0.0,2.0,2.0,2.0,2.0,2.0,2.0,2.0
TOFU,parameter_plus_comm,peer_evidence,900,1.0,0.0,0.0,1.0,1.0,1.0,1.0,1.0,1.0,1.0
TOFU,parameter_plus_comm,target_exact,900,0.19,0.392519031654958,0.013083967721831933,0.0,0.0,0.0,0.0,1.0,0.1643554232652094,0.2156445767347906
TOFU,parameter_plus_comm,target_token_f1,900,0.762517852090606,0.1771041842983093,0.005903472809943643,0.7234042553191489,0.6223855285472017,0.9473684210526316,0.2926829268292683,1.0,0.7509470453831164,0.7740886587980955
TOFU,parameter_plus_comm,target_semantic,900,0.8236817108591398,0.1398366377316134,0.004661221257720447,0.8132359385490417,0.7126789391040802,0.9486833214759828,0.2453582435846328,1.0,0.8145457171940077,0.8328177045242718
TOFU,parameter_plus_comm,target_positive,900,0.9511111111111111,0.2157556214719835,0.007191854049066116,1.0,1.0,1.0,0.0,1.0,0.9370150771749416,0.9652071450472807
TOFU,parameter_plus_comm,system_exact,900,0.09666666666666666,0.2956676425290899,0.009855588084302997,0.0,0.0,0.0,0.0,1.0,0.07734971402143279,0.11598361931190054
TOFU,parameter_plus_comm,system_token_f1,900,0.752546119326241,0.15961076818049963,0.005320358939349987,0.7234042553191489,0.6325782811459028,0.9295774647887324,0.320754716981132,1.0,0.7421182158051151,0.762974022847367
TOFU,parameter_plus_comm,system_semantic,900,0.8164634034699864,0.12594075945484767,0.004198025315161589,0.8061496019363403,0.7196395844221115,0.9486833214759828,0.437880277633667,1.0,0.8082352738522697,0.824691533087703
TOFU,parameter_plus_comm,system_positive,900,0.9544444444444444,0.20863511698193812,0.006954503899397937,1.0,1.0,1.0,0.0,1.0,0.9408136168016245,0.9680752720872644
TOFU,parameter_plus_comm,target_content_precision,900,0.6950659141273006,0.280477639850362,0.009349254661678734,0.7692307692307693,0.4166666666666667,1.0,0.0,1.0,0.6767413749904102,0.7133904532641909
TOFU,parameter_plus_comm,target_content_recall,900,0.7552950862003492,0.23819008415261017,0.007939669471753672,0.8333333333333334,0.5714285714285714,1.0,0.0,1.0,0.7397333340357121,0.7708568383649864
TOFU,parameter_plus_comm,target_content_f1,900,0.6988553674993995,0.24930540227215706,0.008310180075738569,0.6666666666666666,0.48,0.972972972972973,0.0,1.0,0.6825674145509519,0.715143320447847
TOFU,parameter_plus_comm,system_content_precision,900,0.6922544808381367,0.2636652837649949,0.008788842792166495,0.7692307692307693,0.4427083333333333,0.9285714285714286,0.1025641025641025,1.0,0.6750283489654904,0.709480612710783
TOFU,parameter_plus_comm,system_content_recall,900,0.7333159464317359,0.2136621866763188,0.007122072889210627,0.7272727272727273,0.5714285714285714,0.9285714285714286,0.2,1.0,0.719356683568883,0.7472752092945888
TOFU,parameter_plus_comm,system_content_f1,900,0.6869401694807056,0.2281488504686576,0.007604961682288586,0.6363636363636364,0.5333333333333333,0.923076923076923,0.1509433962264151,1.0,0.67203444458342,0.7018458943779912
TOFU,parameter_plus_comm,target_positive_content,900,0.9577777777777777,0.20120757674184772,0.006706919224728257,1.0,1.0,1.0,0.0,1.0,0.9446322160973103,0.9709233394582452
TOFU,parameter_plus_comm,system_positive_content,900,0.9566666666666667,0.20371958305616672,0.006790652768538891,1.0,1.0,1.0,0.0,1.0,0.9433569872403305,0.9699763460930029
TOFU,target_context,chain_length,675,4.0,0.0,0.0,4.0,4.0,4.0,4.0,4.0,4.0,4.0
TOFU,target_context,target_agent_position,675,2.0,0.0,0.0,2.0,2.0,2.0,2.0,2.0,2.0,2.0
TOFU,target_context,peer_evidence,675,1.0,0.0,0.0,1.0,1.0,1.0,1.0,1.0,1.0,1.0
TOFU,target_context,target_exact,675,0.02074074074074074,0.14262081467957585,0.0054894777164864565,0.0,0.0,0.0,0.0,1.0,0.009981364416427286,0.03150011706505419
TOFU,target_context,target_token_f1,675,0.5913187101461339,0.18490052975619453,0.007116824708536221,0.59375,0.43266666666666664,0.7234042553191489,0.2153846153846154,1.0,0.577369733717403,0.6052676865748648
TOFU,target_context,target_semantic,675,0.681157182013547,0.16572032961255342,0.0063785784608000815,0.6885303854942322,0.5693489015102386,0.8061496019363403,0.2610066533088684,1.0,0.6686551682303788,0.6936591957967152
TOFU,target_context,target_positive,675,0.6696296296296296,0.4706952484622474,0.018117068560397086,1.0,0.0,1.0,0.0,1.0,0.6341201752512513,0.7051390840080078
TOFU,target_context,system_exact,675,0.05333333333333334,0.22486395491404257,0.008655017660044423,0.0,0.0,0.0,0.0,1.0,0.03636949871964627,0.0702971679470204
TOFU,target_context,system_token_f1,675,0.6584215449263712,0.1869718193903054,0.007196548683724461,0.6571428571428573,0.5309311224489797,0.7665403672398718,0.2153846153846154,1.0,0.6443163095062713,0.6725267803464711
TOFU,target_context,system_semantic,675,0.740010341891536,0.16056397108530038,0.00618011012855023,0.7613869905471802,0.6389151215553284,0.848628580570221,0.2610066533088684,1.0,0.7278973260395776,0.7521233577434945
TOFU,target_context,system_positive,675,0.8074074074074075,0.3946281782321698,0.015189245662143655,1.0,1.0,1.0,0.0,1.0,0.7776364859096059,0.837178328905209
TOFU,target_context,target_content_precision,675,0.45364416101997584,0.3213055556353227,0.012367056602545055,0.4166666666666667,0.1666666666666666,0.75,0.0,1.0,0.42940473007898755,0.47788359196096414
TOFU,target_context,target_content_recall,675,0.4931928406875775,0.3062153836624052,0.01178623561249961,0.4285714285714285,0.2857142857142857,0.7368421052631579,0.0,1.0,0.4700918188870783,0.5162938624880767
TOFU,target_context,target_content_f1,675,0.44464195502490533,0.2853095642616323,0.010981570248588549,0.4444444444444445,0.21778656126482215,0.625,0.0,1.0,0.42311807733767176,0.4661658327121389
TOFU,target_context,system_content_precision,675,0.5584043994142354,0.31687482171106,0.012196517574286345,0.56,0.29814814814814816,0.8333333333333334,0.0,1.0,0.5344992249686341,0.5823095738598366
TOFU,target_context,system_content_recall,675,0.6144242154207067,0.2965544667431958,0.011414386746904667,0.6,0.4166666666666667,0.9090909090909092,0.0,1.0,0.5920520173967735,0.6367964134446399
TOFU,target_context,system_content_f1,675,0.5527548095582043,0.2807262015946746,0.010805156537284435,0.5555555555555556,0.3636363636363636,0.7841614906832297,0.0,1.0,0.5315767027451268,0.5739329163712819
TOFU,target_context,target_positive_content,675,0.674074074074074,0.4690673496217273,0.018054410704811237,1.0,0.0,1.0,0.0,1.0,0.638687429092644,0.7094607190555041
TOFU,target_context,system_positive_content,675,0.802962962962963,0.39805550004842827,0.015321163340358076,1.0,1.0,1.0,0.0,1.0,0.7729334828158612,0.8329924431100648
TOFU,target_context_comm,chain_length,1215,4.0,0.0,0.0,4.0,4.0,4.0,4.0,4.0,4.0,4.0
TOFU,target_context_comm,target_agent_position,1215,2.0,0.0,0.0,2.0,2.0,2.0,2.0,2.0,2.0,2.0
TOFU,target_context_comm,peer_evidence,1215,1.0,0.0,0.0,1.0,1.0,1.0,1.0,1.0,1.0,1.0
TOFU,target_context_comm,target_exact,1215,0.012345679012345678,0.1104685796786719,0.0031692071805532102,0.0,0.0,0.0,0.0,1.0,0.006134032938461386,0.01855732508622997
TOFU,target_context_comm,target_token_f1,1215,0.5359203926437329,0.18443528213922683,0.005291220564283643,0.52,0.38913470993117016,0.6571428571428573,0.12,1.0,0.525549600337737,0.5462911849497288
TOFU,target_context_comm,target_semantic,1215,0.6311973215621195,0.16797526234146712,0.004819002915728327,0.6390096545219421,0.4949505925178528,0.7634644508361816,0.2610066533088684,1.0,0.621752075847292,0.640642567276947
TOFU,target_context_comm,target_positive,1215,0.5415637860082304,0.4984746327329414,0.014300621859863265,1.0,0.0,1.0,0.0,1.0,0.5135345671628984,0.5695930048535625
TOFU,target_context_comm,system_exact,1215,0.03786008230452675,0.19093638204507044,0.005477729095152998,0.0,0.0,0.0,0.0,1.0,0.02712373327802687,0.048596431331026625
TOFU,target_context_comm,system_token_f1,1215,0.6711564118279585,0.16976482047216557,0.004870343129337698,0.6774193548387097,0.5751128304319792,0.7536231884057972,0.2153846153846154,1.0,0.6616105392944566,0.6807022843614604
TOFU,target_context_comm,system_semantic,1215,0.7538003411803226,0.14260985446600677,0.004091300676680797,0.7699905037879944,0.6772185266017914,0.8379038870334625,0.2610066533088684,1.0,0.7457813918540283,0.7618192905066169
TOFU,target_context_comm,system_positive,1215,0.8674897119341564,0.3391843152153969,0.009730779289807402,1.0,1.0,1.0,0.0,1.0,0.8484173845261338,0.8865620393421789
TOFU,target_context_comm,target_content_precision,1215,0.3611597209200182,0.31227639069456437,0.008958824152398582,0.2857142857142857,0.1034482758620689,0.5714285714285714,0.0,1.0,0.343600425581317,0.3787190162587194
TOFU,target_context_comm,target_content_recall,1215,0.407071505925307,0.29954589614932786,0.008593601979341654,0.4166666666666667,0.1666666666666666,0.5789473684210527,0.0,1.0,0.39022804604579736,0.42391496580481663
TOFU,target_context_comm,target_content_f1,1215,0.36099378642519614,0.28109089291602024,0.008064150718772733,0.3404255319148936,0.1276595744680851,0.5555555555555556,0.0,1.0,0.3451880510164016,0.3767995218339907
TOFU,target_context_comm,system_content_precision,1215,0.5769129251005015,0.29003422031031795,0.00832072374142307,0.5714285714285714,0.3541666666666667,0.8333333333333334,0.0,1.0,0.5606043065673123,0.5932215436336907
TOFU,target_context_comm,system_content_recall,1215,0.6373784367390605,0.25786893801326605,0.007397941499478313,0.6363636363636364,0.42261904761904756,0.8571428571428571,0.0,1.0,0.622878471400083,0.6518784020780379
TOFU,target_context_comm,system_content_f1,1215,0.5737203909427858,0.24909883246383022,0.007146337997719451,0.5660377358490566,0.4137931034482758,0.7391304347826089,0.0,1.0,0.5597135684672557,0.5877272134183159
TOFU,target_context_comm,target_positive_content,1215,0.5358024691358024,0.4989218958401788,0.014313453286275883,1.0,0.0,1.0,0.0,1.0,0.5077481006947017,0.5638568375769032
TOFU,target_context_comm,system_positive_content,1215,0.8683127572016461,0.3382896718824839,0.009705113076998752,1.0,1.0,1.0,0.0,1.0,0.8492907355707285,0.8873347788325637
TOFU,target_context_memory,chain_length,4770,3.990566037735849,0.5230231875424743,0.007572891832997134,4.0,4.0,4.0,1.0,8.0,3.9757231697431745,4.005408905728523
TOFU,target_context_memory,target_agent_position,4770,2.018867924528302,0.237190997864396,0.003434306190185603,2.0,2.0,2.0,1.0,4.0,2.0121366843955384,2.025599164661066
TOFU,target_context_memory,peer_evidence,4770,0.9363207547169812,0.21737531970621582,0.0031473935047376064,1.0,1.0,1.0,0.0,1.0,0.9301518634476955,0.9424896459862668
TOFU,target_context_memory,target_exact,4770,0.031446540880503145,0.17453951569453038,0.002527170696100437,0.0,0.0,0.0,0.0,1.0,0.026493286316146288,0.03639979544486
TOFU,target_context_memory,target_token_f1,4770,0.5788823985899892,0.20236760965793352,0.0029300957489905985,0.5866666666666667,0.4147491946617579,0.7234042553191489,0.1538461538461538,1.0,0.5731394109219676,0.5846253862580109
TOFU,target_context_memory,target_semantic,4770,0.6640644823948793,0.19095677341322548,0.0027648773979434002,0.6961721777915955,0.5126463919878006,0.8061496019363403,0.2144225090742111,1.0,0.6586453226949102,0.6694836420948483
TOFU,target_context_memory,target_positive,4770,0.6406708595387841,0.47985412555222845,0.006947843757174431,1.0,0.0,1.0,0.0,1.0,0.6270530857747222,0.654288633302846
TOFU,target_context_memory,system_exact,4770,0.04129979035639413,0.1990035679756925,0.002881387537981816,0.0,0.0,0.0,0.0,1.0,0.035652270781949776,0.04694730993083849
TOFU,target_context_memory,system_token_f1,4770,0.6432400140140229,0.19836350731135405,0.002872120051772712,0.6575342465753424,0.5106382978723405,0.7536231884057972,0.1538461538461538,1.0,0.6376106587125483,0.6488693693154974
TOFU,target_context_memory,system_semantic,4770,0.7190899716295787,0.1804699648275748,0.0026130381124508635,0.7559390664100647,0.6141968816518784,0.837435781955719,0.2144225090742111,1.0,0.713968416929175,0.7242115263299823
TOFU,target_context_memory,system_positive,4770,0.7704402515723271,0.42059381368067933,0.006089809271358307,1.0,1.0,1.0,0.0,1.0,0.7585042254004648,0.7823762777441894
TOFU,target_context_memory,target_content_precision,4770,0.4328631707806878,0.3356319364468443,0.004859639899244258,0.4,0.12082027168234065,0.75,0.0,1.0,0.4233382765781691,0.44238806498320654
TOFU,target_context_memory,target_content_recall,4770,0.46941375642269384,0.32376785676468683,0.004687859002582308,0.48,0.1666666666666666,0.7142857142857143,0.0,1.0,0.4602255527776325,0.4786019600677552
TOFU,target_context_memory,target_content_f1,4770,0.4284029040992374,0.30760444552903343,0.004453827762944555,0.44897959183673464,0.1379310344827586,0.6382978723404255,0.0,1.0,0.4196734016838661,0.4371324065146088
TOFU,target_context_memory,system_content_precision,4770,0.5386074034601331,0.332419610521422,0.004813128392020536,0.5714285714285714,0.2608695652173913,0.8333333333333334,0.0,1.0,0.5291736718117729,0.5480411351084934
TOFU,target_context_memory,system_content_recall,4770,0.5547395943642219,0.3079637146475004,0.004459029647369355,0.5789473684210527,0.4166666666666667,0.8181818181818182,0.0,1.0,0.545999896255378,0.5634792924730658
TOFU,target_context_memory,system_content_f1,4770,0.5225281019578104,0.299755507547974,0.004340182403139854,0.5555555555555556,0.3333333333333333,0.75,0.0,1.0,0.5140213444476563,0.5310348594679645
TOFU,target_context_memory,target_positive_content,4770,0.6505241090146751,0.4768544468694337,0.00690441118527396,1.0,0.0,1.0,0.0,1.0,0.6369914630915381,0.664056754937812
TOFU,target_context_memory,system_positive_content,4770,0.7670859538784067,0.422732252246393,0.00612077188321831,1.0,1.0,1.0,0.0,1.0,0.7550892409872988,0.7790826667695147
TOFU,target_memory,chain_length,675,4.0,0.0,0.0,4.0,4.0,4.0,4.0,4.0,4.0,4.0
TOFU,target_memory,target_agent_position,675,2.0,0.0,0.0,2.0,2.0,2.0,2.0,2.0,2.0,2.0
TOFU,target_memory,peer_evidence,675,1.0,0.0,0.0,1.0,1.0,1.0,1.0,1.0,1.0,1.0
TOFU,target_memory,target_exact,675,0.13185185185185186,0.3385805270120952,0.013031970560853234,0.0,0.0,0.0,0.0,1.0,0.10630918955257952,0.1573945141511242
TOFU,target_memory,target_token_f1,675,0.7286819023216755,0.17397137533570434,0.006696161358757221,0.7096774193548386,0.6092258748674444,0.8928571428571429,0.2441860465116278,1.0,0.7155574260585114,0.7418063785848397
TOFU,target_memory,target_semantic,675,0.7992471064020086,0.13538664266111483,0.0052110343056716215,0.8045379519462585,0.6970921754837036,0.9243915379047394,0.4504426121711731,1.0,0.7890334791628922,0.8094607336411249
TOFU,target_memory,target_positive,675,0.922962962962963,0.26684794366027675,0.01027098214033059,1.0,1.0,1.0,0.0,1.0,0.902831837967915,0.943094087958011
TOFU,target_memory,system_exact,675,0.10222222222222223,0.30316497322269875,0.01166882525993272,0.0,0.0,0.0,0.0,1.0,0.07935132471275409,0.12509311973169035
TOFU,target_memory,system_token_f1,675,0.7361019985410089,0.16813409728690573,0.0064714844219033165,0.7234042553191489,0.6153846153846153,0.89159891598916,0.2903225806451613,1.0,0.7234178890740783,0.7487861080079394
TOFU,target_memory,system_semantic,675,0.8013310275254426,0.13335175126250165,0.005132711299220889,0.8061496019363403,0.6933848857879639,0.9335336685180664,0.4170288145542145,1.0,0.7912709133789697,0.8113911416719155
TOFU,target_memory,system_positive,675,0.9303703703703704,0.25471053975333513,0.00980381324613486,1.0,1.0,1.0,0.0,1.0,0.9111548964079461,0.9495858443327947
TOFU,target_memory,target_content_precision,675,0.6625670974465623,0.28261454146114784,0.01087783877263309,0.7,0.4,0.9544534412955465,0.0,1.0,0.6412465334522014,0.6838876614409232
TOFU,target_memory,target_content_recall,675,0.7246141717931193,0.2365581419394953,0.009105127128517687,0.72,0.5,0.9473684210526316,0.0,1.0,0.7067681226212246,0.742460220965014
TOFU,target_memory,target_content_f1,675,0.6615256754119722,0.2418401824317283,0.009308432961855103,0.6181818181818182,0.4615384615384615,0.896551724137931,0.0,1.0,0.6432811468067362,0.6797702040172081
TOFU,target_memory,system_content_precision,675,0.6767083134560271,0.2764604764885787,0.010640968701398208,0.7368421052631579,0.4298029556650246,0.9544534412955465,0.0833333333333333,1.0,0.6558520148012866,0.6975646121107676
TOFU,target_memory,system_content_recall,675,0.7182588963992473,0.23060246364231202,0.008875892963978648,0.72,0.5,0.9473684210526316,0.1666666666666666,1.0,0.7008621461898492,0.7356556466086455
TOFU,target_memory,system_content_f1,675,0.6676838427715978,0.2383058842942488,0.00917239776311709,0.6274509803921569,0.4761904761904762,0.896551724137931,0.1379310344827586,1.0,0.6497059431558883,0.6856617423873073
TOFU,target_memory,target_positive_content,675,0.9362962962962963,0.24440547601747895,0.009407171158007339,1.0,1.0,1.0,0.0,1.0,0.917858240826602,0.9547343517659906
TOFU,target_memory,system_positive_content,675,0.9318518518518518,0.25218683075079934,0.00970667564133684,1.0,1.0,1.0,0.0,1.0,0.9128267675948316,0.950876936108872
TOFU,target_memory_comm,chain_length,675,4.0,0.0,0.0,4.0,4.0,4.0,4.0,4.0,4.0,4.0
TOFU,target_memory_comm,target_agent_position,675,2.0,0.0,0.0,2.0,2.0,2.0,2.0,2.0,2.0,2.0
TOFU,target_memory_comm,peer_evidence,675,1.0,0.0,0.0,1.0,1.0,1.0,1.0,1.0,1.0,1.0
TOFU,target_memory_comm,target_exact,675,0.16296296296296298,0.36960576092307906,0.014226132370865077,0.0,0.0,0.0,0.0,1.0,0.13507974351606744,0.1908461824098585
TOFU,target_memory_comm,target_token_f1,675,0.736992435069437,0.18328534894363163,0.00705465637007468,0.7234042553191489,0.6104336043360434,0.9295774647887324,0.26,1.0,0.7231653085840907,0.7508195615547834
TOFU,target_memory_comm,target_semantic,675,0.8096564125793951,0.13898187162154166,0.005349414732878339,0.8061496019363403,0.7048721611499786,0.9486833214759828,0.2211629301309585,1.0,0.7991715597029536,0.8201412654558367
TOFU,target_memory_comm,target_positive,675,0.9259259259259259,0.2620856098843496,0.010087679827830431,1.0,1.0,1.0,0.0,1.0,0.9061540734633783,0.9456977783884736
TOFU,target_memory_comm,system_exact,675,0.10222222222222223,0.30316497322269875,0.01166882525993272,0.0,0.0,0.0,0.0,1.0,0.07935132471275409,0.12509311973169035
TOFU,target_memory_comm,system_token_f1,675,0.7404289501179933,0.16762822320769,0.006452013319515899,0.7234042553191489,0.6153846153846154,0.9,0.2797202797202797,1.0,0.7277830040117421,0.7530748962242444
TOFU,target_memory_comm,system_semantic,675,0.8073915664796476,0.12973817885203107,0.004993624832292797,0.8061496019363403,0.6982972621917725,0.9393364191055298,0.4515308141708374,1.0,0.7976040618083537,0.8171790711509415
TOFU,target_memory_comm,system_positive,675,0.9333333333333333,0.24962880454656508,0.009608217166829589,1.0,1.0,1.0,0.0,1.0,0.9145012276863473,0.9521654389803194
TOFU,target_memory_comm,target_content_precision,675,0.6748701857184524,0.29131935083534044,0.011212887041662055,0.76,0.4,1.0,0.0,1.0,0.6528929271167947,0.69684744432011
TOFU,target_memory_comm,target_content_recall,675,0.7426179691653376,0.24537186565245922,0.009444367512400534,0.8181818181818182,0.5263157894736842,1.0,0.0,1.0,0.7241070088410326,0.7611289294896426
TOFU,target_memory_comm,target_content_f1,675,0.6737851689338787,0.2518326413030333,0.00969304288313605,0.6363636363636364,0.4615384615384615,0.9285714285714286,0.0,1.0,0.6547868048829321,0.6927835329848254
TOFU,target_memory_comm,system_content_precision,675,0.685446834252294,0.27463049409813356,0.010570532646349155,0.7692307692307693,0.43804824561403505,1.0,0.1034482758620689,1.0,0.6647285902654497,0.7061650782391383
TOFU,target_memory_comm,system_content_recall,675,0.7294738428562991,0.23017102679331164,0.00885928695191807,0.7272727272727273,0.5454545454545454,0.9473684210526316,0.2857142857142857,1.0,0.7121096404305397,0.7468380452820585
TOFU,target_memory_comm,system_content_f1,675,0.6767068297021186,0.2371328382268193,0.009127247198930273,0.6363636363636364,0.48,0.9154761904761906,0.1639344262295081,1.0,0.6588174251922153,0.6945962342120219
TOFU,target_memory_comm,target_positive_content,675,0.9362962962962963,0.24440547601747897,0.00940717115800734,1.0,1.0,1.0,0.0,1.0,0.917858240826602,0.9547343517659906
TOFU,target_memory_comm,system_positive_content,675,0.9437037037037037,0.23066392608371,0.008878258654451061,1.0,1.0,1.0,0.0,1.0,0.9263023167409796,0.9611050906664278
WMDP,full_inference,chain_length,60,4.0,0.0,0.0,4.0,4.0,4.0,4.0,4.0,4.0,4.0
WMDP,full_inference,target_agent_position,60,2.0,0.0,0.0,2.0,2.0,2.0,2.0,2.0,2.0,2.0
WMDP,full_inference,peer_evidence,60,1.0,0.0,0.0,1.0,1.0,1.0,1.0,1.0,1.0,1.0
WMDP,full_inference,target_exact,60,0.0,0.0,0.0,0.0,0.0,0.0,0.0,0.0,0.0,0.0
WMDP,full_inference,target_token_f1,60,0.0889732491316674,0.0927820454721399,0.01197811056468857,0.05309423347398025,0.0,0.15096153846153845,0.0,0.3529411764705882,0.0654961524248778,0.112450345838457
WMDP,full_inference,target_semantic,60,0.16226332038640975,0.15032418869946784,0.01940676931217267,0.1507556736469268,0.0,0.3333333432674408,0.0,0.4588314592838287,0.12422605253455132,0.20030058823826818
WMDP,full_inference,target_positive,60,0.0,0.0,0.0,0.0,0.0,0.0,0.0,0.0,0.0,0.0
WMDP,full_inference,system_exact,60,0.0,0.0,0.0,0.0,0.0,0.0,0.0,0.0,0.0,0.0
WMDP,full_inference,system_token_f1,60,0.11549496946128532,0.12113315266146338,0.01563822276438161,0.0517241379310344,0.0,0.2222222222222222,0.0,0.375,0.08484405284309736,0.14614588607947326
WMDP,full_inference,system_semantic,60,0.20365961492061616,0.17754995514314398,0.022921600646309017,0.2019097581505775,0.0,0.3333333432674408,0.0,0.6154574751853943,0.15873327765385048,0.24858595218738183
WMDP,full_inference,system_positive,60,0.0,0.0,0.0,0.0,0.0,0.0,0.0,0.0,0.0,0.0
WMDP,full_inference,target_content_precision,60,0.2641971949503533,0.3980807291311259,0.05139200114569854,0.054411764705882354,0.0,0.2857142857142857,0.0,1.0,0.16346887270478416,0.3649255171959225
WMDP,full_inference,target_content_recall,60,0.6166666666666667,0.49030141772790004,0.06329764084940143,1.0,0.0,1.0,0.0,1.0,0.4926032906018399,0.7407300427314935
WMDP,full_inference,target_content_f1,60,0.2973937812352071,0.39232603794341214,0.05064907370794581,0.10317460317460315,0.0,0.4444444444444445,0.0,1.0,0.1981215967676333,0.3966659657027809
WMDP,full_inference,system_content_precision,60,0.284008602445893,0.3832293568351897,0.04947469722668231,0.0526315789473684,0.0,0.6666666666666666,0.0,1.0,0.18703819588159565,0.38097900901019033
WMDP,full_inference,system_content_recall,60,0.65,0.48099473199130766,0.06209615288719448,1.0,0.0,1.0,0.0,1.0,0.5282915403410988,0.7717084596589012
WMDP,full_inference,system_content_f1,60,0.32832170570465435,0.39245555653567127,0.05066579448630727,0.1,0.0,0.8,0.0,1.0,0.22901674851149212,0.4276266628978166
WMDP,full_inference,target_positive_content,60,0.0,0.0,0.0,0.0,0.0,0.0,0.0,0.0,0.0,0.0
WMDP,full_inference,system_positive_content,60,0.03333333333333333,0.1810203347193925,0.023369624723103312,0.0,0.0,0.0,0.0,1.0,-0.01247113112394916,0.07913779779061583
WMDP,none,chain_length,60,4.0,0.0,0.0,4.0,4.0,4.0,4.0,4.0,4.0,4.0
WMDP,none,target_agent_position,60,2.0,0.0,0.0,2.0,2.0,2.0,2.0,2.0,2.0,2.0
WMDP,none,peer_evidence,60,1.0,0.0,0.0,1.0,1.0,1.0,1.0,1.0,1.0,1.0
WMDP,none,target_exact,60,0.0,0.0,0.0,0.0,0.0,0.0,0.0,0.0,0.0,0.0
WMDP,none,target_token_f1,60,0.19845763059385177,0.11531526859572486,0.014887137161155917,0.21637426900584789,0.0948660714285714,0.2222222222222222,0.0465116279069767,0.5454545454545454,0.1692788417579862,0.22763641942971735
WMDP,none,target_semantic,60,0.3060665746529897,0.11542776274717484,0.014901660093659634,0.3333333432674408,0.2272775620222091,0.3333333432674408,0.0686802789568901,0.6123724579811096,0.27685932086941684,0.33527382843656256
WMDP,none,target_positive,60,0.03333333333333333,0.1810203347193925,0.023369624723103312,0.0,0.0,0.0,0.0,1.0,-0.01247113112394916,0.07913779779061583
WMDP,none,system_exact,60,0.0,0.0,0.0,0.0,0.0,0.0,0.0,0.0,0.0,0.0
WMDP,none,system_token_f1,60,0.19992474243609618,0.1145279656131779,0.014785496783161791,0.2222222222222222,0.0948660714285714,0.2222222222222222,0.0465116279069767,0.5454545454545454,0.17094516874109905,0.2289043161310933
WMDP,none,system_semantic,60,0.30851248477896054,0.11503258416788437,0.014850642758447304,0.3333333432674408,0.2272775620222091,0.3333333432674408,0.0686802789568901,0.6123724579811096,0.27940522497240383,0.33761974458551725
WMDP,none,system_positive,60,0.03333333333333333,0.1810203347193925,0.023369624723103312,0.0,0.0,0.0,0.0,1.0,-0.01247113112394916,0.07913779779061583
WMDP,none,target_content_precision,60,0.5216817716668422,0.40827978127556797,0.05270869311578272,0.45,0.10964912280701752,1.0,0.0416666666666666,1.0,0.41837273315990803,0.6249908101737762
WMDP,none,target_content_recall,60,1.0,0.0,0.0,1.0,1.0,1.0,1.0,1.0,1.0,1.0
WMDP,none,target_content_f1,60,0.5873590876125842,0.37561870965866584,0.04849216690106439,0.6190476190476191,0.19761904761904756,1.0,0.0799999999999999,1.0,0.492314440486498,0.6824037347386703
WMDP,none,system_content_precision,60,0.537396057381128,0.4119456733757799,0.05318195775088652,0.6666666666666666,0.10964912280701752,1.0,0.0416666666666666,1.0,0.43315942018939035,0.6416326945728655
WMDP,none,system_content_recall,60,1.0,0.0,0.0,1.0,1.0,1.0,1.0,1.0,1.0,1.0
WMDP,none,system_content_f1,60,0.599747042794657,0.379842351358723,0.04903743669988668,0.8,0.19761904761904756,1.0,0.0799999999999999,1.0,0.503633666862879,0.6958604187264349
WMDP,none,target_positive_content,60,0.05,0.21978417765108274,0.02837401532675119,0.0,0.0,0.0,0.0,1.0,-0.005613070040432329,0.10561307004043233
WMDP,none,system_positive_content,60,0.05,0.21978417765108274,0.02837401532675119,0.0,0.0,0.0,0.0,1.0,-0.005613070040432329,0.10561307004043233
WMDP,target_context_memory,chain_length,60,4.0,0.0,0.0,4.0,4.0,4.0,4.0,4.0,4.0,4.0
WMDP,target_context_memory,target_agent_position,60,2.0,0.0,0.0,2.0,2.0,2.0,2.0,2.0,2.0,2.0
WMDP,target_context_memory,peer_evidence,60,1.0,0.0,0.0,1.0,1.0,1.0,1.0,1.0,1.0,1.0
WMDP,target_context_memory,target_exact,60,0.0,0.0,0.0,0.0,0.0,0.0,0.0,0.0,0.0,0.0
WMDP,target_context_memory,target_token_f1,60,0.0964463892250777,0.09684317332334266,0.012502399915839483,0.0561974789915966,0.0,0.2222222222222222,0.0,0.3529411764705882,0.07194168539003232,0.12095109306012308
WMDP,target_context_memory,target_semantic,60,0.16552624454100925,0.1516137388338484,0.019573249518657854,0.14204043895006174,0.0,0.3333333432674408,0.0,0.4588314592838287,0.12716267548443985,0.20388981359757866
WMDP,target_context_memory,target_positive,60,0.0,0.0,0.0,0.0,0.0,0.0,0.0,0.0,0.0,0.0
WMDP,target_context_memory,system_exact,60,0.0,0.0,0.0,0.0,0.0,0.0,0.0,0.0,0.0,0.0
WMDP,target_context_memory,system_token_f1,60,0.11729507482457299,0.12049823440038838,0.015556255169336728,0.0571428571428571,0.0,0.2222222222222222,0.0,0.375,0.08680481469267301,0.14778533495647297
WMDP,target_context_memory,system_semantic,60,0.20740259202818076,0.17591224647312792,0.022710173366145295,0.2019097581505775,0.0,0.3333333432674408,0.0,0.6154574751853943,0.16289065223053598,0.2519145318258255
WMDP,target_context_memory,system_positive,60,0.0,0.0,0.0,0.0,0.0,0.0,0.0,0.0,0.0,0.0
WMDP,target_context_memory,target_content_precision,60,0.3052482327173317,0.4282590498873583,0.055288005602545,0.0673400673400673,0.0,1.0,0.0,1.0,0.1968837417363435,0.4136127236983199
WMDP,target_context_memory,target_content_recall,60,0.6,0.49403218175557095,0.06377928041432807,1.0,0.0,1.0,0.0,1.0,0.47499261038791696,0.725007389612083
WMDP,target_context_memory,target_content_f1,60,0.33282307789866944,0.42035545786133216,0.05426765625947776,0.12610837438423644,0.0,1.0,0.0,1.0,0.22645847163009303,0.43918768416724585
WMDP,target_context_memory,system_content_precision,60,0.28704036895903956,0.3819840482987402,0.049313928585930346,0.0663157894736842,0.0,0.6666666666666666,0.0,1.0,0.19038506893061607,0.38369566898746305
WMDP,target_context_memory,system_content_recall,60,0.65,0.48099473199130766,0.06209615288719448,1.0,0.0,1.0,0.0,1.0,0.5282915403410988,0.7717084596589012
WMDP,target_context_memory,system_content_f1,60,0.3330935211500858,0.39108283575426245,0.050488576995460964,0.12407407407407406,0.0,0.8,0.0,1.0,0.23413591023898228,0.4320511320611893
WMDP,target_context_memory,target_positive_content,60,0.0,0.0,0.0,0.0,0.0,0.0,0.0,0.0,0.0,0.0
WMDP,target_context_memory,system_positive_content,60,0.03333333333333333,0.1810203347193925,0.023369624723103312,0.0,0.0,0.0,0.0,1.0,-0.01247113112394916,0.07913779779061583
