model_id,benchmark,intervention,metric,n,mean,std,sem,median,q25,q75,min,max,ci95_low,ci95_high
mistral_7b,MUSE-Books,communication,chain_length,50,4.0,0.0,0.0,4.0,4.0,4.0,4.0,4.0,4.0,4.0
mistral_7b,MUSE-Books,communication,target_agent_position,50,2.0,0.0,0.0,2.0,2.0,2.0,2.0,2.0,2.0,2.0
mistral_7b,MUSE-Books,communication,peer_evidence,50,1.0,0.0,0.0,1.0,1.0,1.0,1.0,1.0,1.0,1.0
mistral_7b,MUSE-Books,communication,target_exact,50,0.0,0.0,0.0,0.0,0.0,0.0,0.0,0.0,0.0,0.0
mistral_7b,MUSE-Books,communication,target_token_f1,50,0.25927272727272727,0.09688465879885381,0.013701559845922888,0.2857142857142857,0.1999999999999999,0.2857142857142857,0.0,0.3636363636363636,0.2324176699747184,0.2861277845707361
mistral_7b,MUSE-Books,communication,target_semantic,50,0.4691908490657806,0.16915686120921264,0.02392239272905318,0.48147425055503845,0.4082483053207397,0.5547001957893372,0.0,0.6396021246910095,0.42230295931683637,0.5160787388147249
mistral_7b,MUSE-Books,communication,target_positive,50,0.0,0.0,0.0,0.0,0.0,0.0,0.0,0.0,0.0,0.0
mistral_7b,MUSE-Books,communication,system_exact,50,0.0,0.0,0.0,0.0,0.0,0.0,0.0,0.0,0.0,0.0
mistral_7b,MUSE-Books,communication,system_token_f1,50,0.2625454545454545,0.0976027134141633,0.013803108103472414,0.2857142857142857,0.1999999999999999,0.3441558441558441,0.0,0.3636363636363636,0.23549136266264858,0.28959954642826047
mistral_7b,MUSE-Books,communication,system_semantic,50,0.4708888876438141,0.1704539035625589,0.024105822217760642,0.48147425055503845,0.4082483053207397,0.6183766424655914,0.0,0.6396021246910095,0.42364147609700326,0.518136299190625
mistral_7b,MUSE-Books,communication,system_positive,50,0.0,0.0,0.0,0.0,0.0,0.0,0.0,0.0,0.0,0.0
mistral_7b,MUSE-Books,communication,target_content_precision,50,0.7299999999999999,0.2835033503503335,0.04009342830436528,0.6666666666666666,0.6666666666666666,1.0,0.0,1.0,0.6514168805234439,0.8085831194765558
mistral_7b,MUSE-Books,communication,target_content_recall,50,0.92,0.27404751561786966,0.03875617133214439,1.0,1.0,1.0,0.0,1.0,0.844037904188997,0.995962095811003
mistral_7b,MUSE-Books,communication,target_content_f1,50,0.8026666666666665,0.26528895810515185,0.037517524250013354,0.8,0.8,1.0,0.0,1.0,0.7291323191366403,0.8762010141966927
mistral_7b,MUSE-Books,communication,system_content_precision,50,0.7299999999999999,0.2835033503503335,0.04009342830436528,0.6666666666666666,0.6666666666666666,1.0,0.0,1.0,0.6514168805234439,0.8085831194765558
mistral_7b,MUSE-Books,communication,system_content_recall,50,0.92,0.27404751561786966,0.03875617133214439,1.0,1.0,1.0,0.0,1.0,0.844037904188997,0.995962095811003
mistral_7b,MUSE-Books,communication,system_content_f1,50,0.8026666666666665,0.26528895810515185,0.037517524250013354,0.8,0.8,1.0,0.0,1.0,0.7291323191366403,0.8762010141966927
mistral_7b,MUSE-Books,communication,target_positive_content,50,0.5,0.5050762722761054,0.07142857142857142,0.5,0.0,1.0,0.0,1.0,0.36,0.64
mistral_7b,MUSE-Books,communication,system_positive_content,50,0.5,0.5050762722761054,0.07142857142857142,0.5,0.0,1.0,0.0,1.0,0.36,0.64
mistral_7b,MUSE-Books,full_inference,chain_length,50,4.0,0.0,0.0,4.0,4.0,4.0,4.0,4.0,4.0,4.0
mistral_7b,MUSE-Books,full_inference,target_agent_position,50,2.0,0.0,0.0,2.0,2.0,2.0,2.0,2.0,2.0,2.0
mistral_7b,MUSE-Books,full_inference,peer_evidence,50,1.0,0.0,0.0,1.0,1.0,1.0,1.0,1.0,1.0,1.0
mistral_7b,MUSE-Books,full_inference,target_exact,50,0.0,0.0,0.0,0.0,0.0,0.0,0.0,0.0,0.0,0.0
mistral_7b,MUSE-Books,full_inference,target_token_f1,50,0.11555709484677446,0.10976548981393755,0.01552318443753963,0.077037037037037,0.022759828107591876,0.2597402597402597,0.0,0.2857142857142857,0.08513165334919678,0.14598253634435213
mistral_7b,MUSE-Books,full_inference,target_semantic,50,0.31341023832559584,0.18259224620301479,0.025822443096447076,0.4082483053207397,0.25215453281998634,0.4472135901451111,0.0,0.4529108107089996,0.2627982498565596,0.3640222267946321
mistral_7b,MUSE-Books,full_inference,target_positive,50,0.0,0.0,0.0,0.0,0.0,0.0,0.0,0.0,0.0,0.0
mistral_7b,MUSE-Books,full_inference,system_exact,50,0.0,0.0,0.0,0.0,0.0,0.0,0.0,0.0,0.0,0.0
mistral_7b,MUSE-Books,full_inference,system_token_f1,50,0.20614940711462448,0.11891072763151125,0.016816516372813634,0.2428571428571428,0.10597826086956517,0.2857142857142857,0.0,0.3636363636363636,0.17318903502390975,0.2391097792053392
mistral_7b,MUSE-Books,full_inference,system_semantic,50,0.41858670055866243,0.20708361543045503,0.029286045748700383,0.4082483053207397,0.4082483053207397,0.5547001957893372,0.0,0.6666666865348816,0.3611860508912097,0.47598735022611516
mistral_7b,MUSE-Books,full_inference,system_positive,50,0.0,0.0,0.0,0.0,0.0,0.0,0.0,0.0,0.0,0.0
mistral_7b,MUSE-Books,full_inference,target_content_precision,50,0.1733333333333333,0.295391665128968,0.04177468990373581,0.0,0.0,0.5,0.0,0.6666666666666666,0.09145494112201112,0.2552117255446555
mistral_7b,MUSE-Books,full_inference,target_content_recall,50,0.26,0.4430874976934521,0.06266203485560375,0.0,0.0,0.75,0.0,1.0,0.13718241168301668,0.3828175883169833
mistral_7b,MUSE-Books,full_inference,target_content_f1,50,0.20800000000000005,0.35446999815476166,0.05012962788448299,0.0,0.0,0.6000000000000001,0.0,0.8,0.10974592934641339,0.3062540706535867
mistral_7b,MUSE-Books,full_inference,system_content_precision,50,0.5866666666666667,0.38721050190964046,0.054759834329390675,0.6666666666666666,0.125,1.0,0.0,1.0,0.47933739138106096,0.6939959419522724
mistral_7b,MUSE-Books,full_inference,system_content_recall,50,0.74,0.44308749769345207,0.06266203485560373,1.0,0.25,1.0,0.0,1.0,0.6171824116830167,0.8628175883169833
mistral_7b,MUSE-Books,full_inference,system_content_f1,50,0.6453333333333333,0.39987299571040397,0.05655058137604117,0.8,0.16666666666666666,1.0,0.0,1.0,0.5344941938362926,0.756172472830374
mistral_7b,MUSE-Books,full_inference,target_positive_content,50,0.0,0.0,0.0,0.0,0.0,0.0,0.0,0.0,0.0,0.0
mistral_7b,MUSE-Books,full_inference,system_positive_content,50,0.4,0.4948716593053935,0.06998542122237651,0.0,0.0,1.0,0.0,1.0,0.2628285744041421,0.537171425595858
mistral_7b,MUSE-Books,global_context,chain_length,50,4.0,0.0,0.0,4.0,4.0,4.0,4.0,4.0,4.0,4.0
mistral_7b,MUSE-Books,global_context,target_agent_position,50,2.0,0.0,0.0,2.0,2.0,2.0,2.0,2.0,2.0,2.0
mistral_7b,MUSE-Books,global_context,peer_evidence,50,1.0,0.0,0.0,1.0,1.0,1.0,1.0,1.0,1.0,1.0
mistral_7b,MUSE-Books,global_context,target_exact,50,0.0,0.0,0.0,0.0,0.0,0.0,0.0,0.0,0.0,0.0
mistral_7b,MUSE-Books,global_context,target_token_f1,50,0.13529977429977424,0.11079957909595414,0.01566942674627288,0.0999999999999999,0.074074074074074,0.2857142857142857,0.0,0.2857142857142857,0.1045876978770794,0.1660118507224691
mistral_7b,MUSE-Books,global_context,target_semantic,50,0.30789409548044205,0.15435150473587508,0.021828599137016954,0.3872983455657959,0.3015113472938537,0.4082483053207397,0.0,0.4529108107089996,0.26511004117188885,0.35067814978899525
mistral_7b,MUSE-Books,global_context,target_positive,50,0.0,0.0,0.0,0.0,0.0,0.0,0.0,0.0,0.0,0.0
mistral_7b,MUSE-Books,global_context,system_exact,50,0.0,0.0,0.0,0.0,0.0,0.0,0.0,0.0,0.0,0.0
mistral_7b,MUSE-Books,global_context,system_token_f1,50,0.13366341066341061,0.11070267378684139,0.01565572226603156,0.0999999999999999,0.074074074074074,0.2857142857142857,0.0,0.2857142857142857,0.10297819502198877,0.16434862630483246
mistral_7b,MUSE-Books,global_context,system_semantic,50,0.3092102771997452,0.1540035399498736,0.0217793894850578,0.3872983455657959,0.3015113472938537,0.4082483053207397,0.0,0.4529108107089996,0.26652267380903194,0.35189788059045846
mistral_7b,MUSE-Books,global_context,system_positive,50,0.0,0.0,0.0,0.0,0.0,0.0,0.0,0.0,0.0,0.0
mistral_7b,MUSE-Books,global_context,target_content_precision,50,0.21333333333333332,0.3141413809994408,0.04442630015120228,0.0,0.0,0.6666666666666666,0.0,0.6666666666666666,0.12625778503697685,0.3004088816296898
mistral_7b,MUSE-Books,global_context,target_content_recall,50,0.32,0.47121207149916117,0.06663945022680343,0.0,0.0,1.0,0.0,1.0,0.1893866775554653,0.4506133224445347
mistral_7b,MUSE-Books,global_context,target_content_f1,50,0.256,0.37696965719932896,0.053311560181442744,0.0,0.0,0.8,0.0,0.8,0.15150934204437222,0.3604906579556278
mistral_7b,MUSE-Books,global_context,system_content_precision,50,0.21333333333333332,0.3141413809994408,0.04442630015120228,0.0,0.0,0.6666666666666666,0.0,0.6666666666666666,0.12625778503697685,0.3004088816296898
mistral_7b,MUSE-Books,global_context,system_content_recall,50,0.32,0.47121207149916117,0.06663945022680343,0.0,0.0,1.0,0.0,1.0,0.1893866775554653,0.4506133224445347
mistral_7b,MUSE-Books,global_context,system_content_f1,50,0.256,0.37696965719932896,0.053311560181442744,0.0,0.0,0.8,0.0,0.8,0.15150934204437222,0.3604906579556278
mistral_7b,MUSE-Books,global_context,target_positive_content,50,0.0,0.0,0.0,0.0,0.0,0.0,0.0,0.0,0.0,0.0
mistral_7b,MUSE-Books,global_context,system_positive_content,50,0.0,0.0,0.0,0.0,0.0,0.0,0.0,0.0,0.0,0.0
mistral_7b,MUSE-Books,none,chain_length,50,4.0,0.0,0.0,4.0,4.0,4.0,4.0,4.0,4.0,4.0
mistral_7b,MUSE-Books,none,target_agent_position,50,2.0,0.0,0.0,2.0,2.0,2.0,2.0,2.0,2.0,2.0
mistral_7b,MUSE-Books,none,peer_evidence,50,1.0,0.0,0.0,1.0,1.0,1.0,1.0,1.0,1.0,1.0
mistral_7b,MUSE-Books,none,target_exact,50,0.0,0.0,0.0,0.0,0.0,0.0,0.0,0.0,0.0,0.0
mistral_7b,MUSE-Books,none,target_token_f1,50,0.2789090909090909,0.09948202113797572,0.014068882350561219,0.2857142857142857,0.2857142857142857,0.3636363636363636,0.0,0.3636363636363636,0.2513340815019909,0.3064841003161909
mistral_7b,MUSE-Books,none,target_semantic,50,0.4793790805339813,0.1765466386255922,0.02496746507356942,0.48147425055503845,0.4082483053207397,0.6396021246910095,0.0,0.6396021246910095,0.43044284898978524,0.5283153120781774
mistral_7b,MUSE-Books,none,target_positive,50,0.0,0.0,0.0,0.0,0.0,0.0,0.0,0.0,0.0,0.0
mistral_7b,MUSE-Books,none,system_exact,50,0.0,0.0,0.0,0.0,0.0,0.0,0.0,0.0,0.0,0.0
mistral_7b,MUSE-Books,none,system_token_f1,50,0.2789090909090909,0.09948202113797572,0.014068882350561219,0.2857142857142857,0.2857142857142857,0.3636363636363636,0.0,0.3636363636363636,0.2513340815019909,0.3064841003161909
mistral_7b,MUSE-Books,none,system_semantic,50,0.4793790805339813,0.1765466386255922,0.02496746507356942,0.48147425055503845,0.4082483053207397,0.6396021246910095,0.0,0.6396021246910095,0.43044284898978524,0.5283153120781774
mistral_7b,MUSE-Books,none,system_positive,50,0.0,0.0,0.0,0.0,0.0,0.0,0.0,0.0,0.0,0.0
mistral_7b,MUSE-Books,none,target_content_precision,50,0.7399999999999999,0.284042729371557,0.040169708017072654,0.6666666666666666,0.6666666666666666,1.0,0.0,1.0,0.6612673722865374,0.8187326277134623
mistral_7b,MUSE-Books,none,target_content_recall,50,0.92,0.27404751561786966,0.03875617133214439,1.0,1.0,1.0,0.0,1.0,0.844037904188997,0.995962095811003
mistral_7b,MUSE-Books,none,target_content_f1,50,0.8093333333333332,0.26598893469218754,0.03761651588828631,0.8,0.8,1.0,0.0,1.0,0.7356049621922921,0.8830617044743744
mistral_7b,MUSE-Books,none,system_content_precision,50,0.7399999999999999,0.284042729371557,0.040169708017072654,0.6666666666666666,0.6666666666666666,1.0,0.0,1.0,0.6612673722865374,0.8187326277134623
mistral_7b,MUSE-Books,none,system_content_recall,50,0.92,0.27404751561786966,0.03875617133214439,1.0,1.0,1.0,0.0,1.0,0.844037904188997,0.995962095811003
mistral_7b,MUSE-Books,none,system_content_f1,50,0.8093333333333332,0.26598893469218754,0.03761651588828631,0.8,0.8,1.0,0.0,1.0,0.7356049621922921,0.8830617044743744
mistral_7b,MUSE-Books,none,target_positive_content,50,0.5,0.5050762722761054,0.07142857142857142,0.5,0.0,1.0,0.0,1.0,0.36,0.64
mistral_7b,MUSE-Books,none,system_positive_content,50,0.5,0.5050762722761054,0.07142857142857142,0.5,0.0,1.0,0.0,1.0,0.36,0.64
mistral_7b,MUSE-Books,target_context,chain_length,50,4.0,0.0,0.0,4.0,4.0,4.0,4.0,4.0,4.0,4.0
mistral_7b,MUSE-Books,target_context,target_agent_position,50,2.0,0.0,0.0,2.0,2.0,2.0,2.0,2.0,2.0,2.0
mistral_7b,MUSE-Books,target_context,peer_evidence,50,1.0,0.0,0.0,1.0,1.0,1.0,1.0,1.0,1.0,1.0
mistral_7b,MUSE-Books,target_context,target_exact,50,0.0,0.0,0.0,0.0,0.0,0.0,0.0,0.0,0.0,0.0
mistral_7b,MUSE-Books,target_context,target_token_f1,50,0.2087884463001259,0.12016718950413938,0.016994206914901173,0.2857142857142857,0.0999999999999999,0.2857142857142857,0.0,0.3636363636363636,0.1754798007469196,0.24209709185333222
mistral_7b,MUSE-Books,target_context,target_semantic,50,0.4039273536205292,0.17969173527858714,0.025412248907733387,0.4082483053207397,0.3872983455657959,0.5477867126464844,0.0,0.6396021246910095,0.3541193457613717,0.4537353614796866
mistral_7b,MUSE-Books,target_context,target_positive,50,0.0,0.0,0.0,0.0,0.0,0.0,0.0,0.0,0.0,0.0
mistral_7b,MUSE-Books,target_context,system_exact,50,0.0,0.0,0.0,0.0,0.0,0.0,0.0,0.0,0.0,0.0
mistral_7b,MUSE-Books,target_context,system_token_f1,50,0.2278244348244348,0.10851187831393994,0.01534589699901528,0.2857142857142857,0.1999999999999999,0.2857142857142857,0.0,0.3636363636363636,0.19774647670636483,0.2579023929425047
mistral_7b,MUSE-Books,target_context,system_semantic,50,0.43374623656272887,0.17508751512700962,0.024761113849482146,0.4082483053207397,0.4082483053207397,0.5547001957893372,0.0,0.6396021246910095,0.38521445341774385,0.4822780197077139
mistral_7b,MUSE-Books,target_context,system_positive,50,0.0,0.0,0.0,0.0,0.0,0.0,0.0,0.0,0.0,0.0
mistral_7b,MUSE-Books,target_context,target_content_precision,50,0.4995238095238095,0.3916586542612405,0.05538889806770413,0.6666666666666666,0.0,0.6666666666666666,0.0,1.0,0.39096156931110937,0.6080860497365096
mistral_7b,MUSE-Books,target_context,target_content_recall,50,0.68,0.4712120714991613,0.06663945022680344,1.0,0.0,1.0,0.0,1.0,0.5493866775554653,0.8106133224445348
mistral_7b,MUSE-Books,target_context,target_content_f1,50,0.5613809523809523,0.4149156013796319,0.05867792707112643,0.8,0.0,0.8,0.0,1.0,0.44637221532154453,0.6763896894403602
mistral_7b,MUSE-Books,target_context,system_content_precision,50,0.58,0.3454268777775645,0.04885073753612251,0.6666666666666666,0.5,0.6666666666666666,0.0,1.0,0.48425255442919984,0.6757474455708001
mistral_7b,MUSE-Books,target_context,system_content_recall,50,0.8,0.4040610178208843,0.05714285714285715,1.0,1.0,1.0,0.0,1.0,0.6880000000000001,0.912
mistral_7b,MUSE-Books,target_context,system_content_f1,50,0.659047619047619,0.35787227101058927,0.05061078192604351,0.8,0.6666666666666666,0.8,0.0,1.0,0.5598504864725737,0.7582447516226642
mistral_7b,MUSE-Books,target_context,target_positive_content,50,0.26,0.4430874976934521,0.06266203485560375,0.0,0.0,0.75,0.0,1.0,0.13718241168301668,0.3828175883169833
mistral_7b,MUSE-Books,target_context,system_positive_content,50,0.38,0.49031435147801467,0.06934092056863769,0.0,0.0,1.0,0.0,1.0,0.24409179568547013,0.5159082043145299
mistral_7b,MUSE-Books,target_context_comm,chain_length,50,4.0,0.0,0.0,4.0,4.0,4.0,4.0,4.0,4.0,4.0
mistral_7b,MUSE-Books,target_context_comm,target_agent_position,50,2.0,0.0,0.0,2.0,2.0,2.0,2.0,2.0,2.0,2.0
mistral_7b,MUSE-Books,target_context_comm,peer_evidence,50,1.0,0.0,0.0,1.0,1.0,1.0,1.0,1.0,1.0,1.0
mistral_7b,MUSE-Books,target_context_comm,target_exact,50,0.0,0.0,0.0,0.0,0.0,0.0,0.0,0.0,0.0,0.0
mistral_7b,MUSE-Books,target_context_comm,target_token_f1,50,0.15093592721641497,0.11043386337732213,0.015617706733346639,0.0999999999999999,0.074074074074074,0.2857142857142857,0.0,0.2857142857142857,0.12032522201905556,0.1815466324137744
mistral_7b,MUSE-Books,target_context_comm,target_semantic,50,0.339425835609436,0.13519296170508213,0.019119171998071362,0.4082483053207397,0.3015113472938537,0.4082483053207397,0.0,0.4529108107089996,0.30195225849321616,0.37689941272565586
mistral_7b,MUSE-Books,target_context_comm,target_positive,50,0.0,0.0,0.0,0.0,0.0,0.0,0.0,0.0,0.0,0.0
mistral_7b,MUSE-Books,target_context_comm,system_exact,50,0.0,0.0,0.0,0.0,0.0,0.0,0.0,0.0,0.0,0.0
mistral_7b,MUSE-Books,target_context_comm,system_token_f1,50,0.2016344753890336,0.09248949042284914,0.013079989173296972,0.1999999999999999,0.1739130434782608,0.2857142857142857,0.0,0.2857142857142857,0.17599769660937153,0.22727125416869565
mistral_7b,MUSE-Books,target_context_comm,system_semantic,50,0.42438323140144346,0.16572284002223875,0.02343674879544368,0.4082483053207397,0.4082483053207397,0.5547001957893372,0.0,0.6488856673240662,0.37844720376237384,0.4703192590405131
mistral_7b,MUSE-Books,target_context_comm,system_positive,50,0.0,0.0,0.0,0.0,0.0,0.0,0.0,0.0,0.0,0.0
mistral_7b,MUSE-Books,target_context_comm,target_content_precision,50,0.2533333333333333,0.32687623431867646,0.046227280379091795,0.0,0.0,0.6666666666666666,0.0,0.6666666666666666,0.1627278637903134,0.3439388028763532
mistral_7b,MUSE-Books,target_context_comm,target_content_recall,50,0.38,0.49031435147801467,0.06934092056863769,0.0,0.0,1.0,0.0,1.0,0.24409179568547013,0.5159082043145299
mistral_7b,MUSE-Books,target_context_comm,target_content_f1,50,0.30400000000000005,0.39225148118241177,0.05547273645491016,0.0,0.0,0.8,0.0,0.8,0.19527343654837614,0.41272656345162395
mistral_7b,MUSE-Books,target_context_comm,system_content_precision,50,0.57,0.3402180173355431,0.048114093427960976,0.6666666666666666,0.5,0.6666666666666666,0.0,1.0,0.4756963768811964,0.6643036231188034
mistral_7b,MUSE-Books,target_context_comm,system_content_recall,50,0.8,0.4040610178208843,0.05714285714285715,1.0,1.0,1.0,0.0,1.0,0.6880000000000001,0.912
mistral_7b,MUSE-Books,target_context_comm,system_content_f1,50,0.6523809523809524,0.3544798678012404,0.0501310236632736,0.8,0.6666666666666666,0.8,0.0,1.0,0.5541241460009362,0.7506377587609686
mistral_7b,MUSE-Books,target_context_comm,target_positive_content,50,0.0,0.0,0.0,0.0,0.0,0.0,0.0,0.0,0.0,0.0
mistral_7b,MUSE-Books,target_context_comm,system_positive_content,50,0.38,0.49031435147801467,0.06934092056863769,0.0,0.0,1.0,0.0,1.0,0.24409179568547013,0.5159082043145299
mistral_7b,MUSE-Books,target_context_memory,chain_length,50,4.0,0.0,0.0,4.0,4.0,4.0,4.0,4.0,4.0,4.0
mistral_7b,MUSE-Books,target_context_memory,target_agent_position,50,2.0,0.0,0.0,2.0,2.0,2.0,2.0,2.0,2.0,2.0
mistral_7b,MUSE-Books,target_context_memory,peer_evidence,50,1.0,0.0,0.0,1.0,1.0,1.0,1.0,1.0,1.0,1.0
mistral_7b,MUSE-Books,target_context_memory,target_exact,50,0.0,0.0,0.0,0.0,0.0,0.0,0.0,0.0,0.0,0.0
mistral_7b,MUSE-Books,target_context_memory,target_token_f1,50,0.1751293156349057,0.1383372273730298,0.019563838313202932,0.1999999999999999,0.035204081632653025,0.2857142857142857,0.0,0.3636363636363636,0.13678419254102794,0.21347443872878344
mistral_7b,MUSE-Books,target_context_memory,target_semantic,50,0.36648379504680634,0.22576658130897073,0.03192821612177545,0.4082483053207397,0.3369969874620437,0.5529557913541794,0.0,0.6396021246910095,0.3039044914481265,0.4290630986454862
mistral_7b,MUSE-Books,target_context_memory,target_positive,50,0.0,0.0,0.0,0.0,0.0,0.0,0.0,0.0,0.0,0.0
mistral_7b,MUSE-Books,target_context_memory,system_exact,50,0.0,0.0,0.0,0.0,0.0,0.0,0.0,0.0,0.0,0.0
mistral_7b,MUSE-Books,target_context_memory,system_token_f1,50,0.21543756822887258,0.12378904771730072,0.017506415015505688,0.2857142857142857,0.10597826086956517,0.2857142857142857,0.0,0.3636363636363636,0.18112499479848143,0.24975014165926374
mistral_7b,MUSE-Books,target_context_memory,system_semantic,50,0.4150399881601334,0.20416560102189352,0.028873376193521604,0.4082483053207397,0.4082483053207397,0.5547001957893372,0.0,0.6396021246910095,0.358448170820831,0.47163180549943573
mistral_7b,MUSE-Books,target_context_memory,system_positive,50,0.0,0.0,0.0,0.0,0.0,0.0,0.0,0.0,0.0,0.0
mistral_7b,MUSE-Books,target_context_memory,target_content_precision,50,0.43285714285714283,0.4235667729455475,0.05990138748701986,0.5833333333333333,0.0,0.6666666666666666,0.0,1.0,0.3154504233825839,0.5502638623317018
mistral_7b,MUSE-Books,target_context_memory,target_content_recall,50,0.56,0.501426536422407,0.07091242083423346,1.0,0.0,1.0,0.0,1.0,0.42101165516490247,0.6989883448350976
mistral_7b,MUSE-Books,target_context_memory,target_content_f1,50,0.47633333333333333,0.4456655701908268,0.06302662936466058,0.7333333333333334,0.0,0.8,0.0,1.0,0.3528011397785986,0.599865526888068
mistral_7b,MUSE-Books,target_context_memory,system_content_precision,50,0.5561904761904761,0.3838495278016129,0.054284520812754936,0.6666666666666666,0.0357142857142857,1.0,0.0,1.0,0.44979281539747645,0.6625881369834759
mistral_7b,MUSE-Books,target_context_memory,system_content_recall,50,0.74,0.44308749769345207,0.06266203485560373,1.0,0.25,1.0,0.0,1.0,0.6171824116830167,0.8628175883169833
mistral_7b,MUSE-Books,target_context_memory,system_content_f1,50,0.6203333333333334,0.3971738311548169,0.056168861863882376,0.8,0.0625,1.0,0.0,1.0,0.5102423640801239,0.7304243025865429
mistral_7b,MUSE-Books,target_context_memory,target_positive_content,50,0.28,0.4535573676110727,0.06414269805898185,0.0,0.0,1.0,0.0,1.0,0.1542803118043956,0.40571968819560444
mistral_7b,MUSE-Books,target_context_memory,system_positive_content,50,0.38,0.49031435147801467,0.06934092056863769,0.0,0.0,1.0,0.0,1.0,0.24409179568547013,0.5159082043145299
mistral_7b,MUSE-Books,target_memory,chain_length,50,4.0,0.0,0.0,4.0,4.0,4.0,4.0,4.0,4.0,4.0
mistral_7b,MUSE-Books,target_memory,target_agent_position,50,2.0,0.0,0.0,2.0,2.0,2.0,2.0,2.0,2.0,2.0
mistral_7b,MUSE-Books,target_memory,peer_evidence,50,1.0,0.0,0.0,1.0,1.0,1.0,1.0,1.0,1.0,1.0
mistral_7b,MUSE-Books,target_memory,target_exact,50,0.0,0.0,0.0,0.0,0.0,0.0,0.0,0.0,0.0,0.0
mistral_7b,MUSE-Books,target_memory,target_token_f1,50,0.22943173899271457,0.14408962113990054,0.020377349641324836,0.2857142857142857,0.12317073170731697,0.3636363636363636,0.0,0.3636363636363636,0.18949213369571788,0.26937134428971127
mistral_7b,MUSE-Books,target_memory,target_semantic,50,0.40970823585987093,0.2539807082015339,0.03591829621197328,0.48147425055503845,0.24508146196603767,0.6396021246910095,0.0,0.6396021246910095,0.3393083752844033,0.4801080964353386
mistral_7b,MUSE-Books,target_memory,target_positive,50,0.0,0.0,0.0,0.0,0.0,0.0,0.0,0.0,0.0,0.0
mistral_7b,MUSE-Books,target_memory,system_exact,50,0.0,0.0,0.0,0.0,0.0,0.0,0.0,0.0,0.0,0.0
mistral_7b,MUSE-Books,target_memory,system_token_f1,50,0.24119480519480518,0.13607748047697663,0.01924426184241004,0.2857142857142857,0.1999999999999999,0.3636363636363636,0.0,0.3636363636363636,0.20347605198368152,0.27891355840592885
mistral_7b,MUSE-Books,target_memory,system_semantic,50,0.4264406880736351,0.23915996182619864,0.03382232615912418,0.48147425055503845,0.4082483053207397,0.6396021246910095,0.0,0.6396021246910095,0.36014892880175176,0.49273244734551847
mistral_7b,MUSE-Books,target_memory,system_positive,50,0.0,0.0,0.0,0.0,0.0,0.0,0.0,0.0,0.0,0.0
mistral_7b,MUSE-Books,target_memory,target_content_precision,50,0.6525,0.41184368525987547,0.05824349252722322,0.6666666666666666,0.21875,1.0,0.0,1.0,0.5383427546466425,0.7666572453533574
mistral_7b,MUSE-Books,target_memory,target_content_recall,50,0.76,0.43141911058689997,0.0610118757258932,1.0,1.0,1.0,0.0,1.0,0.6404167235772493,0.8795832764227507
mistral_7b,MUSE-Books,target_memory,target_content_f1,50,0.6897777777777777,0.4136487227225871,0.05849876337325906,0.8,0.3333333333333333,1.0,0.0,1.0,0.5751202015661899,0.8044353539893655
mistral_7b,MUSE-Books,target_memory,system_content_precision,50,0.6503030303030303,0.3809381146482579,0.053872784816040326,0.6666666666666666,0.5,1.0,0.0,1.0,0.5447123720635912,0.7558936885424693
mistral_7b,MUSE-Books,target_memory,system_content_recall,50,0.8,0.4040610178208843,0.05714285714285715,1.0,1.0,1.0,0.0,1.0,0.6880000000000001,0.912
mistral_7b,MUSE-Books,target_memory,system_content_f1,50,0.7034871794871794,0.3803259007651803,0.053786204698388185,0.8,0.6666666666666666,1.0,0.0,1.0,0.5980662182783386,0.8089081406960202
mistral_7b,MUSE-Books,target_memory,target_positive_content,50,0.5,0.5050762722761054,0.07142857142857142,0.5,0.0,1.0,0.0,1.0,0.36,0.64
mistral_7b,MUSE-Books,target_memory,system_positive_content,50,0.5,0.5050762722761054,0.07142857142857142,0.5,0.0,1.0,0.0,1.0,0.36,0.64
mistral_7b,MUSE-Books,target_memory_comm,chain_length,50,4.0,0.0,0.0,4.0,4.0,4.0,4.0,4.0,4.0,4.0
mistral_7b,MUSE-Books,target_memory_comm,target_agent_position,50,2.0,0.0,0.0,2.0,2.0,2.0,2.0,2.0,2.0,2.0
mistral_7b,MUSE-Books,target_memory_comm,peer_evidence,50,1.0,0.0,0.0,1.0,1.0,1.0,1.0,1.0,1.0,1.0
mistral_7b,MUSE-Books,target_memory_comm,target_exact,50,0.0,0.0,0.0,0.0,0.0,0.0,0.0,0.0,0.0,0.0
mistral_7b,MUSE-Books,target_memory_comm,target_token_f1,50,0.21150966107063662,0.13557907978945372,0.019173777341230942,0.2428571428571428,0.12317073170731697,0.2857142857142857,0.0,0.3636363636363636,0.17392905748182397,0.24909026465944928
mistral_7b,MUSE-Books,target_memory_comm,target_semantic,50,0.4017593342065811,0.2479169685632185,0.03506075392845278,0.48147425055503845,0.24508146196603767,0.6183766424655914,0.0,0.6666666865348816,0.3330402565068137,0.47047841190634854
mistral_7b,MUSE-Books,target_memory_comm,target_positive,50,0.0,0.0,0.0,0.0,0.0,0.0,0.0,0.0,0.0,0.0
mistral_7b,MUSE-Books,target_memory_comm,system_exact,50,0.0,0.0,0.0,0.0,0.0,0.0,0.0,0.0,0.0,0.0
mistral_7b,MUSE-Books,target_memory_comm,system_token_f1,50,0.22810389610389606,0.1313655645462796,0.018577896301014682,0.2857142857142857,0.1999999999999999,0.3636363636363636,0.0,0.3636363636363636,0.1916912193539073,0.26451657285388486
mistral_7b,MUSE-Books,target_memory_comm,system_semantic,50,0.4196485337615013,0.23406004047102102,0.033101088364371346,0.48147425055503845,0.4082483053207397,0.6396021246910095,0.0,0.6396021246910095,0.35477040056733344,0.48452666695566915
mistral_7b,MUSE-Books,target_memory_comm,system_positive,50,0.0,0.0,0.0,0.0,0.0,0.0,0.0,0.0,0.0,0.0
mistral_7b,MUSE-Books,target_memory_comm,target_content_precision,50,0.6525,0.41184368525987547,0.05824349252722322,0.6666666666666666,0.21875,1.0,0.0,1.0,0.5383427546466425,0.7666572453533574
mistral_7b,MUSE-Books,target_memory_comm,target_content_recall,50,0.76,0.43141911058689997,0.0610118757258932,1.0,1.0,1.0,0.0,1.0,0.6404167235772493,0.8795832764227507
mistral_7b,MUSE-Books,target_memory_comm,target_content_f1,50,0.6897777777777777,0.41364872272258707,0.058498763373259044,0.8,0.3333333333333333,1.0,0.0,1.0,0.57512020156619,0.8044353539893654
mistral_7b,MUSE-Books,target_memory_comm,system_content_precision,50,0.6403030303030303,0.3781232263969124,0.05347469950187858,0.6666666666666666,0.5,1.0,0.0,1.0,0.5354926192793482,0.7451134413267123
mistral_7b,MUSE-Books,target_memory_comm,system_content_recall,50,0.8,0.4040610178208843,0.05714285714285715,1.0,1.0,1.0,0.0,1.0,0.6880000000000001,0.912
mistral_7b,MUSE-Books,target_memory_comm,system_content_f1,50,0.6968205128205127,0.3779362710575421,0.05344826002422902,0.8,0.6666666666666666,1.0,0.0,1.0,0.5920619231730239,0.8015791024680016
mistral_7b,MUSE-Books,target_memory_comm,target_positive_content,50,0.5,0.5050762722761054,0.07142857142857142,0.5,0.0,1.0,0.0,1.0,0.36,0.64
mistral_7b,MUSE-Books,target_memory_comm,system_positive_content,50,0.5,0.5050762722761054,0.07142857142857142,0.5,0.0,1.0,0.0,1.0,0.36,0.64
mistral_7b,MUSE-News,communication,chain_length,50,4.0,0.0,0.0,4.0,4.0,4.0,4.0,4.0,4.0,4.0
mistral_7b,MUSE-News,communication,target_agent_position,50,2.0,0.0,0.0,2.0,2.0,2.0,2.0,2.0,2.0,2.0
mistral_7b,MUSE-News,communication,peer_evidence,50,1.0,0.0,0.0,1.0,1.0,1.0,1.0,1.0,1.0,1.0
mistral_7b,MUSE-News,communication,target_exact,50,0.0,0.0,0.0,0.0,0.0,0.0,0.0,0.0,0.0,0.0
mistral_7b,MUSE-News,communication,target_token_f1,50,0.22095441813088873,0.13349123588864,0.018878511625166072,0.22408963585434172,0.0909090909090909,0.3529411764705882,0.0571428571428571,0.3529411764705882,0.18395253534556322,0.25795630091621424
mistral_7b,MUSE-News,communication,target_semantic,50,0.3115362149477005,0.12293260217949659,0.017385295326006037,0.31456441432237625,0.1924500912427902,0.4330126941204071,0.1543033570051193,0.4330126941204071,0.2774610361087287,0.3456113937866723
mistral_7b,MUSE-News,communication,target_positive,50,0.0,0.0,0.0,0.0,0.0,0.0,0.0,0.0,0.0,0.0
mistral_7b,MUSE-News,communication,system_exact,50,0.0,0.0,0.0,0.0,0.0,0.0,0.0,0.0,0.0,0.0
mistral_7b,MUSE-News,communication,system_token_f1,50,0.22095441813088873,0.13349123588864,0.018878511625166072,0.22408963585434172,0.0909090909090909,0.3529411764705882,0.0571428571428571,0.3529411764705882,0.18395253534556322,0.25795630091621424
mistral_7b,MUSE-News,communication,system_semantic,50,0.3115362149477005,0.12293260217949659,0.017385295326006037,0.31456441432237625,0.1924500912427902,0.4330126941204071,0.1543033570051193,0.4330126941204071,0.2774610361087287,0.3456113937866723
mistral_7b,MUSE-News,communication,system_positive,50,0.0,0.0,0.0,0.0,0.0,0.0,0.0,0.0,0.0,0.0
mistral_7b,MUSE-News,communication,target_content_precision,50,0.6254848484848484,0.3803501105466252,0.05378962847851433,0.6666666666666666,0.25,1.0,0.0909090909090909,1.0,0.5200571766669604,0.7309125203027365
mistral_7b,MUSE-News,communication,target_content_recall,50,1.0,0.0,0.0,1.0,1.0,1.0,1.0,1.0,1.0,1.0
mistral_7b,MUSE-News,communication,target_content_f1,50,0.6989696969696969,0.30881286073865305,0.0436727335891837,0.75,0.4,1.0,0.1666666666666666,1.0,0.6133711391348968,0.784568254804497
mistral_7b,MUSE-News,communication,system_content_precision,50,0.6254848484848484,0.3803501105466252,0.05378962847851433,0.6666666666666666,0.25,1.0,0.0909090909090909,1.0,0.5200571766669604,0.7309125203027365
mistral_7b,MUSE-News,communication,system_content_recall,50,1.0,0.0,0.0,1.0,1.0,1.0,1.0,1.0,1.0,1.0
mistral_7b,MUSE-News,communication,system_content_f1,50,0.6989696969696969,0.30881286073865305,0.0436727335891837,0.75,0.4,1.0,0.1666666666666666,1.0,0.6133711391348968,0.784568254804497
mistral_7b,MUSE-News,communication,target_positive_content,50,0.0,0.0,0.0,0.0,0.0,0.0,0.0,0.0,0.0,0.0
mistral_7b,MUSE-News,communication,system_positive_content,50,0.0,0.0,0.0,0.0,0.0,0.0,0.0,0.0,0.0,0.0
mistral_7b,MUSE-News,full_inference,chain_length,50,4.0,0.0,0.0,4.0,4.0,4.0,4.0,4.0,4.0,4.0
mistral_7b,MUSE-News,full_inference,target_agent_position,50,2.0,0.0,0.0,2.0,2.0,2.0,2.0,2.0,2.0,2.0
mistral_7b,MUSE-News,full_inference,peer_evidence,50,1.0,0.0,0.0,1.0,1.0,1.0,1.0,1.0,1.0,1.0
mistral_7b,MUSE-News,full_inference,target_exact,50,0.0,0.0,0.0,0.0,0.0,0.0,0.0,0.0,0.0,0.0
mistral_7b,MUSE-News,full_inference,target_token_f1,50,0.12910757862673095,0.11745707066351273,0.01661093823289547,0.0909090909090909,0.0833333333333333,0.19571295433364397,0.0,0.3529411764705882,0.09655013969025583,0.16166501756320606
mistral_7b,MUSE-News,full_inference,target_semantic,50,0.21060888230800628,0.13729611471019781,0.019416602748429393,0.1924500912427902,0.1856953352689743,0.28565266728401184,0.0,0.4330126941204071,0.17255234092108468,0.2486654236949279
mistral_7b,MUSE-News,full_inference,target_positive,50,0.0,0.0,0.0,0.0,0.0,0.0,0.0,0.0,0.0,0.0
mistral_7b,MUSE-News,full_inference,system_exact,50,0.0,0.0,0.0,0.0,0.0,0.0,0.0,0.0,0.0,0.0
mistral_7b,MUSE-News,full_inference,system_token_f1,50,0.17837146942591586,0.1352524222921713,0.019127580994940177,0.0952380952380952,0.0909090909090909,0.3529411764705882,0.0,0.3529411764705882,0.14088141067583312,0.2158615281759986
mistral_7b,MUSE-News,full_inference,system_semantic,50,0.2631134730577469,0.14109076999132786,0.019953248044739875,0.1961161345243454,0.1924500912427902,0.4330126941204071,0.0,0.4330126941204071,0.22400510689005676,0.30222183922543705
mistral_7b,MUSE-News,full_inference,system_positive,50,0.0,0.0,0.0,0.0,0.0,0.0,0.0,0.0,0.0,0.0
mistral_7b,MUSE-News,full_inference,target_content_precision,50,0.3454457939721097,0.3238655063954938,0.045801499152933765,0.25,0.17499999999999996,0.46875,0.0,1.0,0.25567485563235953,0.4352167323118599
mistral_7b,MUSE-News,full_inference,target_content_recall,50,0.8,0.4040610178208843,0.05714285714285715,1.0,1.0,1.0,0.0,1.0,0.6880000000000001,0.912
mistral_7b,MUSE-News,full_inference,target_content_f1,50,0.43980439735702886,0.32111220833069704,0.04541212400648465,0.4,0.2976190476190476,0.6363636363636364,0.0,1.0,0.35079663430431895,0.5288121604097388
mistral_7b,MUSE-News,full_inference,system_content_precision,50,0.4983896103896104,0.38173936480452464,0.05398609869982493,0.3333333333333333,0.25,1.0,0.0,1.0,0.3925768569379535,0.6042023638412672
mistral_7b,MUSE-News,full_inference,system_content_recall,50,0.9,0.30304576336566325,0.04285714285714286,1.0,1.0,1.0,0.0,1.0,0.8160000000000001,0.984
mistral_7b,MUSE-News,full_inference,system_content_f1,50,0.5808900432900432,0.3436664415067041,0.04860177425112809,0.5,0.4,1.0,0.0,1.0,0.48563056575783214,0.6761495208222543
mistral_7b,MUSE-News,full_inference,target_positive_content,50,0.0,0.0,0.0,0.0,0.0,0.0,0.0,0.0,0.0,0.0
mistral_7b,MUSE-News,full_inference,system_positive_content,50,0.0,0.0,0.0,0.0,0.0,0.0,0.0,0.0,0.0,0.0
mistral_7b,MUSE-News,global_context,chain_length,50,4.0,0.0,0.0,4.0,4.0,4.0,4.0,4.0,4.0,4.0
mistral_7b,MUSE-News,global_context,target_agent_position,50,2.0,0.0,0.0,2.0,2.0,2.0,2.0,2.0,2.0,2.0
mistral_7b,MUSE-News,global_context,peer_evidence,50,1.0,0.0,0.0,1.0,1.0,1.0,1.0,1.0,1.0,1.0
mistral_7b,MUSE-News,global_context,target_exact,50,0.0,0.0,0.0,0.0,0.0,0.0,0.0,0.0,0.0,0.0
mistral_7b,MUSE-News,global_context,target_token_f1,50,0.04092958111343114,0.04391209218140655,0.006210107631512269,0.0136986301369863,0.0,0.0909090909090909,0.0,0.0952380952380952,0.028757770155667092,0.053101392071195186
mistral_7b,MUSE-News,global_context,target_semantic,50,0.09287201628088951,0.09529923051506392,0.01347734642781233,0.0601929277181625,0.0,0.1924500912427902,0.0,0.2223747968673706,0.06645641728237733,0.11928761527940168
mistral_7b,MUSE-News,global_context,target_positive,50,0.0,0.0,0.0,0.0,0.0,0.0,0.0,0.0,0.0,0.0
mistral_7b,MUSE-News,global_context,system_exact,50,0.0,0.0,0.0,0.0,0.0,0.0,0.0,0.0,0.0,0.0
mistral_7b,MUSE-News,global_context,system_token_f1,50,0.04092958111343114,0.04391209218140655,0.006210107631512269,0.0136986301369863,0.0,0.0909090909090909,0.0,0.0952380952380952,0.028757770155667092,0.053101392071195186
mistral_7b,MUSE-News,global_context,system_semantic,50,0.09287201628088951,0.09529923051506392,0.01347734642781233,0.0601929277181625,0.0,0.1924500912427902,0.0,0.2223747968673706,0.06645641728237733,0.11928761527940168
mistral_7b,MUSE-News,global_context,system_positive,50,0.0,0.0,0.0,0.0,0.0,0.0,0.0,0.0,0.0,0.0
mistral_7b,MUSE-News,global_context,target_content_precision,50,0.11511253561253561,0.13214186599427427,0.018687681904639077,0.0185185185185185,0.0,0.25,0.0,0.3333333333333333,0.07848467907944301,0.1517403921456282
mistral_7b,MUSE-News,global_context,target_content_recall,50,0.5,0.5050762722761054,0.07142857142857142,0.5,0.0,1.0,0.0,1.0,0.36,0.64
mistral_7b,MUSE-News,global_context,target_content_f1,50,0.1826279602750191,0.20546617590003682,0.029057305256676803,0.0357142857142857,0.0,0.4,0.0,0.5,0.12567564197193257,0.23958027857810563
mistral_7b,MUSE-News,global_context,system_content_precision,50,0.11511253561253561,0.13214186599427427,0.018687681904639077,0.0185185185185185,0.0,0.25,0.0,0.3333333333333333,0.07848467907944301,0.1517403921456282
mistral_7b,MUSE-News,global_context,system_content_recall,50,0.5,0.5050762722761054,0.07142857142857142,0.5,0.0,1.0,0.0,1.0,0.36,0.64
mistral_7b,MUSE-News,global_context,system_content_f1,50,0.1826279602750191,0.20546617590003682,0.029057305256676803,0.0357142857142857,0.0,0.4,0.0,0.5,0.12567564197193257,0.23958027857810563
mistral_7b,MUSE-News,global_context,target_positive_content,50,0.0,0.0,0.0,0.0,0.0,0.0,0.0,0.0,0.0,0.0
mistral_7b,MUSE-News,global_context,system_positive_content,50,0.0,0.0,0.0,0.0,0.0,0.0,0.0,0.0,0.0,0.0
mistral_7b,MUSE-News,none,chain_length,50,4.0,0.0,0.0,4.0,4.0,4.0,4.0,4.0,4.0,4.0
mistral_7b,MUSE-News,none,target_agent_position,50,2.0,0.0,0.0,2.0,2.0,2.0,2.0,2.0,2.0,2.0
mistral_7b,MUSE-News,none,peer_evidence,50,1.0,0.0,0.0,1.0,1.0,1.0,1.0,1.0,1.0,1.0
mistral_7b,MUSE-News,none,target_exact,50,0.0,0.0,0.0,0.0,0.0,0.0,0.0,0.0,0.0,0.0
mistral_7b,MUSE-News,none,target_token_f1,50,0.22095441813088873,0.13349123588864,0.018878511625166072,0.22408963585434172,0.0909090909090909,0.3529411764705882,0.0571428571428571,0.3529411764705882,0.18395253534556322,0.25795630091621424
mistral_7b,MUSE-News,none,target_semantic,50,0.3115362149477005,0.12293260217949659,0.017385295326006037,0.31456441432237625,0.1924500912427902,0.4330126941204071,0.1543033570051193,0.4330126941204071,0.2774610361087287,0.3456113937866723
mistral_7b,MUSE-News,none,target_positive,50,0.0,0.0,0.0,0.0,0.0,0.0,0.0,0.0,0.0,0.0
mistral_7b,MUSE-News,none,system_exact,50,0.0,0.0,0.0,0.0,0.0,0.0,0.0,0.0,0.0,0.0
mistral_7b,MUSE-News,none,system_token_f1,50,0.22095441813088873,0.13349123588864,0.018878511625166072,0.22408963585434172,0.0909090909090909,0.3529411764705882,0.0571428571428571,0.3529411764705882,0.18395253534556322,0.25795630091621424
mistral_7b,MUSE-News,none,system_semantic,50,0.3115362149477005,0.12293260217949659,0.017385295326006037,0.31456441432237625,0.1924500912427902,0.4330126941204071,0.1543033570051193,0.4330126941204071,0.2774610361087287,0.3456113937866723
mistral_7b,MUSE-News,none,system_positive,50,0.0,0.0,0.0,0.0,0.0,0.0,0.0,0.0,0.0,0.0
mistral_7b,MUSE-News,none,target_content_precision,50,0.6254848484848484,0.3803501105466252,0.05378962847851433,0.6666666666666666,0.25,1.0,0.0909090909090909,1.0,0.5200571766669604,0.7309125203027365
mistral_7b,MUSE-News,none,target_content_recall,50,1.0,0.0,0.0,1.0,1.0,1.0,1.0,1.0,1.0,1.0
mistral_7b,MUSE-News,none,target_content_f1,50,0.6989696969696969,0.30881286073865305,0.0436727335891837,0.75,0.4,1.0,0.1666666666666666,1.0,0.6133711391348968,0.784568254804497
mistral_7b,MUSE-News,none,system_content_precision,50,0.6254848484848484,0.3803501105466252,0.05378962847851433,0.6666666666666666,0.25,1.0,0.0909090909090909,1.0,0.5200571766669604,0.7309125203027365
mistral_7b,MUSE-News,none,system_content_recall,50,1.0,0.0,0.0,1.0,1.0,1.0,1.0,1.0,1.0,1.0
mistral_7b,MUSE-News,none,system_content_f1,50,0.6989696969696969,0.30881286073865305,0.0436727335891837,0.75,0.4,1.0,0.1666666666666666,1.0,0.6133711391348968,0.784568254804497
mistral_7b,MUSE-News,none,target_positive_content,50,0.0,0.0,0.0,0.0,0.0,0.0,0.0,0.0,0.0,0.0
mistral_7b,MUSE-News,none,system_positive_content,50,0.0,0.0,0.0,0.0,0.0,0.0,0.0,0.0,0.0,0.0
mistral_7b,MUSE-News,target_context,chain_length,50,4.0,0.0,0.0,4.0,4.0,4.0,4.0,4.0,4.0,4.0
mistral_7b,MUSE-News,target_context,target_agent_position,50,2.0,0.0,0.0,2.0,2.0,2.0,2.0,2.0,2.0,2.0
mistral_7b,MUSE-News,target_context,peer_evidence,50,1.0,0.0,0.0,1.0,1.0,1.0,1.0,1.0,1.0,1.0
mistral_7b,MUSE-News,target_context,target_exact,50,0.0,0.0,0.0,0.0,0.0,0.0,0.0,0.0,0.0,0.0
mistral_7b,MUSE-News,target_context,target_token_f1,50,0.1496442577030812,0.1387641705804106,0.01962421720062703,0.0909090909090909,0.0833333333333333,0.3529411764705882,0.0,0.3529411764705882,0.11118079198985223,0.18810772341631019
mistral_7b,MUSE-News,target_context,target_semantic,50,0.22384830430150032,0.15621274466421242,0.022091818211965455,0.1924500912427902,0.1856953352689743,0.4330126941204071,0.0,0.4330126941204071,0.18054834060604802,0.2671482679969526
mistral_7b,MUSE-News,target_context,target_positive,50,0.0,0.0,0.0,0.0,0.0,0.0,0.0,0.0,0.0,0.0
mistral_7b,MUSE-News,target_context,system_exact,50,0.0,0.0,0.0,0.0,0.0,0.0,0.0,0.0,0.0,0.0
mistral_7b,MUSE-News,target_context,system_token_f1,50,0.18455560023052286,0.14153781830200193,0.020016470223139,0.0909090909090909,0.0909090909090909,0.3529411764705882,0.0,0.3529411764705882,0.14532331859317044,0.2237878818678753
mistral_7b,MUSE-News,target_context,system_semantic,50,0.26800532937049865,0.14705021191740966,0.02079604040434385,0.1924500912427902,0.1924500912427902,0.4330126941204071,0.0,0.4330126941204071,0.22724509017798472,0.30876556856301257
mistral_7b,MUSE-News,target_context,system_positive,50,0.0,0.0,0.0,0.0,0.0,0.0,0.0,0.0,0.0,0.0
mistral_7b,MUSE-News,target_context,target_content_precision,50,0.42125,0.39624642784000425,0.056037707229322595,0.25,0.17499999999999996,1.0,0.0,1.0,0.3114160938305277,0.5310839061694723
mistral_7b,MUSE-News,target_context,target_content_recall,50,0.8,0.4040610178208843,0.05714285714285715,1.0,1.0,1.0,0.0,1.0,0.6880000000000001,0.912
mistral_7b,MUSE-News,target_context,target_content_f1,50,0.4930369238604533,0.3713319418944491,0.0525142668369468,0.4,0.2976190476190476,1.0,0.0,1.0,0.39010896086003755,0.595964886860869
mistral_7b,MUSE-News,target_context,system_content_precision,50,0.5205324675324675,0.4044159231878017,0.057193048341182495,0.25,0.25,1.0,0.0,1.0,0.4084340927837498,0.6326308422811852
mistral_7b,MUSE-News,target_context,system_content_recall,50,0.9,0.30304576336566325,0.04285714285714286,1.0,1.0,1.0,0.0,1.0,0.8160000000000001,0.984
mistral_7b,MUSE-News,target_context,system_content_f1,50,0.59176026272578,0.361046621122236,0.051059702824004655,0.4,0.4,1.0,0.0,1.0,0.49168324519073087,0.6918372802608291
mistral_7b,MUSE-News,target_context,target_positive_content,50,0.0,0.0,0.0,0.0,0.0,0.0,0.0,0.0,0.0,0.0
mistral_7b,MUSE-News,target_context,system_positive_content,50,0.0,0.0,0.0,0.0,0.0,0.0,0.0,0.0,0.0,0.0
mistral_7b,MUSE-News,target_context_comm,chain_length,50,4.0,0.0,0.0,4.0,4.0,4.0,4.0,4.0,4.0,4.0
mistral_7b,MUSE-News,target_context_comm,target_agent_position,50,2.0,0.0,0.0,2.0,2.0,2.0,2.0,2.0,2.0,2.0
mistral_7b,MUSE-News,target_context_comm,peer_evidence,50,1.0,0.0,0.0,1.0,1.0,1.0,1.0,1.0,1.0,1.0
mistral_7b,MUSE-News,target_context_comm,target_exact,50,0.0,0.0,0.0,0.0,0.0,0.0,0.0,0.0,0.0,0.0
mistral_7b,MUSE-News,target_context_comm,target_token_f1,50,0.1496442577030812,0.1387641705804106,0.01962421720062703,0.0909090909090909,0.0833333333333333,0.3529411764705882,0.0,0.3529411764705882,0.11118079198985223,0.18810772341631019
mistral_7b,MUSE-News,target_context_comm,target_semantic,50,0.22384830430150032,0.15621274466421242,0.022091818211965455,0.1924500912427902,0.1856953352689743,0.4330126941204071,0.0,0.4330126941204071,0.18054834060604802,0.2671482679969526
mistral_7b,MUSE-News,target_context_comm,target_positive,50,0.0,0.0,0.0,0.0,0.0,0.0,0.0,0.0,0.0,0.0
mistral_7b,MUSE-News,target_context_comm,system_exact,50,0.0,0.0,0.0,0.0,0.0,0.0,0.0,0.0,0.0,0.0
mistral_7b,MUSE-News,target_context_comm,system_token_f1,50,0.18455560023052286,0.14153781830200193,0.020016470223139,0.0909090909090909,0.0909090909090909,0.3529411764705882,0.0,0.3529411764705882,0.14532331859317044,0.2237878818678753
mistral_7b,MUSE-News,target_context_comm,system_semantic,50,0.26800532937049865,0.14705021191740966,0.02079604040434385,0.1924500912427902,0.1924500912427902,0.4330126941204071,0.0,0.4330126941204071,0.22724509017798472,0.30876556856301257
mistral_7b,MUSE-News,target_context_comm,system_positive,50,0.0,0.0,0.0,0.0,0.0,0.0,0.0,0.0,0.0,0.0
mistral_7b,MUSE-News,target_context_comm,target_content_precision,50,0.42125,0.39624642784000425,0.056037707229322595,0.25,0.17499999999999996,1.0,0.0,1.0,0.3114160938305277,0.5310839061694723
mistral_7b,MUSE-News,target_context_comm,target_content_recall,50,0.8,0.4040610178208843,0.05714285714285715,1.0,1.0,1.0,0.0,1.0,0.6880000000000001,0.912
mistral_7b,MUSE-News,target_context_comm,target_content_f1,50,0.4930369238604533,0.3713319418944491,0.0525142668369468,0.4,0.2976190476190476,1.0,0.0,1.0,0.39010896086003755,0.595964886860869
mistral_7b,MUSE-News,target_context_comm,system_content_precision,50,0.5205324675324675,0.4044159231878017,0.057193048341182495,0.25,0.25,1.0,0.0,1.0,0.4084340927837498,0.6326308422811852
mistral_7b,MUSE-News,target_context_comm,system_content_recall,50,0.9,0.30304576336566325,0.04285714285714286,1.0,1.0,1.0,0.0,1.0,0.8160000000000001,0.984
mistral_7b,MUSE-News,target_context_comm,system_content_f1,50,0.59176026272578,0.361046621122236,0.051059702824004655,0.4,0.4,1.0,0.0,1.0,0.49168324519073087,0.6918372802608291
mistral_7b,MUSE-News,target_context_comm,target_positive_content,50,0.0,0.0,0.0,0.0,0.0,0.0,0.0,0.0,0.0,0.0
mistral_7b,MUSE-News,target_context_comm,system_positive_content,50,0.0,0.0,0.0,0.0,0.0,0.0,0.0,0.0,0.0,0.0
mistral_7b,MUSE-News,target_context_memory,chain_length,50,4.0,0.0,0.0,4.0,4.0,4.0,4.0,4.0,4.0,4.0
mistral_7b,MUSE-News,target_context_memory,target_agent_position,50,2.0,0.0,0.0,2.0,2.0,2.0,2.0,2.0,2.0,2.0
mistral_7b,MUSE-News,target_context_memory,peer_evidence,50,1.0,0.0,0.0,1.0,1.0,1.0,1.0,1.0,1.0,1.0
mistral_7b,MUSE-News,target_context_memory,target_exact,50,0.0,0.0,0.0,0.0,0.0,0.0,0.0,0.0,0.0,0.0
mistral_7b,MUSE-News,target_context_memory,target_token_f1,50,0.12827424529339762,0.1182353361099013,0.016721001587836376,0.0909090909090909,0.0833333333333333,0.19571295433364397,0.0,0.3529411764705882,0.09550108218123832,0.16104740840555692
mistral_7b,MUSE-News,target_context_memory,target_semantic,50,0.20557932555675507,0.14034083441124648,0.019847191137914152,0.1924500912427902,0.1856953352689743,0.2852832078933716,0.0,0.4330126941204071,0.1666788309264433,0.24447982018706682
mistral_7b,MUSE-News,target_context_memory,target_positive,50,0.0,0.0,0.0,0.0,0.0,0.0,0.0,0.0,0.0,0.0
mistral_7b,MUSE-News,target_context_memory,system_exact,50,0.0,0.0,0.0,0.0,0.0,0.0,0.0,0.0,0.0,0.0
mistral_7b,MUSE-News,target_context_memory,system_token_f1,50,0.17837146942591586,0.1352524222921713,0.019127580994940177,0.0952380952380952,0.0909090909090909,0.3529411764705882,0.0,0.3529411764705882,0.14088141067583312,0.2158615281759986
mistral_7b,MUSE-News,target_context_memory,system_semantic,50,0.2631134730577469,0.14109076999132786,0.019953248044739875,0.1961161345243454,0.1924500912427902,0.4330126941204071,0.0,0.4330126941204071,0.22400510689005676,0.30222183922543705
mistral_7b,MUSE-News,target_context_memory,system_positive,50,0.0,0.0,0.0,0.0,0.0,0.0,0.0,0.0,0.0,0.0
mistral_7b,MUSE-News,target_context_memory,target_content_precision,50,0.3443931623931624,0.32492045104314904,0.04595069085576046,0.25,0.17499999999999996,0.46875,0.0,1.0,0.25432980831587193,0.4344565164704529
mistral_7b,MUSE-News,target_context_memory,target_content_recall,50,0.78,0.41845195759648024,0.05917804336345136,1.0,1.0,1.0,0.0,1.0,0.6640110350076354,0.8959889649923647
mistral_7b,MUSE-News,target_context_memory,target_content_f1,50,0.43780439735702886,0.32357380466119817,0.045760246298052906,0.4,0.2976190476190476,0.6363636363636364,0.0,1.0,0.34811431461284514,0.5274944801012126
mistral_7b,MUSE-News,target_context_memory,system_content_precision,50,0.4983896103896104,0.38173936480452464,0.05398609869982493,0.3333333333333333,0.25,1.0,0.0,1.0,0.3925768569379535,0.6042023638412672
mistral_7b,MUSE-News,target_context_memory,system_content_recall,50,0.9,0.30304576336566325,0.04285714285714286,1.0,1.0,1.0,0.0,1.0,0.8160000000000001,0.984
mistral_7b,MUSE-News,target_context_memory,system_content_f1,50,0.5808900432900432,0.3436664415067041,0.04860177425112809,0.5,0.4,1.0,0.0,1.0,0.48563056575783214,0.6761495208222543
mistral_7b,MUSE-News,target_context_memory,target_positive_content,50,0.0,0.0,0.0,0.0,0.0,0.0,0.0,0.0,0.0,0.0
mistral_7b,MUSE-News,target_context_memory,system_positive_content,50,0.0,0.0,0.0,0.0,0.0,0.0,0.0,0.0,0.0,0.0
mistral_7b,MUSE-News,target_memory,chain_length,50,4.0,0.0,0.0,4.0,4.0,4.0,4.0,4.0,4.0,4.0
mistral_7b,MUSE-News,target_memory,target_agent_position,50,2.0,0.0,0.0,2.0,2.0,2.0,2.0,2.0,2.0,2.0
mistral_7b,MUSE-News,target_memory,peer_evidence,50,1.0,0.0,0.0,1.0,1.0,1.0,1.0,1.0,1.0,1.0
mistral_7b,MUSE-News,target_memory,target_exact,50,0.0,0.0,0.0,0.0,0.0,0.0,0.0,0.0,0.0,0.0
mistral_7b,MUSE-News,target_memory,target_token_f1,50,0.21774552581374867,0.13052650730235615,0.01845923568761829,0.18306636155606404,0.0909090909090909,0.3529411764705882,0.0571428571428571,0.3529411764705882,0.18156542386601682,0.25392562776148053
mistral_7b,MUSE-News,target_memory,target_semantic,50,0.3089889678359032,0.11948140544818055,0.016897222403621553,0.28164495527744293,0.1924500912427902,0.4330126941204071,0.1543033570051193,0.4330126941204071,0.27587041192480494,0.34210752374700143
mistral_7b,MUSE-News,target_memory,target_positive,50,0.0,0.0,0.0,0.0,0.0,0.0,0.0,0.0,0.0,0.0
mistral_7b,MUSE-News,target_memory,system_exact,50,0.0,0.0,0.0,0.0,0.0,0.0,0.0,0.0,0.0,0.0
mistral_7b,MUSE-News,target_memory,system_token_f1,50,0.2209381941854452,0.1335800268867018,0.018891068568533637,0.2291021671826625,0.0909090909090909,0.3529411764705882,0.0571428571428571,0.3529411764705882,0.18391169979111927,0.2579646885797711
mistral_7b,MUSE-News,target_memory,system_semantic,50,0.3121317195892334,0.12256204891391126,0.017332891180628796,0.3283097445964813,0.1924500912427902,0.4330126941204071,0.1543033570051193,0.4330126941204071,0.278159252875201,0.34610418630326584
mistral_7b,MUSE-News,target_memory,system_positive,50,0.0,0.0,0.0,0.0,0.0,0.0,0.0,0.0,0.0,0.0
mistral_7b,MUSE-News,target_memory,target_content_precision,50,0.6148181818181818,0.3669487216114445,0.0518943858798374,0.5,0.25,1.0,0.0909090909090909,1.0,0.5131051854937005,0.7165311781426631
mistral_7b,MUSE-News,target_memory,target_content_recall,50,1.0,0.0,0.0,1.0,1.0,1.0,1.0,1.0,1.0,1.0
mistral_7b,MUSE-News,target_memory,target_content_f1,50,0.6957142857142855,0.2965272491003511,0.041935285729090166,0.6666666666666666,0.4,1.0,0.1666666666666666,1.0,0.6135211256852688,0.7779074457433022
mistral_7b,MUSE-News,target_memory,system_content_precision,50,0.6328181818181818,0.3764778802903725,0.05324201242401193,0.75,0.25,1.0,0.0909090909090909,1.0,0.5284638374671184,0.7371725261692452
mistral_7b,MUSE-News,target_memory,system_content_recall,50,1.0,0.0,0.0,1.0,1.0,1.0,1.0,1.0,1.0,1.0
mistral_7b,MUSE-News,target_memory,system_content_f1,50,0.7060173160173159,0.3070413704845977,0.043422207034894016,0.8333333333333333,0.4,1.0,0.1666666666666666,1.0,0.6209097902289236,0.7911248418057082
mistral_7b,MUSE-News,target_memory,target_positive_content,50,0.0,0.0,0.0,0.0,0.0,0.0,0.0,0.0,0.0,0.0
mistral_7b,MUSE-News,target_memory,system_positive_content,50,0.0,0.0,0.0,0.0,0.0,0.0,0.0,0.0,0.0,0.0
mistral_7b,MUSE-News,target_memory_comm,chain_length,50,4.0,0.0,0.0,4.0,4.0,4.0,4.0,4.0,4.0,4.0
mistral_7b,MUSE-News,target_memory_comm,target_agent_position,50,2.0,0.0,0.0,2.0,2.0,2.0,2.0,2.0,2.0,2.0
mistral_7b,MUSE-News,target_memory_comm,peer_evidence,50,1.0,0.0,0.0,1.0,1.0,1.0,1.0,1.0,1.0,1.0
mistral_7b,MUSE-News,target_memory_comm,target_exact,50,0.0,0.0,0.0,0.0,0.0,0.0,0.0,0.0,0.0,0.0
mistral_7b,MUSE-News,target_memory_comm,target_token_f1,50,0.21774552581374867,0.13052650730235615,0.01845923568761829,0.18306636155606404,0.0909090909090909,0.3529411764705882,0.0571428571428571,0.3529411764705882,0.18156542386601682,0.25392562776148053
mistral_7b,MUSE-News,target_memory_comm,target_semantic,50,0.3089889678359032,0.11948140544818055,0.016897222403621553,0.28164495527744293,0.1924500912427902,0.4330126941204071,0.1543033570051193,0.4330126941204071,0.27587041192480494,0.34210752374700143
mistral_7b,MUSE-News,target_memory_comm,target_positive,50,0.0,0.0,0.0,0.0,0.0,0.0,0.0,0.0,0.0,0.0
mistral_7b,MUSE-News,target_memory_comm,system_exact,50,0.0,0.0,0.0,0.0,0.0,0.0,0.0,0.0,0.0,0.0
mistral_7b,MUSE-News,target_memory_comm,system_token_f1,50,0.2209381941854452,0.1335800268867018,0.018891068568533637,0.2291021671826625,0.0909090909090909,0.3529411764705882,0.0571428571428571,0.3529411764705882,0.18391169979111927,0.2579646885797711
mistral_7b,MUSE-News,target_memory_comm,system_semantic,50,0.3121317195892334,0.12256204891391126,0.017332891180628796,0.3283097445964813,0.1924500912427902,0.4330126941204071,0.1543033570051193,0.4330126941204071,0.278159252875201,0.34610418630326584
mistral_7b,MUSE-News,target_memory_comm,system_positive,50,0.0,0.0,0.0,0.0,0.0,0.0,0.0,0.0,0.0,0.0
mistral_7b,MUSE-News,target_memory_comm,target_content_precision,50,0.6148181818181818,0.3669487216114445,0.0518943858798374,0.5,0.25,1.0,0.0909090909090909,1.0,0.5131051854937005,0.7165311781426631
mistral_7b,MUSE-News,target_memory_comm,target_content_recall,50,1.0,0.0,0.0,1.0,1.0,1.0,1.0,1.0,1.0,1.0
mistral_7b,MUSE-News,target_memory_comm,target_content_f1,50,0.6957142857142855,0.2965272491003511,0.041935285729090166,0.6666666666666666,0.4,1.0,0.1666666666666666,1.0,0.6135211256852688,0.7779074457433022
mistral_7b,MUSE-News,target_memory_comm,system_content_precision,50,0.6328181818181818,0.3764778802903725,0.05324201242401193,0.75,0.25,1.0,0.0909090909090909,1.0,0.5284638374671184,0.7371725261692452
mistral_7b,MUSE-News,target_memory_comm,system_content_recall,50,1.0,0.0,0.0,1.0,1.0,1.0,1.0,1.0,1.0,1.0
mistral_7b,MUSE-News,target_memory_comm,system_content_f1,50,0.7060173160173159,0.3070413704845977,0.043422207034894016,0.8333333333333333,0.4,1.0,0.1666666666666666,1.0,0.6209097902289236,0.7911248418057082
mistral_7b,MUSE-News,target_memory_comm,target_positive_content,50,0.0,0.0,0.0,0.0,0.0,0.0,0.0,0.0,0.0,0.0
mistral_7b,MUSE-News,target_memory_comm,system_positive_content,50,0.0,0.0,0.0,0.0,0.0,0.0,0.0,0.0,0.0,0.0
mistral_7b,RWKU,communication,chain_length,750,4.0,0.0,0.0,4.0,4.0,4.0,4.0,4.0,4.0,4.0
mistral_7b,RWKU,communication,target_agent_position,750,2.0,0.0,0.0,2.0,2.0,2.0,2.0,2.0,2.0,2.0
mistral_7b,RWKU,communication,peer_evidence,750,1.0,0.0,0.0,1.0,1.0,1.0,1.0,1.0,1.0,1.0
mistral_7b,RWKU,communication,target_exact,750,0.0,0.0,0.0,0.0,0.0,0.0,0.0,0.0,0.0,0.0
mistral_7b,RWKU,communication,target_token_f1,750,0.18265844095946546,0.1324782647315297,0.004837422264839993,0.1538461538461538,0.1052631578947368,0.2222222222222222,0.0,0.6666666666666666,0.17317709332037906,0.19213978859855185
mistral_7b,RWKU,communication,target_semantic,750,0.30593272276719413,0.1550367201871045,0.0056611405925395784,0.2886751294136047,0.2357022613286972,0.3535533845424652,0.0,0.794719398021698,0.2948368872058166,0.3170285583285717
mistral_7b,RWKU,communication,target_positive,750,0.02266666666666667,0.14893779073683183,0.005438439176769784,0.0,0.0,0.0,0.0,1.0,0.012007325880197891,0.033326007453135444
mistral_7b,RWKU,communication,system_exact,750,0.0,0.0,0.0,0.0,0.0,0.0,0.0,0.0,0.0,0.0
mistral_7b,RWKU,communication,system_token_f1,750,0.18215292760911064,0.11861937364407982,0.0043313671134664194,0.1538461538461538,0.1052631578947368,0.2352941176470588,0.0,0.6666666666666666,0.17366344806671646,0.19064240715150482
mistral_7b,RWKU,communication,system_semantic,750,0.3059280572036902,0.14399420172514063,0.005257924828987255,0.2886751294136047,0.2357022613286972,0.3535533845424652,0.0,0.794719398021698,0.29562252453887516,0.31623358986850525
mistral_7b,RWKU,communication,system_positive,750,0.005333333333333333,0.07288327323590095,0.0026613208544076995,0.0,0.0,0.0,0.0,1.0,0.00011714445869424189,0.010549522207972424
mistral_7b,RWKU,communication,target_content_precision,750,0.5289092937403205,0.41282225424034746,0.015074137392504733,0.5,0.12600806451612903,1.0,0.0,1.0,0.4993639844510112,0.5584546030296298
mistral_7b,RWKU,communication,target_content_recall,750,0.8433333333333334,0.3632696546803366,0.013264732288368834,1.0,1.0,1.0,0.0,1.0,0.8173344580481304,0.8693322086185363
mistral_7b,RWKU,communication,target_content_f1,750,0.5872223597577578,0.39366210880353925,0.014374507801783431,0.6666666666666666,0.2238095238095238,1.0,0.0,1.0,0.5590483244662623,0.6153963950492534
mistral_7b,RWKU,communication,system_content_precision,750,0.5205634979127798,0.4025105384333297,0.014697606768898985,0.5,0.1333333333333333,1.0,0.0,1.0,0.4917561886457378,0.5493708071798218
mistral_7b,RWKU,communication,system_content_recall,750,0.8573333333333333,0.3499659847416467,0.01277895094683391,1.0,1.0,1.0,0.0,1.0,0.8322865894775389,0.8823800771891277
mistral_7b,RWKU,communication,system_content_f1,750,0.5852295180854293,0.382096044009208,0.013952174829155327,0.6666666666666666,0.2352941176470588,1.0,0.0,1.0,0.5578832554202849,0.6125757807505737
mistral_7b,RWKU,communication,target_positive_content,750,0.12133333333333333,0.32673214424203334,0.011930571044226223,0.0,0.0,0.0,0.0,1.0,0.09794941408664994,0.14471725258001672
mistral_7b,RWKU,communication,system_positive_content,750,0.11466666666666667,0.3188318688112097,0.011642093773295158,0.0,0.0,0.0,0.0,1.0,0.09184816287100817,0.13748517046232517
mistral_7b,RWKU,full_inference,chain_length,750,4.0,0.0,0.0,4.0,4.0,4.0,4.0,4.0,4.0,4.0
mistral_7b,RWKU,full_inference,target_agent_position,750,2.0,0.0,0.0,2.0,2.0,2.0,2.0,2.0,2.0,2.0
mistral_7b,RWKU,full_inference,peer_evidence,750,1.0,0.0,0.0,1.0,1.0,1.0,1.0,1.0,1.0,1.0
mistral_7b,RWKU,full_inference,target_exact,750,0.004,0.06316105676857245,0.0023063157032007656,0.0,0.0,0.0,0.0,1.0,-0.0005203787782735005,0.0085203787782735
mistral_7b,RWKU,full_inference,target_token_f1,750,0.1708615140010965,0.14539921793350555,0.005309228767052711,0.1428571428571428,0.0799999999999999,0.1999999999999999,0.0,1.0,0.16045542561767318,0.18126760238451983
mistral_7b,RWKU,full_inference,target_semantic,750,0.2921659029672543,0.1642539633747319,0.005997706726664535,0.2773500978946686,0.2132007181644439,0.3535533845424652,0.0,1.0,0.2804103977829918,0.3039214081515168
mistral_7b,RWKU,full_inference,target_positive,750,0.03333333333333333,0.1796252837036489,0.006558987985516907,0.0,0.0,0.0,0.0,1.0,0.020477716881720197,0.04618894978494647
mistral_7b,RWKU,full_inference,system_exact,750,0.0026666666666666666,0.0516052939536337,0.0018843589056726758,0.0,0.0,0.0,0.0,1.0,-0.001026676788451778,0.006360010121785111
mistral_7b,RWKU,full_inference,system_token_f1,750,0.17977240047093368,0.1245395931309621,0.004547542964022892,0.1578947368421052,0.1052631578947368,0.2352941176470588,0.0,1.0,0.17085921626144882,0.18868558468041854
mistral_7b,RWKU,full_inference,system_semantic,750,0.3039167696138223,0.14965538016109742,0.005464641837749611,0.2913857698440552,0.2357022613286972,0.3535533845424652,0.0,1.0,0.29320607161183304,0.31462746761581156
mistral_7b,RWKU,full_inference,system_positive,750,0.017333333333333333,0.13059720413748116,0.0047687356435470295,0.0,0.0,0.0,0.0,1.0,0.007986611471981155,0.026680055194685512
mistral_7b,RWKU,full_inference,target_content_precision,750,0.48122711253967765,0.4002941300267324,0.014616674976836492,0.5,0.07208994708994705,1.0,0.0,1.0,0.4525784295850781,0.5098757954942772
mistral_7b,RWKU,full_inference,target_content_recall,750,0.8373333333333334,0.3638443795529419,0.013285718273507847,1.0,1.0,1.0,0.0,1.0,0.811293325517258,0.8633733411494088
mistral_7b,RWKU,full_inference,target_content_f1,750,0.5445983382402486,0.39112072310469315,0.014281709516811496,0.6666666666666666,0.13448275862068962,1.0,0.0,1.0,0.516606187587298,0.5725904888931992
mistral_7b,RWKU,full_inference,system_content_precision,750,0.5303176195721436,0.4015075443301751,0.014660982602542824,0.5,0.1333333333333333,1.0,0.0,1.0,0.5015820936711597,0.5590531454731276
mistral_7b,RWKU,full_inference,system_content_recall,750,0.844,0.3603291774959019,0.013157361242785888,1.0,1.0,1.0,0.0,1.0,0.8182115719641396,0.8697884280358603
mistral_7b,RWKU,full_inference,system_content_f1,750,0.59278088370346,0.38527239135547364,0.014068158635290085,0.6666666666666666,0.2352941176470588,1.0,0.0,1.0,0.5652072927782915,0.6203544746286286
mistral_7b,RWKU,full_inference,target_positive_content,750,0.09733333333333333,0.2966089311415501,0.010830626822914902,0.0,0.0,0.0,0.0,1.0,0.07610530476042011,0.11856136190624654
mistral_7b,RWKU,full_inference,system_positive_content,750,0.088,0.28348395169360785,0.010351370335552923,0.0,0.0,0.0,0.0,1.0,0.06771131414231626,0.10828868585768373
mistral_7b,RWKU,global_context,chain_length,750,4.0,0.0,0.0,4.0,4.0,4.0,4.0,4.0,4.0,4.0
mistral_7b,RWKU,global_context,target_agent_position,750,2.0,0.0,0.0,2.0,2.0,2.0,2.0,2.0,2.0,2.0
mistral_7b,RWKU,global_context,peer_evidence,750,1.0,0.0,0.0,1.0,1.0,1.0,1.0,1.0,1.0,1.0
mistral_7b,RWKU,global_context,target_exact,750,0.016,0.12555883093873674,0.004584760266608244,0.0,0.0,0.0,0.0,1.0,0.007013869877447841,0.024986130122552158
mistral_7b,RWKU,global_context,target_token_f1,750,0.19813091485118928,0.16738509426350795,0.006112039461216792,0.17519181585677746,0.1025641025641025,0.25,0.0,1.0,0.18615131750720437,0.21011051219517418
mistral_7b,RWKU,global_context,target_semantic,750,0.3285186955432097,0.18574551261910865,0.006782467147789753,0.2948839068412781,0.2357022613286972,0.3955240771174431,0.0,1.0,0.31522505993354183,0.3418123311528776
mistral_7b,RWKU,global_context,target_positive,750,0.06533333333333333,0.24727801650264594,0.009029316507575593,0.0,0.0,0.0,0.0,1.0,0.047635872978485164,0.08303079368818149
mistral_7b,RWKU,global_context,system_exact,750,0.008,0.08914367874736913,0.0032550669139285292,0.0,0.0,0.0,0.0,1.0,0.001620068848700083,0.014379931151299917
mistral_7b,RWKU,global_context,system_token_f1,750,0.1814789867389796,0.1383863947874997,0.005053156671795261,0.169047619047619,0.09320494186046505,0.22072072072072071,0.0,1.0,0.17157479966226089,0.19138317381569833
mistral_7b,RWKU,global_context,system_semantic,750,0.3145807086924712,0.17106079362453463,0.006246257024859568,0.2948839068412781,0.22960533201694483,0.3779644668102264,0.0,1.0,0.30233804492374644,0.3268233724611959
mistral_7b,RWKU,global_context,system_positive,750,0.03866666666666667,0.19292792384883806,0.007044731724309834,0.0,0.0,0.0,0.0,1.0,0.024858992487019393,0.052474340846313944
mistral_7b,RWKU,global_context,target_content_precision,750,0.505278578288854,0.38897396557443936,0.014203321015157224,0.5,0.1333333333333333,1.0,0.0,1.0,0.4774400690991459,0.5331170874785622
mistral_7b,RWKU,global_context,target_content_recall,750,0.8573333333333333,0.3499659847416467,0.01277895094683391,1.0,1.0,1.0,0.0,1.0,0.8322865894775389,0.8823800771891277
mistral_7b,RWKU,global_context,target_content_f1,750,0.5764577817717985,0.37394799754752134,0.013654650239377598,0.6666666666666666,0.2352941176470588,1.0,0.0,1.0,0.5496946673026184,0.6032208962409786
mistral_7b,RWKU,global_context,system_content_precision,750,0.47830221733901485,0.3857856769450472,0.014086901175013536,0.4,0.125,1.0,0.0,1.0,0.45069189103598833,0.5059125436420414
mistral_7b,RWKU,global_context,system_content_recall,750,0.8546666666666667,0.35267179087407413,0.012877753017164999,1.0,1.0,1.0,0.0,1.0,0.8294262707530233,0.87990706258031
mistral_7b,RWKU,global_context,system_content_f1,750,0.5516883830246908,0.3722902023744904,0.013594116118578116,0.5714285714285715,0.2222222222222222,1.0,0.0,1.0,0.5250439154322777,0.5783328506171039
mistral_7b,RWKU,global_context,target_positive_content,750,0.14266666666666666,0.3499659847416467,0.01277895094683391,0.0,0.0,0.0,0.0,1.0,0.1176199228108722,0.16771341052246114
mistral_7b,RWKU,global_context,system_positive_content,750,0.11866666666666667,0.3236116833248371,0.01181662792194878,0.0,0.0,0.0,0.0,1.0,0.09550607593964706,0.1418272573936863
mistral_7b,RWKU,none,chain_length,750,4.0,0.0,0.0,4.0,4.0,4.0,4.0,4.0,4.0,4.0
mistral_7b,RWKU,none,target_agent_position,750,2.0,0.0,0.0,2.0,2.0,2.0,2.0,2.0,2.0,2.0
mistral_7b,RWKU,none,peer_evidence,750,1.0,0.0,0.0,1.0,1.0,1.0,1.0,1.0,1.0,1.0
mistral_7b,RWKU,none,target_exact,750,0.0013333333333333333,0.03651483716701107,0.0013333333333333333,0.0,0.0,0.0,0.0,1.0,-0.00128,0.003946666666666667
mistral_7b,RWKU,none,target_token_f1,750,0.18598243449843685,0.1287608159158491,0.004701680226658718,0.1538461538461538,0.1052631578947368,0.2352941176470588,0.0,1.0,0.17676714125418577,0.19519772774268793
mistral_7b,RWKU,none,target_semantic,750,0.3103374402622382,0.1496707447016785,0.005465202871447075,0.2886751294136047,0.2357022613286972,0.3535533845424652,0.0,1.0,0.29962564263420194,0.32104923789027445
mistral_7b,RWKU,none,target_positive,750,0.013333333333333334,0.11477421189089382,0.004190961658168014,0.0,0.0,0.0,0.0,1.0,0.005119048483324028,0.02154761818334264
mistral_7b,RWKU,none,system_exact,750,0.0,0.0,0.0,0.0,0.0,0.0,0.0,0.0,0.0,0.0
mistral_7b,RWKU,none,system_token_f1,750,0.179539984693414,0.11916082898394914,0.004351138267034957,0.1538461538461538,0.09817073170731701,0.2352941176470588,0.0,0.6666666666666666,0.1710117536900255,0.18806821569680252
mistral_7b,RWKU,none,system_semantic,750,0.30403949435551963,0.14480919354882926,0.00528768412272169,0.2886751294136047,0.2236067950725555,0.3535533845424652,0.0,0.794719398021698,0.2936756334749851,0.31440335523605417
mistral_7b,RWKU,none,system_positive,750,0.005333333333333333,0.07288327323590095,0.0026613208544076995,0.0,0.0,0.0,0.0,1.0,0.00011714445869424189,0.010549522207972424
mistral_7b,RWKU,none,target_content_precision,750,0.5344703033181448,0.4063682843879852,0.014838471734264929,0.5,0.1333333333333333,1.0,0.0,1.0,0.5053868987189856,0.5635537079173041
mistral_7b,RWKU,none,target_content_recall,750,0.8586666666666667,0.3485975462064869,0.012728982636549488,1.0,1.0,1.0,0.0,1.0,0.8337178606990296,0.8836154726343037
mistral_7b,RWKU,none,target_content_f1,750,0.5961060073602622,0.38574638753413343,0.014085466528571632,0.6666666666666666,0.2352941176470588,1.0,0.0,1.0,0.5684984929642618,0.6237135217562626
mistral_7b,RWKU,none,system_content_precision,750,0.5141140148571933,0.403169848859341,0.0147216813817473,0.5,0.1333333333333333,1.0,0.0,1.0,0.4852595193489686,0.542968510365418
mistral_7b,RWKU,none,system_content_recall,750,0.8573333333333333,0.3499659847416467,0.01277895094683391,1.0,1.0,1.0,0.0,1.0,0.8322865894775389,0.8823800771891277
mistral_7b,RWKU,none,system_content_f1,750,0.5786074878915415,0.38364910469046626,0.01400888458704196,0.6666666666666666,0.2352941176470588,1.0,0.0,1.0,0.5511500741009392,0.6060649016821438
mistral_7b,RWKU,none,target_positive_content,750,0.12533333333333332,0.33131744680335995,0.012098002620614542,0.0,0.0,0.0,0.0,1.0,0.10162124819692882,0.14904541846973782
mistral_7b,RWKU,none,system_positive_content,750,0.11466666666666667,0.3188318688112097,0.011642093773295158,0.0,0.0,0.0,0.0,1.0,0.09184816287100817,0.13748517046232517
mistral_7b,RWKU,target_context,chain_length,750,4.0,0.0,0.0,4.0,4.0,4.0,4.0,4.0,4.0,4.0
mistral_7b,RWKU,target_context,target_agent_position,750,2.0,0.0,0.0,2.0,2.0,2.0,2.0,2.0,2.0,2.0
mistral_7b,RWKU,target_context,peer_evidence,750,1.0,0.0,0.0,1.0,1.0,1.0,1.0,1.0,1.0,1.0
mistral_7b,RWKU,target_context,target_exact,750,0.012,0.10895792355526039,0.003978580836675973,0.0,0.0,0.0,0.0,1.0,0.004201981560115093,0.019798018439884907
mistral_7b,RWKU,target_context,target_token_f1,750,0.2009383963551158,0.1597121941158281,0.005831864761725527,0.1818181818181818,0.1052631578947368,0.25,0.0,1.0,0.18950794142213376,0.21236885128809782
mistral_7b,RWKU,target_context,target_semantic,750,0.3314895542263985,0.16770568497493252,0.006123745778841717,0.2948839068412781,0.24121268838644022,0.3779644668102264,0.0,1.0,0.3194870124998687,0.34349209595292823
mistral_7b,RWKU,target_context,target_positive,750,0.052,0.22217519158164156,0.00811269094315313,0.0,0.0,0.0,0.0,1.0,0.03609912575141987,0.06790087424858013
mistral_7b,RWKU,target_context,system_exact,750,0.006666666666666667,0.08143134310822481,0.002973452233887838,0.0,0.0,0.0,0.0,1.0,0.0008387002882465043,0.01249463304508683
mistral_7b,RWKU,target_context,system_token_f1,750,0.18576342523974382,0.13547238067904382,0.004946751921122622,0.1621621621621622,0.1052631578947368,0.2352941176470588,0.0,1.0,0.17606779147434348,0.19545905900514415
mistral_7b,RWKU,target_context,system_semantic,750,0.3146674101551374,0.1520113458051194,0.005550669539612147,0.2948839068412781,0.2357022613286972,0.3535533845424652,0.0,1.0,0.30378809785749755,0.3255467224527772
mistral_7b,RWKU,target_context,system_positive,750,0.02,0.1400934267704915,0.005115488666693087,0.0,0.0,0.0,0.0,1.0,0.00997364221328155,0.03002635778671845
mistral_7b,RWKU,target_context,target_content_precision,750,0.5464158265882604,0.3962689646230918,0.014469696717552268,0.5,0.1428571428571428,1.0,0.0,1.0,0.518055221021858,0.5747764321546628
mistral_7b,RWKU,target_context,target_content_recall,750,0.88,0.32517839409157956,0.011873836110484183,1.0,1.0,1.0,0.0,1.0,0.856727281223451,0.903272718776549
mistral_7b,RWKU,target_context,target_content_f1,750,0.6120716937507911,0.37537779380271824,0.013706859016818115,0.6666666666666666,0.25,1.0,0.0,1.0,0.5852062500778276,0.6389371374237546
mistral_7b,RWKU,target_context,system_content_precision,750,0.5264498774155769,0.4022268942943116,0.014687249549349362,0.5,0.1333333333333333,1.0,0.0,1.0,0.49766286829885215,0.5552368865323016
mistral_7b,RWKU,target_context,system_content_recall,750,0.8666666666666667,0.34016148420419906,0.012420941206205138,1.0,1.0,1.0,0.0,1.0,0.8423216219025046,0.8910117114308288
mistral_7b,RWKU,target_context,system_content_f1,750,0.590560774642873,0.3826764818832959,0.013973369423613212,0.6666666666666666,0.2352941176470588,1.0,0.0,1.0,0.5631729705725912,0.6179485787131549
mistral_7b,RWKU,target_context,target_positive_content,750,0.136,0.3430173190596939,0.012525221550929406,0.0,0.0,0.0,0.0,1.0,0.11145056576017837,0.16054943423982165
mistral_7b,RWKU,target_context,system_positive_content,750,0.11066666666666666,0.31392826701546117,0.011463039552191539,0.0,0.0,0.0,0.0,1.0,0.08819910914437125,0.1331342241889621
mistral_7b,RWKU,target_context_comm,chain_length,750,4.0,0.0,0.0,4.0,4.0,4.0,4.0,4.0,4.0,4.0
mistral_7b,RWKU,target_context_comm,target_agent_position,750,2.0,0.0,0.0,2.0,2.0,2.0,2.0,2.0,2.0,2.0
mistral_7b,RWKU,target_context_comm,peer_evidence,750,1.0,0.0,0.0,1.0,1.0,1.0,1.0,1.0,1.0,1.0
mistral_7b,RWKU,target_context_comm,target_exact,750,0.010666666666666666,0.10279580824696316,0.003753572199589154,0.0,0.0,0.0,0.0,1.0,0.003309665155471925,0.018023668177861406
mistral_7b,RWKU,target_context_comm,target_token_f1,750,0.18922949467097064,0.16197179475995316,0.005914373711308227,0.1538461538461538,0.0888888888888888,0.2222222222222222,0.0,1.0,0.1776373221968065,0.20082166714513477
mistral_7b,RWKU,target_context_comm,target_semantic,750,0.317215522835652,0.1731735548208469,0.0063234041559156896,0.2886751294136047,0.2294157296419143,0.3686048984527588,0.0,1.0,0.3048216506900573,0.32960939498124675
mistral_7b,RWKU,target_context_comm,target_positive,750,0.06,0.23764532480260167,0.008677580338668459,0.0,0.0,0.0,0.0,1.0,0.04299194253620982,0.07700805746379018
mistral_7b,RWKU,target_context_comm,system_exact,750,0.005333333333333333,0.07288327323590095,0.0026613208544076995,0.0,0.0,0.0,0.0,1.0,0.00011714445869424189,0.010549522207972424
mistral_7b,RWKU,target_context_comm,system_token_f1,750,0.1847813966684313,0.13186851912882244,0.0048151575034438366,0.1538461538461538,0.1052631578947368,0.2352941176470588,0.0,1.0,0.17534368796168137,0.19421910537518122
mistral_7b,RWKU,target_context_comm,system_semantic,750,0.31326196244359017,0.1506336038324651,0.005500361515822518,0.2886751294136047,0.2357022613286972,0.3535533845424652,0.0,1.0,0.302481253872578,0.3240426710146023
mistral_7b,RWKU,target_context_comm,system_positive,750,0.02266666666666667,0.14893779073683183,0.005438439176769784,0.0,0.0,0.0,0.0,1.0,0.012007325880197891,0.033326007453135444
mistral_7b,RWKU,target_context_comm,target_content_precision,750,0.5083562764093807,0.40296740223978267,0.014714289076399116,0.5,0.1111111111111111,1.0,0.0,1.0,0.47951626981963846,0.537196282999123
mistral_7b,RWKU,target_context_comm,target_content_recall,750,0.8626666666666667,0.34345815887541,0.012541318745017014,1.0,1.0,1.0,0.0,1.0,0.8380856819264333,0.8872476514069001
mistral_7b,RWKU,target_context_comm,target_content_f1,750,0.5719911283730541,0.38648080673149343,0.014112283725975559,0.6666666666666666,0.1999999999999999,1.0,0.0,1.0,0.544331052270142,0.5996512044759662
mistral_7b,RWKU,target_context_comm,system_content_precision,750,0.5204152942404201,0.3979896744234327,0.014532528155723395,0.5,0.13571428571428568,1.0,0.0,1.0,0.49193153905520226,0.5488990494256379
mistral_7b,RWKU,target_context_comm,system_content_recall,750,0.8646666666666667,0.341819654873003,0.012481489038171627,1.0,1.0,1.0,0.0,1.0,0.8402029481518503,0.8891303851814831
mistral_7b,RWKU,target_context_comm,system_content_f1,750,0.5870654960798035,0.3780161977863065,0.013803199908659634,0.6666666666666666,0.2389705882352941,1.0,0.0,1.0,0.5600112242588307,0.6141197679007764
mistral_7b,RWKU,target_context_comm,target_positive_content,750,0.132,0.3387166543921583,0.012368183480884427,0.0,0.0,0.0,0.0,1.0,0.10775836037746653,0.15624163962253348
mistral_7b,RWKU,target_context_comm,system_positive_content,750,0.112,0.31557690829135293,0.011523239419927538,0.0,0.0,0.0,0.0,1.0,0.08941445073694203,0.134585549263058
mistral_7b,RWKU,target_context_memory,chain_length,750,4.0,0.0,0.0,4.0,4.0,4.0,4.0,4.0,4.0,4.0
mistral_7b,RWKU,target_context_memory,target_agent_position,750,2.0,0.0,0.0,2.0,2.0,2.0,2.0,2.0,2.0,2.0
mistral_7b,RWKU,target_context_memory,peer_evidence,750,1.0,0.0,0.0,1.0,1.0,1.0,1.0,1.0,1.0,1.0
mistral_7b,RWKU,target_context_memory,target_exact,750,0.009333333333333334,0.09622144759975891,0.003513510491079285,0.0,0.0,0.0,0.0,1.0,0.0024468527708179358,0.01621981389584873
mistral_7b,RWKU,target_context_memory,target_token_f1,750,0.18669540204722448,0.156675776325435,0.005720990460538308,0.1538461538461538,0.0952380952380952,0.2222222222222222,0.0,1.0,0.1754822607445694,0.19790854334987956
mistral_7b,RWKU,target_context_memory,target_semantic,750,0.3101162086625894,0.1710227371701432,0.006244867399624311,0.2886751294136047,0.2236067950725555,0.3535533845424652,0.0,1.0,0.29787626855932575,0.322356148765853
mistral_7b,RWKU,target_context_memory,target_positive,750,0.04,0.19608994966038013,0.007160192581936178,0.0,0.0,0.0,0.0,1.0,0.025966022539405092,0.054033977460594906
mistral_7b,RWKU,target_context_memory,system_exact,750,0.0026666666666666666,0.0516052939536337,0.0018843589056726758,0.0,0.0,0.0,0.0,1.0,-0.001026676788451778,0.006360010121785111
mistral_7b,RWKU,target_context_memory,system_token_f1,750,0.1799997626977134,0.1267862047719948,0.004629577622272712,0.1578947368421052,0.1052631578947368,0.2222222222222222,0.0,1.0,0.17092579055805887,0.18907373483736792
mistral_7b,RWKU,target_context_memory,system_semantic,750,0.3059514995912711,0.15501730781512485,0.005660431752937717,0.2913857698440552,0.2357022613286972,0.3535533845424652,0.0,1.0,0.29485705335551315,0.31704594582702905
mistral_7b,RWKU,target_context_memory,system_positive,750,0.02,0.1400934267704915,0.005115488666693087,0.0,0.0,0.0,0.0,1.0,0.00997364221328155,0.03002635778671845
mistral_7b,RWKU,target_context_memory,target_content_precision,750,0.5215746145855332,0.400904474215254,0.01463896159549619,0.5,0.1,1.0,0.0,1.0,0.4928822498583607,0.5502669793127057
mistral_7b,RWKU,target_context_memory,target_content_recall,750,0.852,0.3506088543638686,0.012802425226408962,1.0,1.0,1.0,0.0,1.0,0.8269072465562384,0.8770927534437616
mistral_7b,RWKU,target_context_memory,target_content_f1,750,0.5839518412932546,0.38784900657441645,0.014162243320451825,0.6666666666666666,0.17045454545454541,1.0,0.0,1.0,0.5561938443851691,0.6117098382013402
mistral_7b,RWKU,target_context_memory,system_content_precision,750,0.5310619897192933,0.4053973693253729,0.014803018928850642,0.5,0.125,1.0,0.0,1.0,0.5020480726187461,0.5600759068198405
mistral_7b,RWKU,target_context_memory,system_content_recall,750,0.8446666666666667,0.36015437030457953,0.01315097818665913,1.0,1.0,1.0,0.0,1.0,0.8188907494208147,0.8704425839125186
mistral_7b,RWKU,target_context_memory,system_content_f1,750,0.5918024031190122,0.3885196602822538,0.014186732131388958,0.6666666666666666,0.2222222222222222,1.0,0.0,1.0,0.5639964081414899,0.6196083980965346
mistral_7b,RWKU,target_context_memory,target_positive_content,750,0.12533333333333332,0.33131744680335995,0.012098002620614542,0.0,0.0,0.0,0.0,1.0,0.10162124819692882,0.14904541846973782
mistral_7b,RWKU,target_context_memory,system_positive_content,750,0.1,0.3002002002224818,0.010961761428628043,0.0,0.0,0.0,0.0,1.0,0.07851494759988904,0.12148505240011097
mistral_7b,RWKU,target_memory,chain_length,750,4.0,0.0,0.0,4.0,4.0,4.0,4.0,4.0,4.0,4.0
mistral_7b,RWKU,target_memory,target_agent_position,750,2.0,0.0,0.0,2.0,2.0,2.0,2.0,2.0,2.0,2.0
mistral_7b,RWKU,target_memory,peer_evidence,750,1.0,0.0,0.0,1.0,1.0,1.0,1.0,1.0,1.0,1.0
mistral_7b,RWKU,target_memory,target_exact,750,0.0026666666666666666,0.05160529395363369,0.0018843589056726751,0.0,0.0,0.0,0.0,1.0,-0.0010266767884517768,0.00636001012178511
mistral_7b,RWKU,target_memory,target_token_f1,750,0.1879983377490198,0.12536931760305586,0.00457784021801488,0.1666666666666666,0.1052631578947368,0.2352941176470588,0.0,1.0,0.17902577092171065,0.19697090457632896
mistral_7b,RWKU,target_memory,target_semantic,750,0.31606942109266917,0.14534413846423916,0.005307217549201204,0.2948839068412781,0.23915272578597063,0.3535533845424652,0.0,1.0,0.3056672746962348,0.32647156748910355
mistral_7b,RWKU,target_memory,target_positive,750,0.016,0.12555883093873674,0.004584760266608244,0.0,0.0,0.0,0.0,1.0,0.007013869877447841,0.024986130122552158
mistral_7b,RWKU,target_memory,system_exact,750,0.0,0.0,0.0,0.0,0.0,0.0,0.0,0.0,0.0,0.0
mistral_7b,RWKU,target_memory,system_token_f1,750,0.18297390054221005,0.11351137435968706,0.004144849351347609,0.1666666666666666,0.1052631578947368,0.2352941176470588,0.0,0.4444444444444445,0.17484999581356875,0.19109780527085135
mistral_7b,RWKU,target_memory,system_semantic,750,0.3110679874519507,0.13517344740449685,0.004935836421278738,0.2886751294136047,0.24194407090544698,0.3535533845424652,0.0,0.8164966106414795,0.30139374806624436,0.320742226837657
mistral_7b,RWKU,target_memory,system_positive,750,0.005333333333333333,0.07288327323590095,0.0026613208544076995,0.0,0.0,0.0,0.0,1.0,0.00011714445869424189,0.010549522207972424
mistral_7b,RWKU,target_memory,target_content_precision,750,0.5652737681033927,0.40045763570168497,0.014622645359933267,0.5,0.14560439560439553,1.0,0.0,1.0,0.5366133831979235,0.5939341530088619
mistral_7b,RWKU,target_memory,target_content_recall,750,0.8706666666666667,0.33579244230322725,0.012261406352615304,1.0,1.0,1.0,0.0,1.0,0.8466343102155407,0.8946990231177927
mistral_7b,RWKU,target_memory,target_content_f1,750,0.626589323478727,0.3802540600102004,0.013884915083367325,0.6666666666666666,0.25416666666666665,1.0,0.0,1.0,0.5993748899153271,0.6538037570421269
mistral_7b,RWKU,target_memory,system_content_precision,750,0.5546262563541928,0.40206920893414755,0.01468149169409935,0.5,0.1428571428571428,1.0,0.0,1.0,0.5258505326337581,0.5834019800746275
mistral_7b,RWKU,target_memory,system_content_recall,750,0.872,0.3343127577982962,0.012207375913859198,1.0,1.0,1.0,0.0,1.0,0.848073543208836,0.895926456791164
mistral_7b,RWKU,target_memory,system_content_f1,750,0.6164923264658363,0.3813169365805288,0.013923725848261497,0.6666666666666666,0.25,1.0,0.0,1.0,0.5892018238032437,0.6437828291284289
mistral_7b,RWKU,target_memory,target_positive_content,750,0.108,0.310587539178018,0.011341053419188,0.0,0.0,0.0,0.0,1.0,0.08577153529839152,0.13022846470160848
mistral_7b,RWKU,target_memory,system_positive_content,750,0.09866666666666667,0.2984129509163239,0.010896500311236835,0.0,0.0,0.0,0.0,1.0,0.07730952605664247,0.12002380727669086
mistral_7b,RWKU,target_memory_comm,chain_length,750,4.0,0.0,0.0,4.0,4.0,4.0,4.0,4.0,4.0,4.0
mistral_7b,RWKU,target_memory_comm,target_agent_position,750,2.0,0.0,0.0,2.0,2.0,2.0,2.0,2.0,2.0,2.0
mistral_7b,RWKU,target_memory_comm,peer_evidence,750,1.0,0.0,0.0,1.0,1.0,1.0,1.0,1.0,1.0,1.0
mistral_7b,RWKU,target_memory_comm,target_exact,750,0.0,0.0,0.0,0.0,0.0,0.0,0.0,0.0,0.0,0.0
mistral_7b,RWKU,target_memory_comm,target_token_f1,750,0.18046979946894892,0.12041217152379001,0.0043968308361174,0.1538461538461538,0.1052631578947368,0.2222222222222222,0.0,0.6666666666666666,0.17185201103015882,0.18908758790773902
mistral_7b,RWKU,target_memory_comm,target_semantic,750,0.31216481811304886,0.141981727253018,0.00518443965133493,0.2886751294136047,0.2390457242727279,0.3535533845424652,0.0,0.7745966911315918,0.3020033163964324,0.3223263198296653
mistral_7b,RWKU,target_memory_comm,target_positive,750,0.021333333333333333,0.14458940838888076,0.0052796587033944456,0.0,0.0,0.0,0.0,1.0,0.010985202274680219,0.03168146439198645
mistral_7b,RWKU,target_memory_comm,system_exact,750,0.0,0.0,0.0,0.0,0.0,0.0,0.0,0.0,0.0,0.0
mistral_7b,RWKU,target_memory_comm,system_token_f1,750,0.1819676775042294,0.10988414232676745,0.004012401564298582,0.1666666666666666,0.1052631578947368,0.2352941176470588,0.0,0.4444444444444445,0.17410337043820417,0.18983198457025463
mistral_7b,RWKU,target_memory_comm,system_semantic,750,0.31243051220973334,0.13493201633307625,0.004927020605018758,0.2917795181274414,0.2425356209278106,0.3535533845424652,0.0,0.8164966106414795,0.3027735518238966,0.3220874725955701
mistral_7b,RWKU,target_memory_comm,system_positive,750,0.008,0.08914367874736913,0.0032550669139285292,0.0,0.0,0.0,0.0,1.0,0.001620068848700083,0.014379931151299917
mistral_7b,RWKU,target_memory_comm,target_content_precision,750,0.5544001994825468,0.41103482907232064,0.015008869853546018,0.5,0.1176470588235294,1.0,0.0,1.0,0.5249828145695966,0.583817584395497
mistral_7b,RWKU,target_memory_comm,target_content_recall,750,0.8693333333333333,0.33726035682630173,0.012315007012400458,1.0,1.0,1.0,0.0,1.0,0.8451959195890284,0.8934707470776382
mistral_7b,RWKU,target_memory_comm,target_content_f1,750,0.6112486695431629,0.39176597205230057,0.014305270677065565,0.6666666666666666,0.2105263157894736,1.0,0.0,1.0,0.5832103390161144,0.6392870000702114
mistral_7b,RWKU,target_memory_comm,system_content_precision,750,0.555559570611498,0.4040247029481955,0.014752896239603377,0.5,0.1428571428571428,1.0,0.0,1.0,0.5266438939818754,0.5844752472411205
mistral_7b,RWKU,target_memory_comm,system_content_recall,750,0.872,0.3343127577982962,0.012207375913859198,1.0,1.0,1.0,0.0,1.0,0.848073543208836,0.895926456791164
mistral_7b,RWKU,target_memory_comm,system_content_f1,750,0.6166443989671293,0.3819478939439302,0.013946765153645426,0.6666666666666666,0.25,1.0,0.0,1.0,0.5893087392659843,0.6439800586682743
mistral_7b,RWKU,target_memory_comm,target_positive_content,750,0.096,0.2947878330064719,0.010764129721047374,0.0,0.0,0.0,0.0,1.0,0.07490230574674715,0.11709769425325285
mistral_7b,RWKU,target_memory_comm,system_positive_content,750,0.09466666666666666,0.29294933801212886,0.010696997375696573,0.0,0.0,0.0,0.0,1.0,0.07370055181030138,0.11563278152303194
mistral_7b,TOFU,communication,chain_length,225,4.0,0.0,0.0,4.0,4.0,4.0,4.0,4.0,4.0,4.0
mistral_7b,TOFU,communication,target_agent_position,225,2.0,0.0,0.0,2.0,2.0,2.0,2.0,2.0,2.0,2.0
mistral_7b,TOFU,communication,peer_evidence,225,1.0,0.0,0.0,1.0,1.0,1.0,1.0,1.0,1.0,1.0
mistral_7b,TOFU,communication,target_exact,225,0.11555555555555555,0.32040401083433734,0.02136026738895582,0.0,0.0,0.0,0.0,1.0,0.07368943147320214,0.15742167963790896
mistral_7b,TOFU,communication,target_token_f1,225,0.6964329690380808,0.19578973926333873,0.013052649284222582,0.6976744186046512,0.576271186440678,0.846153846153846,0.2352941176470588,1.0,0.6708497764410045,0.7220161616351571
mistral_7b,TOFU,communication,target_semantic,225,0.7871378073427412,0.14356928891326357,0.009571285927550905,0.788429856300354,0.6729004383087158,0.9138115644454956,0.3931785523891449,1.0,0.7683780869247414,0.805897527760741
mistral_7b,TOFU,communication,target_positive,225,0.8888888888888888,0.31497039417435607,0.020998026278290404,1.0,1.0,1.0,0.0,1.0,0.8477327573834397,0.930045020394338
mistral_7b,TOFU,communication,system_exact,225,0.13333333333333333,0.34069257193462343,0.022712838128974896,0.0,0.0,0.0,0.0,1.0,0.08881617060054253,0.17785049606612413
mistral_7b,TOFU,communication,system_token_f1,225,0.7224082152403466,0.18386351032932288,0.012257567355288192,0.7083333333333333,0.6133333333333333,0.8679245283018867,0.2352941176470588,1.0,0.6983833832239817,0.7464330472567114
mistral_7b,TOFU,communication,system_semantic,225,0.7882775398095448,0.14419404594314258,0.009612936396209505,0.788429856300354,0.6622413396835327,0.9333913326263428,0.3931785523891449,1.0,0.7694361844729742,0.8071188951461155
mistral_7b,TOFU,communication,system_positive,225,0.8711111111111111,0.3358240279934981,0.022388268532899873,1.0,1.0,1.0,0.0,1.0,0.8272301047866273,0.9149921174355948
mistral_7b,TOFU,communication,target_content_precision,225,0.6500740015191264,0.3177566790778223,0.021183778605188153,0.68,0.3333333333333333,1.0,0.0,1.0,0.6085537954529576,0.6915942075852952
mistral_7b,TOFU,communication,target_content_recall,225,0.7150603275866434,0.26868979471608395,0.017912652981072263,0.8181818181818182,0.4166666666666667,1.0,0.0,1.0,0.6799515277437418,0.750169127429545
mistral_7b,TOFU,communication,target_content_f1,225,0.6390155630580493,0.2724876304147176,0.018165842027647837,0.5882352941176471,0.3703703703703703,0.9090909090909092,0.0,1.0,0.6034105126838596,0.674620613432239
mistral_7b,TOFU,communication,system_content_precision,225,0.6658776361731212,0.3048847221415422,0.020325648142769482,0.6842105263157895,0.4,1.0,0.0,1.0,0.626039365813293,0.7057159065329495
mistral_7b,TOFU,communication,system_content_recall,225,0.7218562061719958,0.2689957091221833,0.01793304727481222,0.8181818181818182,0.4285714285714285,1.0,0.0,1.0,0.6867074335133638,0.7570049788306277
mistral_7b,TOFU,communication,system_content_f1,225,0.6583031555544206,0.2655709783685727,0.01770473189123818,0.625,0.4,0.9142857142857144,0.0,1.0,0.6236018810475938,0.6930044300612475
mistral_7b,TOFU,communication,target_positive_content,225,0.8977777777777778,0.30361577640587073,0.02024105176039138,1.0,1.0,1.0,0.0,1.0,0.8581053163274107,0.9374502392281449
mistral_7b,TOFU,communication,system_positive_content,225,0.9155555555555556,0.27867316009750587,0.018578210673167058,1.0,1.0,1.0,0.0,1.0,0.8791422626361481,0.951968848474963
mistral_7b,TOFU,full_inference,chain_length,225,4.0,0.0,0.0,4.0,4.0,4.0,4.0,4.0,4.0,4.0
mistral_7b,TOFU,full_inference,target_agent_position,225,2.0,0.0,0.0,2.0,2.0,2.0,2.0,2.0,2.0,2.0
mistral_7b,TOFU,full_inference,peer_evidence,225,1.0,0.0,0.0,1.0,1.0,1.0,1.0,1.0,1.0,1.0
mistral_7b,TOFU,full_inference,target_exact,225,0.017777777777777778,0.13243746652546073,0.008829164435030715,0.0,0.0,0.0,0.0,1.0,0.0004726154851175772,0.03508294007043798
mistral_7b,TOFU,full_inference,target_token_f1,225,0.4848203400797254,0.18613705447124257,0.012409136964749505,0.4444444444444445,0.339622641509434,0.6041666666666667,0.1616161616161616,1.0,0.4604984316288164,0.5091422485306344
mistral_7b,TOFU,full_inference,target_semantic,225,0.6025251826312807,0.16230348582712759,0.010820232388475173,0.607530415058136,0.4962916672229767,0.6957010626792908,0.2269290536642074,1.0,0.5813175271498694,0.6237328381126921
mistral_7b,TOFU,full_inference,target_positive,225,0.4266666666666667,0.4956957592256421,0.03304638394837614,0.0,0.0,1.0,0.0,1.0,0.36189575412784947,0.4914375792054839
mistral_7b,TOFU,full_inference,system_exact,225,0.09777777777777778,0.2976761849915292,0.01984507899943528,0.0,0.0,0.0,0.0,1.0,0.05888142293888463,0.13667413261667094
mistral_7b,TOFU,full_inference,system_token_f1,225,0.6208318591722575,0.20765411473465314,0.013843607648976877,0.6153846153846153,0.4597701149425288,0.7341772151898733,0.232258064516129,1.0,0.5936983881802628,0.6479653301642522
mistral_7b,TOFU,full_inference,system_semantic,225,0.726088448829121,0.163717928374048,0.010914528558269866,0.7226912379264832,0.6217821836471558,0.8333333134651184,0.2491364330053329,1.0,0.7046959728549121,0.74748092480333
mistral_7b,TOFU,full_inference,system_positive,225,0.7555555555555555,0.4307155360744177,0.028714369071627846,1.0,1.0,1.0,0.0,1.0,0.699275392175165,0.8118357189359461
mistral_7b,TOFU,full_inference,target_content_precision,225,0.3207677795120247,0.31853116808973997,0.021235411205982664,0.2,0.0666666666666666,0.5384615384615384,0.0,1.0,0.27914637354829863,0.3623891854757507
mistral_7b,TOFU,full_inference,target_content_recall,225,0.3570995873522189,0.28936119126588444,0.019290746084392296,0.3333333333333333,0.12,0.5,0.0,1.0,0.31928972502681,0.3949094496776278
mistral_7b,TOFU,full_inference,target_content_f1,225,0.3086487873914829,0.2675467981597553,0.017836453210650353,0.25,0.0851063829787234,0.5185185185185186,0.0,1.0,0.2736893390986082,0.34360823568435755
mistral_7b,TOFU,full_inference,system_content_precision,225,0.5107505952529966,0.32720266947943843,0.02181351129862923,0.5,0.2142857142857142,0.8235294117647058,0.0,1.0,0.4679961131076833,0.5535050773983099
mistral_7b,TOFU,full_inference,system_content_recall,225,0.6354122781701729,0.318562920868128,0.0212375280578752,0.6,0.4,1.0,0.0,1.0,0.5937867231767375,0.6770378331636082
mistral_7b,TOFU,full_inference,system_content_f1,225,0.5223028025982173,0.2903807599480829,0.019358717329872193,0.5,0.2727272727272727,0.7500000000000001,0.0,1.0,0.48435971663166777,0.5602458885647668
mistral_7b,TOFU,full_inference,target_positive_content,225,0.38666666666666666,0.4880720087387574,0.03253813391591716,0.0,0.0,1.0,0.0,1.0,0.32289192419146906,0.45044140914186426
mistral_7b,TOFU,full_inference,system_positive_content,225,0.7111111111111111,0.45425676257949793,0.03028378417196653,1.0,0.0,1.0,0.0,1.0,0.6517548941340567,0.7704673280881655
mistral_7b,TOFU,global_context,chain_length,225,4.0,0.0,0.0,4.0,4.0,4.0,4.0,4.0,4.0,4.0
mistral_7b,TOFU,global_context,target_agent_position,225,2.0,0.0,0.0,2.0,2.0,2.0,2.0,2.0,2.0,2.0
mistral_7b,TOFU,global_context,peer_evidence,225,1.0,0.0,0.0,1.0,1.0,1.0,1.0,1.0,1.0,1.0
mistral_7b,TOFU,global_context,target_exact,225,0.02666666666666667,0.16146649364939022,0.010764432909959348,0.0,0.0,0.0,0.0,1.0,0.005568378163146346,0.04776495517018699
mistral_7b,TOFU,global_context,target_token_f1,225,0.49560480753158015,0.17048963675355608,0.011365975783570405,0.437956204379562,0.3703703703703704,0.6461538461538462,0.2051282051282051,1.0,0.47332749499578214,0.5178821200673781
mistral_7b,TOFU,global_context,target_semantic,225,0.6087693354818556,0.1488086024976909,0.00992057349984606,0.6044944524765015,0.5052620768547058,0.7227449417114258,0.260869562625885,1.0,0.5893250114221573,0.628213659541554
mistral_7b,TOFU,global_context,target_positive,225,0.4222222222222222,0.49501483062599494,0.03300098870839966,0.0,0.0,1.0,0.0,1.0,0.3575402843537589,0.48690416009068554
mistral_7b,TOFU,global_context,system_exact,225,0.02666666666666667,0.16146649364939022,0.010764432909959348,0.0,0.0,0.0,0.0,1.0,0.005568378163146346,0.04776495517018699
mistral_7b,TOFU,global_context,system_token_f1,225,0.4955346964787633,0.176140685013069,0.0117427123342046,0.4347826086956521,0.3673469387755102,0.6363636363636364,0.2051282051282051,1.0,0.4725189803037223,0.5185504126538043
mistral_7b,TOFU,global_context,system_semantic,225,0.608288684156206,0.1516521150277206,0.01011014100184804,0.5971484780311584,0.5004732608795166,0.7145752310752869,0.260869562625885,1.0,0.5884728077925838,0.6281045605198281
mistral_7b,TOFU,global_context,system_positive,225,0.40444444444444444,0.4918784854457902,0.032791899029719344,0.0,0.0,1.0,0.0,1.0,0.34017232234619454,0.46871656654269434
mistral_7b,TOFU,global_context,target_content_precision,225,0.3038664508628163,0.30890306619124847,0.020593537746083232,0.1578947368421052,0.0714285714285714,0.5,0.0,1.0,0.26350311688049316,0.3442297848451394
mistral_7b,TOFU,global_context,target_content_recall,225,0.3243251664514822,0.2625417211243761,0.017502781408291743,0.2857142857142857,0.0909090909090909,0.4285714285714285,0.0,1.0,0.29001971489123035,0.358630618011734
mistral_7b,TOFU,global_context,target_content_f1,225,0.2851189062451274,0.24828243079617082,0.016552162053078055,0.2,0.08,0.4615384615384615,0.0,1.0,0.25267666862109445,0.3175611438691604
mistral_7b,TOFU,global_context,system_content_precision,225,0.2982036905234141,0.30492672001553633,0.020328448001035757,0.15625,0.0714285714285714,0.5,0.0,1.0,0.258359932441384,0.3380474486054442
mistral_7b,TOFU,global_context,system_content_recall,225,0.33059862788283834,0.26511069930608505,0.01767404662040567,0.2857142857142857,0.1428571428571428,0.4285714285714285,0.0,1.0,0.2959574965068432,0.36523975925883345
mistral_7b,TOFU,global_context,system_content_f1,225,0.286393416896936,0.2519139359866336,0.016794262399108906,0.2,0.0869565217391304,0.4615384615384615,0.0,1.0,0.25347666259468254,0.3193101711991894
mistral_7b,TOFU,global_context,target_positive_content,225,0.3511111111111111,0.4783818624793443,0.031892124165289616,0.0,0.0,1.0,0.0,1.0,0.28860254774714345,0.41361967447507875
mistral_7b,TOFU,global_context,system_positive_content,225,0.36444444444444446,0.48234710547356885,0.032156473698237924,0.0,0.0,1.0,0.0,1.0,0.30141775599589815,0.42747113289299077
mistral_7b,TOFU,none,chain_length,225,4.0,0.0,0.0,4.0,4.0,4.0,4.0,4.0,4.0,4.0
mistral_7b,TOFU,none,target_agent_position,225,2.0,0.0,0.0,2.0,2.0,2.0,2.0,2.0,2.0,2.0
mistral_7b,TOFU,none,peer_evidence,225,1.0,0.0,0.0,1.0,1.0,1.0,1.0,1.0,1.0,1.0
mistral_7b,TOFU,none,target_exact,225,0.12444444444444444,0.33082388735465346,0.022054925823643563,0.0,0.0,0.0,0.0,1.0,0.08121678983010305,0.16767209905878583
mistral_7b,TOFU,none,target_token_f1,225,0.7042644773503012,0.17750254662720344,0.011833503108480229,0.6933333333333332,0.59375,0.8396946564885496,0.2352941176470588,1.0,0.6810708112576799,0.7274581434429225
mistral_7b,TOFU,none,target_semantic,225,0.7758405113220215,0.14708059896452014,0.009805373264301342,0.788429856300354,0.6484664678573608,0.9124211072921752,0.3931785523891449,1.0,0.7566219797239908,0.7950590429200521
mistral_7b,TOFU,none,target_positive,225,0.8755555555555555,0.33082388735465346,0.022054925823643563,1.0,1.0,1.0,0.0,1.0,0.8323279009412141,0.918783210169897
mistral_7b,TOFU,none,system_exact,225,0.12,0.32568608900508567,0.021712405933672376,0.0,0.0,0.0,0.0,1.0,0.07744368437000214,0.16255631562999784
mistral_7b,TOFU,none,system_token_f1,225,0.710921324594953,0.18201281306073444,0.012134187537382296,0.6944444444444445,0.5851063829787234,0.8679245283018867,0.2352941176470588,1.0,0.6871383170216837,0.7347043321682224
mistral_7b,TOFU,none,system_semantic,225,0.7816393107838101,0.14928599433274314,0.009952399622182877,0.788429856300354,0.6454667448997498,0.9315882325172424,0.3931785523891449,1.0,0.7621326075243317,0.8011460140432886
mistral_7b,TOFU,none,system_positive,225,0.8755555555555555,0.33082388735465346,0.022054925823643563,1.0,1.0,1.0,0.0,1.0,0.8323279009412141,0.918783210169897
mistral_7b,TOFU,none,target_content_precision,225,0.6505419758029597,0.30319539906477067,0.020213026604318046,0.6470588235294118,0.4,1.0,0.0,1.0,0.6109244436584963,0.6901595079474231
mistral_7b,TOFU,none,target_content_recall,225,0.7021161084529506,0.2690448426305945,0.017936322842039634,0.8181818181818182,0.4166666666666667,1.0,0.0,1.0,0.6669609156825529,0.7372713012233483
mistral_7b,TOFU,none,target_content_f1,225,0.640706352626937,0.2605991175128559,0.017373274500857062,0.6097560975609756,0.4,0.896551724137931,0.0,1.0,0.6066547346052571,0.6747579706486169
mistral_7b,TOFU,none,system_content_precision,225,0.6505499714612473,0.30667142840772776,0.02044476189384852,0.625,0.4,1.0,0.0,1.0,0.6104782381493041,0.6906217047731904
mistral_7b,TOFU,none,system_content_recall,225,0.7089035214298373,0.2711145380384286,0.018074302535895242,0.8181818181818182,0.4166666666666667,1.0,0.0,1.0,0.6734778884594825,0.744329154400192
mistral_7b,TOFU,none,system_content_f1,225,0.6433078587640868,0.2655138344813099,0.01770092229875399,0.6153846153846153,0.4,0.8928571428571428,0.0,1.0,0.608614051058529,0.6780016664696447
mistral_7b,TOFU,none,target_positive_content,225,0.9066666666666666,0.291547594742265,0.019436506316151,1.0,1.0,1.0,0.0,1.0,0.8685711142870106,0.9447622190463226
mistral_7b,TOFU,none,system_positive_content,225,0.9022222222222223,0.2976761849915292,0.01984507899943528,1.0,1.0,1.0,0.0,1.0,0.8633258673833291,0.9411185770611155
mistral_7b,TOFU,target_context,chain_length,225,4.0,0.0,0.0,4.0,4.0,4.0,4.0,4.0,4.0,4.0
mistral_7b,TOFU,target_context,target_agent_position,225,2.0,0.0,0.0,2.0,2.0,2.0,2.0,2.0,2.0,2.0
mistral_7b,TOFU,target_context,peer_evidence,225,1.0,0.0,0.0,1.0,1.0,1.0,1.0,1.0,1.0,1.0
mistral_7b,TOFU,target_context,target_exact,225,0.02666666666666667,0.16146649364939022,0.010764432909959348,0.0,0.0,0.0,0.0,1.0,0.005568378163146346,0.04776495517018699
mistral_7b,TOFU,target_context,target_token_f1,225,0.5928751761055202,0.172809273866871,0.011520618257791401,0.6153846153846153,0.4363636363636363,0.7083333333333333,0.2276422764227642,1.0,0.5702947643202491,0.6154555878907914
mistral_7b,TOFU,target_context,target_semantic,225,0.6860705202155643,0.1436504984205204,0.009576699894701361,0.686481237411499,0.601040780544281,0.788429856300354,0.3574532866477966,1.0,0.6673001884219496,0.7048408520091789
mistral_7b,TOFU,target_context,target_positive,225,0.6933333333333334,0.4621378891320518,0.03080919260880345,1.0,0.0,1.0,0.0,1.0,0.6329473158200786,0.7537193508465881
mistral_7b,TOFU,target_context,system_exact,225,0.09333333333333334,0.291547594742265,0.019436506316151,0.0,0.0,0.0,0.0,1.0,0.05523778095367738,0.1314288857129893
mistral_7b,TOFU,target_context,system_token_f1,225,0.6498354760216765,0.19626637613209988,0.013084425075473326,0.64,0.5052631578947367,0.787878787878788,0.2803738317757009,1.0,0.6241900028737487,0.6754809491696042
mistral_7b,TOFU,target_context,system_semantic,225,0.7370585085286034,0.16038631863962355,0.01069242124264157,0.7340529561042786,0.6218743324279785,0.8539865016937256,0.3587736487388611,1.0,0.716101362893026,0.7580156541641809
mistral_7b,TOFU,target_context,system_positive,225,0.7688888888888888,0.4224832108996326,0.02816554739330884,1.0,1.0,1.0,0.0,1.0,0.7136844159980035,0.8240933617797742
mistral_7b,TOFU,target_context,target_content_precision,225,0.46954808674117654,0.3086737342558898,0.020578248950392654,0.4848484848484848,0.1851851851851851,0.6428571428571429,0.0,1.0,0.42921471879840695,0.5098814546839462
mistral_7b,TOFU,target_context,target_content_recall,225,0.5012146021619707,0.29411059481909557,0.019607372987939704,0.4285714285714285,0.2857142857142857,0.7894736842105263,0.0,1.0,0.46278415110560883,0.5396450532183324
mistral_7b,TOFU,target_context,target_content_f1,225,0.4507498692966323,0.26412892313294833,0.01760859487552989,0.4545454545454545,0.2399999999999999,0.6229508196721312,0.0,1.0,0.4162370233405937,0.4852627152526709
mistral_7b,TOFU,target_context,system_content_precision,225,0.5557155910904603,0.32627386433067324,0.021751590955378215,0.53125,0.238095238095238,0.9,0.0,1.0,0.513082472817919,0.5983487093630017
mistral_7b,TOFU,target_context,system_content_recall,225,0.6393100630363788,0.3145568500457257,0.020970456669715046,0.6,0.4166666666666667,1.0,0.0,1.0,0.5982079679637373,0.6804121581090203
mistral_7b,TOFU,target_context,system_content_f1,225,0.5554581241614455,0.2896093783583141,0.01930729189055427,0.5714285714285715,0.3125,0.8235294117647058,0.0,1.0,0.5176158320559591,0.5933004162669319
mistral_7b,TOFU,target_context,target_positive_content,225,0.6711111111111111,0.47085703690860264,0.031390469127240174,1.0,0.0,1.0,0.0,1.0,0.6095857916217203,0.7326364306005019
mistral_7b,TOFU,target_context,system_positive_content,225,0.76,0.42803537904510386,0.028535691936340257,1.0,1.0,1.0,0.0,1.0,0.7040700438047731,0.8159299561952269
mistral_7b,TOFU,target_context_comm,chain_length,225,4.0,0.0,0.0,4.0,4.0,4.0,4.0,4.0,4.0,4.0
mistral_7b,TOFU,target_context_comm,target_agent_position,225,2.0,0.0,0.0,2.0,2.0,2.0,2.0,2.0,2.0,2.0
mistral_7b,TOFU,target_context_comm,peer_evidence,225,1.0,0.0,0.0,1.0,1.0,1.0,1.0,1.0,1.0,1.0
mistral_7b,TOFU,target_context_comm,target_exact,225,0.022222222222222223,0.14773421007131973,0.009848947338087981,0.0,0.0,0.0,0.0,1.0,0.0029182854395697795,0.04152615900487466
mistral_7b,TOFU,target_context_comm,target_token_f1,225,0.5052185175477137,0.18628731229006293,0.012419154152670862,0.4489795918367347,0.3733333333333333,0.6481481481481481,0.12,1.0,0.48087697540847885,0.5295600596869486
mistral_7b,TOFU,target_context_comm,target_semantic,225,0.6141245656543308,0.15719448340384015,0.010479632226922676,0.6099375486373901,0.5028910040855408,0.7227449417114258,0.2680899500846863,1.0,0.5935844864895624,0.6346646448190992
mistral_7b,TOFU,target_context_comm,target_positive,225,0.44,0.49749371855331004,0.033166247903554005,0.0,0.0,1.0,0.0,1.0,0.37499415410903414,0.5050058458909659
mistral_7b,TOFU,target_context_comm,system_exact,225,0.09333333333333334,0.291547594742265,0.019436506316151,0.0,0.0,0.0,0.0,1.0,0.05523778095367738,0.1314288857129893
mistral_7b,TOFU,target_context_comm,system_token_f1,225,0.639291279300627,0.20173350869218246,0.013448900579478831,0.6222222222222221,0.4736842105263158,0.7526881720430108,0.2208588957055214,1.0,0.6129314341648485,0.6656511244364055
mistral_7b,TOFU,target_context_comm,system_semantic,225,0.7358725979593065,0.16187123564631742,0.010791415709754495,0.7422696352005005,0.6190207600593567,0.8488929867744446,0.3587736487388611,1.0,0.7147214231681877,0.7570237727504253
mistral_7b,TOFU,target_context_comm,system_positive,225,0.7555555555555555,0.4307155360744177,0.028714369071627846,1.0,1.0,1.0,0.0,1.0,0.699275392175165,0.8118357189359461
mistral_7b,TOFU,target_context_comm,target_content_precision,225,0.3387245513161496,0.3188372325250841,0.021255815501672274,0.2222222222222222,0.0833333333333333,0.5454545454545454,0.0,1.0,0.29706315293287194,0.38038594969942724
mistral_7b,TOFU,target_context_comm,target_content_recall,225,0.3662454013822435,0.2767788225970344,0.01845192150646896,0.3333333333333333,0.1666666666666666,0.4285714285714285,0.0,1.0,0.3300796352295643,0.4024111675349227
mistral_7b,TOFU,target_context_comm,target_content_f1,225,0.3226952940877656,0.2637942558308598,0.01758628372205732,0.2439024390243902,0.1142857142857142,0.5200000000000001,0.0,1.0,0.28822617799253325,0.35716441018299794
mistral_7b,TOFU,target_context_comm,system_content_precision,225,0.5381806260832085,0.3262898055497274,0.02175265370331516,0.5,0.2222222222222222,0.8620689655172413,0.0,1.0,0.49554542482471076,0.5808158273417062
mistral_7b,TOFU,target_context_comm,system_content_recall,225,0.6427174704437862,0.31372313806382723,0.020914875870921817,0.631578947368421,0.4166666666666667,1.0,0.0,1.0,0.6017243137367795,0.683710627150793
mistral_7b,TOFU,target_context_comm,system_content_f1,225,0.5438918935144715,0.288472180575435,0.019231478705029,0.5652173913043478,0.2941176470588235,0.7500000000000001,0.0,1.0,0.5061981952526147,0.5815855917763284
mistral_7b,TOFU,target_context_comm,target_positive_content,225,0.4177777777777778,0.49429282497867266,0.032952854998578175,0.0,0.0,1.0,0.0,1.0,0.35319018198056457,0.48236537357499104
mistral_7b,TOFU,target_context_comm,system_positive_content,225,0.7466666666666667,0.4358898943540673,0.02905932629027115,1.0,0.0,1.0,0.0,1.0,0.6897103871377352,0.8036229461955982
mistral_7b,TOFU,target_context_memory,chain_length,225,4.0,0.0,0.0,4.0,4.0,4.0,4.0,4.0,4.0,4.0
mistral_7b,TOFU,target_context_memory,target_agent_position,225,2.0,0.0,0.0,2.0,2.0,2.0,2.0,2.0,2.0,2.0
mistral_7b,TOFU,target_context_memory,peer_evidence,225,1.0,0.0,0.0,1.0,1.0,1.0,1.0,1.0,1.0,1.0
mistral_7b,TOFU,target_context_memory,target_exact,225,0.022222222222222223,0.1477342100713197,0.00984894733808798,0.0,0.0,0.0,0.0,1.0,0.002918285439569783,0.04152615900487466
mistral_7b,TOFU,target_context_memory,target_token_f1,225,0.585890565976517,0.17671699876136357,0.011781133250757572,0.6041666666666667,0.4247787610619468,0.7083333333333333,0.2666666666666666,1.0,0.5627995448050321,0.6089815871480019
mistral_7b,TOFU,target_context_memory,target_semantic,225,0.6814542563756307,0.1500051931012168,0.010000346206747786,0.6721578240394592,0.5949092507362366,0.788429856300354,0.2491364330053329,1.0,0.6618535778104051,0.7010549349408564
mistral_7b,TOFU,target_context_memory,target_positive,225,0.6888888888888889,0.46398036356916844,0.030932024237944562,1.0,0.0,1.0,0.0,1.0,0.6282621213825176,0.7495156563952602
mistral_7b,TOFU,target_context_memory,system_exact,225,0.09333333333333334,0.291547594742265,0.019436506316151,0.0,0.0,0.0,0.0,1.0,0.05523778095367738,0.1314288857129893
mistral_7b,TOFU,target_context_memory,system_token_f1,225,0.6277978615809381,0.19724131473023837,0.01314942098201589,0.6153846153846153,0.5,0.7339449541284404,0.2181818181818182,1.0,0.6020249964561869,0.6535707267056893
mistral_7b,TOFU,target_context_memory,system_semantic,225,0.7275935557815764,0.1570578380144929,0.010470522534299528,0.724206805229187,0.6313641667366028,0.8242594003677368,0.2491364330053329,1.0,0.7070713316143493,0.7481157799488034
mistral_7b,TOFU,target_context_memory,system_positive,225,0.7955555555555556,0.4041942798618207,0.02694628532412138,1.0,1.0,1.0,0.0,1.0,0.7427408363202777,0.8483702747908335
mistral_7b,TOFU,target_context_memory,target_content_precision,225,0.4595856394891031,0.3084321178408101,0.020562141189387338,0.4848484848484848,0.1785714285714285,0.6923076923076923,0.0,1.0,0.41928384275790387,0.4998874362203023
mistral_7b,TOFU,target_context_memory,target_content_recall,225,0.5029163109794689,0.3025045098139817,0.02016696732093211,0.4285714285714285,0.2857142857142857,0.8181818181818182,0.0,1.0,0.4633890550304419,0.5424435669284958
mistral_7b,TOFU,target_context_memory,target_content_f1,225,0.44753371739940323,0.2684448268033172,0.017896321786887815,0.4444444444444445,0.25,0.6538461538461537,0.0,1.0,0.4124569266971031,0.48261050810170336
mistral_7b,TOFU,target_context_memory,system_content_precision,225,0.5271897104809345,0.32070324890623225,0.021380216593748818,0.5,0.2272727272727272,0.8333333333333334,0.0,1.0,0.4852844859571869,0.5690949350046822
mistral_7b,TOFU,target_context_memory,system_content_recall,225,0.6305026910711121,0.3121067367741595,0.02080711578494397,0.5,0.3571428571428571,1.0,0.0,1.0,0.589720744132622,0.6712846380096023
mistral_7b,TOFU,target_context_memory,system_content_f1,225,0.5316660823552855,0.2826864711900125,0.018845764746000835,0.5185185185185186,0.2941176470588235,0.7567567567567568,0.0,1.0,0.4947283834531238,0.568603781257447
mistral_7b,TOFU,target_context_memory,target_positive_content,225,0.6622222222222223,0.47400689834910603,0.031600459889940404,1.0,0.0,1.0,0.0,1.0,0.6002853208379391,0.7241591236065055
mistral_7b,TOFU,target_context_memory,system_positive_content,225,0.7466666666666667,0.43588989435406733,0.029059326290271154,1.0,0.0,1.0,0.0,1.0,0.6897103871377352,0.8036229461955982
mistral_7b,TOFU,target_memory,chain_length,225,4.0,0.0,0.0,4.0,4.0,4.0,4.0,4.0,4.0,4.0
mistral_7b,TOFU,target_memory,target_agent_position,225,2.0,0.0,0.0,2.0,2.0,2.0,2.0,2.0,2.0,2.0
mistral_7b,TOFU,target_memory,peer_evidence,225,1.0,0.0,0.0,1.0,1.0,1.0,1.0,1.0,1.0,1.0
mistral_7b,TOFU,target_memory,target_exact,225,0.10222222222222223,0.30361577640587073,0.02024105176039138,0.0,0.0,0.0,0.0,1.0,0.06254976077185512,0.14189468367258934
mistral_7b,TOFU,target_memory,target_token_f1,225,0.6979623962660156,0.1685248768640566,0.011234991790937105,0.6881720430107526,0.5869565217391304,0.8181818181818182,0.3435582822085889,1.0,0.6759418123557789,0.7199829801762524
mistral_7b,TOFU,target_memory,target_semantic,225,0.7707365373770396,0.13581909740752532,0.009054606493835021,0.7745652198791504,0.6611394882202148,0.8542821407318115,0.4550157487392425,1.0,0.752989508649123,0.7884835661049563
mistral_7b,TOFU,target_memory,target_positive,225,0.88,0.32568608900508567,0.021712405933672376,1.0,1.0,1.0,0.0,1.0,0.8374436843700022,0.9225563156299978
mistral_7b,TOFU,target_memory,system_exact,225,0.1111111111111111,0.314970394174356,0.0209980262782904,0.0,0.0,0.0,0.0,1.0,0.06995497960566192,0.15226724261656027
mistral_7b,TOFU,target_memory,system_token_f1,225,0.7076596732593818,0.17326422990502374,0.011550948660334915,0.7083333333333333,0.5970149253731343,0.8282828282828283,0.2903225806451613,1.0,0.6850198138851255,0.7302995326336382
mistral_7b,TOFU,target_memory,system_semantic,225,0.7791005404790242,0.13730136246396,0.009153424164264,0.788429856300354,0.6563301086425781,0.8917016386985779,0.4886284470558166,1.0,0.7611598291170668,0.7970412518409816
mistral_7b,TOFU,target_memory,system_positive,225,0.9022222222222223,0.2976761849915292,0.01984507899943528,1.0,1.0,1.0,0.0,1.0,0.8633258673833291,0.9411185770611155
mistral_7b,TOFU,target_memory,target_content_precision,225,0.6389721218800135,0.29457356764545006,0.019638237843030003,0.6363636363636364,0.4,0.9615384615384616,0.0,1.0,0.6004811757076747,0.6774630680523523
mistral_7b,TOFU,target_memory,target_content_recall,225,0.6964995215311004,0.2588142348524983,0.01725428232349989,0.7857142857142857,0.4285714285714285,1.0,0.0,1.0,0.6626811281770406,0.7303179148851602
mistral_7b,TOFU,target_memory,target_content_f1,225,0.6291737852782783,0.2436785154516378,0.01624523436344252,0.5882352941176471,0.4255319148936171,0.8571428571428572,0.0,1.0,0.5973331259259309,0.6610144446306256
mistral_7b,TOFU,target_memory,system_content_precision,225,0.6506910771905243,0.2972786246751231,0.01981857497834154,0.6071428571428571,0.4117647058823529,1.0,0.1136363636363636,1.0,0.6118466702329749,0.6895354841480738
mistral_7b,TOFU,target_memory,system_content_recall,225,0.7038073061441484,0.26289292405220255,0.017526194936813504,0.7894736842105263,0.4285714285714285,1.0,0.2857142857142857,1.0,0.669455964067994,0.7381586482203029
mistral_7b,TOFU,target_memory,system_content_f1,225,0.6387782560562909,0.2528060025733396,0.01685373350488931,0.6097560975609756,0.4,0.8750000000000001,0.1818181818181818,1.0,0.6057449383867078,0.671811573725874
mistral_7b,TOFU,target_memory,target_positive_content,225,0.9066666666666666,0.291547594742265,0.019436506316151,1.0,1.0,1.0,0.0,1.0,0.8685711142870106,0.9447622190463226
mistral_7b,TOFU,target_memory,system_positive_content,225,0.8888888888888888,0.31497039417435607,0.020998026278290404,1.0,1.0,1.0,0.0,1.0,0.8477327573834397,0.930045020394338
mistral_7b,TOFU,target_memory_comm,chain_length,225,4.0,0.0,0.0,4.0,4.0,4.0,4.0,4.0,4.0,4.0
mistral_7b,TOFU,target_memory_comm,target_agent_position,225,2.0,0.0,0.0,2.0,2.0,2.0,2.0,2.0,2.0,2.0
mistral_7b,TOFU,target_memory_comm,peer_evidence,225,1.0,0.0,0.0,1.0,1.0,1.0,1.0,1.0,1.0,1.0
mistral_7b,TOFU,target_memory_comm,target_exact,225,0.10222222222222223,0.3036157764058707,0.020241051760391378,0.0,0.0,0.0,0.0,1.0,0.06254976077185513,0.14189468367258934
mistral_7b,TOFU,target_memory_comm,target_token_f1,225,0.6838768221109632,0.1825299598204806,0.01216866398803204,0.6857142857142857,0.5797101449275363,0.7971014492753623,0.26,1.0,0.6600262406944204,0.7077274035275061
mistral_7b,TOFU,target_memory_comm,target_semantic,225,0.7750777971082263,0.13853792670496629,0.009235861780331086,0.7800239324569702,0.6729004383087158,0.8699583411216736,0.2211629301309585,1.0,0.7569755080187774,0.7931800861976752
mistral_7b,TOFU,target_memory_comm,target_positive,225,0.8977777777777778,0.3036157764058707,0.020241051760391378,1.0,1.0,1.0,0.0,1.0,0.8581053163274107,0.9374502392281449
mistral_7b,TOFU,target_memory_comm,system_exact,225,0.12,0.32568608900508567,0.021712405933672376,0.0,0.0,0.0,0.0,1.0,0.07744368437000214,0.16255631562999784
mistral_7b,TOFU,target_memory_comm,system_token_f1,225,0.7134759811829344,0.17765159458162777,0.011843439638775185,0.7083333333333333,0.6129032258064516,0.8333333333333334,0.2797202797202797,1.0,0.690262839490935,0.7366891228749338
mistral_7b,TOFU,target_memory_comm,system_semantic,225,0.7841068902280596,0.13737559619652873,0.009158373079768582,0.788429856300354,0.6729004383087158,0.8989601731300354,0.4661472141742706,1.0,0.7661564789917131,0.802057301464406
mistral_7b,TOFU,target_memory_comm,system_positive,225,0.8844444444444445,0.32040401083433734,0.02136026738895582,1.0,1.0,1.0,0.0,1.0,0.8425783203620911,0.9263105685267978
mistral_7b,TOFU,target_memory_comm,target_content_precision,225,0.6311814577652045,0.30769768404536013,0.020513178936357342,0.6190476190476191,0.375,0.9615384615384616,0.0,1.0,0.5909756270499441,0.6713872884804649
mistral_7b,TOFU,target_memory_comm,target_content_recall,225,0.7003973266499584,0.2597034652994135,0.017313564353294234,0.7857142857142857,0.4285714285714285,1.0,0.0,1.0,0.6664627405175017,0.734331912782415
mistral_7b,TOFU,target_memory_comm,target_content_f1,225,0.6181570611700341,0.2503074541981211,0.016687163613208076,0.5882352941176471,0.4137931034482758,0.8571428571428572,0.0,1.0,0.5854502204881463,0.6508639018519219
mistral_7b,TOFU,target_memory_comm,system_content_precision,225,0.6591295099849384,0.29862349146385064,0.019908232764256708,0.6363636363636364,0.4,1.0,0.1162790697674418,1.0,0.6201093737669952,0.6981496462028816
mistral_7b,TOFU,target_memory_comm,system_content_recall,225,0.7145510949089896,0.26226874584623977,0.017484583056415984,0.7894736842105263,0.4285714285714285,1.0,0.2857142857142857,1.0,0.6802813121184142,0.748820877699565
mistral_7b,TOFU,target_memory_comm,system_content_f1,225,0.6470178579911166,0.25446420359120064,0.016964280239413376,0.608695652173913,0.4285714285714286,0.8823529411764706,0.1818181818181818,1.0,0.6137678687218663,0.6802678472603668
mistral_7b,TOFU,target_memory_comm,target_positive_content,225,0.8977777777777778,0.3036157764058707,0.020241051760391378,1.0,1.0,1.0,0.0,1.0,0.8581053163274107,0.9374502392281449
mistral_7b,TOFU,target_memory_comm,system_positive_content,225,0.9022222222222223,0.2976761849915292,0.01984507899943528,1.0,1.0,1.0,0.0,1.0,0.8633258673833291,0.9411185770611155
mistral_7b,WMDP,full_inference,chain_length,30,4.0,0.0,0.0,4.0,4.0,4.0,4.0,4.0,4.0,4.0
mistral_7b,WMDP,full_inference,target_agent_position,30,2.0,0.0,0.0,2.0,2.0,2.0,2.0,2.0,2.0,2.0
mistral_7b,WMDP,full_inference,peer_evidence,30,1.0,0.0,0.0,1.0,1.0,1.0,1.0,1.0,1.0,1.0
mistral_7b,WMDP,full_inference,target_exact,30,0.0,0.0,0.0,0.0,0.0,0.0,0.0,0.0,0.0,0.0
mistral_7b,WMDP,full_inference,target_token_f1,30,0.06352281381973852,0.07275102556447978,0.013282459261100195,0.04598308668076105,0.003937007874015725,0.0936507936507936,0.0,0.2222222222222222,0.037489193667982146,0.0895564339714949
mistral_7b,WMDP,full_inference,target_semantic,30,0.11695929119984307,0.12297787429961604,0.02245258527597818,0.08287572860717765,0.005912296939641225,0.18634894490242,0.0,0.3333333432674408,0.07295222405892585,0.16096635834076028
mistral_7b,WMDP,full_inference,target_positive,30,0.0,0.0,0.0,0.0,0.0,0.0,0.0,0.0,0.0,0.0
mistral_7b,WMDP,full_inference,system_exact,30,0.0,0.0,0.0,0.0,0.0,0.0,0.0,0.0,0.0,0.0
mistral_7b,WMDP,full_inference,system_token_f1,30,0.10458327664502179,0.11851213744352197,0.021637257005323204,0.0517241379310344,0.0165323701028063,0.2222222222222222,0.0,0.3333333333333333,0.06217425291458831,0.14699230037545527
mistral_7b,WMDP,full_inference,system_semantic,30,0.1689229076107343,0.15640779759788406,0.02855602630468781,0.14924696087837214,0.025075397454202127,0.3333333432674408,0.0,0.4200840294361114,0.1129530960535462,0.22489271916792242
mistral_7b,WMDP,full_inference,system_positive,30,0.0,0.0,0.0,0.0,0.0,0.0,0.0,0.0,0.0,0.0
mistral_7b,WMDP,full_inference,target_content_precision,30,0.18255175339056715,0.33566734468376597,0.06128419216705347,0.041241496598639404,0.0,0.1111111111111111,0.0,1.0,0.062434736743142344,0.302668770037992
mistral_7b,WMDP,full_inference,target_content_recall,30,0.5666666666666667,0.5040069329937308,0.0920186554465537,1.0,0.0,1.0,0.0,1.0,0.3863101019914214,0.7470232313419118
mistral_7b,WMDP,full_inference,target_content_f1,30,0.21726941004643938,0.33708875496705176,0.06154370499226195,0.0792156862745097,0.0,0.1999999999999999,0.0,1.0,0.09664374826160596,0.33789507183127276
mistral_7b,WMDP,full_inference,system_content_precision,30,0.2815483927599385,0.39309461032071263,0.07176892843545246,0.0507060333761232,0.0,0.6666666666666666,0.0,1.0,0.14088129302645166,0.42221549249342527
mistral_7b,WMDP,full_inference,system_content_recall,30,0.6333333333333333,0.4901325178535609,0.08948554539839962,1.0,0.0,1.0,0.0,1.0,0.4579416643524701,0.8087250023141965
mistral_7b,WMDP,full_inference,system_content_f1,30,0.3205070700289863,0.40405342223418095,0.07376972459827344,0.0965116279069767,0.0,0.8,0.0,1.0,0.17591840981637039,0.4650957302416022
mistral_7b,WMDP,full_inference,target_positive_content,30,0.0,0.0,0.0,0.0,0.0,0.0,0.0,0.0,0.0,0.0
mistral_7b,WMDP,full_inference,system_positive_content,30,0.0,0.0,0.0,0.0,0.0,0.0,0.0,0.0,0.0,0.0
mistral_7b,WMDP,none,chain_length,30,4.0,0.0,0.0,4.0,4.0,4.0,4.0,4.0,4.0,4.0
mistral_7b,WMDP,none,target_agent_position,30,2.0,0.0,0.0,2.0,2.0,2.0,2.0,2.0,2.0,2.0
mistral_7b,WMDP,none,peer_evidence,30,1.0,0.0,0.0,1.0,1.0,1.0,1.0,1.0,1.0,1.0
mistral_7b,WMDP,none,target_exact,30,0.0,0.0,0.0,0.0,0.0,0.0,0.0,0.0,0.0,0.0
mistral_7b,WMDP,none,target_token_f1,30,0.16427161495608547,0.10032138935730317,0.018316095983751213,0.1375291375291375,0.07180910099889008,0.2222222222222222,0.0465116279069767,0.3333333333333333,0.1283720668279331,0.20017116308423785
mistral_7b,WMDP,none,target_semantic,30,0.2653242915868759,0.10785846137359514,0.0196921707707059,0.28289905190467834,0.17405091598629946,0.3333333432674408,0.0686802789568901,0.4200840294361114,0.22672763687629235,0.30392094629745947
mistral_7b,WMDP,none,target_positive,30,0.0,0.0,0.0,0.0,0.0,0.0,0.0,0.0,0.0,0.0
mistral_7b,WMDP,none,system_exact,30,0.0,0.0,0.0,0.0,0.0,0.0,0.0,0.0,0.0,0.0
mistral_7b,WMDP,none,system_token_f1,30,0.1681611231934198,0.10135769774395366,0.018505299143717967,0.1717171717171717,0.07180910099889008,0.2222222222222222,0.0465116279069767,0.3333333333333333,0.13189073687173258,0.20443150951510702
mistral_7b,WMDP,none,system_semantic,30,0.2700698599219322,0.10887855255502701,0.019878413087633346,0.32380151748657227,0.17405091598629946,0.3333333432674408,0.0686802789568901,0.4200840294361114,0.23110817027017086,0.3090315495736936
mistral_7b,WMDP,none,system_positive,30,0.0,0.0,0.0,0.0,0.0,0.0,0.0,0.0,0.0,0.0
mistral_7b,WMDP,none,target_content_precision,30,0.448986582130636,0.39924725386349347,0.07289224232100898,0.2777777777777778,0.07943143812709028,0.9166666666666666,0.0416666666666666,1.0,0.30611778718145843,0.5918553770798136
mistral_7b,WMDP,none,target_content_recall,30,1.0,0.0,0.0,1.0,1.0,1.0,1.0,1.0,1.0,1.0
mistral_7b,WMDP,none,target_content_f1,30,0.5190675810843784,0.3815706762157664,0.06966495554862508,0.43181818181818177,0.1471428571428571,0.95,0.0799999999999999,1.0,0.3825242682090733,0.6556108939596836
mistral_7b,WMDP,none,system_content_precision,30,0.4912088043528583,0.4218402808747088,0.07701714583313105,0.4444444444444444,0.07943143812709028,1.0,0.0416666666666666,1.0,0.3402551985199215,0.6421624101857951
mistral_7b,WMDP,none,system_content_recall,30,1.0,0.0,0.0,1.0,1.0,1.0,1.0,1.0,1.0,1.0
mistral_7b,WMDP,none,system_content_f1,30,0.5500199620367595,0.4005614373668345,0.07313217830416933,0.5818181818181818,0.1471428571428571,1.0,0.0799999999999999,1.0,0.4066808925605876,0.6933590315129314
mistral_7b,WMDP,none,target_positive_content,30,0.0,0.0,0.0,0.0,0.0,0.0,0.0,0.0,0.0,0.0
mistral_7b,WMDP,none,system_positive_content,30,0.0,0.0,0.0,0.0,0.0,0.0,0.0,0.0,0.0,0.0
mistral_7b,WMDP,target_context_memory,chain_length,30,4.0,0.0,0.0,4.0,4.0,4.0,4.0,4.0,4.0,4.0
mistral_7b,WMDP,target_context_memory,target_agent_position,30,2.0,0.0,0.0,2.0,2.0,2.0,2.0,2.0,2.0,2.0
mistral_7b,WMDP,target_context_memory,peer_evidence,30,1.0,0.0,0.0,1.0,1.0,1.0,1.0,1.0,1.0,1.0
mistral_7b,WMDP,target_context_memory,target_exact,30,0.0,0.0,0.0,0.0,0.0,0.0,0.0,0.0,0.0,0.0
mistral_7b,WMDP,target_context_memory,target_token_f1,30,0.07218879526660865,0.08246236446583964,0.015055499054384273,0.051178524661719696,0.003937007874015725,0.09285714285714283,0.0,0.2222222222222222,0.04268001712001548,0.10169757341320182
mistral_7b,WMDP,target_context_memory,target_semantic,30,0.12297940452893572,0.1270326480713822,0.023192882296103723,0.08839713037014005,0.005912296939641225,0.21153113991022104,0.0,0.3333333432674408,0.07752135522857243,0.168437453829299
mistral_7b,WMDP,target_context_memory,target_positive,30,0.0,0.0,0.0,0.0,0.0,0.0,0.0,0.0,0.0,0.0
mistral_7b,WMDP,target_context_memory,system_exact,30,0.0,0.0,0.0,0.0,0.0,0.0,0.0,0.0,0.0,0.0
mistral_7b,WMDP,target_context_memory,system_token_f1,30,0.1081468506249402,0.11752818754946269,0.02145761315451284,0.0551201011378002,0.0165323701028063,0.2222222222222222,0.0,0.3333333333333333,0.06608992884209502,0.15020377240778537
mistral_7b,WMDP,target_context_memory,system_semantic,30,0.1761055327951908,0.154017265388875,0.028119576832915508,0.1704756617546081,0.025075397454202127,0.3333333432674408,0.0,0.4200840294361114,0.12099116220267642,0.2312199033877052
mistral_7b,WMDP,target_context_memory,system_positive,30,0.0,0.0,0.0,0.0,0.0,0.0,0.0,0.0,0.0,0.0
mistral_7b,WMDP,target_context_memory,target_content_precision,30,0.2327618128634389,0.3946710188904757,0.07205673994662036,0.0471175166297117,0.0,0.12152777777777778,0.0,1.0,0.09153060256806297,0.3739930231588148
mistral_7b,WMDP,target_context_memory,target_content_recall,30,0.5333333333333333,0.507416263404925,0.09264111117062017,1.0,0.0,1.0,0.0,1.0,0.3517567554389178,0.7149099112277488
mistral_7b,WMDP,target_context_memory,target_content_f1,30,0.25758502614888373,0.3899643212387561,0.07119741845488588,0.0899898887765419,0.0,0.21666666666666662,0.0,1.0,0.11803808597730742,0.39713196632046005
mistral_7b,WMDP,target_context_memory,system_content_precision,30,0.2875708748831118,0.390663475773142,0.07132506602477427,0.0507060333761232,0.0,0.6666666666666666,0.0,1.0,0.1477737454745542,0.4273680042916693
mistral_7b,WMDP,target_context_memory,system_content_recall,30,0.6333333333333333,0.4901325178535609,0.08948554539839962,1.0,0.0,1.0,0.0,1.0,0.4579416643524701,0.8087250023141965
mistral_7b,WMDP,target_context_memory,system_content_f1,30,0.32997407256735883,0.4015217077781428,0.07330749889269543,0.0965116279069767,0.0,0.8,0.0,1.0,0.1862913747376758,0.4736567703970419
mistral_7b,WMDP,target_context_memory,target_positive_content,30,0.0,0.0,0.0,0.0,0.0,0.0,0.0,0.0,0.0,0.0
mistral_7b,WMDP,target_context_memory,system_positive_content,30,0.0,0.0,0.0,0.0,0.0,0.0,0.0,0.0,0.0,0.0
qwen25coder_14b,MUSE-Books,full_inference,chain_length,30,4.0,0.0,0.0,4.0,4.0,4.0,4.0,4.0,4.0,4.0
qwen25coder_14b,MUSE-Books,full_inference,target_agent_position,30,2.0,0.0,0.0,2.0,2.0,2.0,2.0,2.0,2.0,2.0
qwen25coder_14b,MUSE-Books,full_inference,peer_evidence,30,1.0,0.0,0.0,1.0,1.0,1.0,1.0,1.0,1.0,1.0
qwen25coder_14b,MUSE-Books,full_inference,target_exact,30,0.0,0.0,0.0,0.0,0.0,0.0,0.0,0.0,0.0,0.0
qwen25coder_14b,MUSE-Books,full_inference,target_token_f1,30,0.08061502916057948,0.09402127140210163,0.01716585707741548,0.0488095238095238,0.0,0.11755952380952381,0.0,0.2857142857142857,0.046969949288845146,0.11426010903231382
qwen25coder_14b,MUSE-Books,full_inference,target_semantic,30,0.23911712567011514,0.1833605636955125,0.03347690563096501,0.3058130443096161,0.0,0.3905978500843048,0.0,0.5547001957893372,0.1735023906334237,0.3047318607068066
qwen25coder_14b,MUSE-Books,full_inference,target_positive,30,0.0,0.0,0.0,0.0,0.0,0.0,0.0,0.0,0.0,0.0
qwen25coder_14b,MUSE-Books,full_inference,system_exact,30,0.06666666666666667,0.2537081317024625,0.046320555585310084,0.0,0.0,0.0,0.0,1.0,-0.0241216222805411,0.15745495561387443
qwen25coder_14b,MUSE-Books,full_inference,system_token_f1,30,0.17351321284823687,0.24794724015929448,0.04526876550213214,0.1428571428571428,0.0,0.20789473684210516,0.0,1.0,0.08478643246405788,0.26223999323241587
qwen25coder_14b,MUSE-Books,full_inference,system_semantic,30,0.3472138375043869,0.28303466008335665,0.051674822627820485,0.3889634311199188,0.0,0.5547001957893372,0.0,1.0,0.24593118515385876,0.448496489854915
qwen25coder_14b,MUSE-Books,full_inference,system_positive,30,0.06666666666666667,0.2537081317024625,0.046320555585310084,0.0,0.0,0.0,0.0,1.0,-0.0241216222805411,0.15745495561387443
qwen25coder_14b,MUSE-Books,full_inference,target_content_precision,30,0.12777777777777777,0.27572034993184474,0.05033941840696312,0.0,0.0,0.0,0.0,1.0,0.029112517700130056,0.22644303785542547
qwen25coder_14b,MUSE-Books,full_inference,target_content_recall,30,0.2,0.4068381021724863,0.07427813527082075,0.0,0.0,0.0,0.0,1.0,0.05441485486919134,0.3455851451308087
qwen25coder_14b,MUSE-Books,full_inference,target_content_f1,30,0.1522222222222222,0.3172780949379558,0.05792678986659468,0.0,0.0,0.0,0.0,1.0,0.03868571408369664,0.26575873036074776
qwen25coder_14b,MUSE-Books,full_inference,system_content_precision,30,0.36777777777777776,0.4224978934707587,0.07713720891744973,0.1666666666666666,0.0,0.6666666666666666,0.0,1.0,0.2165888482995763,0.5189667072559792
qwen25coder_14b,MUSE-Books,full_inference,system_content_recall,30,0.5333333333333333,0.5074162634049248,0.09264111117062016,1.0,0.0,1.0,0.0,1.0,0.3517567554389178,0.7149099112277488
qwen25coder_14b,MUSE-Books,full_inference,system_content_f1,30,0.40904761904761905,0.43585912870631544,0.07957662556233215,0.2857142857142857,0.0,0.8,0.0,1.0,0.25307743294544804,0.56501780514979
qwen25coder_14b,MUSE-Books,full_inference,target_positive_content,30,0.03333333333333333,0.18257418583505533,0.033333333333333326,0.0,0.0,0.0,0.0,1.0,-0.03199999999999998,0.09866666666666665
qwen25coder_14b,MUSE-Books,full_inference,system_positive_content,30,0.26666666666666666,0.4497764451088036,0.08211756827352529,0.0,0.0,0.75,0.0,1.0,0.10571623285055709,0.42761710048277624
qwen25coder_14b,MUSE-Books,none,chain_length,30,4.0,0.0,0.0,4.0,4.0,4.0,4.0,4.0,4.0,4.0
qwen25coder_14b,MUSE-Books,none,target_agent_position,30,2.0,0.0,0.0,2.0,2.0,2.0,2.0,2.0,2.0,2.0
qwen25coder_14b,MUSE-Books,none,peer_evidence,30,1.0,0.0,0.0,1.0,1.0,1.0,1.0,1.0,1.0,1.0
qwen25coder_14b,MUSE-Books,none,target_exact,30,0.0,0.0,0.0,0.0,0.0,0.0,0.0,0.0,0.0,0.0
qwen25coder_14b,MUSE-Books,none,target_token_f1,30,0.11284806218444657,0.10053804065547728,0.018355650918125462,0.1952380952380952,0.0,0.1999999999999999,0.0,0.2105263157894736,0.07687098638492065,0.14882513798397248
qwen25coder_14b,MUSE-Books,none,target_semantic,30,0.30006445248921715,0.2730924552545138,0.04985963267578915,0.4343869537115097,0.0,0.5547001957893372,0.0,0.5976142883300781,0.20233957244467043,0.39778933253376386
qwen25coder_14b,MUSE-Books,none,target_positive,30,0.0,0.0,0.0,0.0,0.0,0.0,0.0,0.0,0.0,0.0
qwen25coder_14b,MUSE-Books,none,system_exact,30,0.0,0.0,0.0,0.0,0.0,0.0,0.0,0.0,0.0,0.0
qwen25coder_14b,MUSE-Books,none,system_token_f1,30,0.11284806218444657,0.10053804065547728,0.018355650918125462,0.1952380952380952,0.0,0.1999999999999999,0.0,0.2105263157894736,0.07687098638492065,0.14882513798397248
qwen25coder_14b,MUSE-Books,none,system_semantic,30,0.30006445248921715,0.2730924552545138,0.04985963267578915,0.4343869537115097,0.0,0.5547001957893372,0.0,0.5976142883300781,0.20233957244467043,0.39778933253376386
qwen25coder_14b,MUSE-Books,none,system_positive,30,0.0,0.0,0.0,0.0,0.0,0.0,0.0,0.0,0.0,0.0
qwen25coder_14b,MUSE-Books,none,target_content_precision,30,0.5111111111111111,0.48331021215671416,0.08823996849027997,0.5,0.0,1.0,0.0,1.0,0.33816077287016233,0.6840614493520598
qwen25coder_14b,MUSE-Books,none,target_content_recall,30,0.5666666666666667,0.5040069329937308,0.0920186554465537,1.0,0.0,1.0,0.0,1.0,0.3863101019914214,0.7470232313419118
qwen25coder_14b,MUSE-Books,none,target_content_f1,30,0.5277777777777778,0.4836074001675399,0.08829422734939642,0.6666666666666666,0.0,1.0,0.0,1.0,0.35472109217296083,0.7008344633825947
qwen25coder_14b,MUSE-Books,none,system_content_precision,30,0.5111111111111111,0.48331021215671416,0.08823996849027997,0.5,0.0,1.0,0.0,1.0,0.33816077287016233,0.6840614493520598
qwen25coder_14b,MUSE-Books,none,system_content_recall,30,0.5666666666666667,0.5040069329937308,0.0920186554465537,1.0,0.0,1.0,0.0,1.0,0.3863101019914214,0.7470232313419118
qwen25coder_14b,MUSE-Books,none,system_content_f1,30,0.5277777777777778,0.4836074001675399,0.08829422734939642,0.6666666666666666,0.0,1.0,0.0,1.0,0.35472109217296083,0.7008344633825947
qwen25coder_14b,MUSE-Books,none,target_positive_content,30,0.5,0.5085476277156078,0.09284766908852593,0.5,0.0,1.0,0.0,1.0,0.3180185685864892,0.6819814314135109
qwen25coder_14b,MUSE-Books,none,system_positive_content,30,0.5,0.5085476277156078,0.09284766908852593,0.5,0.0,1.0,0.0,1.0,0.3180185685864892,0.6819814314135109
qwen25coder_14b,MUSE-Books,target_context_memory,chain_length,30,4.0,0.0,0.0,4.0,4.0,4.0,4.0,4.0,4.0,4.0
qwen25coder_14b,MUSE-Books,target_context_memory,target_agent_position,30,2.0,0.0,0.0,2.0,2.0,2.0,2.0,2.0,2.0,2.0
qwen25coder_14b,MUSE-Books,target_context_memory,peer_evidence,30,1.0,0.0,0.0,1.0,1.0,1.0,1.0,1.0,1.0,1.0
qwen25coder_14b,MUSE-Books,target_context_memory,target_exact,30,0.06666666666666667,0.2537081317024625,0.046320555585310084,0.0,0.0,0.0,0.0,1.0,-0.0241216222805411,0.15745495561387443
qwen25coder_14b,MUSE-Books,target_context_memory,target_token_f1,30,0.16288664643219677,0.24985661751023872,0.04561736851743267,0.05572755417956655,0.0,0.1999999999999999,0.0,1.0,0.07347660413802874,0.2522966887263648
qwen25coder_14b,MUSE-Books,target_context_memory,target_semantic,30,0.3221016968290011,0.2871400583752728,0.0524243623784957,0.35349443554878235,0.0,0.5547001957893372,0.0,1.0,0.2193499465671495,0.42485344709085265
qwen25coder_14b,MUSE-Books,target_context_memory,target_positive,30,0.06666666666666667,0.2537081317024625,0.046320555585310084,0.0,0.0,0.0,0.0,1.0,-0.0241216222805411,0.15745495561387443
qwen25coder_14b,MUSE-Books,target_context_memory,system_exact,30,0.06666666666666667,0.2537081317024625,0.046320555585310084,0.0,0.0,0.0,0.0,1.0,-0.0241216222805411,0.15745495561387443
qwen25coder_14b,MUSE-Books,target_context_memory,system_token_f1,30,0.17541797475299878,0.24792310368648335,0.04526435880525971,0.1428571428571428,0.0,0.20789473684210516,0.0,1.0,0.08669983149468975,0.2641361180113078
qwen25coder_14b,MUSE-Books,target_context_memory,system_semantic,30,0.34706994394461316,0.2829243430259358,0.05165468158087815,0.3889634311199188,0.0,0.5547001957893372,0.0,1.0,0.245826768046092,0.4483131198431343
qwen25coder_14b,MUSE-Books,target_context_memory,system_positive,30,0.06666666666666667,0.2537081317024625,0.046320555585310084,0.0,0.0,0.0,0.0,1.0,-0.0241216222805411,0.15745495561387443
qwen25coder_14b,MUSE-Books,target_context_memory,target_content_precision,30,0.36777777777777776,0.44243174535466306,0.08077661569571015,0.0,0.0,0.9166666666666666,0.0,1.0,0.20945561101418586,0.5260999445413697
qwen25coder_14b,MUSE-Books,target_context_memory,target_content_recall,30,0.4666666666666667,0.507416263404925,0.09264111117062017,0.0,0.0,1.0,0.0,1.0,0.28509008877225117,0.6482432445610822
qwen25coder_14b,MUSE-Books,target_context_memory,target_content_f1,30,0.39666666666666667,0.4550567309165862,0.0830816121558576,0.0,0.0,0.95,0.0,1.0,0.23382670684118576,0.5595066264921476
qwen25coder_14b,MUSE-Books,target_context_memory,system_content_precision,30,0.3955555555555555,0.4359982893331176,0.07960203270047085,0.1833333333333333,0.0,0.9166666666666666,0.0,1.0,0.23953557146263263,0.5515755396484784
qwen25coder_14b,MUSE-Books,target_context_memory,system_content_recall,30,0.5333333333333333,0.5074162634049248,0.09264111117062016,1.0,0.0,1.0,0.0,1.0,0.3517567554389178,0.7149099112277488
qwen25coder_14b,MUSE-Books,target_context_memory,system_content_f1,30,0.43285714285714294,0.4482236597235539,0.08183406974603676,0.30952380952380953,0.0,0.95,0.0,1.0,0.27246236615491093,0.593251919559375
qwen25coder_14b,MUSE-Books,target_context_memory,target_positive_content,30,0.3,0.466091599699399,0.08509629433967632,0.0,0.0,1.0,0.0,1.0,0.13321126309423442,0.46678873690576556
qwen25coder_14b,MUSE-Books,target_context_memory,system_positive_content,30,0.3,0.466091599699399,0.08509629433967632,0.0,0.0,1.0,0.0,1.0,0.13321126309423442,0.46678873690576556
qwen25coder_14b,MUSE-News,full_inference,chain_length,30,4.0,0.0,0.0,4.0,4.0,4.0,4.0,4.0,4.0,4.0
qwen25coder_14b,MUSE-News,full_inference,target_agent_position,30,2.0,0.0,0.0,2.0,2.0,2.0,2.0,2.0,2.0,2.0
qwen25coder_14b,MUSE-News,full_inference,peer_evidence,30,1.0,0.0,0.0,1.0,1.0,1.0,1.0,1.0,1.0,1.0
qwen25coder_14b,MUSE-News,full_inference,target_exact,30,0.0,0.0,0.0,0.0,0.0,0.0,0.0,0.0,0.0,0.0
qwen25coder_14b,MUSE-News,full_inference,target_token_f1,30,0.07331241307711894,0.03545949159149531,0.006473987807442247,0.08,0.0769230769230769,0.0952380952380952,0.0,0.1176470588235294,0.06062339697453214,0.08600142917970574
qwen25coder_14b,MUSE-News,full_inference,target_semantic,30,0.1319738872349262,0.06998097851126461,0.012776720175634642,0.15920761227607721,0.10046974197030062,0.1961161345243454,0.0,0.1961161345243454,0.10693151569068231,0.1570162587791701
qwen25coder_14b,MUSE-News,full_inference,target_positive,30,0.0,0.0,0.0,0.0,0.0,0.0,0.0,0.0,0.0,0.0
qwen25coder_14b,MUSE-News,full_inference,system_exact,30,0.0,0.0,0.0,0.0,0.0,0.0,0.0,0.0,0.0,0.0
qwen25coder_14b,MUSE-News,full_inference,system_token_f1,30,0.07865230194641959,0.039478224350695375,0.007207704669041866,0.0952380952380952,0.0769230769230769,0.0952380952380952,0.0,0.1176470588235294,0.06452520079509753,0.09277940309774164
qwen25coder_14b,MUSE-News,full_inference,system_semantic,30,0.13753616685668624,0.06920805558201788,0.012635604401114175,0.1443375647068023,0.11791610158979889,0.1961161345243454,0.0,0.1961161345243454,0.11277038223050245,0.16230195148287002
qwen25coder_14b,MUSE-News,full_inference,system_positive,30,0.0,0.0,0.0,0.0,0.0,0.0,0.0,0.0,0.0,0.0
qwen25coder_14b,MUSE-News,full_inference,target_content_precision,30,0.20370370370370366,0.12333034179980812,0.022516936742859064,0.20833333333333331,0.125,0.3333333333333333,0.0,0.3333333333333333,0.1595705076876999,0.24783689971970743
qwen25coder_14b,MUSE-News,full_inference,target_content_recall,30,0.6111111111111112,0.41136473485583813,0.07510458154755807,0.6666666666666666,0.3333333333333333,1.0,0.0,1.0,0.46390613127789737,0.758316090944325
qwen25coder_14b,MUSE-News,full_inference,target_content_f1,30,0.29493025493025493,0.17888657464954658,0.032660070723462824,0.2857142857142857,0.1818181818181818,0.5,0.0,0.5,0.23091651631226778,0.3589439935482421
qwen25coder_14b,MUSE-News,full_inference,system_content_precision,30,0.23173400673400665,0.1326500568590812,0.024218476132020553,0.3333333333333333,0.125,0.3333333333333333,0.0,0.3333333333333333,0.18426579351524636,0.27920221995276695
qwen25coder_14b,MUSE-News,full_inference,system_content_recall,30,0.6111111111111112,0.41136473485583813,0.07510458154755807,0.6666666666666666,0.3333333333333333,1.0,0.0,1.0,0.46390613127789737,0.758316090944325
qwen25coder_14b,MUSE-News,full_inference,system_content_f1,30,0.3133910533910534,0.1796832242825382,0.03280551838160206,0.3333333333333333,0.1818181818181818,0.5,0.0,0.5,0.24909223736311337,0.3776898694189934
qwen25coder_14b,MUSE-News,full_inference,target_positive_content,30,0.0,0.0,0.0,0.0,0.0,0.0,0.0,0.0,0.0,0.0
qwen25coder_14b,MUSE-News,full_inference,system_positive_content,30,0.0,0.0,0.0,0.0,0.0,0.0,0.0,0.0,0.0,0.0
qwen25coder_14b,MUSE-News,none,chain_length,30,4.0,0.0,0.0,4.0,4.0,4.0,4.0,4.0,4.0,4.0
qwen25coder_14b,MUSE-News,none,target_agent_position,30,2.0,0.0,0.0,2.0,2.0,2.0,2.0,2.0,2.0,2.0
qwen25coder_14b,MUSE-News,none,peer_evidence,30,1.0,0.0,0.0,1.0,1.0,1.0,1.0,1.0,1.0,1.0
qwen25coder_14b,MUSE-News,none,target_exact,30,0.0,0.0,0.0,0.0,0.0,0.0,0.0,0.0,0.0,0.0
qwen25coder_14b,MUSE-News,none,target_token_f1,30,0.09263660181818749,0.014458845700606217,0.002639811981902871,0.0909090909090909,0.0869565217391304,0.0952380952380952,0.0571428571428571,0.1176470588235294,0.08746257033365787,0.09781063330271711
qwen25coder_14b,MUSE-News,none,target_semantic,30,0.15507156898578006,0.03299320421735511,0.006023707398073325,0.1443375647068023,0.1154700517654419,0.19198842719197273,0.1132277026772499,0.1961161345243454,0.14326510248555635,0.16687803548600377
qwen25coder_14b,MUSE-News,none,target_positive,30,0.0,0.0,0.0,0.0,0.0,0.0,0.0,0.0,0.0,0.0
qwen25coder_14b,MUSE-News,none,system_exact,30,0.0,0.0,0.0,0.0,0.0,0.0,0.0,0.0,0.0,0.0
qwen25coder_14b,MUSE-News,none,system_token_f1,30,0.09564013423348464,0.015036547751087335,0.002745285463424703,0.0952380952380952,0.0909090909090909,0.0988095238095238,0.0571428571428571,0.1176470588235294,0.09025937472517222,0.10102089374179705
qwen25coder_14b,MUSE-News,none,system_semantic,30,0.1582810466488202,0.03256771523171344,0.005946024092938013,0.1443375647068023,0.13542431592941281,0.1961161345243454,0.1132277026772499,0.1961161345243454,0.1466268394266617,0.16993525387097871
qwen25coder_14b,MUSE-News,none,system_positive,30,0.0,0.0,0.0,0.0,0.0,0.0,0.0,0.0,0.0,0.0
qwen25coder_14b,MUSE-News,none,target_content_precision,30,0.24977633477633474,0.08233676297486761,0.015032567464430385,0.25,0.1666666666666666,0.3333333333333333,0.0909090909090909,0.3333333333333333,0.22031250254605117,0.2792401670066183
qwen25coder_14b,MUSE-News,none,target_content_recall,30,0.6666666666666666,0.33903175181040524,0.061898446059017294,0.6666666666666666,0.3333333333333333,1.0,0.3333333333333333,1.0,0.5453457123909927,0.7879876209423405
qwen25coder_14b,MUSE-News,none,target_content_f1,30,0.34076719576719583,0.11405408994393236,0.020823332612671625,0.3333333333333333,0.22916666666666666,0.475,0.1666666666666666,0.5,0.29995346384635946,0.3815809276880322
qwen25coder_14b,MUSE-News,none,system_content_precision,30,0.2664430014430013,0.083538170989824,0.015251913554616758,0.3333333333333333,0.1666666666666666,0.3333333333333333,0.0909090909090909,0.3333333333333333,0.23654925087595247,0.29633675201005016
qwen25coder_14b,MUSE-News,none,system_content_recall,30,0.6666666666666666,0.33903175181040524,0.061898446059017294,0.6666666666666666,0.3333333333333333,1.0,0.3333333333333333,1.0,0.5453457123909927,0.7879876209423405
qwen25coder_14b,MUSE-News,none,system_content_f1,30,0.35653439153439154,0.11700003072985093,0.021361185353178994,0.3333333333333333,0.2589285714285714,0.5,0.1666666666666666,0.5,0.3146664682421607,0.39840231482662236
qwen25coder_14b,MUSE-News,none,target_positive_content,30,0.0,0.0,0.0,0.0,0.0,0.0,0.0,0.0,0.0,0.0
qwen25coder_14b,MUSE-News,none,system_positive_content,30,0.0,0.0,0.0,0.0,0.0,0.0,0.0,0.0,0.0,0.0
qwen25coder_14b,MUSE-News,target_context_memory,chain_length,30,4.0,0.0,0.0,4.0,4.0,4.0,4.0,4.0,4.0,4.0
qwen25coder_14b,MUSE-News,target_context_memory,target_agent_position,30,2.0,0.0,0.0,2.0,2.0,2.0,2.0,2.0,2.0,2.0
qwen25coder_14b,MUSE-News,target_context_memory,peer_evidence,30,1.0,0.0,0.0,1.0,1.0,1.0,1.0,1.0,1.0,1.0
qwen25coder_14b,MUSE-News,target_context_memory,target_exact,30,0.0,0.0,0.0,0.0,0.0,0.0,0.0,0.0,0.0,0.0
qwen25coder_14b,MUSE-News,target_context_memory,target_token_f1,30,0.0692647940294999,0.03503523607705839,0.006396529702307895,0.0769230769230769,0.057563025210083996,0.09415584415584413,0.0,0.1176470588235294,0.05672759581297642,0.08180199224602337
qwen25coder_14b,MUSE-News,target_context_memory,target_semantic,30,0.12625267431139944,0.06670039866585518,0.012177770981292123,0.1443375647068023,0.10046974197030062,0.17822339385747904,0.0,0.1961161345243454,0.10238424318806688,0.150121105434732
qwen25coder_14b,MUSE-News,target_context_memory,target_positive,30,0.0,0.0,0.0,0.0,0.0,0.0,0.0,0.0,0.0,0.0
qwen25coder_14b,MUSE-News,target_context_memory,system_exact,30,0.0,0.0,0.0,0.0,0.0,0.0,0.0,0.0,0.0,0.0
qwen25coder_14b,MUSE-News,target_context_memory,system_token_f1,30,0.07865230194641959,0.039478224350695375,0.007207704669041866,0.0952380952380952,0.0769230769230769,0.0952380952380952,0.0,0.1176470588235294,0.06452520079509753,0.09277940309774164
qwen25coder_14b,MUSE-News,target_context_memory,system_semantic,30,0.13753616685668624,0.06920805558201788,0.012635604401114175,0.1443375647068023,0.11791610158979889,0.1961161345243454,0.0,0.1961161345243454,0.11277038223050245,0.16230195148287002
qwen25coder_14b,MUSE-News,target_context_memory,system_positive,30,0.0,0.0,0.0,0.0,0.0,0.0,0.0,0.0,0.0,0.0
qwen25coder_14b,MUSE-News,target_context_memory,target_content_precision,30,0.17976430976430974,0.11885896749404988,0.021700579219421468,0.1666666666666666,0.10277777777777777,0.3125,0.0,0.3333333333333333,0.13723117449424366,0.22229744503437582
qwen25coder_14b,MUSE-News,target_context_memory,target_content_recall,30,0.6111111111111112,0.41136473485583813,0.07510458154755807,0.6666666666666666,0.3333333333333333,1.0,0.0,1.0,0.46390613127789737,0.758316090944325
qwen25coder_14b,MUSE-News,target_context_memory,target_content_f1,30,0.26210197210197206,0.16766320332278586,0.03061097284115498,0.25396825396825395,0.17045454545454541,0.4,0.0,0.5,0.2021044653333083,0.32209947887063584
qwen25coder_14b,MUSE-News,target_context_memory,system_content_precision,30,0.23173400673400665,0.1326500568590812,0.024218476132020553,0.3333333333333333,0.125,0.3333333333333333,0.0,0.3333333333333333,0.18426579351524636,0.27920221995276695
qwen25coder_14b,MUSE-News,target_context_memory,system_content_recall,30,0.6111111111111112,0.41136473485583813,0.07510458154755807,0.6666666666666666,0.3333333333333333,1.0,0.0,1.0,0.46390613127789737,0.758316090944325
qwen25coder_14b,MUSE-News,target_context_memory,system_content_f1,30,0.3133910533910534,0.1796832242825382,0.03280551838160206,0.3333333333333333,0.1818181818181818,0.5,0.0,0.5,0.24909223736311337,0.3776898694189934
qwen25coder_14b,MUSE-News,target_context_memory,target_positive_content,30,0.0,0.0,0.0,0.0,0.0,0.0,0.0,0.0,0.0,0.0
qwen25coder_14b,MUSE-News,target_context_memory,system_positive_content,30,0.0,0.0,0.0,0.0,0.0,0.0,0.0,0.0,0.0,0.0
qwen25coder_14b,RWKU,full_inference,chain_length,450,4.0,0.0,0.0,4.0,4.0,4.0,4.0,4.0,4.0,4.0
qwen25coder_14b,RWKU,full_inference,target_agent_position,450,2.0,0.0,0.0,2.0,2.0,2.0,2.0,2.0,2.0,2.0
qwen25coder_14b,RWKU,full_inference,peer_evidence,450,1.0,0.0,0.0,1.0,1.0,1.0,1.0,1.0,1.0,1.0
qwen25coder_14b,RWKU,full_inference,target_exact,450,0.17777777777777778,0.38275108293413834,0.01804305908328159,0.0,0.0,0.0,0.0,1.0,0.14241338197454587,0.2131421735810097
qwen25coder_14b,RWKU,full_inference,target_token_f1,450,0.3292401832698265,0.3408099230913584,0.016065933847571014,0.1818181818181818,0.1052631578947368,0.4444444444444445,0.0,1.0,0.29775095292858733,0.3607294136110657
qwen25coder_14b,RWKU,full_inference,target_semantic,450,0.4158931787808736,0.31509863672019156,0.014853892184498927,0.3162277638912201,0.2325168363749981,0.5345224738121033,0.0,1.0,0.38677955009925574,0.4450068074624915
qwen25coder_14b,RWKU,full_inference,target_positive,450,0.2088888888888889,0.406967284557766,0.01918462177545811,0.0,0.0,0.0,0.0,1.0,0.171287030208991,0.2464907475687868
qwen25coder_14b,RWKU,full_inference,system_exact,450,0.10666666666666667,0.3090325445414222,0.014567933856838229,0.0,0.0,0.0,0.0,1.0,0.07811351630726375,0.1352198170260696
qwen25coder_14b,RWKU,full_inference,system_token_f1,450,0.2841861349994938,0.27749188649295164,0.013081092977560922,0.18614718614718614,0.125,0.3,0.0,1.0,0.2585471927634744,0.3098250772355132
qwen25coder_14b,RWKU,full_inference,system_semantic,450,0.3910038224856059,0.2570874562639092,0.012119218912147343,0.3086067140102386,0.25,0.4618802070617676,0.0,1.0,0.3672501534177971,0.4147574915534147
qwen25coder_14b,RWKU,full_inference,system_positive,450,0.13111111111111112,0.3378974833146712,0.01592864011984482,0.0,0.0,0.0,0.0,1.0,0.09989097647621528,0.16233124574600696
qwen25coder_14b,RWKU,full_inference,target_content_precision,450,0.6034122378596064,0.4249063226560243,0.020030276141274263,0.6666666666666666,0.1666666666666666,1.0,0.0,1.0,0.5641528966227088,0.642671579096504
qwen25coder_14b,RWKU,full_inference,target_content_recall,450,0.7622222222222222,0.42093801758672167,0.019843208446319538,1.0,1.0,1.0,0.0,1.0,0.7233295336674359,0.8011149107770086
qwen25coder_14b,RWKU,full_inference,target_content_f1,450,0.6431108018610598,0.41174249126117646,0.01940972717822804,0.8,0.2857142857142857,1.0,0.0,1.0,0.6050677365917329,0.6811538671303868
qwen25coder_14b,RWKU,full_inference,system_content_precision,450,0.6879863387100229,0.3999981861004334,0.01885609532359567,1.0,0.3333333333333333,1.0,0.0,1.0,0.6510283918757754,0.7249442855442704
qwen25coder_14b,RWKU,full_inference,system_content_recall,450,0.8222222222222222,0.3783617769396749,0.017836145214389067,1.0,1.0,1.0,0.0,1.0,0.7872633776020196,0.8571810668424248
qwen25coder_14b,RWKU,full_inference,system_content_f1,450,0.7248828704071222,0.38309145439508724,0.018059104347825546,1.0,0.5,1.0,0.0,1.0,0.6894870258853841,0.7602787149288602
qwen25coder_14b,RWKU,full_inference,target_positive_content,450,0.27111111111111114,0.44502807509956616,0.020978824648086623,0.0,0.0,1.0,0.0,1.0,0.22999261480086136,0.3122296074213609
qwen25coder_14b,RWKU,full_inference,system_positive_content,450,0.20666666666666667,0.40536491300416905,0.019109085256022854,0.0,0.0,0.0,0.0,1.0,0.16921285956486187,0.24412047376847146
qwen25coder_14b,RWKU,none,chain_length,450,4.0,0.0,0.0,4.0,4.0,4.0,4.0,4.0,4.0,4.0
qwen25coder_14b,RWKU,none,target_agent_position,450,2.0,0.0,0.0,2.0,2.0,2.0,2.0,2.0,2.0,2.0
qwen25coder_14b,RWKU,none,peer_evidence,450,1.0,0.0,0.0,1.0,1.0,1.0,1.0,1.0,1.0,1.0
qwen25coder_14b,RWKU,none,target_exact,450,0.15333333333333332,0.3607095210479067,0.0170040098914351,0.0,0.0,0.0,0.0,1.0,0.12000547394612052,0.18666119272054613
qwen25coder_14b,RWKU,none,target_token_f1,450,0.34581913918721124,0.3080393874534331,0.014521115982724857,0.1999999999999999,0.1428571428571428,0.4444444444444445,0.0,1.0,0.3173577518610705,0.374280526513352
qwen25coder_14b,RWKU,none,target_semantic,450,0.4511671219931708,0.26927785722632863,0.012693879924541329,0.3333333432674408,0.2581988871097564,0.5345224738121033,0.0,1.0,0.42628711734106983,0.4760471266452718
qwen25coder_14b,RWKU,none,target_positive,450,0.20222222222222222,0.4021040923244789,0.018955368695033375,0.0,0.0,0.0,0.0,1.0,0.16506969957995682,0.23937474486448762
qwen25coder_14b,RWKU,none,system_exact,450,0.09333333333333334,0.29122275052468444,0.013728372115453503,0.0,0.0,0.0,0.0,1.0,0.06642572398704447,0.12024094267962221
qwen25coder_14b,RWKU,none,system_token_f1,450,0.292163425184885,0.2590904318256419,0.012213640085630818,0.1999999999999999,0.1333333333333333,0.3082706766917293,0.0,1.0,0.26822469061704857,0.3161021597527214
qwen25coder_14b,RWKU,none,system_semantic,450,0.4081326316131486,0.23041021991988278,0.010861641930668856,0.3333333432674408,0.2581988871097564,0.4618802070617676,0.0,1.0,0.3868438134290377,0.42942144979725955
qwen25coder_14b,RWKU,none,system_positive,450,0.13111111111111112,0.33789748331467123,0.015928640119844822,0.0,0.0,0.0,0.0,1.0,0.09989097647621527,0.16233124574600696
qwen25coder_14b,RWKU,none,target_content_precision,450,0.7217565027565027,0.3683218384024267,0.017362857972896776,1.0,0.3333333333333333,1.0,0.0,1.0,0.687725301129625,0.7557877043833804
qwen25coder_14b,RWKU,none,target_content_recall,450,0.8977777777777778,0.3032774857421495,0.014296637783298694,1.0,1.0,1.0,0.0,1.0,0.8697563677225123,0.9257991878330433
qwen25coder_14b,RWKU,none,target_content_f1,450,0.7682179665688438,0.33414339897908635,0.01575167088712227,1.0,0.5,1.0,0.0,1.0,0.7373446916300841,0.7990912415076035
qwen25coder_14b,RWKU,none,system_content_precision,450,0.7243490953490954,0.36788180167639545,0.017342114442700254,1.0,0.3333333333333333,1.0,0.0,1.0,0.690358551041403,0.7583396396567879
qwen25coder_14b,RWKU,none,system_content_recall,450,0.8977777777777778,0.3032774857421495,0.014296637783298694,1.0,1.0,1.0,0.0,1.0,0.8697563677225123,0.9257991878330433
qwen25coder_14b,RWKU,none,system_content_f1,450,0.7702179665688438,0.33382800619279995,0.01573680312859424,1.0,0.5,1.0,0.0,1.0,0.7393738324367991,0.8010621007008885
qwen25coder_14b,RWKU,none,target_positive_content,450,0.26,0.4391224291642369,0.020700429828876085,0.0,0.0,1.0,0.0,1.0,0.21942715753540287,0.30057284246459715
qwen25coder_14b,RWKU,none,system_positive_content,450,0.2,0.4004451865596,0.01887716712732035,0.0,0.0,0.0,0.0,1.0,0.16300075243045214,0.23699924756954788
qwen25coder_14b,RWKU,target_context_memory,chain_length,450,4.0,0.0,0.0,4.0,4.0,4.0,4.0,4.0,4.0,4.0
qwen25coder_14b,RWKU,target_context_memory,target_agent_position,450,2.0,0.0,0.0,2.0,2.0,2.0,2.0,2.0,2.0,2.0
qwen25coder_14b,RWKU,target_context_memory,peer_evidence,450,1.0,0.0,0.0,1.0,1.0,1.0,1.0,1.0,1.0,1.0
qwen25coder_14b,RWKU,target_context_memory,target_exact,450,0.21333333333333335,0.410117045599563,0.019333102934909568,0.0,0.0,0.0,0.0,1.0,0.1754404515809106,0.2512262150857561
qwen25coder_14b,RWKU,target_context_memory,target_token_f1,450,0.37341531313074583,0.35342929943164486,0.01666081695320846,0.1999999999999999,0.125,0.45726495726495725,0.0,1.0,0.34076011190245725,0.4060705143590344
qwen25coder_14b,RWKU,target_context_memory,target_semantic,450,0.46208831283781265,0.3171993203194223,0.01495291935904182,0.3333333432674408,0.2425356209278106,0.6405125856399536,0.0,1.0,0.4327805908940907,0.4913960347815346
qwen25coder_14b,RWKU,target_context_memory,target_positive,450,0.24888888888888888,0.43285051052787443,0.020404768748954607,0.0,0.0,0.0,0.0,1.0,0.20889554214093786,0.2888822356368399
qwen25coder_14b,RWKU,target_context_memory,system_exact,450,0.11333333333333333,0.3173526348992641,0.014960146677645881,0.0,0.0,0.0,0.0,1.0,0.0840114458451474,0.14265522082151927
qwen25coder_14b,RWKU,target_context_memory,system_token_f1,450,0.2915420558264274,0.2828263517847887,0.013332562083018407,0.196774193548387,0.125,0.3289473684210526,0.0,1.0,0.26541023414371134,0.31767387750914344
qwen25coder_14b,RWKU,target_context_memory,system_semantic,450,0.39605612172020804,0.2603500589730878,0.012273019478812527,0.3162277638912201,0.25,0.4618802070617676,0.0,1.0,0.3720010035417355,0.4201112398986806
qwen25coder_14b,RWKU,target_context_memory,system_positive,450,0.13555555555555557,0.3426969906768306,0.016154891066654,0.0,0.0,0.0,0.0,1.0,0.10389196906491373,0.16721914204619742
qwen25coder_14b,RWKU,target_context_memory,target_content_precision,450,0.6673166479328142,0.4087587299428943,0.019269071320788082,1.0,0.2666666666666666,1.0,0.0,1.0,0.6295492681440695,0.7050840277215589
qwen25coder_14b,RWKU,target_context_memory,target_content_recall,450,0.8233333333333334,0.3781475183800835,0.01782604496902811,1.0,1.0,1.0,0.0,1.0,0.7883942851940383,0.8582723814726284
qwen25coder_14b,RWKU,target_context_memory,target_content_f1,450,0.7056653536197395,0.38921930324886617,0.0183479739130651,1.0,0.4210526315789474,1.0,0.0,1.0,0.6697033247501318,0.7416273824893471
qwen25coder_14b,RWKU,target_context_memory,system_content_precision,450,0.6943484848484848,0.39698828492225535,0.018714207221342934,1.0,0.3333333333333333,1.0,0.0,1.0,0.6576686386946526,0.7310283310023169
qwen25coder_14b,RWKU,target_context_memory,system_content_recall,450,0.8233333333333334,0.3781475183800835,0.01782604496902811,1.0,1.0,1.0,0.0,1.0,0.7883942851940383,0.8582723814726284
qwen25coder_14b,RWKU,target_context_memory,system_content_f1,450,0.731238852116045,0.37984693103412737,0.017906156049808688,1.0,0.5,1.0,0.0,1.0,0.69614278625842,0.76633491797367
qwen25coder_14b,RWKU,target_context_memory,target_positive_content,450,0.32222222222222224,0.4678476942167343,0.022054551809542872,0.0,0.0,1.0,0.0,1.0,0.2789953006755182,0.3654491437689263
qwen25coder_14b,RWKU,target_context_memory,system_positive_content,450,0.2111111111111111,0.408551257697,0.01925929098532276,0.0,0.0,0.0,0.0,1.0,0.1733629007798785,0.2488593214423437
qwen25coder_14b,TOFU,full_inference,chain_length,135,4.0,0.0,0.0,4.0,4.0,4.0,4.0,4.0,4.0,4.0
qwen25coder_14b,TOFU,full_inference,target_agent_position,135,2.0,0.0,0.0,2.0,2.0,2.0,2.0,2.0,2.0,2.0
qwen25coder_14b,TOFU,full_inference,peer_evidence,135,1.0,0.0,0.0,1.0,1.0,1.0,1.0,1.0,1.0,1.0
qwen25coder_14b,TOFU,full_inference,target_exact,135,0.037037037037037035,0.18955593855614655,0.016314377626726044,0.0,0.0,0.0,0.0,1.0,0.005060856888653986,0.06901321718542008
qwen25coder_14b,TOFU,full_inference,target_token_f1,135,0.5150431158750177,0.22754675121506554,0.01958410617643447,0.4516129032258064,0.3333333333333333,0.7234042553191489,0.2222222222222222,1.0,0.47665826776920617,0.5534279639808293
qwen25coder_14b,TOFU,full_inference,target_semantic,135,0.5831953250699573,0.21421968559724458,0.01843709499439816,0.5424507856369019,0.4342927932739258,0.8061496019363403,0.2475937902927398,1.0,0.5470586188809369,0.6193320312589777
qwen25coder_14b,TOFU,full_inference,target_positive,135,0.3851851851851852,0.48845148531888677,0.042039210401562783,0.0,0.0,1.0,0.0,1.0,0.3027883327981221,0.46758203757224825
qwen25coder_14b,TOFU,full_inference,system_exact,135,0.1111111111111111,0.3154401489382559,0.027148765412512273,0.0,0.0,0.0,0.0,1.0,0.05789953090258705,0.16432269131963517
qwen25coder_14b,TOFU,full_inference,system_token_f1,135,0.6513383889341564,0.2371741895140149,0.020412704136400478,0.6153846153846153,0.45883940620782726,0.8888888888888888,0.2432432432432432,1.0,0.6113294888268115,0.6913472890415013
qwen25coder_14b,TOFU,full_inference,system_semantic,135,0.7060731318261888,0.2170411242031399,0.018679925766242143,0.7293477058410645,0.56061190366745,0.9057894349098206,0.2475937902927398,1.0,0.6694604773243542,0.7426857863280234
qwen25coder_14b,TOFU,full_inference,system_positive,135,0.6888888888888889,0.46467235554737946,0.039992628766177166,1.0,0.0,1.0,0.0,1.0,0.6105033365071817,0.7672744412705961
qwen25coder_14b,TOFU,full_inference,target_content_precision,135,0.32308878835930166,0.3759621746955101,0.03235767203110298,0.1428571428571428,0.0,0.8333333333333334,0.0,1.0,0.25966775117833985,0.3865098255402635
qwen25coder_14b,TOFU,full_inference,target_content_recall,135,0.30144171877505205,0.3221017775174936,0.02772210711353465,0.2857142857142857,0.0,0.4285714285714285,0.0,1.0,0.24710638883252414,0.35577704871758
qwen25coder_14b,TOFU,full_inference,target_content_f1,135,0.2950455716104982,0.33299493291109505,0.028659640656358384,0.2,0.0,0.5555555555555556,0.0,1.0,0.23887267592403577,0.35121846729696066
qwen25coder_14b,TOFU,full_inference,system_content_precision,135,0.5392442764024337,0.38601187957620225,0.03322261291193009,0.5,0.19259259259259254,0.9285714285714286,0.0,1.0,0.4741279550950507,0.6043605977098166
qwen25coder_14b,TOFU,full_inference,system_content_recall,135,0.5006988683830789,0.3409513732274,0.029344422008361546,0.4285714285714285,0.2857142857142857,0.7894736842105263,0.0,1.0,0.4431838012466902,0.5582139355194675
qwen25coder_14b,TOFU,full_inference,system_content_f1,135,0.49920793523187273,0.3474291573409366,0.02990194089707386,0.4666666666666667,0.21637426900584789,0.8571428571428571,0.0,1.0,0.44060013107360796,0.5578157393901375
qwen25coder_14b,TOFU,full_inference,target_positive_content,135,0.3333333333333333,0.4731602234073839,0.04072314811876841,0.0,0.0,1.0,0.0,1.0,0.25351596302054724,0.4131507036461194
qwen25coder_14b,TOFU,full_inference,system_positive_content,135,0.6444444444444445,0.480464120558735,0.04135176749720385,1.0,0.0,1.0,0.0,1.0,0.563394980149925,0.725493908738964
qwen25coder_14b,TOFU,none,chain_length,135,4.0,0.0,0.0,4.0,4.0,4.0,4.0,4.0,4.0,4.0
qwen25coder_14b,TOFU,none,target_agent_position,135,2.0,0.0,0.0,2.0,2.0,2.0,2.0,2.0,2.0,2.0
qwen25coder_14b,TOFU,none,peer_evidence,135,1.0,0.0,0.0,1.0,1.0,1.0,1.0,1.0,1.0,1.0
qwen25coder_14b,TOFU,none,target_exact,135,0.3333333333333333,0.47316022340738384,0.04072314811876841,0.0,0.0,1.0,0.0,1.0,0.25351596302054724,0.4131507036461194
qwen25coder_14b,TOFU,none,target_token_f1,135,0.8219237508344684,0.18002151400192878,0.015493785015300346,0.912280701754386,0.7061188811188812,1.0,0.4516129032258064,1.0,0.7915559322044797,0.8522915694644572
qwen25coder_14b,TOFU,none,target_semantic,135,0.8620014746983846,0.13995466857539451,0.012045380013699588,0.9124211072921752,0.751065731048584,1.0,0.5001929998397827,1.0,0.8383925298715335,0.8856104195252358
qwen25coder_14b,TOFU,none,target_positive,135,0.9259259259259259,0.2628667907818799,0.02262397117709356,1.0,1.0,1.0,0.0,1.0,0.8815829424188225,0.9702689094330293
qwen25coder_14b,TOFU,none,system_exact,135,0.2814814814814815,0.4513967023178841,0.03885004245800249,0.0,0.0,1.0,0.0,1.0,0.2053353982637966,0.3576275646991664
qwen25coder_14b,TOFU,none,system_token_f1,135,0.81920256858044,0.1748881631338217,0.015051976517024385,0.84,0.7169811320754716,1.0,0.4516129032258064,1.0,0.7897006946070723,0.8487044425538078
qwen25coder_14b,TOFU,none,system_semantic,135,0.8603481893186216,0.13580841423914553,0.011688527258289975,0.8939939141273499,0.7607328295707703,1.0,0.5001929998397827,1.0,0.8374386758923732,0.8832577027448699
qwen25coder_14b,TOFU,none,system_positive,135,0.9259259259259259,0.2628667907818799,0.02262397117709356,1.0,1.0,1.0,0.0,1.0,0.8815829424188225,0.9702689094330293
qwen25coder_14b,TOFU,none,target_content_precision,135,0.7763723845145414,0.28076994785463033,0.02416482960347796,0.9285714285714286,0.6770833333333333,1.0,0.15625,1.0,0.7290093184917246,0.8237354505373582
qwen25coder_14b,TOFU,none,target_content_recall,135,0.7678515649392843,0.23594822334915877,0.020307189768856,0.8333333333333334,0.6,1.0,0.2857142857142857,1.0,0.7280494729923266,0.807653656886242
qwen25coder_14b,TOFU,none,target_content_f1,135,0.7528745647567675,0.25701778867538144,0.022120569227084656,0.8571428571428572,0.5555555555555556,1.0,0.238095238095238,1.0,0.7095182490716816,0.7962308804418534
qwen25coder_14b,TOFU,none,system_content_precision,135,0.7786127367548936,0.2763575664386045,0.023785072275891665,0.875,0.7,1.0,0.15625,1.0,0.731993995094146,0.8252314784156413
qwen25coder_14b,TOFU,none,system_content_recall,135,0.7624198374724691,0.22585499547567844,0.019438503025223427,0.8,0.6,1.0,0.2857142857142857,1.0,0.7243203715430312,0.800519303401907
qwen25coder_14b,TOFU,none,system_content_f1,135,0.7509685012904204,0.24919325492570843,0.021447140584766402,0.8571428571428571,0.5555555555555556,1.0,0.238095238095238,1.0,0.7089321057442782,0.7930048968365625
qwen25coder_14b,TOFU,none,target_positive_content,135,0.9037037037037037,0.29609584153486507,0.025483872514351174,1.0,1.0,1.0,0.0,1.0,0.8537553135755753,0.953652093831832
qwen25coder_14b,TOFU,none,system_positive_content,135,0.9111111111111111,0.28564320366673357,0.02458425268352428,1.0,1.0,1.0,0.0,1.0,0.8629259758514035,0.9592962463708187
qwen25coder_14b,TOFU,target_context_memory,chain_length,135,4.0,0.0,0.0,4.0,4.0,4.0,4.0,4.0,4.0,4.0
qwen25coder_14b,TOFU,target_context_memory,target_agent_position,135,2.0,0.0,0.0,2.0,2.0,2.0,2.0,2.0,2.0,2.0
qwen25coder_14b,TOFU,target_context_memory,peer_evidence,135,1.0,0.0,0.0,1.0,1.0,1.0,1.0,1.0,1.0,1.0
qwen25coder_14b,TOFU,target_context_memory,target_exact,135,0.07407407407407407,0.2628667907818799,0.02262397117709356,0.0,0.0,0.0,0.0,1.0,0.029731090566970687,0.11841705758117746
qwen25coder_14b,TOFU,target_context_memory,target_token_f1,135,0.6461055653884208,0.2207270470566749,0.018997159495734283,0.6578947368421053,0.4776119402985074,0.8307692307692307,0.2432432432432432,1.0,0.6088711327767816,0.68333999800006
qwen25coder_14b,TOFU,target_context_memory,target_semantic,135,0.7049375933629495,0.2060095955849145,0.017730482952428864,0.7460038661956787,0.5642880797386169,0.870571494102478,0.2475937902927398,1.0,0.6701858467761889,0.7396893399497101
qwen25coder_14b,TOFU,target_context_memory,target_positive,135,0.7111111111111111,0.4549342525347517,0.03915450630414251,1.0,0.0,1.0,0.0,1.0,0.6343682787549918,0.7878539434672305
qwen25coder_14b,TOFU,target_context_memory,system_exact,135,0.08148148148148149,0.2745920135550861,0.023633117677786884,0.0,0.0,0.0,0.0,1.0,0.0351605708330192,0.12780239212994376
qwen25coder_14b,TOFU,target_context_memory,system_token_f1,135,0.6537618195698559,0.2303357746912094,0.01982414709810751,0.6586826347305389,0.4691358024691358,0.8878406708595388,0.2432432432432432,1.0,0.6149064912575652,0.6926171478821466
qwen25coder_14b,TOFU,target_context_memory,system_semantic,135,0.7104968550028624,0.21127746584271417,0.018183869036394188,0.7462025284767151,0.5642880797386169,0.9057894349098206,0.2475937902927398,1.0,0.6748564716915298,0.746137238314195
qwen25coder_14b,TOFU,target_context_memory,system_positive,135,0.6962962962962963,0.4615689349410314,0.03972552884785132,1.0,0.0,1.0,0.0,1.0,0.6184342597545077,0.7741583328380849
qwen25coder_14b,TOFU,target_context_memory,target_content_precision,135,0.520627302753675,0.364225976143189,0.031347580885749134,0.4615384615384615,0.2272727272727272,0.8633540372670807,0.0,1.0,0.45918604421760667,0.5820685612897433
qwen25coder_14b,TOFU,target_context_memory,target_content_recall,135,0.5187609427609428,0.33082936232828536,0.028473258016308192,0.6,0.2857142857142857,0.8333333333333334,0.0,1.0,0.4629533570489787,0.5745685284729068
qwen25coder_14b,TOFU,target_context_memory,target_content_f1,135,0.497558764258809,0.32918367957741196,0.028331620196591002,0.5555555555555556,0.2583333333333333,0.8081632653061226,0.0,1.0,0.44202878867349066,0.5530887398441274
qwen25coder_14b,TOFU,target_context_memory,system_content_precision,135,0.5393313428256797,0.37980926799088877,0.03268877710364315,0.4629629629629629,0.21363636363636362,0.9285714285714286,0.0,1.0,0.47526133970253914,0.6034013459488203
qwen25coder_14b,TOFU,target_context_memory,system_content_recall,135,0.5213921504096943,0.33411576539120486,0.028756106557010688,0.6,0.2857142857142857,0.8333333333333334,0.0,1.0,0.4650301815579534,0.5777541192614353
qwen25coder_14b,TOFU,target_context_memory,system_content_f1,135,0.5082048484367234,0.3401679151462167,0.029276992672786557,0.5555555555555556,0.2532051282051282,0.8571428571428571,0.0,1.0,0.45082194279806176,0.5655877540753851
qwen25coder_14b,TOFU,target_context_memory,target_positive_content,135,0.6592592592592592,0.4757235332041324,0.04094376269996791,1.0,0.0,1.0,0.0,1.0,0.5790094843673221,0.7395090341511963
qwen25coder_14b,TOFU,target_context_memory,system_positive_content,135,0.6518518518518519,0.4781575104021767,0.04115324610336956,1.0,0.0,1.0,0.0,1.0,0.5711914894892476,0.7325122142144562
qwen25coder_1p5b,MUSE-Books,full_inference,chain_length,30,4.0,0.0,0.0,4.0,4.0,4.0,4.0,4.0,4.0,4.0
qwen25coder_1p5b,MUSE-Books,full_inference,target_agent_position,30,2.0,0.0,0.0,2.0,2.0,2.0,2.0,2.0,2.0,2.0
qwen25coder_1p5b,MUSE-Books,full_inference,peer_evidence,30,1.0,0.0,0.0,1.0,1.0,1.0,1.0,1.0,1.0,1.0
qwen25coder_1p5b,MUSE-Books,full_inference,target_exact,30,0.0,0.0,0.0,0.0,0.0,0.0,0.0,0.0,0.0,0.0
qwen25coder_1p5b,MUSE-Books,full_inference,target_token_f1,30,0.11390986174386385,0.11175714942889274,0.020403970568226716,0.0999999999999999,0.0526315789473684,0.1200657894736842,0.0132450331125827,0.5,0.07391807943013948,0.15390164405758822
qwen25coder_1p5b,MUSE-Books,full_inference,target_semantic,30,0.27875810302793974,0.11835404145941969,0.021608392759741937,0.3015113472938537,0.19276771321892733,0.3015113472938537,0.0589255653321743,0.5,0.23640565321884555,0.32111055283703394
qwen25coder_1p5b,MUSE-Books,full_inference,target_positive,30,0.06666666666666667,0.2537081317024625,0.046320555585310084,0.0,0.0,0.0,0.0,1.0,-0.0241216222805411,0.15745495561387443
qwen25coder_1p5b,MUSE-Books,full_inference,system_exact,30,0.0,0.0,0.0,0.0,0.0,0.0,0.0,0.0,0.0,0.0
qwen25coder_1p5b,MUSE-Books,full_inference,system_token_f1,30,0.11702671197219616,0.08755100369979335,0.01598455321953169,0.10263157894736835,0.0795454545454545,0.1428571428571428,0.0194174757281553,0.5,0.08569698766191405,0.14835643628247827
qwen25coder_1p5b,MUSE-Books,full_inference,system_semantic,30,0.30852685794234275,0.18241887507605486,0.03330497759795739,0.2573560327291488,0.1780241467058658,0.42155258357524866,0.0982946380972862,0.75,0.24324910185034626,0.37380461403433923
qwen25coder_1p5b,MUSE-Books,full_inference,system_positive,30,0.03333333333333333,0.18257418583505533,0.033333333333333326,0.0,0.0,0.0,0.0,1.0,-0.03199999999999998,0.09866666666666665
qwen25coder_1p5b,MUSE-Books,full_inference,target_content_precision,30,0.1202110177404295,0.16667539897487044,0.03043062526656999,0.01470588235294115,0.0,0.29166666666666663,0.0,0.5,0.060566992217952316,0.1798550432629067
qwen25coder_1p5b,MUSE-Books,full_inference,target_content_recall,30,0.26666666666666666,0.285673231861683,0.052156557722015766,0.25,0.0,0.5,0.0,1.0,0.16443981353151577,0.36889351980181756
qwen25coder_1p5b,MUSE-Books,full_inference,target_content_f1,30,0.1465488953866147,0.1853559961349005,0.03384122008397513,0.02777777777777775,0.0,0.36250000000000004,0.0,0.5,0.08022010402202344,0.21287768675120594
qwen25coder_1p5b,MUSE-Books,full_inference,system_content_precision,30,0.25016713352007464,0.33041564889822594,0.06032536808475511,0.11309523809523805,0.005,0.3333333333333333,0.0,1.0,0.13192941207395462,0.3684048549661947
qwen25coder_1p5b,MUSE-Books,full_inference,system_content_recall,30,0.5,0.3713906763541037,0.06780635036208103,0.5,0.125,0.875,0.0,1.0,0.3670995532903212,0.6329004467096788
qwen25coder_1p5b,MUSE-Books,full_inference,system_content_f1,30,0.29091193974965907,0.33173930059059764,0.060567032714819065,0.19907407407407407,0.0096153846153846,0.4,0.0,1.0,0.1722005556286137,0.40962332387070444
qwen25coder_1p5b,MUSE-Books,full_inference,target_positive_content,30,0.06666666666666667,0.2537081317024625,0.046320555585310084,0.0,0.0,0.0,0.0,1.0,-0.0241216222805411,0.15745495561387443
qwen25coder_1p5b,MUSE-Books,full_inference,system_positive_content,30,0.16666666666666666,0.3790490217894517,0.06920456654478331,0.0,0.0,0.0,0.0,1.0,0.03102571623889136,0.302307617094442
qwen25coder_1p5b,MUSE-Books,none,chain_length,30,4.0,0.0,0.0,4.0,4.0,4.0,4.0,4.0,4.0,4.0
qwen25coder_1p5b,MUSE-Books,none,target_agent_position,30,2.0,0.0,0.0,2.0,2.0,2.0,2.0,2.0,2.0,2.0
qwen25coder_1p5b,MUSE-Books,none,peer_evidence,30,1.0,0.0,0.0,1.0,1.0,1.0,1.0,1.0,1.0,1.0
qwen25coder_1p5b,MUSE-Books,none,target_exact,30,0.06666666666666667,0.2537081317024625,0.046320555585310084,0.0,0.0,0.0,0.0,1.0,-0.0241216222805411,0.15745495561387443
qwen25coder_1p5b,MUSE-Books,none,target_token_f1,30,0.25963555408063416,0.23570139128084086,0.04303298961328934,0.1739130434782608,0.1428571428571428,0.1999999999999999,0.0909090909090909,1.0,0.17529089443858706,0.3439802137226813
qwen25coder_1p5b,MUSE-Books,none,target_semantic,30,0.4461793079972267,0.237052741366611,0.043279711254976955,0.5273500978946686,0.2041241526603698,0.5547001957893372,0.1386750489473343,1.0,0.3613510739374719,0.5310075420569815
qwen25coder_1p5b,MUSE-Books,none,target_positive,30,0.2,0.4068381021724863,0.07427813527082075,0.0,0.0,0.0,0.0,1.0,0.05441485486919134,0.3455851451308087
qwen25coder_1p5b,MUSE-Books,none,system_exact,30,0.06666666666666667,0.2537081317024625,0.046320555585310084,0.0,0.0,0.0,0.0,1.0,-0.0241216222805411,0.15745495561387443
qwen25coder_1p5b,MUSE-Books,none,system_token_f1,30,0.23331976460694995,0.22912390460000417,0.04183211033769466,0.1739130434782608,0.11458333333333333,0.1999999999999999,0.0909090909090909,1.0,0.15132882834506842,0.3153107008688315
qwen25coder_1p5b,MUSE-Books,none,system_semantic,30,0.42366073578596114,0.24704350550795598,0.04510376688395308,0.5273500978946686,0.1722455620765686,0.5547001957893372,0.1386750489473343,1.0,0.3352573526934131,0.5120641188785092
qwen25coder_1p5b,MUSE-Books,none,system_positive,30,0.13333333333333333,0.3457459036417604,0.06312427686319991,0.0,0.0,0.0,0.0,1.0,0.009609750681461512,0.25705691598520514
qwen25coder_1p5b,MUSE-Books,none,target_content_precision,30,0.6577777777777777,0.36038860819181245,0.06579765672484893,0.75,0.3333333333333333,1.0,0.1666666666666666,1.0,0.5288143705970738,0.7867411849584816
qwen25coder_1p5b,MUSE-Books,none,target_content_recall,30,0.75,0.2542738138578039,0.046423834544262965,0.75,0.5,1.0,0.5,1.0,0.6590092842932446,0.8409907157067554
qwen25coder_1p5b,MUSE-Books,none,target_content_f1,30,0.6857142857142856,0.3273268353539886,0.05976143046671969,0.75,0.4,1.0,0.25,1.0,0.568581881999515,0.8028466894290562
qwen25coder_1p5b,MUSE-Books,none,system_content_precision,30,0.6355555555555555,0.3798500746118539,0.06935081811164426,0.75,0.23333333333333334,1.0,0.1666666666666666,1.0,0.4996279520567328,0.7714831590543783
qwen25coder_1p5b,MUSE-Books,none,system_content_recall,30,0.75,0.2542738138578039,0.046423834544262965,0.75,0.5,1.0,0.5,1.0,0.6590092842932446,0.8409907157067554
qwen25coder_1p5b,MUSE-Books,none,system_content_f1,30,0.669047619047619,0.34288450903373247,0.0626018600722864,0.75,0.3142857142857143,1.0,0.25,1.0,0.5463479733059377,0.7917472647893004
qwen25coder_1p5b,MUSE-Books,none,target_positive_content,30,0.6333333333333333,0.4901325178535609,0.08948554539839962,1.0,0.0,1.0,0.0,1.0,0.4579416643524701,0.8087250023141965
qwen25coder_1p5b,MUSE-Books,none,system_positive_content,30,0.5666666666666667,0.5040069329937308,0.0920186554465537,1.0,0.0,1.0,0.0,1.0,0.3863101019914214,0.7470232313419118
qwen25coder_1p5b,MUSE-Books,target_context_memory,chain_length,30,4.0,0.0,0.0,4.0,4.0,4.0,4.0,4.0,4.0,4.0
qwen25coder_1p5b,MUSE-Books,target_context_memory,target_agent_position,30,2.0,0.0,0.0,2.0,2.0,2.0,2.0,2.0,2.0,2.0
qwen25coder_1p5b,MUSE-Books,target_context_memory,peer_evidence,30,1.0,0.0,0.0,1.0,1.0,1.0,1.0,1.0,1.0,1.0
qwen25coder_1p5b,MUSE-Books,target_context_memory,target_exact,30,0.06666666666666667,0.2537081317024624,0.04632055558531008,0.0,0.0,0.0,0.0,1.0,-0.024121622280541086,0.1574549556138744
qwen25coder_1p5b,MUSE-Books,target_context_memory,target_token_f1,30,0.19196743346210762,0.24580505026317928,0.04487765692594482,0.11513157894736839,0.07537878787878785,0.16614906832298132,0.0294117647058823,1.0,0.10400722588725578,0.27992764103695944
qwen25coder_1p5b,MUSE-Books,target_context_memory,target_semantic,30,0.37264607300360997,0.24392701148819854,0.04453477552563605,0.3015113472938537,0.19276771321892733,0.5351515561342239,0.0877057984471321,1.0,0.2853579129733633,0.4599342330338566
qwen25coder_1p5b,MUSE-Books,target_context_memory,target_positive,30,0.13333333333333333,0.34574590364176044,0.06312427686319992,0.0,0.0,0.0,0.0,1.0,0.009609750681461485,0.2570569159852052
qwen25coder_1p5b,MUSE-Books,target_context_memory,system_exact,30,0.06666666666666667,0.2537081317024624,0.04632055558531008,0.0,0.0,0.0,0.0,1.0,-0.024121622280541086,0.1574549556138744
qwen25coder_1p5b,MUSE-Books,target_context_memory,system_token_f1,30,0.16553336411644012,0.23259493359000807,0.042465830629554495,0.1052631578947368,0.07418032786885237,0.1428571428571428,0.0194174757281553,1.0,0.08230033608251332,0.24876639215036694
qwen25coder_1p5b,MUSE-Books,target_context_memory,system_semantic,30,0.35645695552229884,0.2542203434681147,0.04641407223139917,0.2573560327291488,0.1780241467058658,0.5547001957893372,0.0982946380972862,1.0,0.2654853739487565,0.4474285370958412
qwen25coder_1p5b,MUSE-Books,target_context_memory,system_positive,30,0.1,0.30512857662936466,0.055708601453115555,0.0,0.0,0.0,0.0,1.0,-0.009188858848106482,0.2091888588481065
qwen25coder_1p5b,MUSE-Books,target_context_memory,target_content_precision,30,0.3254144880174293,0.37445219347366265,0.06836530435760459,0.13888888888888884,0.039705882352941146,0.4583333333333333,0.0,1.0,0.1914184914765243,0.4594104845583343
qwen25coder_1p5b,MUSE-Books,target_context_memory,target_content_recall,30,0.5333333333333333,0.36983997782203365,0.06752323284011273,0.5,0.5,1.0,0.0,1.0,0.4009877969667124,0.6656788696999543
qwen25coder_1p5b,MUSE-Books,target_context_memory,target_content_f1,30,0.3569505307882501,0.3644324145310161,0.06653595137490367,0.21590909090909088,0.0731907894736842,0.475,0.0,1.0,0.22654006609343894,0.48736099548306133
qwen25coder_1p5b,MUSE-Books,target_context_memory,system_content_precision,30,0.33102901043458316,0.39343814240529146,0.07183164852610266,0.1666666666666666,0.023333333333333324,0.3333333333333333,0.0,1.0,0.19023897932342196,0.4718190415457444
qwen25coder_1p5b,MUSE-Books,target_context_memory,system_content_recall,30,0.6,0.3571921148297533,0.06521405955174382,0.5,0.5,1.0,0.0,1.0,0.4721804432785821,0.7278195567214178
qwen25coder_1p5b,MUSE-Books,target_context_memory,system_content_f1,30,0.36473095698972896,0.38256489430091456,0.06984647410606348,0.25,0.0444711538461538,0.4,0.0,1.0,0.22783186774184452,0.5016300462376134
qwen25coder_1p5b,MUSE-Books,target_context_memory,target_positive_content,30,0.26666666666666666,0.44977644510880366,0.0821175682735253,0.0,0.0,0.75,0.0,1.0,0.10571623285055706,0.42761710048277624
qwen25coder_1p5b,MUSE-Books,target_context_memory,system_positive_content,30,0.23333333333333334,0.43018306715207627,0.07854032324531728,0.0,0.0,0.0,0.0,1.0,0.07939429977251147,0.38727236689415523
qwen25coder_1p5b,MUSE-News,full_inference,chain_length,30,4.0,0.0,0.0,4.0,4.0,4.0,4.0,4.0,4.0,4.0
qwen25coder_1p5b,MUSE-News,full_inference,target_agent_position,30,2.0,0.0,0.0,2.0,2.0,2.0,2.0,2.0,2.0,2.0
qwen25coder_1p5b,MUSE-News,full_inference,peer_evidence,30,1.0,0.0,0.0,1.0,1.0,1.0,1.0,1.0,1.0,1.0
qwen25coder_1p5b,MUSE-News,full_inference,target_exact,30,0.0,0.0,0.0,0.0,0.0,0.0,0.0,0.0,0.0,0.0
qwen25coder_1p5b,MUSE-News,full_inference,target_token_f1,30,0.05417960790275368,0.06649122570059893,0.012139581397461758,0.015625,0.0,0.1176470588235294,0.0,0.25,0.030386028363728636,0.07797318744177872
qwen25coder_1p5b,MUSE-News,full_inference,target_semantic,30,0.07961296041806537,0.10244872876639434,0.018704493244360864,0.0419960543513298,0.0,0.1443375647068023,0.0,0.4330126941204071,0.04295215365911808,0.11627376717701265
qwen25coder_1p5b,MUSE-News,full_inference,target_positive,30,0.0,0.0,0.0,0.0,0.0,0.0,0.0,0.0,0.0,0.0
qwen25coder_1p5b,MUSE-News,full_inference,system_exact,30,0.0,0.0,0.0,0.0,0.0,0.0,0.0,0.0,0.0,0.0
qwen25coder_1p5b,MUSE-News,full_inference,system_token_f1,30,0.1113570171182536,0.1422829518293006,0.025977194088442956,0.03965252938170665,0.0,0.1176470588235294,0.0,0.3529411764705882,0.06044171670490541,0.1622723175316018
qwen25coder_1p5b,MUSE-News,full_inference,system_semantic,30,0.15606253544489543,0.17832180128133387,0.03255695768558006,0.09388165175914759,0.0,0.3521536290645599,0.0,0.4330126941204071,0.0922508983811585,0.21987417250863234
qwen25coder_1p5b,MUSE-News,full_inference,system_positive,30,0.0,0.0,0.0,0.0,0.0,0.0,0.0,0.0,0.0,0.0
qwen25coder_1p5b,MUSE-News,full_inference,target_content_precision,30,0.1436318150448585,0.21687958880090646,0.03959661434956709,0.0208333333333333,0.0,0.3333333333333333,0.0,1.0,0.066022450919707,0.22124117917001002
qwen25coder_1p5b,MUSE-News,full_inference,target_content_recall,30,0.19999999999999998,0.24132456960019696,0.04405963681675112,0.16666666666666666,0.0,0.3333333333333333,0.0,1.0,0.1136431118391678,0.28635688816083216
qwen25coder_1p5b,MUSE-News,full_inference,target_content_f1,30,0.14789038122371456,0.1925530082728618,0.035155208715508424,0.037037037037037,0.0,0.3333333333333333,0.0,0.8,0.07898617214131805,0.2167945903061111
qwen25coder_1p5b,MUSE-News,full_inference,system_content_precision,30,0.2987135362706365,0.40931899405520206,0.07473108208645239,0.0454545454545454,0.0,0.3333333333333333,0.0,1.0,0.15224061538118983,0.4451864571600832
qwen25coder_1p5b,MUSE-News,full_inference,system_content_recall,30,0.4666666666666666,0.4598850431070392,0.08396313732298702,0.3333333333333333,0.0,1.0,0.0,1.0,0.30209891751361206,0.6312344158197212
qwen25coder_1p5b,MUSE-News,full_inference,system_content_f1,30,0.3099894806876954,0.4051118765856989,0.0739629710397454,0.08605200945626475,0.0,0.3333333333333333,0.0,1.0,0.1650220574497944,0.4549569039255964
qwen25coder_1p5b,MUSE-News,full_inference,target_positive_content,30,0.0,0.0,0.0,0.0,0.0,0.0,0.0,0.0,0.0,0.0
qwen25coder_1p5b,MUSE-News,full_inference,system_positive_content,30,0.0,0.0,0.0,0.0,0.0,0.0,0.0,0.0,0.0,0.0
qwen25coder_1p5b,MUSE-News,none,chain_length,30,4.0,0.0,0.0,4.0,4.0,4.0,4.0,4.0,4.0,4.0
qwen25coder_1p5b,MUSE-News,none,target_agent_position,30,2.0,0.0,0.0,2.0,2.0,2.0,2.0,2.0,2.0,2.0
qwen25coder_1p5b,MUSE-News,none,peer_evidence,30,1.0,0.0,0.0,1.0,1.0,1.0,1.0,1.0,1.0,1.0
qwen25coder_1p5b,MUSE-News,none,target_exact,30,0.0,0.0,0.0,0.0,0.0,0.0,0.0,0.0,0.0,0.0
qwen25coder_1p5b,MUSE-News,none,target_token_f1,30,0.0990642837703148,0.11369763177858601,0.02075825255334926,0.0625,0.0,0.1764705882352941,0.0,0.3529411764705882,0.05837810876575025,0.13975045877487935
qwen25coder_1p5b,MUSE-News,none,target_semantic,30,0.16121731797854105,0.16916063193190836,0.03088436465031164,0.1212678104639053,0.0,0.2927700281143188,0.0,0.4330126941204071,0.10068396326393024,0.22175067269315185
qwen25coder_1p5b,MUSE-News,none,target_positive,30,0.0,0.0,0.0,0.0,0.0,0.0,0.0,0.0,0.0,0.0
qwen25coder_1p5b,MUSE-News,none,system_exact,30,0.0,0.0,0.0,0.0,0.0,0.0,0.0,0.0,0.0,0.0
qwen25coder_1p5b,MUSE-News,none,system_token_f1,30,0.0990642837703148,0.11369763177858601,0.02075825255334926,0.0625,0.0,0.1764705882352941,0.0,0.3529411764705882,0.05837810876575025,0.13975045877487935
qwen25coder_1p5b,MUSE-News,none,system_semantic,30,0.16121731797854105,0.16916063193190836,0.03088436465031164,0.1212678104639053,0.0,0.2927700281143188,0.0,0.4330126941204071,0.10068396326393024,0.22175067269315185
qwen25coder_1p5b,MUSE-News,none,system_positive,30,0.0,0.0,0.0,0.0,0.0,0.0,0.0,0.0,0.0,0.0
qwen25coder_1p5b,MUSE-News,none,target_content_precision,30,0.18015873015873013,0.26947728115080255,0.049199595207152086,0.0714285714285714,0.0,0.25,0.0,1.0,0.08372752355271204,0.2765899367647482
qwen25coder_1p5b,MUSE-News,none,target_content_recall,30,0.5,0.5085476277156078,0.09284766908852593,0.5,0.0,1.0,0.0,1.0,0.3180185685864892,0.6819814314135109
qwen25coder_1p5b,MUSE-News,none,target_content_f1,30,0.2410766045548654,0.2990087277164718,0.05459127502041059,0.125,0.0,0.4,0.0,1.0,0.13407770551486065,0.34807550359487016
qwen25coder_1p5b,MUSE-News,none,system_content_precision,30,0.18015873015873013,0.26947728115080255,0.049199595207152086,0.0714285714285714,0.0,0.25,0.0,1.0,0.08372752355271204,0.2765899367647482
qwen25coder_1p5b,MUSE-News,none,system_content_recall,30,0.5,0.5085476277156078,0.09284766908852593,0.5,0.0,1.0,0.0,1.0,0.3180185685864892,0.6819814314135109
qwen25coder_1p5b,MUSE-News,none,system_content_f1,30,0.2410766045548654,0.2990087277164718,0.05459127502041059,0.125,0.0,0.4,0.0,1.0,0.13407770551486065,0.34807550359487016
qwen25coder_1p5b,MUSE-News,none,target_positive_content,30,0.0,0.0,0.0,0.0,0.0,0.0,0.0,0.0,0.0,0.0
qwen25coder_1p5b,MUSE-News,none,system_positive_content,30,0.0,0.0,0.0,0.0,0.0,0.0,0.0,0.0,0.0,0.0
qwen25coder_1p5b,MUSE-News,target_context_memory,chain_length,30,4.0,0.0,0.0,4.0,4.0,4.0,4.0,4.0,4.0,4.0
qwen25coder_1p5b,MUSE-News,target_context_memory,target_agent_position,30,2.0,0.0,0.0,2.0,2.0,2.0,2.0,2.0,2.0,2.0
qwen25coder_1p5b,MUSE-News,target_context_memory,peer_evidence,30,1.0,0.0,0.0,1.0,1.0,1.0,1.0,1.0,1.0,1.0
qwen25coder_1p5b,MUSE-News,target_context_memory,target_exact,30,0.0,0.0,0.0,0.0,0.0,0.0,0.0,0.0,0.0,0.0
qwen25coder_1p5b,MUSE-News,target_context_memory,target_token_f1,30,0.08962524844184773,0.11288456803718312,0.020609808102730623,0.0434782608695652,0.0,0.1623529411764706,0.0,0.3529411764705882,0.04923002456049571,0.13002047232319974
qwen25coder_1p5b,MUSE-News,target_context_memory,target_semantic,30,0.13661468252539635,0.16113429915615785,0.029418963478537768,0.05661385133862495,0.0,0.2847473919391632,0.0,0.4330126941204071,0.07895351410746232,0.19427585094333039
qwen25coder_1p5b,MUSE-News,target_context_memory,target_positive,30,0.0,0.0,0.0,0.0,0.0,0.0,0.0,0.0,0.0,0.0
qwen25coder_1p5b,MUSE-News,target_context_memory,system_exact,30,0.0,0.0,0.0,0.0,0.0,0.0,0.0,0.0,0.0,0.0
qwen25coder_1p5b,MUSE-News,target_context_memory,system_token_f1,30,0.09101850854218618,0.11169986002166558,0.020393511001345243,0.045009074410163295,0.0,0.1656862745098039,0.0,0.3529411764705882,0.051047226979549505,0.13098979010482287
qwen25coder_1p5b,MUSE-News,target_context_memory,system_semantic,30,0.14543425639470417,0.16095763373614497,0.02938670893331371,0.09388165175914759,0.0,0.2847473919391632,0.0,0.4568322002887726,0.0878363068854093,0.20303220590399904
qwen25coder_1p5b,MUSE-News,target_context_memory,system_positive,30,0.0,0.0,0.0,0.0,0.0,0.0,0.0,0.0,0.0,0.0
qwen25coder_1p5b,MUSE-News,target_context_memory,target_content_precision,30,0.19707282913165264,0.29900181806144593,0.05459001349576984,0.0714285714285714,0.0,0.25,0.0,1.0,0.09007640267994375,0.3040692555833615
qwen25coder_1p5b,MUSE-News,target_context_memory,target_content_recall,30,0.3888888888888889,0.45556022799211165,0.08317353772449199,0.16666666666666666,0.0,1.0,0.0,1.0,0.22586875494888461,0.5519090228288932
qwen25coder_1p5b,MUSE-News,target_context_memory,target_content_f1,30,0.23333333333333334,0.3082207001484488,0.056273143387113776,0.1,0.0,0.38333333333333336,0.0,1.0,0.12303797229459033,0.3436286943720763
qwen25coder_1p5b,MUSE-News,target_context_memory,system_content_precision,30,0.19728876221428357,0.2985124374856312,0.054500665235576985,0.04469696969696965,0.0,0.25,0.0,1.0,0.09046745835255268,0.30411006607601443
qwen25coder_1p5b,MUSE-News,target_context_memory,system_content_recall,30,0.4888888888888888,0.46923213816739395,0.08566967559355416,0.3333333333333333,0.0,1.0,0.0,1.0,0.3209763247255226,0.656801453052255
qwen25coder_1p5b,MUSE-News,target_context_memory,system_content_f1,30,0.23414325244785017,0.30639245037939805,0.0559393521740262,0.0847222222222222,0.0,0.38333333333333336,0.0,1.0,0.12450212218675882,0.3437843827089415
qwen25coder_1p5b,MUSE-News,target_context_memory,target_positive_content,30,0.0,0.0,0.0,0.0,0.0,0.0,0.0,0.0,0.0,0.0
qwen25coder_1p5b,MUSE-News,target_context_memory,system_positive_content,30,0.0,0.0,0.0,0.0,0.0,0.0,0.0,0.0,0.0,0.0
qwen25coder_1p5b,RWKU,full_inference,chain_length,450,4.0,0.0,0.0,4.0,4.0,4.0,4.0,4.0,4.0,4.0
qwen25coder_1p5b,RWKU,full_inference,target_agent_position,450,2.0,0.0,0.0,2.0,2.0,2.0,2.0,2.0,2.0,2.0
qwen25coder_1p5b,RWKU,full_inference,peer_evidence,450,1.0,0.0,0.0,1.0,1.0,1.0,1.0,1.0,1.0,1.0
qwen25coder_1p5b,RWKU,full_inference,target_exact,450,0.06888888888888889,0.25354697356702716,0.01195231895723808,0.0,0.0,0.0,0.0,1.0,0.04546234373270225,0.09231543404507553
qwen25coder_1p5b,RWKU,full_inference,target_token_f1,450,0.16441378294826675,0.2781440462964536,0.013111836085525824,0.0384615384615384,0.0,0.17984189723320154,0.0,1.0,0.13871458422063615,0.19011298167589735
qwen25coder_1p5b,RWKU,full_inference,target_semantic,450,0.2343052015784714,0.2849946260740472,0.013434775513245548,0.1527779176831245,0.0,0.3489003032445907,0.0,1.0,0.20797304157251012,0.2606373615844327
qwen25coder_1p5b,RWKU,full_inference,target_positive,450,0.12,0.32532320745618015,0.015335883071308199,0.0,0.0,0.0,0.0,1.0,0.08994166918023593,0.15005833081976405
qwen25coder_1p5b,RWKU,full_inference,system_exact,450,0.07777777777777778,0.2681196495939667,0.012639281493150321,0.0,0.0,0.0,0.0,1.0,0.05300478605120315,0.10255076950435241
qwen25coder_1p5b,RWKU,full_inference,system_token_f1,450,0.20137052535875322,0.2951889276352744,0.013915339497472505,0.0655913978494623,0.0,0.23882352941176468,0.0,1.0,0.1740964599437071,0.22864459077379934
qwen25coder_1p5b,RWKU,full_inference,system_semantic,450,0.2809407456219196,0.2980134574465304,0.014048489109686018,0.21511804312467575,0.0,0.4264014363288879,0.0,1.0,0.25340570696693504,0.3084757842769042
qwen25coder_1p5b,RWKU,full_inference,system_positive,450,0.1622222222222222,0.3690648441578648,0.017397883600105503,0.0,0.0,0.0,0.0,1.0,0.12812237036601543,0.196322074078429
qwen25coder_1p5b,RWKU,full_inference,target_content_precision,450,0.2455109685946557,0.3981922309834122,0.018770961782944722,0.0,0.0,0.26249999999999996,0.0,1.0,0.20871988350008405,0.28230205368922734
qwen25coder_1p5b,RWKU,full_inference,target_content_recall,450,0.45555555555555555,0.49211174222923304,0.02319837000212113,0.0,0.0,1.0,0.0,1.0,0.41008675035139813,0.5010243607597129
qwen25coder_1p5b,RWKU,full_inference,target_content_f1,450,0.2672627898662526,0.3985509191430609,0.018787870504945983,0.0,0.0,0.41578947368421054,0.0,1.0,0.23043856367655852,0.30408701605594674
qwen25coder_1p5b,RWKU,full_inference,system_content_precision,450,0.2971995495999038,0.41434357540768063,0.01953234346079004,0.05,0.0,0.5,0.0,1.0,0.2589161564167553,0.3354829427830523
qwen25coder_1p5b,RWKU,full_inference,system_content_recall,450,0.5483333333333333,0.49442605812070123,0.023307467899498793,1.0,0.0,1.0,0.0,1.0,0.5026506962503157,0.594015970416351
qwen25coder_1p5b,RWKU,full_inference,system_content_f1,450,0.32678804283511087,0.41382599398088715,0.019507944438343246,0.0952380952380952,0.0,0.6666666666666666,0.0,1.0,0.2885524717359581,0.36502361393426364
qwen25coder_1p5b,RWKU,full_inference,target_positive_content,450,0.14,0.3473732163648508,0.016375330459611186,0.0,0.0,0.0,0.0,1.0,0.10790435229916209,0.17209564770083793
qwen25coder_1p5b,RWKU,full_inference,system_positive_content,450,0.18888888888888888,0.39185596998459926,0.01847226757496949,0.0,0.0,0.0,0.0,1.0,0.1526832444419487,0.22509453333582907
qwen25coder_1p5b,RWKU,none,chain_length,450,4.0,0.0,0.0,4.0,4.0,4.0,4.0,4.0,4.0,4.0
qwen25coder_1p5b,RWKU,none,target_agent_position,450,2.0,0.0,0.0,2.0,2.0,2.0,2.0,2.0,2.0,2.0
qwen25coder_1p5b,RWKU,none,peer_evidence,450,1.0,0.0,0.0,1.0,1.0,1.0,1.0,1.0,1.0,1.0
qwen25coder_1p5b,RWKU,none,target_exact,450,0.07111111111111111,0.2572963957934409,0.01212906841602666,0.0,0.0,0.0,0.0,1.0,0.04733813701569886,0.09488408520652336
qwen25coder_1p5b,RWKU,none,target_token_f1,450,0.20539959526653112,0.2748057399693716,0.012954466816088646,0.0952380952380952,0.029577620521892924,0.2352941176470588,0.0,1.0,0.18000884030699738,0.23079035022606487
qwen25coder_1p5b,RWKU,none,target_semantic,450,0.3085000881055991,0.2789705216754335,0.013150796508523185,0.2425356209278106,0.1259881556034088,0.4618802070617676,0.0,1.0,0.28272452694889366,0.3342756492623045
qwen25coder_1p5b,RWKU,none,target_positive,450,0.14888888888888888,0.3563751071911291,0.016799683662728673,0.0,0.0,0.0,0.0,1.0,0.11596150890994067,0.18181626886783708
qwen25coder_1p5b,RWKU,none,system_exact,450,0.06666666666666667,0.24972144838146604,0.011771981970550734,0.0,0.0,0.0,0.0,1.0,0.043593582004387225,0.0897397513289461
qwen25coder_1p5b,RWKU,none,system_token_f1,450,0.19693624682494595,0.26766225706481134,0.012617719802548331,0.0909090909090909,0.0294117647058823,0.2352941176470588,0.0,1.0,0.17220551601195122,0.2216669776379407
qwen25coder_1p5b,RWKU,none,system_semantic,450,0.30080449463592634,0.27384349745129133,0.012909106268776609,0.2385952770709991,0.12113918550312514,0.39349753409624094,0.0,1.0,0.2755026463491242,0.3261063429227285
qwen25coder_1p5b,RWKU,none,system_positive,450,0.13333333333333333,0.3403129700652839,0.016042507257259784,0.0,0.0,0.0,0.0,1.0,0.10189001910910415,0.1647766475575625
qwen25coder_1p5b,RWKU,none,target_content_precision,450,0.32862495603704567,0.3979467451338375,0.018759389469016747,0.1052631578947368,0.0,0.5,0.0,1.0,0.29185655267777283,0.3653933593963185
qwen25coder_1p5b,RWKU,none,target_content_recall,450,0.6533333333333333,0.47526806408533373,0.022404351399742808,1.0,0.0,1.0,0.0,1.0,0.6094208045898374,0.6972458620768293
qwen25coder_1p5b,RWKU,none,target_content_f1,450,0.3769061166523248,0.39933818565755824,0.01882498260434613,0.1904761904761905,0.0,0.6666666666666666,0.0,1.0,0.3400091507478064,0.4138030825568432
qwen25coder_1p5b,RWKU,none,system_content_precision,450,0.3257313866434763,0.39705720249013887,0.018717456026649155,0.1,0.0,0.5,0.0,1.0,0.2890451728312439,0.36241760045570864
qwen25coder_1p5b,RWKU,none,system_content_recall,450,0.6511111111111111,0.475980863824427,0.02243795310168553,1.0,0.0,1.0,0.0,1.0,0.6071327230318074,0.6950894991904147
qwen25coder_1p5b,RWKU,none,system_content_f1,450,0.37382480545607116,0.3986736306898144,0.018793655182735267,0.1818181818181818,0.0,0.6666666666666666,0.0,1.0,0.33698924129791,0.4106603696142323
qwen25coder_1p5b,RWKU,none,target_positive_content,450,0.20222222222222222,0.4021040923244789,0.018955368695033375,0.0,0.0,0.0,0.0,1.0,0.16506969957995682,0.23937474486448762
qwen25coder_1p5b,RWKU,none,system_positive_content,450,0.19333333333333333,0.3953516097386475,0.01863705361328101,0.0,0.0,0.0,0.0,1.0,0.15680470825130255,0.2298619584153641
qwen25coder_1p5b,RWKU,target_context_memory,chain_length,450,4.0,0.0,0.0,4.0,4.0,4.0,4.0,4.0,4.0,4.0
qwen25coder_1p5b,RWKU,target_context_memory,target_agent_position,450,2.0,0.0,0.0,2.0,2.0,2.0,2.0,2.0,2.0,2.0
qwen25coder_1p5b,RWKU,target_context_memory,peer_evidence,450,1.0,0.0,0.0,1.0,1.0,1.0,1.0,1.0,1.0,1.0
qwen25coder_1p5b,RWKU,target_context_memory,target_exact,450,0.06666666666666667,0.24972144838146604,0.011771981970550734,0.0,0.0,0.0,0.0,1.0,0.043593582004387225,0.0897397513289461
qwen25coder_1p5b,RWKU,target_context_memory,target_token_f1,450,0.17337306152957327,0.2800613286710809,0.013202217643429052,0.04598308668076105,0.0,0.1904761904761905,0.0,1.0,0.14749671494845232,0.19924940811069422
qwen25coder_1p5b,RWKU,target_context_memory,target_semantic,450,0.2524210907601648,0.2844679843045407,0.013409949382147271,0.17996961623430252,0.0,0.3682429417967796,0.0,1.0,0.22613758997115613,0.27870459154917343
qwen25coder_1p5b,RWKU,target_context_memory,target_positive,450,0.13333333333333333,0.3403129700652839,0.016042507257259784,0.0,0.0,0.0,0.0,1.0,0.10189001910910415,0.1647766475575625
qwen25coder_1p5b,RWKU,target_context_memory,system_exact,450,0.08666666666666667,0.28165909989265125,0.013277537301132859,0.0,0.0,0.0,0.0,1.0,0.06064269355644626,0.11269063977688708
qwen25coder_1p5b,RWKU,target_context_memory,system_token_f1,450,0.20955210874260205,0.30418973343050365,0.014339641551735824,0.069047619047619,0.0,0.2608695652173913,0.0,1.0,0.18144641130119984,0.23765780618400426
qwen25coder_1p5b,RWKU,target_context_memory,system_semantic,450,0.289205181101958,0.30547905805182335,0.014400420897261552,0.21570930629968638,0.0,0.4329451024532318,0.0,1.0,0.2609803561433253,0.31743000606059063
qwen25coder_1p5b,RWKU,target_context_memory,system_positive,450,0.17333333333333334,0.3789564853876656,0.01786418003948261,0.0,0.0,0.0,0.0,1.0,0.13831954045594744,0.20834712621071924
qwen25coder_1p5b,RWKU,target_context_memory,target_content_precision,450,0.2529485497119446,0.3913524444249674,0.018448531152455063,0.0384615384615384,0.0,0.31666666666666665,0.0,1.0,0.21678942865313267,0.2891076707707565
qwen25coder_1p5b,RWKU,target_context_memory,target_content_recall,450,0.5122222222222222,0.49453084058432334,0.0233124073922039,1.0,0.0,1.0,0.0,1.0,0.4665299037335026,0.5579145407109419
qwen25coder_1p5b,RWKU,target_context_memory,target_content_f1,450,0.2808724903561238,0.39263048672949497,0.01850877864446671,0.07151979565772665,0.0,0.48026315789473684,0.0,1.0,0.24459528421296908,0.3171496964992786
qwen25coder_1p5b,RWKU,target_context_memory,system_content_precision,450,0.30293921033680954,0.4167184108243641,0.019644294275945964,0.051315789473684204,0.0,0.6666666666666666,0.0,1.0,0.26443639355595544,0.34144202711766364
qwen25coder_1p5b,RWKU,target_context_memory,system_content_recall,450,0.5594444444444444,0.49321083623332496,0.023250181790351456,1.0,0.0,1.0,0.0,1.0,0.5138740881353555,0.6050148007535333
qwen25coder_1p5b,RWKU,target_context_memory,system_content_f1,450,0.33270125759910874,0.41601695516906506,0.019611227339241723,0.0976190476190476,0.0,0.8,0.0,1.0,0.29426325201419495,0.3711392631840225
qwen25coder_1p5b,RWKU,target_context_memory,target_positive_content,450,0.15555555555555556,0.36283685250980635,0.01710429325827115,0.0,0.0,0.0,0.0,1.0,0.1220311407693441,0.18907997034176702
qwen25coder_1p5b,RWKU,target_context_memory,system_positive_content,450,0.20222222222222222,0.4021040923244789,0.018955368695033375,0.0,0.0,0.0,0.0,1.0,0.16506969957995682,0.23937474486448762
qwen25coder_1p5b,TOFU,full_inference,chain_length,135,4.0,0.0,0.0,4.0,4.0,4.0,4.0,4.0,4.0,4.0
qwen25coder_1p5b,TOFU,full_inference,target_agent_position,135,2.0,0.0,0.0,2.0,2.0,2.0,2.0,2.0,2.0,2.0
qwen25coder_1p5b,TOFU,full_inference,peer_evidence,135,1.0,0.0,0.0,1.0,1.0,1.0,1.0,1.0,1.0,1.0
qwen25coder_1p5b,TOFU,full_inference,target_exact,135,0.007407407407407408,0.08606629658238704,0.007407407407407408,0.0,0.0,0.0,0.0,1.0,-0.0071111111111111115,0.021925925925925925
qwen25coder_1p5b,TOFU,full_inference,target_token_f1,135,0.49351808697582705,0.17249531529214443,0.014846032965006067,0.4516129032258064,0.36794871794871786,0.5970149253731343,0.1891891891891892,1.0,0.4644198623644152,0.522616311587239
qwen25coder_1p5b,TOFU,full_inference,target_semantic,135,0.5980241861608293,0.15283261540503437,0.013153737204911583,0.5781687498092651,0.4817970246076584,0.682980865240097,0.2530446946620941,1.0,0.5722428612392026,0.623805511082456
qwen25coder_1p5b,TOFU,full_inference,target_positive,135,0.34814814814814815,0.47815751040217674,0.04115324610336956,0.0,0.0,1.0,0.0,1.0,0.26748778578554383,0.42880851051075247
qwen25coder_1p5b,TOFU,full_inference,system_exact,135,0.022222222222222223,0.14795454458610455,0.012733899715059682,0.0,0.0,0.0,0.0,1.0,-0.002736221219294753,0.0471806656637392
qwen25coder_1p5b,TOFU,full_inference,system_token_f1,135,0.5547330417566193,0.17182277496769496,0.014788149909978383,0.5294117647058824,0.4239856189008731,0.6666666666666667,0.2448979591836734,1.0,0.5257482679330616,0.583717815580177
qwen25coder_1p5b,TOFU,full_inference,system_semantic,135,0.6589469242978979,0.14832340257971,0.012765645956534111,0.6729004383087158,0.5499083399772644,0.7789043188095093,0.3899737894535064,1.0,0.633926258223091,0.6839675903727048
qwen25coder_1p5b,TOFU,full_inference,system_positive,135,0.5555555555555556,0.49875466805381646,0.04292596718256977,1.0,0.0,1.0,0.0,1.0,0.47142065987771886,0.6396904512333923
qwen25coder_1p5b,TOFU,full_inference,target_content_precision,135,0.2758756568305592,0.3163155614293764,0.027224108923604978,0.1052631578947368,0.0444664031620553,0.4615384615384615,0.0,1.0,0.22251640334029343,0.32923491032082497
qwen25coder_1p5b,TOFU,full_inference,target_content_recall,135,0.28787893977367657,0.27011828573957797,0.023248080492788488,0.2,0.0714285714285714,0.42261904761904756,0.0,1.0,0.24231270200781113,0.333445177539542
qwen25coder_1p5b,TOFU,full_inference,target_content_f1,135,0.2611354124181137,0.27148225578247576,0.02336547234303002,0.1333333333333333,0.055598455598455554,0.4707692307692307,0.0,1.0,0.2153390866257749,0.30693173821045255
qwen25coder_1p5b,TOFU,full_inference,system_content_precision,135,0.38031726970020113,0.3177091974602653,0.027344054015567363,0.3529411764705882,0.08114035087719296,0.625,0.0,1.0,0.3267229238296891,0.43391161557071317
qwen25coder_1p5b,TOFU,full_inference,system_content_recall,135,0.44063719905825166,0.338790224675421,0.029158419956128327,0.4285714285714285,0.11,0.6214285714285714,0.0,1.0,0.3834866959442401,0.4977877021722632
qwen25coder_1p5b,TOFU,full_inference,system_content_f1,135,0.37586805068165835,0.2861984609879354,0.024632041624810374,0.3846153846153846,0.0919661733615222,0.5714285714285714,0.0,1.0,0.32758924909703,0.4241468522662867
qwen25coder_1p5b,TOFU,full_inference,target_positive_content,135,0.34074074074074073,0.4757235332041324,0.04094376269996791,0.0,0.0,1.0,0.0,1.0,0.2604909658488036,0.42099051563267786
qwen25coder_1p5b,TOFU,full_inference,system_positive_content,135,0.562962962962963,0.49786720352857566,0.04284958639753405,1.0,0.0,1.0,0.0,1.0,0.47897777362379623,0.6469481523021298
qwen25coder_1p5b,TOFU,none,chain_length,135,4.0,0.0,0.0,4.0,4.0,4.0,4.0,4.0,4.0,4.0
qwen25coder_1p5b,TOFU,none,target_agent_position,135,2.0,0.0,0.0,2.0,2.0,2.0,2.0,2.0,2.0,2.0
qwen25coder_1p5b,TOFU,none,peer_evidence,135,1.0,0.0,0.0,1.0,1.0,1.0,1.0,1.0,1.0,1.0
qwen25coder_1p5b,TOFU,none,target_exact,135,0.007407407407407408,0.08606629658238704,0.007407407407407408,0.0,0.0,0.0,0.0,1.0,-0.0071111111111111115,0.021925925925925925
qwen25coder_1p5b,TOFU,none,target_token_f1,135,0.6350708460296944,0.19298296442781193,0.01660932905179231,0.6666666666666667,0.4547221142635056,0.7428571428571428,0.2918918918918919,1.0,0.6025165610881815,0.6676251309712073
qwen25coder_1p5b,TOFU,none,target_semantic,135,0.7202074136998918,0.16325855044436682,0.014051058822155472,0.7437357306480408,0.5735631287097931,0.8140358030796051,0.4307055175304413,1.0,0.6926673384084671,0.7477474889913166
qwen25coder_1p5b,TOFU,none,target_positive,135,0.7185185185185186,0.4513967023178841,0.03885004245800249,1.0,0.0,1.0,0.0,1.0,0.6423724353008337,0.7946646017362035
qwen25coder_1p5b,TOFU,none,system_exact,135,0.022222222222222223,0.14795454458610452,0.01273389971505968,0.0,0.0,0.0,0.0,1.0,-0.0027362212192947495,0.0471806656637392
qwen25coder_1p5b,TOFU,none,system_token_f1,135,0.6404448608722474,0.19758546451542763,0.017005449189353507,0.6666666666666667,0.4516129032258064,0.7494773519163762,0.2918918918918919,1.0,0.6071141804611145,0.6737755412833802
qwen25coder_1p5b,TOFU,none,system_semantic,135,0.7256159550613828,0.1653188753697325,0.014228383358238079,0.7774611711502075,0.5735631287097931,0.8235848546028137,0.4307055175304413,1.0,0.6977283236792361,0.7535035864435294
qwen25coder_1p5b,TOFU,none,system_positive,135,0.7185185185185186,0.4513967023178841,0.03885004245800249,1.0,0.0,1.0,0.0,1.0,0.6423724353008337,0.7946646017362035
qwen25coder_1p5b,TOFU,none,target_content_precision,135,0.5154164963424863,0.3465692742862083,0.02982793394705945,0.5454545454545454,0.25,0.8571428571428571,0.0,1.0,0.4569537458062498,0.5738792468787228
qwen25coder_1p5b,TOFU,none,target_content_recall,135,0.5414407398968802,0.3429486265673553,0.029516318206668304,0.5454545454545454,0.2631578947368421,0.9285714285714286,0.0,1.0,0.48358875621181036,0.5992927235819501
qwen25coder_1p5b,TOFU,none,target_content_f1,135,0.4987144335270475,0.3149514681509652,0.027106706466939197,0.5555555555555556,0.2564102564102564,0.7029411764705882,0.0,1.0,0.4455852888518467,0.5518435782022483
qwen25coder_1p5b,TOFU,none,system_content_precision,135,0.5274129361167038,0.3409569106053793,0.029344898589977002,0.6,0.25,0.8571428571428571,0.0,1.0,0.4698969348803489,0.5849289373530587
qwen25coder_1p5b,TOFU,none,system_content_recall,135,0.5499906331485279,0.3371516704540643,0.029017395662546717,0.5454545454545454,0.2631578947368421,0.9042857142857144,0.0,1.0,0.49311653764993635,0.6068647286471195
qwen25coder_1p5b,TOFU,none,system_content_f1,135,0.5086276674512671,0.30958446356726743,0.026644788258679636,0.5555555555555556,0.2564102564102564,0.7,0.0,1.0,0.456403882464255,0.5608514524382792
qwen25coder_1p5b,TOFU,none,target_positive_content,135,0.6814814814814815,0.46763699169097905,0.04024778401977107,1.0,0.0,1.0,0.0,1.0,0.6025958248027302,0.7603671381602327
qwen25coder_1p5b,TOFU,none,system_positive_content,135,0.6888888888888889,0.46467235554737946,0.039992628766177166,1.0,0.0,1.0,0.0,1.0,0.6105033365071817,0.7672744412705961
qwen25coder_1p5b,TOFU,target_context_memory,chain_length,135,4.0,0.0,0.0,4.0,4.0,4.0,4.0,4.0,4.0,4.0
qwen25coder_1p5b,TOFU,target_context_memory,target_agent_position,135,2.0,0.0,0.0,2.0,2.0,2.0,2.0,2.0,2.0,2.0
qwen25coder_1p5b,TOFU,target_context_memory,peer_evidence,135,1.0,0.0,0.0,1.0,1.0,1.0,1.0,1.0,1.0,1.0
qwen25coder_1p5b,TOFU,target_context_memory,target_exact,135,0.0,0.0,0.0,0.0,0.0,0.0,0.0,0.0,0.0,0.0
qwen25coder_1p5b,TOFU,target_context_memory,target_token_f1,135,0.555495086853768,0.16849329322463294,0.014501593746814364,0.5057471264367817,0.43818181818181823,0.6811733128834356,0.1973684210526315,0.9655172413793104,0.5270719631100119,0.5839182105975241
qwen25coder_1p5b,TOFU,target_context_memory,target_semantic,135,0.6606447513456698,0.1483760383179417,0.012770176119591595,0.6729004383087158,0.5576324760913849,0.7789043188095093,0.3899737894535064,0.9655172228813172,0.6356152061512703,0.6856742965400693
qwen25coder_1p5b,TOFU,target_context_memory,target_positive,135,0.5703703703703704,0.4968669112284922,0.04276349494376599,1.0,0.0,1.0,0.0,1.0,0.4865539202805891,0.6541868204601518
qwen25coder_1p5b,TOFU,target_context_memory,system_exact,135,0.014814814814814815,0.12126110875009047,0.010436494549594375,0.0,0.0,0.0,0.0,1.0,-0.005640714502390159,0.03527034413201979
qwen25coder_1p5b,TOFU,target_context_memory,system_token_f1,135,0.5590196429086051,0.1659950786853521,0.014286581673350188,0.5294117647058824,0.4473684210526315,0.6818225465719224,0.2448979591836734,1.0,0.5310179428288387,0.5870213429883714
qwen25coder_1p5b,TOFU,target_context_memory,system_semantic,135,0.6635573064839398,0.14889548011388906,0.012814882551258889,0.6729004383087158,0.5545325875282288,0.7844152450561523,0.3899737894535064,1.0,0.6384401366834724,0.6886744762844073
qwen25coder_1p5b,TOFU,target_context_memory,system_positive,135,0.5777777777777777,0.49575310818854873,0.04266763404099585,1.0,0.0,1.0,0.0,1.0,0.4941492150574259,0.6614063404981296
qwen25coder_1p5b,TOFU,target_context_memory,target_content_precision,135,0.384953164159838,0.3286661938837449,0.02828708211940271,0.3076923076923077,0.08492822966507174,0.7058823529411765,0.0,0.9615384615384616,0.32951048320580867,0.4403958451138673
qwen25coder_1p5b,TOFU,target_context_memory,target_content_recall,135,0.4435258347889926,0.33537646616403666,0.028864610403626874,0.4285714285714285,0.14,0.6785714285714286,0.0,1.0,0.38695119839788394,0.5001004711801013
qwen25coder_1p5b,TOFU,target_context_memory,target_content_f1,135,0.3804827101838863,0.2955668125566543,0.025438340949411806,0.3478260869565217,0.100250626566416,0.5714285714285714,0.0,0.9803921568627452,0.33062356192303916,0.43034185844473344
qwen25coder_1p5b,TOFU,target_context_memory,system_content_precision,135,0.38881674980718073,0.31738756487474007,0.027316372290070987,0.375,0.09232954545454544,0.6517857142857143,0.0,1.0,0.3352766601186416,0.44235683949571986
qwen25coder_1p5b,TOFU,target_context_memory,system_content_recall,135,0.4454606718817245,0.33667952107674454,0.028976759514207126,0.4285714285714285,0.14,0.7,0.0,1.0,0.38866622323387856,0.5022551205295704
qwen25coder_1p5b,TOFU,target_context_memory,system_content_f1,135,0.38457396513124903,0.2872592437896422,0.024723339272031568,0.3870967741935484,0.100250626566416,0.5811688311688312,0.0,1.0,0.33611622015806714,0.4330317101044309
qwen25coder_1p5b,TOFU,target_context_memory,target_positive_content,135,0.5481481481481482,0.49952990615384324,0.04299268905480864,1.0,0.0,1.0,0.0,1.0,0.4638824776007232,0.6324138186955731
qwen25coder_1p5b,TOFU,target_context_memory,system_positive_content,135,0.5703703703703704,0.4968669112284922,0.04276349494376599,1.0,0.0,1.0,0.0,1.0,0.4865539202805891,0.6541868204601518
qwen25coder_7b,MUSE-Books,full_inference,chain_length,30,4.0,0.0,0.0,4.0,4.0,4.0,4.0,4.0,4.0,4.0
qwen25coder_7b,MUSE-Books,full_inference,target_agent_position,30,2.0,0.0,0.0,2.0,2.0,2.0,2.0,2.0,2.0,2.0
qwen25coder_7b,MUSE-Books,full_inference,peer_evidence,30,1.0,0.0,0.0,1.0,1.0,1.0,1.0,1.0,1.0,1.0
qwen25coder_7b,MUSE-Books,full_inference,target_exact,30,0.3333333333333333,0.47946330148538413,0.0875376219064817,0.0,0.0,1.0,0.0,1.0,0.16175959439662918,0.5049070722700375
qwen25coder_7b,MUSE-Books,full_inference,target_token_f1,30,0.43123321123321123,0.4156359677183597,0.07588439840994488,0.1833333333333333,0.0999999999999999,1.0,0.0512820512820512,1.0,0.2824997903497193,0.5799666321167032
qwen25coder_7b,MUSE-Books,full_inference,target_semantic,30,0.5541508883237839,0.3234826680000363,0.05905958474185814,0.35423001646995544,0.3015113472938537,1.0,0.3015113472938537,1.0,0.43839410222974196,0.6699076744178258
qwen25coder_7b,MUSE-Books,full_inference,target_positive,30,0.3333333333333333,0.47946330148538413,0.0875376219064817,0.0,0.0,1.0,0.0,1.0,0.16175959439662918,0.5049070722700375
qwen25coder_7b,MUSE-Books,full_inference,system_exact,30,0.2,0.4068381021724863,0.07427813527082075,0.0,0.0,0.0,0.0,1.0,0.05441485486919134,0.3455851451308087
qwen25coder_7b,MUSE-Books,full_inference,system_token_f1,30,0.3492857142857143,0.33855582194012257,0.061811553550435855,0.22499999999999995,0.0999999999999999,0.2857142857142857,0.0999999999999999,1.0,0.22813506932686003,0.4704363592445686
qwen25coder_7b,MUSE-Books,full_inference,system_semantic,30,0.512817241748174,0.2623393268067873,0.0478963890042657,0.4082483053207397,0.3015113472938537,0.5547001957893372,0.3015113472938537,1.0,0.41894031929981324,0.6066941641965348
qwen25coder_7b,MUSE-Books,full_inference,system_positive,30,0.2,0.4068381021724863,0.07427813527082075,0.0,0.0,0.0,0.0,1.0,0.05441485486919134,0.3455851451308087
qwen25coder_7b,MUSE-Books,full_inference,target_content_precision,30,0.4666666666666666,0.4842341981115023,0.08840866447369844,0.3333333333333333,0.0,1.0,0.0,1.0,0.29338568429821765,0.6399476490351156
qwen25coder_7b,MUSE-Books,full_inference,target_content_recall,30,0.5,0.5085476277156078,0.09284766908852593,0.5,0.0,1.0,0.0,1.0,0.3180185685864892,0.6819814314135109
qwen25coder_7b,MUSE-Books,full_inference,target_content_f1,30,0.48000000000000004,0.4915843492360118,0.08975061233102037,0.4,0.0,1.0,0.0,1.0,0.3040887998312001,0.6559112001688
qwen25coder_7b,MUSE-Books,full_inference,system_content_precision,30,0.5444444444444444,0.4286960835559315,0.07826883842590106,0.6666666666666666,0.0,1.0,0.0,1.0,0.3910375211296783,0.6978513677592104
qwen25coder_7b,MUSE-Books,full_inference,system_content_recall,30,0.6666666666666666,0.4794633014853841,0.08753762190648169,1.0,0.0,1.0,0.0,1.0,0.4950929277299625,0.8382404056033708
qwen25coder_7b,MUSE-Books,full_inference,system_content_f1,30,0.5888888888888889,0.43841698282587144,0.08004362369569493,0.8,0.0,1.0,0.0,1.0,0.4320033864453269,0.7457743913324509
qwen25coder_7b,MUSE-Books,full_inference,target_positive_content,30,0.3333333333333333,0.47946330148538413,0.0875376219064817,0.0,0.0,1.0,0.0,1.0,0.16175959439662918,0.5049070722700375
qwen25coder_7b,MUSE-Books,full_inference,system_positive_content,30,0.36666666666666664,0.4901325178535609,0.08948554539839962,0.0,0.0,1.0,0.0,1.0,0.1912749976858034,0.5420583356475299
qwen25coder_7b,MUSE-Books,none,chain_length,30,4.0,0.0,0.0,4.0,4.0,4.0,4.0,4.0,4.0,4.0
qwen25coder_7b,MUSE-Books,none,target_agent_position,30,2.0,0.0,0.0,2.0,2.0,2.0,2.0,2.0,2.0,2.0
qwen25coder_7b,MUSE-Books,none,peer_evidence,30,1.0,0.0,0.0,1.0,1.0,1.0,1.0,1.0,1.0,1.0
qwen25coder_7b,MUSE-Books,none,target_exact,30,0.23333333333333334,0.4301830671520762,0.07854032324531726,0.0,0.0,0.0,0.0,1.0,0.0793942997725115,0.3872723668941552
qwen25coder_7b,MUSE-Books,none,target_token_f1,30,0.465974025974026,0.3050910163689909,0.05570174391915806,0.3636363636363636,0.2857142857142857,0.3636363636363636,0.1999999999999999,1.0,0.3567986078924762,0.5751494440555758
qwen25coder_7b,MUSE-Books,none,target_semantic,30,0.6493802388509115,0.2159891830154152,0.0394340492382182,0.6396021246910095,0.4740852415561676,0.6396021246910095,0.3922322690486908,1.0,0.5720895023440038,0.7266709753578191
qwen25coder_7b,MUSE-Books,none,target_positive,30,0.23333333333333334,0.4301830671520762,0.07854032324531726,0.0,0.0,0.0,0.0,1.0,0.0793942997725115,0.3872723668941552
qwen25coder_7b,MUSE-Books,none,system_exact,30,0.2,0.4068381021724863,0.07427813527082075,0.0,0.0,0.0,0.0,1.0,0.05441485486919134,0.3455851451308087
qwen25coder_7b,MUSE-Books,none,system_token_f1,30,0.4367099567099568,0.29250539433223893,0.053403934222570344,0.34848484848484845,0.27142857142857146,0.3636363636363636,0.1999999999999999,1.0,0.332038245633719,0.5413816677861947
qwen25coder_7b,MUSE-Books,none,system_semantic,30,0.6268251180648804,0.21023021662613917,0.03838261063844468,0.5971511602401733,0.4472135901451111,0.6396021246910095,0.3922322690486908,1.0,0.5515952012135288,0.702055034916232
qwen25coder_7b,MUSE-Books,none,system_positive,30,0.2,0.4068381021724863,0.07427813527082075,0.0,0.0,0.0,0.0,1.0,0.05441485486919134,0.3455851451308087
qwen25coder_7b,MUSE-Books,none,target_content_precision,30,0.9333333333333335,0.1356127007241621,0.02475937842360692,1.0,1.0,1.0,0.6666666666666666,1.0,0.8848049516230639,0.981861715043603
qwen25coder_7b,MUSE-Books,none,target_content_recall,30,1.0,0.0,0.0,1.0,1.0,1.0,1.0,1.0,1.0,1.0
qwen25coder_7b,MUSE-Books,none,target_content_f1,30,0.9600000000000002,0.08136762043449722,0.014855627054164143,1.0,1.0,1.0,0.8,1.0,0.9308829709738384,0.9891170290261619
qwen25coder_7b,MUSE-Books,none,system_content_precision,30,0.9222222222222224,0.14339435571735878,0.026180107748439096,1.0,1.0,1.0,0.6666666666666666,1.0,0.8709092110352817,0.973535233409163
qwen25coder_7b,MUSE-Books,none,system_content_recall,30,1.0,0.0,0.0,1.0,1.0,1.0,1.0,1.0,1.0,1.0
qwen25coder_7b,MUSE-Books,none,system_content_f1,30,0.9533333333333335,0.08603661343041526,0.015708064649063457,1.0,1.0,1.0,0.8,1.0,0.9225455266211691,0.9841211400454979
qwen25coder_7b,MUSE-Books,none,target_positive_content,30,0.7333333333333333,0.4497764451088036,0.08211756827352529,1.0,0.25,1.0,0.0,1.0,0.5723828995172238,0.8942837671494428
qwen25coder_7b,MUSE-Books,none,system_positive_content,30,0.7,0.46609159969939906,0.08509629433967632,1.0,0.0,1.0,0.0,1.0,0.5332112630942344,0.8667887369057655
qwen25coder_7b,MUSE-Books,target_context_memory,chain_length,30,4.0,0.0,0.0,4.0,4.0,4.0,4.0,4.0,4.0,4.0
qwen25coder_7b,MUSE-Books,target_context_memory,target_agent_position,30,2.0,0.0,0.0,2.0,2.0,2.0,2.0,2.0,2.0,2.0
qwen25coder_7b,MUSE-Books,target_context_memory,peer_evidence,30,1.0,0.0,0.0,1.0,1.0,1.0,1.0,1.0,1.0,1.0
qwen25coder_7b,MUSE-Books,target_context_memory,target_exact,30,0.2,0.4068381021724863,0.07427813527082075,0.0,0.0,0.0,0.0,1.0,0.05441485486919134,0.3455851451308087
qwen25coder_7b,MUSE-Books,target_context_memory,target_token_f1,30,0.3917171717171718,0.3215204582030772,0.058701335885740766,0.2666666666666667,0.1999999999999999,0.3636363636363636,0.0999999999999999,1.0,0.2766625533811199,0.5067717900532237
qwen25coder_7b,MUSE-Books,target_context_memory,target_semantic,30,0.5621977518002192,0.2502834166182368,0.04569529101709054,0.5009568929672241,0.3922322690486908,0.6396021246910095,0.3015113472938537,1.0,0.4726349814067218,0.6517605221937167
qwen25coder_7b,MUSE-Books,target_context_memory,target_positive,30,0.2,0.4068381021724863,0.07427813527082075,0.0,0.0,0.0,0.0,1.0,0.05441485486919134,0.3455851451308087
qwen25coder_7b,MUSE-Books,target_context_memory,system_exact,30,0.2,0.4068381021724863,0.07427813527082075,0.0,0.0,0.0,0.0,1.0,0.05441485486919134,0.3455851451308087
qwen25coder_7b,MUSE-Books,target_context_memory,system_token_f1,30,0.3851515151515152,0.3220984498849037,0.05880686224646968,0.2666666666666667,0.1999999999999999,0.3636363636363636,0.0999999999999999,1.0,0.2698900651484346,0.5004129651545958
qwen25coder_7b,MUSE-Books,target_context_memory,system_semantic,30,0.5641418943802515,0.2473302889913472,0.04515612614494417,0.5547001957893372,0.3922322690486908,0.6396021246910095,0.3015113472938537,1.0,0.47563588713616095,0.652647901624342
qwen25coder_7b,MUSE-Books,target_context_memory,system_positive,30,0.2,0.4068381021724863,0.07427813527082075,0.0,0.0,0.0,0.0,1.0,0.05441485486919134,0.3455851451308087
qwen25coder_7b,MUSE-Books,target_context_memory,target_content_precision,30,0.6944444444444444,0.40134671124964605,0.07327554904398119,1.0,0.5,1.0,0.0,1.0,0.5508243683182413,0.8380645205706475
qwen25coder_7b,MUSE-Books,target_context_memory,target_content_recall,30,0.8,0.4068381021724863,0.07427813527082075,1.0,1.0,1.0,0.0,1.0,0.6544148548691914,0.9455851451308087
qwen25coder_7b,MUSE-Books,target_context_memory,target_content_f1,30,0.7311111111111114,0.39245111791013454,0.07165144333250013,1.0,0.6666666666666666,1.0,0.0,1.0,0.5906742821794111,0.8715479400428117
qwen25coder_7b,MUSE-Books,target_context_memory,system_content_precision,30,0.6833333333333333,0.38244524812852876,0.06982462980355188,1.0,0.5,1.0,0.0,1.0,0.5464770589183716,0.8201896077482951
qwen25coder_7b,MUSE-Books,target_context_memory,system_content_recall,30,0.8333333333333334,0.3790490217894517,0.06920456654478331,1.0,1.0,1.0,0.0,1.0,0.6976923829055581,0.9689742837611086
qwen25coder_7b,MUSE-Books,target_context_memory,system_content_f1,30,0.7333333333333335,0.36514837167011066,0.06666666666666665,1.0,0.6666666666666666,1.0,0.0,1.0,0.6026666666666669,0.8640000000000001
qwen25coder_7b,MUSE-Books,target_context_memory,target_positive_content,30,0.5,0.5085476277156078,0.09284766908852593,0.5,0.0,1.0,0.0,1.0,0.3180185685864892,0.6819814314135109
qwen25coder_7b,MUSE-Books,target_context_memory,system_positive_content,30,0.5333333333333333,0.5074162634049248,0.09264111117062016,1.0,0.0,1.0,0.0,1.0,0.3517567554389178,0.7149099112277488
qwen25coder_7b,MUSE-News,full_inference,chain_length,30,4.0,0.0,0.0,4.0,4.0,4.0,4.0,4.0,4.0,4.0
qwen25coder_7b,MUSE-News,full_inference,target_agent_position,30,2.0,0.0,0.0,2.0,2.0,2.0,2.0,2.0,2.0,2.0
qwen25coder_7b,MUSE-News,full_inference,peer_evidence,30,1.0,0.0,0.0,1.0,1.0,1.0,1.0,1.0,1.0,1.0
qwen25coder_7b,MUSE-News,full_inference,target_exact,30,0.06666666666666667,0.2537081317024624,0.04632055558531008,0.0,0.0,0.0,0.0,1.0,-0.024121622280541086,0.1574549556138744
qwen25coder_7b,MUSE-News,full_inference,target_token_f1,30,0.22530751431007176,0.2518329656076017,0.04597819866223538,0.0952380952380952,0.0952380952380952,0.3529411764705882,0.0,1.0,0.13519024493209042,0.3154247836880531
qwen25coder_7b,MUSE-News,full_inference,target_semantic,30,0.2957500929633776,0.24552611710582076,0.044826730931837686,0.1961161345243454,0.1961161345243454,0.4330126941204071,0.0,1.0,0.20788970033697576,0.3836104855897795
qwen25coder_7b,MUSE-News,full_inference,target_positive,30,0.06666666666666667,0.2537081317024624,0.04632055558531008,0.0,0.0,0.0,0.0,1.0,-0.024121622280541086,0.1574549556138744
qwen25coder_7b,MUSE-News,full_inference,system_exact,30,0.06666666666666667,0.2537081317024624,0.04632055558531008,0.0,0.0,0.0,0.0,1.0,-0.024121622280541086,0.1574549556138744
qwen25coder_7b,MUSE-News,full_inference,system_token_f1,30,0.2255835667600373,0.2516805723818058,0.04595037559310892,0.0952380952380952,0.0952380952380952,0.3529411764705882,0.0,1.0,0.13552083059754383,0.31564630292253076
qwen25coder_7b,MUSE-News,full_inference,system_semantic,30,0.29598788966735207,0.24542257748711716,0.044807827270251205,0.1961161345243454,0.1961161345243454,0.4330126941204071,0.0,1.0,0.2081645482176597,0.3838112311170444
qwen25coder_7b,MUSE-News,full_inference,system_positive,30,0.06666666666666667,0.2537081317024624,0.04632055558531008,0.0,0.0,0.0,0.0,1.0,-0.024121622280541086,0.1574549556138744
qwen25coder_7b,MUSE-News,full_inference,target_content_precision,30,0.5399999999999999,0.3993673157302225,0.07291416251857687,0.3333333333333333,0.3333333333333333,1.0,0.0,1.0,0.39708824146358923,0.6829117585364106
qwen25coder_7b,MUSE-News,full_inference,target_content_recall,30,0.8333333333333334,0.3790490217894517,0.06920456654478331,1.0,1.0,1.0,0.0,1.0,0.6976923829055581,0.9689742837611086
qwen25coder_7b,MUSE-News,full_inference,target_content_f1,30,0.611111111111111,0.3670670054122604,0.0670169596600553,0.5,0.5,1.0,0.0,1.0,0.4797578701774027,0.7424643520448194
qwen25coder_7b,MUSE-News,full_inference,system_content_precision,30,0.5444444444444444,0.39618229224000734,0.07233265944798531,0.3333333333333333,0.3333333333333333,1.0,0.0,1.0,0.4026724319263932,0.6862164569624956
qwen25coder_7b,MUSE-News,full_inference,system_content_recall,30,0.8333333333333334,0.3790490217894517,0.06920456654478331,1.0,1.0,1.0,0.0,1.0,0.6976923829055581,0.9689742837611086
qwen25coder_7b,MUSE-News,full_inference,system_content_f1,30,0.6166666666666667,0.3639660208973031,0.06645079993694987,0.5,0.5,1.0,0.0,1.0,0.4864230987902449,0.7469102345430885
qwen25coder_7b,MUSE-News,full_inference,target_positive_content,30,0.06666666666666667,0.2537081317024624,0.04632055558531008,0.0,0.0,0.0,0.0,1.0,-0.024121622280541086,0.1574549556138744
qwen25coder_7b,MUSE-News,full_inference,system_positive_content,30,0.06666666666666667,0.2537081317024624,0.04632055558531008,0.0,0.0,0.0,0.0,1.0,-0.024121622280541086,0.1574549556138744
qwen25coder_7b,MUSE-News,none,chain_length,30,4.0,0.0,0.0,4.0,4.0,4.0,4.0,4.0,4.0,4.0
qwen25coder_7b,MUSE-News,none,target_agent_position,30,2.0,0.0,0.0,2.0,2.0,2.0,2.0,2.0,2.0,2.0
qwen25coder_7b,MUSE-News,none,peer_evidence,30,1.0,0.0,0.0,1.0,1.0,1.0,1.0,1.0,1.0,1.0
qwen25coder_7b,MUSE-News,none,target_exact,30,0.06666666666666667,0.2537081317024624,0.04632055558531008,0.0,0.0,0.0,0.0,1.0,-0.024121622280541086,0.1574549556138744
qwen25coder_7b,MUSE-News,none,target_token_f1,30,0.284407096171802,0.23191883630358703,0.04234239271794089,0.3529411764705882,0.0952380952380952,0.3529411764705882,0.0952380952380952,1.0,0.20141600644463786,0.3673981858989661
qwen25coder_7b,MUSE-News,none,target_semantic,30,0.36815667202075325,0.2073078538117788,0.037849062626898196,0.4330126941204071,0.1961161345243454,0.4330126941204071,0.1961161345243454,1.0,0.2939725092720328,0.4423408347694737
qwen25coder_7b,MUSE-News,none,target_positive,30,0.06666666666666667,0.2537081317024624,0.04632055558531008,0.0,0.0,0.0,0.0,1.0,-0.024121622280541086,0.1574549556138744
qwen25coder_7b,MUSE-News,none,system_exact,30,0.06666666666666667,0.2537081317024624,0.04632055558531008,0.0,0.0,0.0,0.0,1.0,-0.024121622280541086,0.1574549556138744
qwen25coder_7b,MUSE-News,none,system_token_f1,30,0.284407096171802,0.23191883630358703,0.04234239271794089,0.3529411764705882,0.0952380952380952,0.3529411764705882,0.0952380952380952,1.0,0.20141600644463786,0.3673981858989661
qwen25coder_7b,MUSE-News,none,system_semantic,30,0.36815667202075325,0.2073078538117788,0.037849062626898196,0.4330126941204071,0.1961161345243454,0.4330126941204071,0.1961161345243454,1.0,0.2939725092720328,0.4423408347694737
qwen25coder_7b,MUSE-News,none,system_positive,30,0.06666666666666667,0.2537081317024624,0.04632055558531008,0.0,0.0,0.0,0.0,1.0,-0.024121622280541086,0.1574549556138744
qwen25coder_7b,MUSE-News,none,target_content_precision,30,0.7111111111111108,0.3360046219958206,0.06134577029770248,1.0,0.3333333333333333,1.0,0.3333333333333333,1.0,0.5908734013276139,0.8313488208946077
qwen25coder_7b,MUSE-News,none,target_content_recall,30,1.0,0.0,0.0,1.0,1.0,1.0,1.0,1.0,1.0,1.0
qwen25coder_7b,MUSE-News,none,target_content_f1,30,0.7833333333333333,0.2520034664968654,0.04600932772327685,1.0,0.5,1.0,0.5,1.0,0.6931550509957107,0.8735116156709559
qwen25coder_7b,MUSE-News,none,system_content_precision,30,0.7111111111111108,0.3360046219958206,0.06134577029770248,1.0,0.3333333333333333,1.0,0.3333333333333333,1.0,0.5908734013276139,0.8313488208946077
qwen25coder_7b,MUSE-News,none,system_content_recall,30,1.0,0.0,0.0,1.0,1.0,1.0,1.0,1.0,1.0,1.0
qwen25coder_7b,MUSE-News,none,system_content_f1,30,0.7833333333333333,0.2520034664968654,0.04600932772327685,1.0,0.5,1.0,0.5,1.0,0.6931550509957107,0.8735116156709559
qwen25coder_7b,MUSE-News,none,target_positive_content,30,0.06666666666666667,0.2537081317024624,0.04632055558531008,0.0,0.0,0.0,0.0,1.0,-0.024121622280541086,0.1574549556138744
qwen25coder_7b,MUSE-News,none,system_positive_content,30,0.06666666666666667,0.2537081317024624,0.04632055558531008,0.0,0.0,0.0,0.0,1.0,-0.024121622280541086,0.1574549556138744
qwen25coder_7b,MUSE-News,target_context_memory,chain_length,30,4.0,0.0,0.0,4.0,4.0,4.0,4.0,4.0,4.0,4.0
qwen25coder_7b,MUSE-News,target_context_memory,target_agent_position,30,2.0,0.0,0.0,2.0,2.0,2.0,2.0,2.0,2.0,2.0
qwen25coder_7b,MUSE-News,target_context_memory,peer_evidence,30,1.0,0.0,0.0,1.0,1.0,1.0,1.0,1.0,1.0,1.0
qwen25coder_7b,MUSE-News,target_context_memory,target_exact,30,0.1,0.30512857662936466,0.055708601453115555,0.0,0.0,0.0,0.0,1.0,-0.009188858848106482,0.2091888588481065
qwen25coder_7b,MUSE-News,target_context_memory,target_token_f1,30,0.25574229691876743,0.2872218057290113,0.05243928733504868,0.0952380952380952,0.0952380952380952,0.3529411764705882,0.0,1.0,0.152961293742072,0.35852330009546285
qwen25coder_7b,MUSE-News,target_context_memory,target_semantic,30,0.32278401851654054,0.2761092183359628,0.05041041573924195,0.1961161345243454,0.1961161345243454,0.4330126941204071,0.0,1.0,0.22397960366762631,0.42158843336545476
qwen25coder_7b,MUSE-News,target_context_memory,target_positive,30,0.1,0.30512857662936466,0.055708601453115555,0.0,0.0,0.0,0.0,1.0,-0.009188858848106482,0.2091888588481065
qwen25coder_7b,MUSE-News,target_context_memory,system_exact,30,0.06666666666666667,0.2537081317024624,0.04632055558531008,0.0,0.0,0.0,0.0,1.0,-0.024121622280541086,0.1574549556138744
qwen25coder_7b,MUSE-News,target_context_memory,system_token_f1,30,0.2255835667600373,0.2516805723818058,0.04595037559310892,0.0952380952380952,0.0952380952380952,0.3529411764705882,0.0,1.0,0.13552083059754383,0.31564630292253076
qwen25coder_7b,MUSE-News,target_context_memory,system_semantic,30,0.29598788966735207,0.24542257748711716,0.044807827270251205,0.1961161345243454,0.1961161345243454,0.4330126941204071,0.0,1.0,0.2081645482176597,0.3838112311170444
qwen25coder_7b,MUSE-News,target_context_memory,system_positive,30,0.06666666666666667,0.2537081317024624,0.04632055558531008,0.0,0.0,0.0,0.0,1.0,-0.024121622280541086,0.1574549556138744
qwen25coder_7b,MUSE-News,target_context_memory,target_content_precision,30,0.5666666666666665,0.4025778999364487,0.07350033231608351,0.3333333333333333,0.3333333333333333,1.0,0.0,1.0,0.42260601532714287,0.7107273180061902
qwen25coder_7b,MUSE-News,target_context_memory,target_content_recall,30,0.8333333333333334,0.3790490217894517,0.06920456654478331,1.0,1.0,1.0,0.0,1.0,0.6976923829055581,0.9689742837611086
qwen25coder_7b,MUSE-News,target_context_memory,target_content_f1,30,0.6333333333333333,0.36983997782203365,0.06752323284011273,0.5,0.5,1.0,0.0,1.0,0.5009877969667124,0.7656788696999542
qwen25coder_7b,MUSE-News,target_context_memory,system_content_precision,30,0.5444444444444444,0.39618229224000734,0.07233265944798531,0.3333333333333333,0.3333333333333333,1.0,0.0,1.0,0.4026724319263932,0.6862164569624956
qwen25coder_7b,MUSE-News,target_context_memory,system_content_recall,30,0.8333333333333334,0.3790490217894517,0.06920456654478331,1.0,1.0,1.0,0.0,1.0,0.6976923829055581,0.9689742837611086
qwen25coder_7b,MUSE-News,target_context_memory,system_content_f1,30,0.6166666666666667,0.3639660208973031,0.06645079993694987,0.5,0.5,1.0,0.0,1.0,0.4864230987902449,0.7469102345430885
qwen25coder_7b,MUSE-News,target_context_memory,target_positive_content,30,0.1,0.30512857662936466,0.055708601453115555,0.0,0.0,0.0,0.0,1.0,-0.009188858848106482,0.2091888588481065
qwen25coder_7b,MUSE-News,target_context_memory,system_positive_content,30,0.06666666666666667,0.2537081317024624,0.04632055558531008,0.0,0.0,0.0,0.0,1.0,-0.024121622280541086,0.1574549556138744
qwen25coder_7b,RWKU,full_inference,chain_length,450,4.0,0.0,0.0,4.0,4.0,4.0,4.0,4.0,4.0,4.0
qwen25coder_7b,RWKU,full_inference,target_agent_position,450,2.0,0.0,0.0,2.0,2.0,2.0,2.0,2.0,2.0,2.0
qwen25coder_7b,RWKU,full_inference,peer_evidence,450,1.0,0.0,0.0,1.0,1.0,1.0,1.0,1.0,1.0,1.0
qwen25coder_7b,RWKU,full_inference,target_exact,450,0.2111111111111111,0.408551257697,0.01925929098532276,0.0,0.0,0.0,0.0,1.0,0.1733629007798785,0.2488593214423437
qwen25coder_7b,RWKU,full_inference,target_token_f1,450,0.37099859342250313,0.36488235993993445,0.017200719403258555,0.1999999999999999,0.0952380952380952,0.6666666666666666,0.0,1.0,0.3372851833921164,0.4047120034528899
qwen25coder_7b,RWKU,full_inference,target_semantic,450,0.44080459725525645,0.34180921690422306,0.01611304100966931,0.3333333432674408,0.2294157296419143,0.7071067690849304,0.0,1.0,0.4092230368763046,0.47238615763420827
qwen25coder_7b,RWKU,full_inference,target_positive,450,0.29555555555555557,0.4567999252842193,0.021533754987598647,0.0,0.0,1.0,0.0,1.0,0.2533493957798622,0.33776171533124894
qwen25coder_7b,RWKU,full_inference,system_exact,450,0.13777777777777778,0.3450501973674139,0.016265822293883663,0.0,0.0,0.0,0.0,1.0,0.10589676608176579,0.16965878947378976
qwen25coder_7b,RWKU,full_inference,system_token_f1,450,0.3147560318259809,0.31094301062920765,0.01465799409189823,0.1818181818181818,0.1176470588235294,0.44047619047619047,0.0,1.0,0.28602636340586035,0.3434857002461014
qwen25coder_7b,RWKU,full_inference,system_semantic,450,0.4107744094563855,0.29065634553083786,0.013701671527983714,0.3162277638912201,0.25,0.5345224738121033,0.0,1.0,0.3839191332615374,0.43762968565123356
qwen25coder_7b,RWKU,full_inference,system_positive,450,0.20666666666666667,0.405364913004169,0.019109085256022854,0.0,0.0,0.0,0.0,1.0,0.16921285956486187,0.24412047376847146
qwen25coder_7b,RWKU,full_inference,target_content_precision,450,0.5406434848153877,0.44335979494727656,0.020900181167513097,0.5,0.0,1.0,0.0,1.0,0.499679129727062,0.5816078399037133
qwen25coder_7b,RWKU,full_inference,target_content_recall,450,0.7005555555555556,0.456241938296806,0.021507451228757725,1.0,0.0,1.0,0.0,1.0,0.6584009511471904,0.7427101599639208
qwen25coder_7b,RWKU,full_inference,target_content_f1,450,0.5775019535033361,0.43560814953874377,0.020534765098597956,0.6666666666666666,0.0,1.0,0.0,1.0,0.5372538139100841,0.6177500930965881
qwen25coder_7b,RWKU,full_inference,system_content_precision,450,0.6213574234407567,0.4304613944814836,0.0202921447384583,1.0,0.1428571428571428,1.0,0.0,1.0,0.5815848197533785,0.661130027128135
qwen25coder_7b,RWKU,full_inference,system_content_recall,450,0.765,0.4220040479439374,0.019893461599288738,1.0,1.0,1.0,0.0,1.0,0.7260088152653941,0.803991184734606
qwen25coder_7b,RWKU,full_inference,system_content_f1,450,0.6566348799310616,0.4169813804055795,0.01965669078088751,1.0,0.2,1.0,0.0,1.0,0.6181077660005221,0.6951619938616012
qwen25coder_7b,RWKU,full_inference,target_positive_content,450,0.3288888888888889,0.4703324049496866,0.022171682196780045,0.0,0.0,1.0,0.0,1.0,0.2854323917832,0.3723453859945778
qwen25coder_7b,RWKU,full_inference,system_positive_content,450,0.24444444444444444,0.43023563003561266,0.020281502100416557,0.0,0.0,0.0,0.0,1.0,0.20469270032762799,0.2841961885612609
qwen25coder_7b,RWKU,none,chain_length,450,4.0,0.0,0.0,4.0,4.0,4.0,4.0,4.0,4.0,4.0
qwen25coder_7b,RWKU,none,target_agent_position,450,2.0,0.0,0.0,2.0,2.0,2.0,2.0,2.0,2.0,2.0
qwen25coder_7b,RWKU,none,peer_evidence,450,1.0,0.0,0.0,1.0,1.0,1.0,1.0,1.0,1.0,1.0
qwen25coder_7b,RWKU,none,target_exact,450,0.14,0.3473732163648508,0.016375330459611186,0.0,0.0,0.0,0.0,1.0,0.10790435229916209,0.17209564770083793
qwen25coder_7b,RWKU,none,target_token_f1,450,0.33350511019186807,0.3087395061586863,0.014554119894999528,0.1999999999999999,0.12566489361702127,0.4444444444444445,0.0,1.0,0.304979035197669,0.36203118518606714
qwen25coder_7b,RWKU,none,target_semantic,450,0.4413556128905879,0.27583641754335575,0.013003053422874054,0.3333333432674408,0.2581988871097564,0.5773502588272095,0.0,1.0,0.41586962818175477,0.466841597599421
qwen25coder_7b,RWKU,none,target_positive,450,0.24888888888888888,0.4328505105278744,0.020404768748954603,0.0,0.0,0.0,0.0,1.0,0.20889554214093786,0.2888822356368399
qwen25coder_7b,RWKU,none,system_exact,450,0.10888888888888888,0.31184644601090333,0.014700582444215621,0.0,0.0,0.0,0.0,1.0,0.08007574729822627,0.13770203047955148
qwen25coder_7b,RWKU,none,system_token_f1,450,0.30306518980156405,0.28175643840356407,0.013282125882541995,0.1818181818181818,0.125,0.375,0.0,1.0,0.27703222307178177,0.32909815653134633
qwen25coder_7b,RWKU,none,system_semantic,450,0.4190410744647185,0.2523191879041684,0.011894440586034678,0.3162277638912201,0.2581988871097564,0.5345224738121033,0.0,1.0,0.3957279709160905,0.4423541780133465
qwen25coder_7b,RWKU,none,system_positive,450,0.19555555555555557,0.3970691936780997,0.018718021296670592,0.0,0.0,0.0,0.0,1.0,0.15886823381408122,0.23224287729702991
qwen25coder_7b,RWKU,none,target_content_precision,450,0.6419743006811635,0.40756705295126816,0.01921289512867056,1.0,0.25,1.0,0.0,1.0,0.6043170262289692,0.6796315751333577
qwen25coder_7b,RWKU,none,target_content_recall,450,0.8344444444444444,0.37134592710148,0.017505414881297456,1.0,1.0,1.0,0.0,1.0,0.8001338312771015,0.8687550576117874
qwen25coder_7b,RWKU,none,target_content_f1,450,0.6876231140909633,0.38610690745605225,0.018201254168342753,1.0,0.4,1.0,0.0,1.0,0.6519486559210115,0.7232975722609152
qwen25coder_7b,RWKU,none,system_content_precision,450,0.6547150414219041,0.40320418811437336,0.019007227707899317,1.0,0.2857142857142857,1.0,0.0,1.0,0.6174608751144214,0.6919692077293867
qwen25coder_7b,RWKU,none,system_content_recall,450,0.8477777777777777,0.35886103475686193,0.016916871412013226,1.0,1.0,1.0,0.0,1.0,0.8146207098102318,0.8809348457453237
qwen25coder_7b,RWKU,none,system_content_f1,450,0.700247452715302,0.37977886439858677,0.0179029473578378,1.0,0.4444444444444445,1.0,0.0,1.0,0.6651576758939399,0.735337229536664
qwen25coder_7b,RWKU,none,target_positive_content,450,0.2511111111111111,0.4341349447007739,0.020465317556530936,0.0,0.0,0.75,0.0,1.0,0.21099908870031048,0.29122313352191176
qwen25coder_7b,RWKU,none,system_positive_content,450,0.21555555555555556,0.4116648557708834,0.019406067406118246,0.0,0.0,0.0,0.0,1.0,0.1775196634395638,0.2535914476715473
qwen25coder_7b,RWKU,target_context_memory,chain_length,450,4.0,0.0,0.0,4.0,4.0,4.0,4.0,4.0,4.0,4.0
qwen25coder_7b,RWKU,target_context_memory,target_agent_position,450,2.0,0.0,0.0,2.0,2.0,2.0,2.0,2.0,2.0,2.0
qwen25coder_7b,RWKU,target_context_memory,peer_evidence,450,1.0,0.0,0.0,1.0,1.0,1.0,1.0,1.0,1.0,1.0
qwen25coder_7b,RWKU,target_context_memory,target_exact,450,0.24,0.4275584592546126,0.020155299059507248,0.0,0.0,0.0,0.0,1.0,0.20049561384336578,0.2795043861566342
qwen25coder_7b,RWKU,target_context_memory,target_token_f1,450,0.4087855141666858,0.36992833696197835,0.01743858904125847,0.2352941176470588,0.125,0.6666666666666666,0.0,1.0,0.3746058796458192,0.4429651486875524
qwen25coder_7b,RWKU,target_context_memory,target_semantic,450,0.4827849132153723,0.33965867471313804,0.016011663478566373,0.3922322690486908,0.2581988871097564,0.7071067690849304,0.0,1.0,0.4514020527973822,0.5141677736333624
qwen25coder_7b,RWKU,target_context_memory,target_positive,450,0.3422222222222222,0.4749816026862237,0.022390847479885546,0.0,0.0,1.0,0.0,1.0,0.2983361611616465,0.3861082832827979
qwen25coder_7b,RWKU,target_context_memory,system_exact,450,0.14444444444444443,0.3519310746673357,0.016590189960502818,0.0,0.0,0.0,0.0,1.0,0.11192767212185892,0.17696121676702994
qwen25coder_7b,RWKU,target_context_memory,system_token_f1,450,0.3211426588245219,0.31537896526506765,0.014867106998835063,0.1818181818181818,0.1176470588235294,0.4444444444444445,0.0,1.0,0.2920031291068052,0.35028218854223864
qwen25coder_7b,RWKU,target_context_memory,system_semantic,450,0.41724495290054214,0.29246497343850664,0.013786931065194102,0.3333333432674408,0.25,0.5345224738121033,0.0,1.0,0.39022256801276173,0.44426733778832256
qwen25coder_7b,RWKU,target_context_memory,system_positive,450,0.21333333333333335,0.410117045599563,0.019333102934909568,0.0,0.0,0.0,0.0,1.0,0.1754404515809106,0.2512262150857561
qwen25coder_7b,RWKU,target_context_memory,target_content_precision,450,0.6102500573500573,0.43457500901300405,0.020486062387153343,1.0,0.08522727272727271,1.0,0.0,1.0,0.5700973750712368,0.6504027396288778
qwen25coder_7b,RWKU,target_context_memory,target_content_recall,450,0.7561111111111111,0.4274691003158247,0.02015108663873548,1.0,1.0,1.0,0.0,1.0,0.7166149812991895,0.7956072409230326
qwen25coder_7b,RWKU,target_context_memory,target_content_f1,450,0.6451839339997235,0.4212516556933792,0.01985799348845661,1.0,0.157051282051282,1.0,0.0,1.0,0.6062622667623485,0.6841056012370985
qwen25coder_7b,RWKU,target_context_memory,system_content_precision,450,0.6245055715889049,0.42838473367550883,0.020194250009249695,1.0,0.1428571428571428,1.0,0.0,1.0,0.5849248415707754,0.6640863016070343
qwen25coder_7b,RWKU,target_context_memory,system_content_recall,450,0.7694444444444445,0.4191739705890636,0.019760050473361154,1.0,1.0,1.0,0.0,1.0,0.7307147455166566,0.8081741433722324
qwen25coder_7b,RWKU,target_context_memory,system_content_f1,450,0.6603597476559293,0.41477669209821744,0.019552760777384947,1.0,0.25,1.0,0.0,1.0,0.6220363365322548,0.6986831587796039
qwen25coder_7b,RWKU,target_context_memory,target_positive_content,450,0.36666666666666664,0.48243074211270165,0.02274200328004999,0.0,0.0,1.0,0.0,1.0,0.32209234023776867,0.4112409930955646
qwen25coder_7b,RWKU,target_context_memory,system_positive_content,450,0.25333333333333335,0.43540422301176757,0.020525151909925377,0.0,0.0,1.0,0.0,1.0,0.21310403558987961,0.2935626310767871
qwen25coder_7b,TOFU,full_inference,chain_length,135,4.0,0.0,0.0,4.0,4.0,4.0,4.0,4.0,4.0,4.0
qwen25coder_7b,TOFU,full_inference,target_agent_position,135,2.0,0.0,0.0,2.0,2.0,2.0,2.0,2.0,2.0,2.0
qwen25coder_7b,TOFU,full_inference,peer_evidence,135,1.0,0.0,0.0,1.0,1.0,1.0,1.0,1.0,1.0,1.0
qwen25coder_7b,TOFU,full_inference,target_exact,135,0.0,0.0,0.0,0.0,0.0,0.0,0.0,0.0,0.0,0.0
qwen25coder_7b,TOFU,full_inference,target_token_f1,135,0.5078492108474097,0.18121024590421558,0.015596094767759507,0.4642857142857142,0.3798557158712541,0.6471987886653688,0.2162162162162162,0.9655172413793104,0.4772808651026011,0.5384175565922183
qwen25coder_7b,TOFU,full_inference,target_semantic,135,0.6008201306616818,0.17591057541316582,0.015139971755487891,0.6241877675056458,0.4673552066087723,0.7201284170150757,0.2096569687128067,0.9655172228813172,0.5711457860209256,0.6304944753024381
qwen25coder_7b,TOFU,full_inference,target_positive,135,0.37777777777777777,0.48663736025711174,0.041883075375958506,0.0,0.0,1.0,0.0,1.0,0.29568695004089907,0.45986860551465647
qwen25coder_7b,TOFU,full_inference,system_exact,135,0.16296296296296298,0.37070741988168293,0.03190541474482841,0.0,0.0,0.0,0.0,1.0,0.1004283500630993,0.22549757586282665
qwen25coder_7b,TOFU,full_inference,system_token_f1,135,0.6642107345015859,0.24879366053329272,0.021412748975276095,0.6567164179104478,0.4508064516129032,0.9655172413793104,0.2388059701492537,1.0,0.6222417465100447,0.706179722493127
qwen25coder_7b,TOFU,full_inference,system_semantic,135,0.722807870750074,0.2230961866808282,0.019201062569271746,0.7254762649536133,0.5691141784191132,0.9655172228813172,0.2243001610040664,1.0,0.6851737881143014,0.7604419533858466
qwen25coder_7b,TOFU,full_inference,system_positive,135,0.6444444444444445,0.480464120558735,0.04135176749720385,1.0,0.0,1.0,0.0,1.0,0.563394980149925,0.725493908738964
qwen25coder_7b,TOFU,full_inference,target_content_precision,135,0.32062581451637573,0.324647426949532,0.027941201732547258,0.1875,0.0645833333333333,0.6470588235294118,0.0,1.0,0.2658610591205831,0.37539056991216835
qwen25coder_7b,TOFU,full_inference,target_content_recall,135,0.317115937993131,0.2609008052653183,0.02245476608454849,0.2857142857142857,0.1,0.48684210526315785,0.0,0.9285714285714286,0.2731045964674159,0.36112727951884604
qwen25coder_7b,TOFU,full_inference,target_content_f1,135,0.2966600391636771,0.26955749110661603,0.023199814975586174,0.2142857142857142,0.08,0.5555555555555556,0.0,0.9285714285714286,0.25118840181152824,0.342131676515826
qwen25coder_7b,TOFU,full_inference,system_content_precision,135,0.5475472094480112,0.38503817007616825,0.03313880934131508,0.6470588235294118,0.16287878787878785,0.9285714285714286,0.0,1.0,0.4825951431390336,0.6124992757569887
qwen25coder_7b,TOFU,full_inference,system_content_recall,135,0.5375356066935014,0.3505090472683549,0.030167015617008155,0.5,0.24,0.9285714285714286,0.0,1.0,0.47840825608416543,0.5966629573028374
qwen25coder_7b,TOFU,full_inference,system_content_f1,135,0.5240622018733562,0.3609046965603641,0.0310617306521407,0.5555555555555556,0.19139194139194138,0.9285714285714286,0.0,1.0,0.4631812097951604,0.5849431939515519
qwen25coder_7b,TOFU,full_inference,target_positive_content,135,0.362962962962963,0.48264518977716536,0.041539484047424,0.0,0.0,1.0,0.0,1.0,0.281545574230012,0.444380351695914
qwen25coder_7b,TOFU,full_inference,system_positive_content,135,0.6222222222222222,0.48663736025711174,0.041883075375958506,1.0,0.0,1.0,0.0,1.0,0.5401313944853435,0.7043130499591009
qwen25coder_7b,TOFU,none,chain_length,135,4.0,0.0,0.0,4.0,4.0,4.0,4.0,4.0,4.0,4.0
qwen25coder_7b,TOFU,none,target_agent_position,135,2.0,0.0,0.0,2.0,2.0,2.0,2.0,2.0,2.0,2.0
qwen25coder_7b,TOFU,none,peer_evidence,135,1.0,0.0,0.0,1.0,1.0,1.0,1.0,1.0,1.0,1.0
qwen25coder_7b,TOFU,none,target_exact,135,0.28888888888888886,0.45493425253475167,0.0391545063041425,0.0,0.0,1.0,0.0,1.0,0.21214605653276958,0.36563172124500815
qwen25coder_7b,TOFU,none,target_token_f1,135,0.7593825287152648,0.22601270937286783,0.01945207687627409,0.7234042553191489,0.5735930735930737,1.0,0.2857142857142857,1.0,0.7212564580377676,0.797508599392762
qwen25coder_7b,TOFU,none,target_semantic,135,0.8057943834198846,0.18777603110218002,0.01616118758390376,0.8061496019363403,0.6487491130828857,1.0,0.3042555451393127,1.0,0.7741184557554333,0.837470311084336
qwen25coder_7b,TOFU,none,target_positive,135,0.8444444444444444,0.36378332625027143,0.03130948364878313,1.0,1.0,1.0,0.0,1.0,0.7830778564928295,0.9058110323960594
qwen25coder_7b,TOFU,none,system_exact,135,0.31851851851851853,0.4676369916909791,0.040247784019771075,0.0,0.0,1.0,0.0,1.0,0.23963286183976723,0.39740417519726984
qwen25coder_7b,TOFU,none,system_token_f1,135,0.776469092159746,0.2210700151442346,0.01902667748887649,0.7536231884057972,0.5806451612903226,1.0,0.3333333333333333,1.0,0.7391768042815481,0.813761380037944
qwen25coder_7b,TOFU,none,system_semantic,135,0.8241678381407702,0.17463477887017287,0.015030168671839877,0.8061496019363403,0.6681280434131622,1.0,0.4648790657520294,1.0,0.794708707543964,0.8536269687375764
qwen25coder_7b,TOFU,none,system_positive,135,0.8666666666666667,0.3412006894010638,0.02936587972810688,1.0,1.0,1.0,0.0,1.0,0.8091095423995772,0.9242237909337562
qwen25coder_7b,TOFU,none,target_content_precision,135,0.6684253123563273,0.34117643687511373,0.02936379240301559,0.8333333333333334,0.3798076923076923,1.0,0.0,1.0,0.6108722792464167,0.7259783454662379
qwen25coder_7b,TOFU,none,target_content_recall,135,0.6727320152232433,0.3020291764466494,0.025994532676591436,0.6666666666666666,0.4166666666666667,1.0,0.0,1.0,0.6217827311771241,0.7236812992693625
qwen25coder_7b,TOFU,none,target_content_f1,135,0.652995908372752,0.32055045654558717,0.027588590662672077,0.5714285714285715,0.424287856071964,1.0,0.0,1.0,0.5989222706739148,0.7070695460715892
qwen25coder_7b,TOFU,none,system_content_precision,135,0.6997890104757873,0.3248500482792609,0.027958640600005618,0.8333333333333334,0.45341614906832295,1.0,0.0606060606060606,1.0,0.6449900748997763,0.7545879460517984
qwen25coder_7b,TOFU,none,system_content_recall,135,0.7098814544779457,0.2772747962811414,0.023864014851553664,0.6666666666666666,0.4210526315789473,1.0,0.1428571428571428,1.0,0.6631079853689005,0.7566549235869909
qwen25coder_7b,TOFU,none,system_content_f1,135,0.6868229189569449,0.30317513385971734,0.026093160987175325,0.6153846153846153,0.5,1.0,0.0851063829787234,1.0,0.6356803234220813,0.7379655144918086
qwen25coder_7b,TOFU,none,target_positive_content,135,0.8,0.4014897630709235,0.03455473702325441,1.0,1.0,1.0,0.0,1.0,0.7322727154344214,0.8677272845655787
qwen25coder_7b,TOFU,none,system_positive_content,135,0.8444444444444444,0.36378332625027143,0.03130948364878313,1.0,1.0,1.0,0.0,1.0,0.7830778564928295,0.9058110323960594
qwen25coder_7b,TOFU,target_context_memory,chain_length,135,4.0,0.0,0.0,4.0,4.0,4.0,4.0,4.0,4.0,4.0
qwen25coder_7b,TOFU,target_context_memory,target_agent_position,135,2.0,0.0,0.0,2.0,2.0,2.0,2.0,2.0,2.0,2.0
qwen25coder_7b,TOFU,target_context_memory,peer_evidence,135,1.0,0.0,0.0,1.0,1.0,1.0,1.0,1.0,1.0,1.0
qwen25coder_7b,TOFU,target_context_memory,target_exact,135,0.05925925925925926,0.23698866283617884,0.020396736542321894,0.0,0.0,0.0,0.0,1.0,0.019281655636308348,0.09923686288221018
qwen25coder_7b,TOFU,target_context_memory,target_token_f1,135,0.6018271140162719,0.21444651535734385,0.018456617391804573,0.5757575757575757,0.4396956813604833,0.7234042553191489,0.2388059701492537,1.0,0.5656521439283348,0.6380020841042089
qwen25coder_7b,TOFU,target_context_memory,target_semantic,135,0.6678767180001294,0.2015143471519605,0.017343593567586735,0.6640043258666992,0.5191158354282379,0.8061496019363403,0.2243001610040664,1.0,0.6338832746076594,0.7018701613925994
qwen25coder_7b,TOFU,target_context_memory,target_positive,135,0.5703703703703704,0.49686691122849225,0.04276349494376599,1.0,0.0,1.0,0.0,1.0,0.4865539202805891,0.6541868204601518
qwen25coder_7b,TOFU,target_context_memory,system_exact,135,0.18518518518518517,0.38989445922085403,0.03355677216313144,0.0,0.0,0.0,0.0,1.0,0.11941391174544756,0.2509564586249228
qwen25coder_7b,TOFU,target_context_memory,system_token_f1,135,0.6639332118206633,0.2481697579137365,0.02135905198738284,0.6567164179104478,0.4523689516129032,0.9655172413793104,0.2388059701492537,1.0,0.622069469925393,0.7057969537159337
qwen25coder_7b,TOFU,target_context_memory,system_semantic,135,0.7213262357093669,0.22318261356122404,0.019208501010792585,0.7254762649536133,0.5649998784065247,0.9655172228813172,0.2243001610040664,1.0,0.6836775737282135,0.7589748976905204
qwen25coder_7b,TOFU,target_context_memory,system_positive,135,0.6518518518518519,0.47815751040217663,0.04115324610336955,1.0,0.0,1.0,0.0,1.0,0.5711914894892476,0.7325122142144562
qwen25coder_7b,TOFU,target_context_memory,target_content_precision,135,0.4510411902609208,0.3553367438765676,0.03058251758510037,0.3902439024390244,0.1333333333333333,0.8333333333333334,0.0,1.0,0.3910994557941241,0.5109829247277176
qwen25coder_7b,TOFU,target_context_memory,target_content_recall,135,0.438883454427314,0.3105426155326583,0.02672725284990396,0.4166666666666667,0.2071428571428571,0.6157894736842104,0.0,1.0,0.38649803884150224,0.4912688700131258
qwen25coder_7b,TOFU,target_context_memory,target_content_f1,135,0.4256072672386904,0.31740238757707545,0.027317648025166338,0.4166666666666666,0.15800415800415796,0.6055555555555556,0.0,1.0,0.3720646771093644,0.4791498573680164
qwen25coder_7b,TOFU,target_context_memory,system_content_precision,135,0.5453147840674376,0.3823932147351451,0.03291116783048741,0.5945945945945946,0.1666666666666666,0.9285714285714286,0.0,1.0,0.4808088951196823,0.6098206730151929
qwen25coder_7b,TOFU,target_context_memory,system_content_recall,135,0.5369430141009089,0.3513719554760398,0.030241282930734137,0.5,0.24,0.9285714285714286,0.0,1.0,0.47767009955667006,0.5962159286451478
qwen25coder_7b,TOFU,target_context_memory,system_content_f1,135,0.5235693640273568,0.3596088359524036,0.030950200728726538,0.5555555555555556,0.19139194139194138,0.9285714285714286,0.0,1.0,0.4629069705990527,0.5842317574556608
qwen25coder_7b,TOFU,target_context_memory,target_positive_content,135,0.5777777777777777,0.49575310818854873,0.04266763404099585,1.0,0.0,1.0,0.0,1.0,0.4941492150574259,0.6614063404981296
qwen25coder_7b,TOFU,target_context_memory,system_positive_content,135,0.6296296296296297,0.4847024127918899,0.04171654161354539,1.0,0.0,1.0,0.0,1.0,0.5478652080670807,0.7113940511921786
qwen3_14b,MUSE-Books,full_inference,chain_length,50,4.0,0.0,0.0,4.0,4.0,4.0,4.0,4.0,4.0,4.0
qwen3_14b,MUSE-Books,full_inference,target_agent_position,50,2.0,0.0,0.0,2.0,2.0,2.0,2.0,2.0,2.0,2.0
qwen3_14b,MUSE-Books,full_inference,peer_evidence,50,1.0,0.0,0.0,1.0,1.0,1.0,1.0,1.0,1.0,1.0
qwen3_14b,MUSE-Books,full_inference,target_exact,50,0.18,0.3880879344916036,0.054883922035138706,0.0,0.0,0.0,0.0,1.0,0.07242751281112814,0.28757248718887185
qwen3_14b,MUSE-Books,full_inference,target_token_f1,50,0.3406988800673011,0.31714101607370293,0.04485051261162144,0.1999999999999999,0.1999999999999999,0.2666666666666667,0.0,1.0,0.2527918753485231,0.4286058847860791
qwen3_14b,MUSE-Books,full_inference,target_semantic,50,0.5643735617399216,0.23576929606809982,0.03334281360906644,0.5547001957893372,0.3922322690486908,0.5547001957893372,0.0,1.0,0.4990216470661514,0.6297254764136918
qwen3_14b,MUSE-Books,full_inference,target_positive,50,0.18,0.3880879344916036,0.054883922035138706,0.0,0.0,0.0,0.0,1.0,0.07242751281112814,0.28757248718887185
qwen3_14b,MUSE-Books,full_inference,system_exact,50,0.1,0.30304576336566325,0.04285714285714286,0.0,0.0,0.0,0.0,1.0,0.016,0.184
qwen3_14b,MUSE-Books,full_inference,system_token_f1,50,0.281139727355606,0.24908599127268113,0.0352260787054972,0.1999999999999999,0.1999999999999999,0.2666666666666667,0.0,1.0,0.21209661309283148,0.35018284161838054
qwen3_14b,MUSE-Books,full_inference,system_semantic,50,0.5155919381976127,0.2002916198114314,0.028325512516700197,0.5547001957893372,0.3922322690486908,0.5547001957893372,0.0,1.0,0.46007393366488036,0.5711099427303451
qwen3_14b,MUSE-Books,full_inference,system_positive,50,0.1,0.30304576336566325,0.04285714285714286,0.0,0.0,0.0,0.0,1.0,0.016,0.184
qwen3_14b,MUSE-Books,full_inference,target_content_precision,50,0.7736672023628545,0.3243492873004698,0.045869916104637184,1.0,0.6666666666666666,1.0,0.0,1.0,0.6837621667977656,0.8635722379279434
qwen3_14b,MUSE-Books,full_inference,target_content_recall,50,0.98,0.14142135623730948,0.019999999999999993,1.0,1.0,1.0,0.0,1.0,0.9408,1.0191999999999999
qwen3_14b,MUSE-Books,full_inference,target_content_f1,50,0.8217238095238093,0.28705267816007696,0.040595379056949994,1.0,0.8,1.0,0.0,1.0,0.7421568665721873,0.9012907524754313
qwen3_14b,MUSE-Books,full_inference,system_content_precision,50,0.7394578754578753,0.3239312743976812,0.04581080015300013,1.0,0.6666666666666666,1.0,0.0,1.0,0.6496687071579951,0.8292470437577556
qwen3_14b,MUSE-Books,full_inference,system_content_recall,50,0.98,0.14142135623730948,0.019999999999999993,1.0,1.0,1.0,0.0,1.0,0.9408,1.0191999999999999
qwen3_14b,MUSE-Books,full_inference,system_content_f1,50,0.7991428571428572,0.2845155286253624,0.0402365719287738,1.0,0.8,1.0,0.0,1.0,0.7202791761624605,0.8780065381232538
qwen3_14b,MUSE-Books,full_inference,target_positive_content,50,0.66,0.4785181206984065,0.0676726816132972,1.0,0.0,1.0,0.0,1.0,0.5273615440379376,0.7926384559620625
qwen3_14b,MUSE-Books,full_inference,system_positive_content,50,0.6,0.4948716593053935,0.06998542122237651,1.0,0.0,1.0,0.0,1.0,0.46282857440414205,0.7371714255958579
qwen3_14b,MUSE-Books,none,chain_length,50,4.0,0.0,0.0,4.0,4.0,4.0,4.0,4.0,4.0,4.0
qwen3_14b,MUSE-Books,none,target_agent_position,50,2.0,0.0,0.0,2.0,2.0,2.0,2.0,2.0,2.0,2.0
qwen3_14b,MUSE-Books,none,peer_evidence,50,1.0,0.0,0.0,1.0,1.0,1.0,1.0,1.0,1.0,1.0
qwen3_14b,MUSE-Books,none,target_exact,50,0.06,0.2398979374820952,0.03392669167725119,0.0,0.0,0.0,0.0,1.0,-0.006496315687412324,0.12649631568741232
qwen3_14b,MUSE-Books,none,target_token_f1,50,0.21484848484848482,0.2207541703774354,0.031219354169819007,0.1999999999999999,0.1428571428571428,0.1999999999999999,0.0,1.0,0.15365855067563955,0.2760384190213301
qwen3_14b,MUSE-Books,none,target_semantic,50,0.420587038397789,0.2612997335709948,0.036953362706057716,0.5443310737609863,0.2581988871097564,0.5547001957893372,0.0,1.0,0.3481584474939159,0.4930156293016621
qwen3_14b,MUSE-Books,none,target_positive,50,0.06,0.2398979374820952,0.03392669167725119,0.0,0.0,0.0,0.0,1.0,-0.006496315687412324,0.12649631568741232
qwen3_14b,MUSE-Books,none,system_exact,50,0.0,0.0,0.0,0.0,0.0,0.0,0.0,0.0,0.0,0.0
qwen3_14b,MUSE-Books,none,system_token_f1,50,0.17132900432900428,0.09574194890086327,0.013539956262363267,0.1999999999999999,0.1428571428571428,0.1999999999999999,0.0,0.3333333333333333,0.14479069005477227,0.19786731860323628
qwen3_14b,MUSE-Books,none,system_semantic,50,0.38479080885648725,0.21503815923259362,0.030410988121447907,0.4957723319530487,0.2581988871097564,0.5547001957893372,0.0,0.5547001957893372,0.3251852721384494,0.4443963455745251
qwen3_14b,MUSE-Books,none,system_positive,50,0.0,0.0,0.0,0.0,0.0,0.0,0.0,0.0,0.0,0.0
qwen3_14b,MUSE-Books,none,target_content_precision,50,0.6357142857142857,0.41034704923893767,0.05803183623134858,0.6666666666666666,0.1666666666666666,1.0,0.0,1.0,0.5219718867008425,0.7494566847277289
qwen3_14b,MUSE-Books,none,target_content_recall,50,0.8,0.4040610178208843,0.05714285714285715,1.0,1.0,1.0,0.0,1.0,0.6880000000000001,0.912
qwen3_14b,MUSE-Books,none,target_content_f1,50,0.6800952380952381,0.4006120542969664,0.05665510004369166,0.8,0.2857142857142857,1.0,0.0,1.0,0.5690512420096024,0.7911392341808737
qwen3_14b,MUSE-Books,none,system_content_precision,50,0.6161904761904762,0.3993272606458444,0.056473402783064904,0.6666666666666666,0.1666666666666666,1.0,0.0,1.0,0.5055026067356689,0.7268783456452834
qwen3_14b,MUSE-Books,none,system_content_recall,50,0.8,0.4040610178208843,0.05714285714285715,1.0,1.0,1.0,0.0,1.0,0.6880000000000001,0.912
qwen3_14b,MUSE-Books,none,system_content_f1,50,0.6688095238095237,0.39290418483260703,0.055565042690341813,0.8,0.2857142857142857,1.0,0.0,1.0,0.5599020401364538,0.7777170074825936
qwen3_14b,MUSE-Books,none,target_positive_content,50,0.56,0.501426536422407,0.07091242083423346,1.0,0.0,1.0,0.0,1.0,0.42101165516490247,0.6989883448350976
qwen3_14b,MUSE-Books,none,system_positive_content,50,0.5,0.5050762722761054,0.07142857142857142,0.5,0.0,1.0,0.0,1.0,0.36,0.64
qwen3_14b,MUSE-Books,target_context_memory,chain_length,50,4.0,0.0,0.0,4.0,4.0,4.0,4.0,4.0,4.0,4.0
qwen3_14b,MUSE-Books,target_context_memory,target_agent_position,50,2.0,0.0,0.0,2.0,2.0,2.0,2.0,2.0,2.0,2.0
qwen3_14b,MUSE-Books,target_context_memory,peer_evidence,50,1.0,0.0,0.0,1.0,1.0,1.0,1.0,1.0,1.0,1.0
qwen3_14b,MUSE-Books,target_context_memory,target_exact,50,0.18,0.3880879344916036,0.054883922035138706,0.0,0.0,0.0,0.0,1.0,0.07242751281112814,0.28757248718887185
qwen3_14b,MUSE-Books,target_context_memory,target_token_f1,50,0.3409562803247013,0.3169428886074778,0.044822493156640025,0.1999999999999999,0.1999999999999999,0.2666666666666667,0.0,1.0,0.2531041937376869,0.42880836691171575
qwen3_14b,MUSE-Books,target_context_memory,target_semantic,50,0.5632720094919205,0.23575213853034632,0.03334038716680764,0.5547001957893372,0.3922322690486908,0.5547001957893372,0.0,1.0,0.4979248506449775,0.6286191683388634
qwen3_14b,MUSE-Books,target_context_memory,target_positive,50,0.18,0.3880879344916036,0.054883922035138706,0.0,0.0,0.0,0.0,1.0,0.07242751281112814,0.28757248718887185
qwen3_14b,MUSE-Books,target_context_memory,system_exact,50,0.1,0.30304576336566325,0.04285714285714286,0.0,0.0,0.0,0.0,1.0,0.016,0.184
qwen3_14b,MUSE-Books,target_context_memory,system_token_f1,50,0.28228258449846316,0.24856912960446453,0.035152983427390934,0.1999999999999999,0.1999999999999999,0.2666666666666667,0.0,1.0,0.21338273698077692,0.3511824320161494
qwen3_14b,MUSE-Books,target_context_memory,system_semantic,50,0.5155056020617486,0.2002734488941674,0.028322942760936647,0.5547001957893372,0.3922322690486908,0.5547001957893372,0.0,1.0,0.4599926342503127,0.5710185698731843
qwen3_14b,MUSE-Books,target_context_memory,system_positive,50,0.1,0.30304576336566325,0.04285714285714286,0.0,0.0,0.0,0.0,1.0,0.016,0.184
qwen3_14b,MUSE-Books,target_context_memory,target_content_precision,50,0.7741502941502941,0.3233219755792866,0.04572463228774897,1.0,0.6666666666666666,1.0,0.0,1.0,0.6845300148663062,0.8637705734342821
qwen3_14b,MUSE-Books,target_context_memory,target_content_recall,50,0.98,0.14142135623730948,0.019999999999999993,1.0,1.0,1.0,0.0,1.0,0.9408,1.0191999999999999
qwen3_14b,MUSE-Books,target_context_memory,target_content_f1,50,0.8225238095238094,0.28522074720393065,0.040336304896598674,1.0,0.8,1.0,0.0,1.0,0.743464651926476,0.9015829671211428
qwen3_14b,MUSE-Books,target_context_memory,system_content_precision,50,0.7554578754578755,0.31641194588312666,0.04474740651647795,1.0,0.6666666666666666,1.0,0.0,1.0,0.6677529586855787,0.8431627922301722
qwen3_14b,MUSE-Books,target_context_memory,system_content_recall,50,0.98,0.14142135623730948,0.019999999999999993,1.0,1.0,1.0,0.0,1.0,0.9408,1.0191999999999999
qwen3_14b,MUSE-Books,target_context_memory,system_content_f1,50,0.8124761904761904,0.2777820833578112,0.03928431896688702,1.0,0.8,1.0,0.0,1.0,0.7354789253010918,0.8894734556512889
qwen3_14b,MUSE-Books,target_context_memory,target_positive_content,50,0.66,0.4785181206984065,0.0676726816132972,1.0,0.0,1.0,0.0,1.0,0.5273615440379376,0.7926384559620625
qwen3_14b,MUSE-Books,target_context_memory,system_positive_content,50,0.6,0.4948716593053935,0.06998542122237651,1.0,0.0,1.0,0.0,1.0,0.46282857440414205,0.7371714255958579
qwen3_14b,MUSE-News,full_inference,chain_length,50,4.0,0.0,0.0,4.0,4.0,4.0,4.0,4.0,4.0,4.0
qwen3_14b,MUSE-News,full_inference,target_agent_position,50,2.0,0.0,0.0,2.0,2.0,2.0,2.0,2.0,2.0,2.0
qwen3_14b,MUSE-News,full_inference,peer_evidence,50,1.0,0.0,0.0,1.0,1.0,1.0,1.0,1.0,1.0,1.0
qwen3_14b,MUSE-News,full_inference,target_exact,50,0.0,0.0,0.0,0.0,0.0,0.0,0.0,0.0,0.0,0.0
qwen3_14b,MUSE-News,full_inference,target_token_f1,50,0.12357616134673856,0.12154123414283842,0.017188526171236597,0.0952380952380952,0.064516129032258,0.0952380952380952,0.0,0.3529411764705882,0.08988665005111482,0.1572656726423623
qwen3_14b,MUSE-News,full_inference,target_semantic,50,0.19660839602351188,0.141883985063679,0.020065425596059647,0.1961161345243454,0.1186422370374202,0.1961161345243454,0.0,0.4330126941204071,0.15728016185523497,0.2359366301917888
qwen3_14b,MUSE-News,full_inference,target_positive,50,0.0,0.0,0.0,0.0,0.0,0.0,0.0,0.0,0.0,0.0
qwen3_14b,MUSE-News,full_inference,system_exact,50,0.0,0.0,0.0,0.0,0.0,0.0,0.0,0.0,0.0,0.0
qwen3_14b,MUSE-News,full_inference,system_token_f1,50,0.16858118772228015,0.1292782358853776,0.018282703450876913,0.0952380952380952,0.0952380952380952,0.3529411764705882,0.0,0.3529411764705882,0.1327470889585614,0.20441528648599888
qwen3_14b,MUSE-News,full_inference,system_semantic,50,0.2637824958562851,0.141667038570113,0.020034744728708618,0.1961161345243454,0.1961161345243454,0.4330126941204071,0.0,0.4758309423923492,0.22451439618801622,0.303050595524554
qwen3_14b,MUSE-News,full_inference,system_positive,50,0.0,0.0,0.0,0.0,0.0,0.0,0.0,0.0,0.0,0.0
qwen3_14b,MUSE-News,full_inference,target_content_precision,50,0.36215864610429827,0.34722771071887876,0.04910541377304,0.3333333333333333,0.09299516908212557,0.3333333333333333,0.0,1.0,0.26591203510913985,0.4584052570994567
qwen3_14b,MUSE-News,full_inference,target_content_recall,50,0.7733333333333333,0.40090600342569876,0.05669667072814177,1.0,0.6666666666666666,1.0,0.0,1.0,0.6622078587061755,0.8844588079604911
qwen3_14b,MUSE-News,full_inference,target_content_f1,50,0.4488169549748497,0.33832574134051774,0.04784648519036919,0.5,0.16538461538461532,0.5,0.0,1.0,0.3550378440017261,0.5425960659479733
qwen3_14b,MUSE-News,full_inference,system_content_precision,50,0.4723071895424836,0.3649827208557095,0.05161635138659778,0.3333333333333333,0.21250000000000002,1.0,0.0,1.0,0.3711391408247519,0.5734752382602152
qwen3_14b,MUSE-News,full_inference,system_content_recall,50,0.9,0.30304576336566325,0.04285714285714286,1.0,1.0,1.0,0.0,1.0,0.8160000000000001,0.984
qwen3_14b,MUSE-News,full_inference,system_content_f1,50,0.5637142857142856,0.326759967636226,0.04621083778717444,0.5,0.35,1.0,0.0,1.0,0.47314104365142373,0.6542875277771475
qwen3_14b,MUSE-News,full_inference,target_positive_content,50,0.0,0.0,0.0,0.0,0.0,0.0,0.0,0.0,0.0,0.0
qwen3_14b,MUSE-News,full_inference,system_positive_content,50,0.0,0.0,0.0,0.0,0.0,0.0,0.0,0.0,0.0,0.0
qwen3_14b,MUSE-News,none,chain_length,50,4.0,0.0,0.0,4.0,4.0,4.0,4.0,4.0,4.0,4.0
qwen3_14b,MUSE-News,none,target_agent_position,50,2.0,0.0,0.0,2.0,2.0,2.0,2.0,2.0,2.0,2.0
qwen3_14b,MUSE-News,none,peer_evidence,50,1.0,0.0,0.0,1.0,1.0,1.0,1.0,1.0,1.0,1.0
qwen3_14b,MUSE-News,none,target_exact,50,0.0,0.0,0.0,0.0,0.0,0.0,0.0,0.0,0.0,0.0
qwen3_14b,MUSE-News,none,target_token_f1,50,0.20813231702741233,0.13090426746350114,0.018512659041939838,0.09846650524616621,0.0952380952380952,0.3529411764705882,0.064516129032258,0.3529411764705882,0.17184750530521026,0.2444171287496144
qwen3_14b,MUSE-News,none,target_semantic,50,0.30539245456457137,0.12160127504855452,0.017197017237552684,0.2230580672621727,0.1961161345243454,0.4330126941204071,0.1622214168310165,0.4714045226573944,0.2716863007789681,0.33909860835017464
qwen3_14b,MUSE-News,none,target_positive,50,0.0,0.0,0.0,0.0,0.0,0.0,0.0,0.0,0.0,0.0
qwen3_14b,MUSE-News,none,system_exact,50,0.0,0.0,0.0,0.0,0.0,0.0,0.0,0.0,0.0,0.0
qwen3_14b,MUSE-News,none,system_token_f1,50,0.20813231702741233,0.13090426746350114,0.018512659041939838,0.09846650524616621,0.0952380952380952,0.3529411764705882,0.064516129032258,0.3529411764705882,0.17184750530521026,0.2444171287496144
qwen3_14b,MUSE-News,none,system_semantic,50,0.30539245456457137,0.12160127504855452,0.017197017237552684,0.2230580672621727,0.1961161345243454,0.4330126941204071,0.1622214168310165,0.4714045226573944,0.2716863007789681,0.33909860835017464
qwen3_14b,MUSE-News,none,system_positive,50,0.0,0.0,0.0,0.0,0.0,0.0,0.0,0.0,0.0,0.0
qwen3_14b,MUSE-News,none,target_content_precision,50,0.590010101010101,0.3724832469707274,0.05267708596227697,0.3333333333333333,0.3333333333333333,1.0,0.1111111111111111,1.0,0.48676301252403814,0.6932571894961639
qwen3_14b,MUSE-News,none,target_content_recall,50,1.0,0.0,0.0,1.0,1.0,1.0,1.0,1.0,1.0,1.0
qwen3_14b,MUSE-News,none,target_content_f1,50,0.6725714285714287,0.30481589657793173,0.043107477496742576,0.5,0.5,1.0,0.1999999999999999,1.0,0.5880807726778132,0.7570620844650442
qwen3_14b,MUSE-News,none,system_content_precision,50,0.590010101010101,0.3724832469707274,0.05267708596227697,0.3333333333333333,0.3333333333333333,1.0,0.1111111111111111,1.0,0.48676301252403814,0.6932571894961639
qwen3_14b,MUSE-News,none,system_content_recall,50,1.0,0.0,0.0,1.0,1.0,1.0,1.0,1.0,1.0,1.0
qwen3_14b,MUSE-News,none,system_content_f1,50,0.6725714285714287,0.30481589657793173,0.043107477496742576,0.5,0.5,1.0,0.1999999999999999,1.0,0.5880807726778132,0.7570620844650442
qwen3_14b,MUSE-News,none,target_positive_content,50,0.0,0.0,0.0,0.0,0.0,0.0,0.0,0.0,0.0,0.0
qwen3_14b,MUSE-News,none,system_positive_content,50,0.0,0.0,0.0,0.0,0.0,0.0,0.0,0.0,0.0,0.0
qwen3_14b,MUSE-News,target_context_memory,chain_length,50,4.0,0.0,0.0,4.0,4.0,4.0,4.0,4.0,4.0,4.0
qwen3_14b,MUSE-News,target_context_memory,target_agent_position,50,2.0,0.0,0.0,2.0,2.0,2.0,2.0,2.0,2.0,2.0
qwen3_14b,MUSE-News,target_context_memory,peer_evidence,50,1.0,0.0,0.0,1.0,1.0,1.0,1.0,1.0,1.0,1.0
qwen3_14b,MUSE-News,target_context_memory,target_exact,50,0.0,0.0,0.0,0.0,0.0,0.0,0.0,0.0,0.0,0.0
qwen3_14b,MUSE-News,target_context_memory,target_token_f1,50,0.1265693663187675,0.12062089538713958,0.017058370616207907,0.0952380952380952,0.066905615292712,0.10871518418688228,0.0,0.3529411764705882,0.093134959911,0.160003772726535
qwen3_14b,MUSE-News,target_context_memory,target_semantic,50,0.20458176881074905,0.14257100328702701,0.02016258464496527,0.1961161345243454,0.1622214168310165,0.2021221481263637,0.0,0.4330126941204071,0.16506310290661713,0.24410043471488097
qwen3_14b,MUSE-News,target_context_memory,target_positive,50,0.0,0.0,0.0,0.0,0.0,0.0,0.0,0.0,0.0,0.0
qwen3_14b,MUSE-News,target_context_memory,system_exact,50,0.0,0.0,0.0,0.0,0.0,0.0,0.0,0.0,0.0,0.0
qwen3_14b,MUSE-News,target_context_memory,system_token_f1,50,0.16609106914520502,0.1286619556598468,0.018195548265560114,0.0952380952380952,0.0952380952380952,0.3529411764705882,0.0,0.3529411764705882,0.1304277945447072,0.20175434374570284
qwen3_14b,MUSE-News,target_context_memory,system_semantic,50,0.26374620735645293,0.14164743061394616,0.02003197174495446,0.1961161345243454,0.1961161345243454,0.4330126941204071,0.0,0.4758309423923492,0.2244835427363422,0.3030088719765637
qwen3_14b,MUSE-News,target_context_memory,system_positive,50,0.0,0.0,0.0,0.0,0.0,0.0,0.0,0.0,0.0,0.0
qwen3_14b,MUSE-News,target_context_memory,target_content_precision,50,0.36584044077401073,0.3446914851860134,0.04874673731845849,0.3333333333333333,0.1111111111111111,0.3333333333333333,0.0,1.0,0.2702968356298321,0.4613840459181894
qwen3_14b,MUSE-News,target_context_memory,target_content_recall,50,0.8,0.4040610178208843,0.05714285714285715,1.0,1.0,1.0,0.0,1.0,0.6880000000000001,0.912
qwen3_14b,MUSE-News,target_context_memory,target_content_f1,50,0.45522368421052634,0.3338615498711292,0.04721515317826523,0.5,0.1999999999999999,0.5,0.0,1.0,0.3626819839811265,0.5477653844399262
qwen3_14b,MUSE-News,target_context_memory,system_content_precision,50,0.46564052287581686,0.3675021575638219,0.0519726535428131,0.3333333333333333,0.2,1.0,0.0,1.0,0.36377412193190317,0.5675069238197306
qwen3_14b,MUSE-News,target_context_memory,system_content_recall,50,0.9,0.30304576336566325,0.04285714285714286,1.0,1.0,1.0,0.0,1.0,0.8160000000000001,0.984
qwen3_14b,MUSE-News,target_context_memory,system_content_f1,50,0.556095238095238,0.3287457319954788,0.04649166727602768,0.5,0.3333333333333333,1.0,0.0,1.0,0.46497157023422375,0.6472189059562522
qwen3_14b,MUSE-News,target_context_memory,target_positive_content,50,0.0,0.0,0.0,0.0,0.0,0.0,0.0,0.0,0.0,0.0
qwen3_14b,MUSE-News,target_context_memory,system_positive_content,50,0.0,0.0,0.0,0.0,0.0,0.0,0.0,0.0,0.0,0.0
qwen3_14b,RWKU,full_inference,chain_length,750,4.0,0.0,0.0,4.0,4.0,4.0,4.0,4.0,4.0,4.0
qwen3_14b,RWKU,full_inference,target_agent_position,750,2.0,0.0,0.0,2.0,2.0,2.0,2.0,2.0,2.0,2.0
qwen3_14b,RWKU,full_inference,peer_evidence,750,1.0,0.0,0.0,1.0,1.0,1.0,1.0,1.0,1.0,1.0
qwen3_14b,RWKU,full_inference,target_exact,750,0.25466666666666665,0.43596442001947755,0.015919169807621644,0.0,0.0,1.0,0.0,1.0,0.22346509384372823,0.28586823948960505
qwen3_14b,RWKU,full_inference,target_token_f1,750,0.37736207029147956,0.3830498356123449,0.013987002374235133,0.1999999999999999,0.1052631578947368,1.0,0.0,1.0,0.3499475456379787,0.4047765949449804
qwen3_14b,RWKU,full_inference,target_semantic,750,0.4613828198214372,0.35263595204322973,0.012876444368092458,0.3474996536970138,0.2425356209278106,1.0,0.0,1.0,0.436144988859976,0.4866206507828984
qwen3_14b,RWKU,full_inference,target_positive,750,0.28,0.4492985186693861,0.016406062248591917,0.0,0.0,1.0,0.0,1.0,0.24784411799275988,0.3121558820072402
qwen3_14b,RWKU,full_inference,system_exact,750,0.17466666666666666,0.37993511262929325,0.013873268771688655,0.0,0.0,0.0,0.0,1.0,0.1474750598741569,0.20185827345917642
qwen3_14b,RWKU,full_inference,system_token_f1,750,0.34006558077650434,0.3262331735921758,0.011912351212195556,0.1999999999999999,0.125,0.4444444444444445,0.0,1.0,0.31671737240060105,0.36341378915240763
qwen3_14b,RWKU,full_inference,system_semantic,750,0.45372743183374403,0.2923076924186884,0.010673567791333164,0.3333333432674408,0.2581988871097564,0.5345224738121033,0.0,1.0,0.43280723896273104,0.474647624704757
qwen3_14b,RWKU,full_inference,system_positive,750,0.224,0.4172002813593912,0.015234000339869375,0.0,0.0,0.0,0.0,1.0,0.19414135933385604,0.253858640666144
qwen3_14b,RWKU,full_inference,target_content_precision,750,0.6050660850025408,0.44985656993945417,0.016426439399849297,1.0,0.0,1.0,0.0,1.0,0.5728702637788361,0.6372619062262455
qwen3_14b,RWKU,full_inference,target_content_recall,750,0.7413333333333333,0.4372411180145333,0.015965788227022555,1.0,0.0,1.0,0.0,1.0,0.710040388408369,0.7726262782582975
qwen3_14b,RWKU,full_inference,target_content_f1,750,0.6308097109185915,0.44175911424994,0.0161307621238796,1.0,0.0,1.0,0.0,1.0,0.5991934171557874,0.6624260046813956
qwen3_14b,RWKU,full_inference,system_content_precision,750,0.6746972531912364,0.4138910064583208,0.015113162705715912,1.0,0.25,1.0,0.0,1.0,0.6450754542880333,0.7043190520944396
qwen3_14b,RWKU,full_inference,system_content_recall,750,0.8476666666666667,0.3587703682371993,0.013100441576529934,1.0,1.0,1.0,0.0,1.0,0.821989801176668,0.8733435321566654
qwen3_14b,RWKU,full_inference,system_content_f1,750,0.7095159756076292,0.393731472071841,0.014377040590230842,1.0,0.4,1.0,0.0,1.0,0.6813369760507768,0.7376949751644817
qwen3_14b,RWKU,full_inference,target_positive_content,750,0.32,0.466787447018725,0.01704466761949355,0.0,0.0,1.0,0.0,1.0,0.28659245146579265,0.35340754853420736
qwen3_14b,RWKU,full_inference,system_positive_content,750,0.2853333333333333,0.45187440311493215,0.01650012024968207,0.0,0.0,1.0,0.0,1.0,0.2529930976439565,0.31767356902271016
qwen3_14b,RWKU,none,chain_length,750,4.0,0.0,0.0,4.0,4.0,4.0,4.0,4.0,4.0,4.0
qwen3_14b,RWKU,none,target_agent_position,750,2.0,0.0,0.0,2.0,2.0,2.0,2.0,2.0,2.0,2.0
qwen3_14b,RWKU,none,peer_evidence,750,1.0,0.0,0.0,1.0,1.0,1.0,1.0,1.0,1.0,1.0
qwen3_14b,RWKU,none,target_exact,750,0.26266666666666666,0.4403765027501522,0.016080276290099612,0.0,0.0,1.0,0.0,1.0,0.2311493251380714,0.2941840081952619
qwen3_14b,RWKU,none,target_token_f1,750,0.43406771408768746,0.3616827027612459,0.01320678499745136,0.2666666666666667,0.1428571428571428,1.0,0.0229885057471264,1.0,0.4081824154926828,0.4599530126826921
qwen3_14b,RWKU,none,target_semantic,750,0.5355273471573989,0.3084757072410969,0.011263940219887232,0.3922322690486908,0.2747334912419319,1.0,0.1178511306643486,1.0,0.51345002432642,0.5576046699883779
qwen3_14b,RWKU,none,target_positive,750,0.3546666666666667,0.4787314493774698,0.017480800920745516,0.0,0.0,1.0,0.0,1.0,0.32040429686200544,0.3889290364713279
qwen3_14b,RWKU,none,system_exact,750,0.19066666666666668,0.3930889391825967,0.014353578606405636,0.0,0.0,0.0,0.0,1.0,0.16253365259811164,0.2187996807352217
qwen3_14b,RWKU,none,system_token_f1,750,0.3724410016852852,0.3290355416019413,0.012014679223754186,0.1999999999999999,0.1263586956521739,0.4444444444444445,0.0229885057471264,1.0,0.348892230406727,0.3959897729638434
qwen3_14b,RWKU,none,system_semantic,750,0.48643038047353426,0.28285114283946,0.010328263423285872,0.3651483654975891,0.2721655368804931,0.6378696411848068,0.1178511306643486,1.0,0.4661869841638939,0.5066737767831746
qwen3_14b,RWKU,none,system_positive,750,0.264,0.4410934344223689,0.016106454933370477,0.0,0.0,1.0,0.0,1.0,0.23243134833059387,0.29556865166940616
qwen3_14b,RWKU,none,target_content_precision,750,0.7114537950517941,0.3807983877040111,0.013904791120472316,1.0,0.4,1.0,0.0,1.0,0.6842004044556683,0.7387071856479198
qwen3_14b,RWKU,none,target_content_recall,750,0.9,0.3002002002224818,0.010961761428628043,1.0,1.0,1.0,0.0,1.0,0.878514947599889,0.921485052400111
qwen3_14b,RWKU,none,target_content_f1,750,0.7543391317600568,0.3518074916896114,0.012846193273180762,1.0,0.5714285714285715,1.0,0.0,1.0,0.7291605929446225,0.7795176705754912
qwen3_14b,RWKU,none,system_content_precision,750,0.7187278900389326,0.3803080745679599,0.01388688741614856,1.0,0.4,1.0,0.0,1.0,0.6915095907032813,0.7459461893745838
qwen3_14b,RWKU,none,system_content_recall,750,0.8993333333333333,0.30053283048360435,0.010973907368449755,1.0,1.0,1.0,0.0,1.0,0.8778244748911718,0.9208421917754949
qwen3_14b,RWKU,none,system_content_f1,750,0.7596551406374694,0.35184145507331327,0.012847433440606276,1.0,0.5714285714285715,1.0,0.0,1.0,0.7344741710938811,0.7848361101810577
qwen3_14b,RWKU,none,target_positive_content,750,0.38666666666666666,0.4873111789562563,0.01779408834925189,0.0,0.0,1.0,0.0,1.0,0.35179025350213294,0.4215430798312004
qwen3_14b,RWKU,none,system_positive_content,750,0.316,0.4652231472842095,0.01698754746940732,0.0,0.0,1.0,0.0,1.0,0.2827044069599617,0.3492955930400383
qwen3_14b,RWKU,target_context_memory,chain_length,750,4.0,0.0,0.0,4.0,4.0,4.0,4.0,4.0,4.0,4.0
qwen3_14b,RWKU,target_context_memory,target_agent_position,750,2.0,0.0,0.0,2.0,2.0,2.0,2.0,2.0,2.0,2.0
qwen3_14b,RWKU,target_context_memory,peer_evidence,750,1.0,0.0,0.0,1.0,1.0,1.0,1.0,1.0,1.0,1.0
qwen3_14b,RWKU,target_context_memory,target_exact,750,0.25333333333333335,0.43521040852497256,0.015891637200677742,0.0,0.0,1.0,0.0,1.0,0.22218572442000498,0.2844809422466617
qwen3_14b,RWKU,target_context_memory,target_token_f1,750,0.39796990649724284,0.37780981425661325,0.013795663847678932,0.1999999999999999,0.1119047619047619,1.0,0.0,1.0,0.37093040535579214,0.42500940763869355
qwen3_14b,RWKU,target_context_memory,target_semantic,750,0.4929153058230877,0.3408922071352216,0.012447623435045628,0.3673795014619827,0.2581988871097564,1.0,0.0,1.0,0.46851796389039824,0.5173126477557771
qwen3_14b,RWKU,target_context_memory,target_positive,750,0.32266666666666666,0.46780838149604886,0.01708194687569122,0.0,0.0,1.0,0.0,1.0,0.28918605079031184,0.35614728254302147
qwen3_14b,RWKU,target_context_memory,system_exact,750,0.17733333333333334,0.3822054380627455,0.013956169335207288,0.0,0.0,0.0,0.0,1.0,0.14997924143632707,0.20468742523033961
qwen3_14b,RWKU,target_context_memory,system_token_f1,750,0.3501827798661575,0.32999287088953655,0.012049635946805935,0.1999999999999999,0.125,0.4444444444444445,0.0,1.0,0.32656549341041785,0.3738000663218971
qwen3_14b,RWKU,target_context_memory,system_semantic,750,0.46199438055356346,0.2940132605479418,0.010735846333850095,0.3651483654975891,0.2581988871097564,0.5773502588272095,0.0,1.0,0.4409521217392173,0.48303663936790964
qwen3_14b,RWKU,target_context_memory,system_positive,750,0.24266666666666667,0.42898126080095855,0.01566418088584611,0.0,0.0,0.0,0.0,1.0,0.2119648721304083,0.2733684612029251
qwen3_14b,RWKU,target_context_memory,target_content_precision,750,0.617837401146271,0.43861765866743546,0.01601605238481705,1.0,0.0769230769230769,1.0,0.0,1.0,0.5864459384720295,0.6492288638205124
qwen3_14b,RWKU,target_context_memory,target_content_recall,750,0.7913333333333333,0.4060106917286204,0.014825414296536103,1.0,1.0,1.0,0.0,1.0,0.7622755213121226,0.820391145354544
qwen3_14b,RWKU,target_context_memory,target_content_f1,750,0.6494567070850833,0.42537247410318213,0.01553240662720633,1.0,0.1428571428571428,1.0,0.0,1.0,0.6190131900957588,0.6799002240744078
qwen3_14b,RWKU,target_context_memory,system_content_precision,750,0.6729827032918165,0.4128490857406095,0.01507511714036775,1.0,0.25,1.0,0.0,1.0,0.6434354736966957,0.7025299328869373
qwen3_14b,RWKU,target_context_memory,system_content_recall,750,0.8476666666666667,0.3587703682371993,0.013100441576529934,1.0,1.0,1.0,0.0,1.0,0.821989801176668,0.8733435321566654
qwen3_14b,RWKU,target_context_memory,system_content_f1,750,0.7086946609177324,0.3928021972288255,0.01434310827065473,1.0,0.4,1.0,0.0,1.0,0.6805821687072491,0.7368071531282157
qwen3_14b,RWKU,target_context_memory,target_positive_content,750,0.364,0.48146971255952287,0.017580788154958605,0.0,0.0,1.0,0.0,1.0,0.32954165521628115,0.39845834478371883
qwen3_14b,RWKU,target_context_memory,system_positive_content,750,0.30133333333333334,0.45914337529177235,0.016765545585090923,0.0,0.0,1.0,0.0,1.0,0.2684728639865551,0.33419380268011156
qwen3_14b,TOFU,full_inference,chain_length,225,4.0,0.0,0.0,4.0,4.0,4.0,4.0,4.0,4.0,4.0
qwen3_14b,TOFU,full_inference,target_agent_position,225,2.0,0.0,0.0,2.0,2.0,2.0,2.0,2.0,2.0,2.0
qwen3_14b,TOFU,full_inference,peer_evidence,225,1.0,0.0,0.0,1.0,1.0,1.0,1.0,1.0,1.0,1.0
qwen3_14b,TOFU,full_inference,target_exact,225,0.06666666666666667,0.25,0.016666666666666666,0.0,0.0,0.0,0.0,1.0,0.034,0.09933333333333333
qwen3_14b,TOFU,full_inference,target_token_f1,225,0.57170426530636,0.23891967438937659,0.015927978292625107,0.5090909090909091,0.3368421052631579,0.7924528301886793,0.2105263157894736,1.0,0.5404854278528147,0.6029231027599052
qwen3_14b,TOFU,full_inference,target_semantic,225,0.6305861724747552,0.21849177750499285,0.014566118500332856,0.5581404566764832,0.4394802153110504,0.8207826614379883,0.2468853592872619,1.0,0.6020365802141029,0.6591357647354076
qwen3_14b,TOFU,full_inference,target_positive,225,0.5022222222222222,0.501109879279097,0.03340732528527313,1.0,0.0,1.0,0.0,1.0,0.4367438646630869,0.5677005797813576
qwen3_14b,TOFU,full_inference,system_exact,225,0.16444444444444445,0.3715048761670202,0.024766991744468014,0.0,0.0,0.0,0.0,1.0,0.11590114062528714,0.21298774826360176
qwen3_14b,TOFU,full_inference,system_token_f1,225,0.7501770042247264,0.21503297242220748,0.014335531494813833,0.782608695652174,0.6153846153846153,0.9444444444444444,0.2105263157894736,1.0,0.7220793624948914,0.7782746459545615
qwen3_14b,TOFU,full_inference,system_semantic,225,0.7938915133476258,0.1889911286226163,0.012599408574841087,0.8207826614379883,0.6978226900100708,0.9492889046669006,0.2468853592872619,1.0,0.7691966725409373,0.8185863541543142
qwen3_14b,TOFU,full_inference,system_positive,225,0.8355555555555556,0.37150487616702016,0.02476699174446801,1.0,1.0,1.0,0.0,1.0,0.7870122517363983,0.8840988593747129
qwen3_14b,TOFU,full_inference,target_content_precision,225,0.38254264568620644,0.3908370278519827,0.026055801856798847,0.2272727272727272,0.0,0.7777777777777778,0.0,1.0,0.3314732740468807,0.4336120173255322
qwen3_14b,TOFU,full_inference,target_content_recall,225,0.3499221386800334,0.3599460508400248,0.023996403389334987,0.4,0.0,0.5833333333333334,0.0,1.0,0.3028891880369368,0.39695508932313
qwen3_14b,TOFU,full_inference,target_content_f1,225,0.3560651066287721,0.363454012384606,0.024230267492307066,0.2857142857142857,0.0,0.6666666666666666,0.0,1.0,0.30857378234385024,0.403556430913694
qwen3_14b,TOFU,full_inference,system_content_precision,225,0.6512343662065013,0.3562492388737305,0.0237499492582487,0.7777777777777778,0.3666666666666666,1.0,0.0,1.0,0.6046844656603338,0.6977842667526688
qwen3_14b,TOFU,full_inference,system_content_recall,225,0.6464181565023671,0.3333235562527876,0.022221570416852507,0.6428571428571429,0.4285714285714285,0.9285714285714286,0.0,1.0,0.6028638784853362,0.689972434519398
qwen3_14b,TOFU,full_inference,system_content_f1,225,0.6329805891381813,0.33355170912788845,0.022236780608525897,0.6666666666666666,0.4799999999999999,0.9583333333333334,0.0,1.0,0.5893964991454705,0.6765646791308921
qwen3_14b,TOFU,full_inference,target_positive_content,225,0.4888888888888889,0.5009910812500193,0.03339940541666796,0.0,0.0,1.0,0.0,1.0,0.4234260542722197,0.5543517235055581
qwen3_14b,TOFU,full_inference,system_positive_content,225,0.8222222222222222,0.3831780223674067,0.02554520149116045,1.0,1.0,1.0,0.0,1.0,0.7721536272995477,0.8722908171448966
qwen3_14b,TOFU,none,chain_length,225,4.0,0.0,0.0,4.0,4.0,4.0,4.0,4.0,4.0,4.0
qwen3_14b,TOFU,none,target_agent_position,225,2.0,0.0,0.0,2.0,2.0,2.0,2.0,2.0,2.0,2.0
qwen3_14b,TOFU,none,peer_evidence,225,1.0,0.0,0.0,1.0,1.0,1.0,1.0,1.0,1.0,1.0
qwen3_14b,TOFU,none,target_exact,225,0.4311111111111111,0.49633577983982413,0.03308905198932161,0.0,0.0,1.0,0.0,1.0,0.36625656921204075,0.4959656530101815
qwen3_14b,TOFU,none,target_token_f1,225,0.8722836614205913,0.15984797041167356,0.010656531360778237,0.9444444444444444,0.7352941176470588,1.0,0.3846153846153846,1.0,0.851396859953466,0.8931704628877166
qwen3_14b,TOFU,none,target_semantic,225,0.9027934426731533,0.11741715207874147,0.007827810138582764,0.9492889046669006,0.8061496019363403,1.0,0.6195321083068848,1.0,0.8874509348015311,0.9181359505447755
qwen3_14b,TOFU,none,target_positive,225,0.9866666666666667,0.11495340671022203,0.007663560447348135,1.0,1.0,1.0,0.0,1.0,0.9716460881898643,1.001687245143469
qwen3_14b,TOFU,none,system_exact,225,0.39555555555555555,0.49005992506909823,0.032670661671273214,0.0,0.0,1.0,0.0,1.0,0.33152105867986004,0.45959005243125106
qwen3_14b,TOFU,none,system_token_f1,225,0.8694395060192207,0.1589034014085565,0.010593560093903767,0.9444444444444444,0.7352941176470588,1.0,0.3846153846153846,1.0,0.8486761282351694,0.8902028838032721
qwen3_14b,TOFU,none,system_semantic,225,0.9005326387617323,0.116353557861369,0.0077569038574246,0.9492889046669006,0.8061496019363403,1.0,0.6195321083068848,1.0,0.8853291072011801,0.9157361703222845
qwen3_14b,TOFU,none,system_positive,225,0.9866666666666667,0.11495340671022203,0.007663560447348135,1.0,1.0,1.0,0.0,1.0,0.9716460881898643,1.001687245143469
qwen3_14b,TOFU,none,target_content_precision,225,0.840171729109444,0.23436131911646155,0.015624087941097436,1.0,0.6923076923076923,1.0,0.1612903225806451,1.0,0.809548516744893,0.870794941473995
qwen3_14b,TOFU,none,target_content_recall,225,0.8412495683653579,0.19919160740561642,0.013279440493707762,0.9285714285714286,0.6428571428571429,1.0,0.3571428571428571,1.0,0.8152218649976907,0.8672772717330252
qwen3_14b,TOFU,none,target_content_f1,225,0.82981611348487,0.21724059405927165,0.014482706270618111,0.9583333333333334,0.6666666666666666,1.0,0.2325581395348837,1.0,0.8014300091944586,0.8582022177752815
qwen3_14b,TOFU,none,system_content_precision,225,0.8360235809612959,0.2336830925028924,0.01557887283352616,1.0,0.6923076923076923,1.0,0.1612903225806451,1.0,0.8054889902075847,0.8665581717150072
qwen3_14b,TOFU,none,system_content_recall,225,0.8373596212754107,0.1973192553467014,0.013154617023113426,0.9285714285714286,0.6428571428571429,1.0,0.3571428571428571,1.0,0.8115765719101085,0.863142670640713
qwen3_14b,TOFU,none,system_content_f1,225,0.825493081731625,0.21523233337022424,0.014348822224681616,0.9583333333333334,0.6666666666666666,1.0,0.2325581395348837,1.0,0.797369390171249,0.8536167732920009
qwen3_14b,TOFU,none,target_positive_content,225,0.9911111111111112,0.09407022031018289,0.006271348020678859,1.0,1.0,1.0,0.0,1.0,0.9788192689905806,1.0034029532316417
qwen3_14b,TOFU,none,system_positive_content,225,0.9911111111111112,0.09407022031018289,0.006271348020678859,1.0,1.0,1.0,0.0,1.0,0.9788192689905806,1.0034029532316417
qwen3_14b,TOFU,target_context_memory,chain_length,225,4.0,0.0,0.0,4.0,4.0,4.0,4.0,4.0,4.0,4.0
qwen3_14b,TOFU,target_context_memory,target_agent_position,225,2.0,0.0,0.0,2.0,2.0,2.0,2.0,2.0,2.0,2.0
qwen3_14b,TOFU,target_context_memory,peer_evidence,225,1.0,0.0,0.0,1.0,1.0,1.0,1.0,1.0,1.0,1.0
qwen3_14b,TOFU,target_context_memory,target_exact,225,0.09777777777777778,0.2976761849915292,0.01984507899943528,0.0,0.0,0.0,0.0,1.0,0.05888142293888463,0.13667413261667094
qwen3_14b,TOFU,target_context_memory,target_token_f1,225,0.6901198331500816,0.2235147870570973,0.014900985803806487,0.7234042553191489,0.5050505050505051,0.9019607843137256,0.2105263157894736,1.0,0.6609139009746209,0.7193257653255424
qwen3_14b,TOFU,target_context_memory,target_semantic,225,0.7449239904350705,0.20129209689621405,0.013419473126414271,0.8061496019363403,0.6414269804954529,0.9266647696495056,0.2468853592872619,1.0,0.7186218231072985,0.7712261577628425
qwen3_14b,TOFU,target_context_memory,target_positive,225,0.7511111111111111,0.4333333333333333,0.028888888888888888,1.0,1.0,1.0,0.0,1.0,0.6944888888888888,0.8077333333333333
qwen3_14b,TOFU,target_context_memory,system_exact,225,0.13777777777777778,0.3454350833737026,0.02302900555824684,0.0,0.0,0.0,0.0,1.0,0.09264092688361397,0.18291462867194158
qwen3_14b,TOFU,target_context_memory,system_token_f1,225,0.7548067438386589,0.2067763281140698,0.013785088540937986,0.782608695652174,0.6373626373626374,0.9444444444444444,0.2105263157894736,1.0,0.7277879702984205,0.7818255173788973
qwen3_14b,TOFU,target_context_memory,system_semantic,225,0.8046731514400906,0.1764103401612703,0.011760689344084687,0.8329018950462341,0.6978226900100708,0.9492889046669006,0.2468853592872619,1.0,0.7816222003256845,0.8277241025544966
qwen3_14b,TOFU,target_context_memory,system_positive,225,0.8666666666666667,0.34069257193462343,0.022712838128974896,1.0,1.0,1.0,0.0,1.0,0.8221495039338759,0.9111838293994575
qwen3_14b,TOFU,target_context_memory,target_content_precision,225,0.5812018851343181,0.37166111085675124,0.024777407390450083,0.6923076923076923,0.2272727272727272,0.8846153846153846,0.0,1.0,0.532638166649036,0.6297656036196003
qwen3_14b,TOFU,target_context_memory,target_content_recall,225,0.5765649477228424,0.3575510900799708,0.02383673933866472,0.6,0.4166666666666667,0.9285714285714286,0.0,1.0,0.5298449386190596,0.6232849568266252
qwen3_14b,TOFU,target_context_memory,target_content_f1,225,0.5633137875905665,0.3519309088919295,0.023462060592795302,0.6153846153846153,0.3157894736842105,0.896551724137931,0.0,1.0,0.5173281488286877,0.6092994263524453
qwen3_14b,TOFU,target_context_memory,system_content_precision,225,0.678470757819647,0.32699241333859236,0.021799494222572824,0.7777777777777778,0.4615384615384615,1.0,0.0,1.0,0.6357437491434044,0.7211977664958897
qwen3_14b,TOFU,target_context_memory,system_content_recall,225,0.6839223412065518,0.3065725850178546,0.020438172334523642,0.68,0.5714285714285714,0.9473684210526316,0.0,1.0,0.6438635234308855,0.7239811589822182
qwen3_14b,TOFU,target_context_memory,system_content_f1,225,0.664606337121714,0.3059992776180557,0.02039995184120371,0.6666666666666666,0.5217391304347826,0.923076923076923,0.0,1.0,0.6246224315129547,0.7045902427304733
qwen3_14b,TOFU,target_context_memory,target_positive_content,225,0.7511111111111111,0.4333333333333333,0.028888888888888888,1.0,1.0,1.0,0.0,1.0,0.6944888888888888,0.8077333333333333
qwen3_14b,TOFU,target_context_memory,system_positive_content,225,0.8666666666666667,0.34069257193462343,0.022712838128974896,1.0,1.0,1.0,0.0,1.0,0.8221495039338759,0.9111838293994575
qwen3_4b,MUSE-Books,communication,chain_length,50,4.0,0.0,0.0,4.0,4.0,4.0,4.0,4.0,4.0,4.0
qwen3_4b,MUSE-Books,communication,target_agent_position,50,2.0,0.0,0.0,2.0,2.0,2.0,2.0,2.0,2.0,2.0
qwen3_4b,MUSE-Books,communication,peer_evidence,50,1.0,0.0,0.0,1.0,1.0,1.0,1.0,1.0,1.0,1.0
qwen3_4b,MUSE-Books,communication,target_exact,50,0.06,0.23989793748209523,0.033926691677251195,0.0,0.0,0.0,0.0,1.0,-0.006496315687412338,0.12649631568741232
qwen3_4b,MUSE-Books,communication,target_token_f1,50,0.2515309989590648,0.22806599502130012,0.03225340232752374,0.2428571428571428,0.0833333333333333,0.3441558441558441,0.0,1.0,0.18831433039711826,0.3147476675210113
qwen3_4b,MUSE-Books,communication,target_semantic,50,0.45713350489735605,0.24481078856150854,0.03462147373989375,0.4531532824039459,0.3470110595226288,0.6396021246910095,0.0,1.0,0.3892754163671643,0.5249915934275478
qwen3_4b,MUSE-Books,communication,target_positive,50,0.06,0.23989793748209523,0.033926691677251195,0.0,0.0,0.0,0.0,1.0,-0.006496315687412338,0.12649631568741232
qwen3_4b,MUSE-Books,communication,system_exact,50,0.1,0.30304576336566325,0.04285714285714286,0.0,0.0,0.0,0.0,1.0,0.016,0.184
qwen3_4b,MUSE-Books,communication,system_token_f1,50,0.2664879485500351,0.2731204800746366,0.03862506870834017,0.1999999999999999,0.07743710691823895,0.2857142857142857,0.0,1.0,0.19078281388168838,0.3421930832183818
qwen3_4b,MUSE-Books,communication,system_semantic,50,0.474812224060297,0.2633357967738259,0.03724130552558697,0.45666229724884033,0.360154777765274,0.6344011873006821,0.0,1.0,0.40181926523014655,0.5478051828904474
qwen3_4b,MUSE-Books,communication,system_positive,50,0.1,0.30304576336566325,0.04285714285714286,0.0,0.0,0.0,0.0,1.0,0.016,0.184
qwen3_4b,MUSE-Books,communication,target_content_precision,50,0.6163182591028149,0.41430344141334097,0.058591354578459376,0.6666666666666666,0.10672514619883038,1.0,0.0,1.0,0.5014792041290346,0.7311573140765952
qwen3_4b,MUSE-Books,communication,target_content_recall,50,0.9,0.30304576336566325,0.04285714285714286,1.0,1.0,1.0,0.0,1.0,0.8160000000000001,0.984
qwen3_4b,MUSE-Books,communication,target_content_f1,50,0.6620867055140215,0.403936582593475,0.057125259344233216,0.8,0.19285714285714284,1.0,0.0,1.0,0.5501211971993244,0.7740522138287186
qwen3_4b,MUSE-Books,communication,system_content_precision,50,0.5804594812036277,0.41855409353398587,0.059192487566253976,0.6666666666666666,0.09449760765550237,1.0,0.0,1.0,0.46444220557376986,0.6964767568334854
qwen3_4b,MUSE-Books,communication,system_content_recall,50,0.9,0.30304576336566325,0.04285714285714286,1.0,1.0,1.0,0.0,1.0,0.8160000000000001,0.984
qwen3_4b,MUSE-Books,communication,system_content_f1,50,0.6293972558109645,0.40886008630824444,0.057821547917015347,0.8,0.17261904761904756,1.0,0.0,1.0,0.5160670218936144,0.7427274897283146
qwen3_4b,MUSE-Books,communication,target_positive_content,50,0.44,0.501426536422407,0.07091242083423346,0.0,0.0,1.0,0.0,1.0,0.3010116551649024,0.5789883448350976
qwen3_4b,MUSE-Books,communication,system_positive_content,50,0.4,0.49487165930539356,0.06998542122237653,0.0,0.0,1.0,0.0,1.0,0.26282857440414203,0.537171425595858
qwen3_4b,MUSE-Books,full_inference,chain_length,50,4.0,0.0,0.0,4.0,4.0,4.0,4.0,4.0,4.0,4.0
qwen3_4b,MUSE-Books,full_inference,target_agent_position,50,2.0,0.0,0.0,2.0,2.0,2.0,2.0,2.0,2.0,2.0
qwen3_4b,MUSE-Books,full_inference,peer_evidence,50,1.0,0.0,0.0,1.0,1.0,1.0,1.0,1.0,1.0,1.0
qwen3_4b,MUSE-Books,full_inference,target_exact,50,0.06,0.23989793748209523,0.033926691677251195,0.0,0.0,0.0,0.0,1.0,-0.006496315687412338,0.12649631568741232
qwen3_4b,MUSE-Books,full_inference,target_token_f1,50,0.18271140890191348,0.23162633755130896,0.03275691079678696,0.0952380952380952,0.056372549019607796,0.2857142857142857,0.0,1.0,0.11850786374021104,0.2469149540636159
qwen3_4b,MUSE-Books,full_inference,target_semantic,50,0.43558569997549057,0.17723950989421802,0.02506545186807635,0.4082483053207397,0.4082483053207397,0.4082483053207397,0.0,1.0,0.38645741431406094,0.4847139856369202
qwen3_4b,MUSE-Books,full_inference,target_positive,50,0.06,0.23989793748209523,0.033926691677251195,0.0,0.0,0.0,0.0,1.0,-0.006496315687412338,0.12649631568741232
qwen3_4b,MUSE-Books,full_inference,system_exact,50,0.2,0.4040610178208843,0.05714285714285715,0.0,0.0,0.0,0.0,1.0,0.08800000000000001,0.312
qwen3_4b,MUSE-Books,full_inference,system_token_f1,50,0.32657840861850396,0.3527270686954792,0.0498831404365253,0.1999999999999999,0.07676767676767672,0.2857142857142857,0.0,1.0,0.22880745336291436,0.42434936387409355
qwen3_4b,MUSE-Books,full_inference,system_semantic,50,0.5392482677102088,0.2717899740364933,0.038436906739944016,0.4082483053207397,0.4082483053207397,0.653125062584877,0.0,1.0,0.4639119304999186,0.6145846049204992
qwen3_4b,MUSE-Books,full_inference,system_positive,50,0.22,0.41845195759648035,0.05917804336345138,0.0,0.0,0.0,0.0,1.0,0.1040110350076353,0.3359889649923647
qwen3_4b,MUSE-Books,full_inference,target_content_precision,50,0.2573205155371937,0.3433846681235677,0.048561925477133366,0.0364583333333333,0.0,0.6666666666666666,0.0,1.0,0.16213914160201232,0.3525018894723751
qwen3_4b,MUSE-Books,full_inference,target_content_recall,50,0.54,0.5034574339058885,0.07119963311072636,1.0,0.0,1.0,0.0,1.0,0.4004487191029764,0.6795512808970237
qwen3_4b,MUSE-Books,full_inference,target_content_f1,50,0.30710036871259283,0.38465162998476465,0.05439795519133716,0.07030303030303026,0.0,0.8,0.0,1.0,0.200480376537572,0.41372036088761366
qwen3_4b,MUSE-Books,full_inference,system_content_precision,50,0.5035365025710467,0.41505875754419475,0.058698172410072635,0.6666666666666666,0.04724880382775115,1.0,0.0,1.0,0.3884880846473043,0.618584920494789
qwen3_4b,MUSE-Books,full_inference,system_content_recall,50,0.86,0.3505098327538656,0.0495695759225642,1.0,1.0,1.0,0.0,1.0,0.7628436311917741,0.9571563688082259
qwen3_4b,MUSE-Books,full_inference,system_content_f1,50,0.5584393441475248,0.415783753567036,0.05880070233088951,0.8,0.0902173913043478,1.0,0.0,1.0,0.4431899675789814,0.6736887207160682
qwen3_4b,MUSE-Books,full_inference,target_positive_content,50,0.06,0.23989793748209523,0.033926691677251195,0.0,0.0,0.0,0.0,1.0,-0.006496315687412338,0.12649631568741232
qwen3_4b,MUSE-Books,full_inference,system_positive_content,50,0.3,0.4629100498862757,0.06546536707079771,0.0,0.0,1.0,0.0,1.0,0.1716878805412365,0.42831211945876346
qwen3_4b,MUSE-Books,global_context,chain_length,50,4.0,0.0,0.0,4.0,4.0,4.0,4.0,4.0,4.0,4.0
qwen3_4b,MUSE-Books,global_context,target_agent_position,50,2.0,0.0,0.0,2.0,2.0,2.0,2.0,2.0,2.0,2.0
qwen3_4b,MUSE-Books,global_context,peer_evidence,50,1.0,0.0,0.0,1.0,1.0,1.0,1.0,1.0,1.0,1.0
qwen3_4b,MUSE-Books,global_context,target_exact,50,0.12,0.32826072265931594,0.04642307659791978,0.0,0.0,0.0,0.0,1.0,0.02901076986807724,0.21098923013192275
qwen3_4b,MUSE-Books,global_context,target_token_f1,50,0.24486869866550823,0.29746787721796364,0.04206831063319788,0.0952380952380952,0.0952380952380952,0.2857142857142857,0.0155038759689922,1.0,0.1624148098244404,0.32732258750657606
qwen3_4b,MUSE-Books,global_context,target_semantic,50,0.47802874147892,0.20606989391681782,0.02914268387739487,0.4082483053207397,0.4082483053207397,0.4169361591339111,0.2452557384967804,1.0,0.42090908107922603,0.5351484018786139
qwen3_4b,MUSE-Books,global_context,target_positive,50,0.12,0.32826072265931594,0.04642307659791978,0.0,0.0,0.0,0.0,1.0,0.02901076986807724,0.21098923013192275
qwen3_4b,MUSE-Books,global_context,system_exact,50,0.12,0.32826072265931594,0.04642307659791978,0.0,0.0,0.0,0.0,1.0,0.02901076986807724,0.21098923013192275
qwen3_4b,MUSE-Books,global_context,system_token_f1,50,0.24154240124044457,0.29952901563819095,0.042359799623979254,0.0952380952380952,0.07263157894736838,0.2857142857142857,0.0181818181818181,1.0,0.15851719397744524,0.3245676085034439
qwen3_4b,MUSE-Books,global_context,system_semantic,50,0.47325189352035524,0.209630821111424,0.029646275030718396,0.4082483053207397,0.4082483053207397,0.4169361591339111,0.2452557384967804,1.0,0.4151451944601472,0.5313585925805633
qwen3_4b,MUSE-Books,global_context,system_positive,50,0.12,0.32826072265931594,0.04642307659791978,0.0,0.0,0.0,0.0,1.0,0.02901076986807724,0.21098923013192275
qwen3_4b,MUSE-Books,global_context,target_content_precision,50,0.3219549783549783,0.37995492024928107,0.0537337401306921,0.02857142857142855,0.0,0.6666666666666666,0.0,1.0,0.2166368476988218,0.42727310901113486
qwen3_4b,MUSE-Books,global_context,target_content_recall,50,0.5,0.5050762722761054,0.07142857142857142,0.5,0.0,1.0,0.0,1.0,0.36,0.64
qwen3_4b,MUSE-Books,global_context,target_content_f1,50,0.37083941083941085,0.4167529238005832,0.05893776369974258,0.05405405405405405,0.0,0.8,0.0,1.0,0.2553213939879154,0.4863574276909063
qwen3_4b,MUSE-Books,global_context,system_content_precision,50,0.29440675246792186,0.3759704105122029,0.05317024535973374,0.02857142857142855,0.0,0.6666666666666666,0.0,1.0,0.19019307156284374,0.398620433373
qwen3_4b,MUSE-Books,global_context,system_content_recall,50,0.5,0.5050762722761054,0.07142857142857142,0.5,0.0,1.0,0.0,1.0,0.36,0.64
qwen3_4b,MUSE-Books,global_context,system_content_f1,50,0.33985815123879637,0.4080369151272427,0.057705133932182615,0.05405405405405405,0.0,0.8,0.0,1.0,0.22675608873171843,0.4529602137458743
qwen3_4b,MUSE-Books,global_context,target_positive_content,50,0.12,0.32826072265931594,0.04642307659791978,0.0,0.0,0.0,0.0,1.0,0.02901076986807724,0.21098923013192275
qwen3_4b,MUSE-Books,global_context,system_positive_content,50,0.12,0.32826072265931594,0.04642307659791978,0.0,0.0,0.0,0.0,1.0,0.02901076986807724,0.21098923013192275
qwen3_4b,MUSE-Books,none,chain_length,50,4.0,0.0,0.0,4.0,4.0,4.0,4.0,4.0,4.0,4.0
qwen3_4b,MUSE-Books,none,target_agent_position,50,2.0,0.0,0.0,2.0,2.0,2.0,2.0,2.0,2.0,2.0
qwen3_4b,MUSE-Books,none,peer_evidence,50,1.0,0.0,0.0,1.0,1.0,1.0,1.0,1.0,1.0,1.0
qwen3_4b,MUSE-Books,none,target_exact,50,0.04,0.19794866372215741,0.027994168488950606,0.0,0.0,0.0,0.0,1.0,-0.014868570238343183,0.09486857023834319
qwen3_4b,MUSE-Books,none,target_token_f1,50,0.24859355756002655,0.20357935738249858,0.028790468822952876,0.2857142857142857,0.0833333333333333,0.3636363636363636,0.0,1.0,0.1921642386670389,0.3050228764530142
qwen3_4b,MUSE-Books,none,target_semantic,50,0.4586911053955555,0.2386794565307479,0.033754372448562324,0.48147425055503845,0.3470110595226288,0.6396021246910095,0.0,1.0,0.39253253539637334,0.5248496753947377
qwen3_4b,MUSE-Books,none,target_positive,50,0.04,0.19794866372215741,0.027994168488950606,0.0,0.0,0.0,0.0,1.0,-0.014868570238343183,0.09486857023834319
qwen3_4b,MUSE-Books,none,system_exact,50,0.1,0.30304576336566325,0.04285714285714286,0.0,0.0,0.0,0.0,1.0,0.016,0.184
qwen3_4b,MUSE-Books,none,system_token_f1,50,0.2736093310074185,0.2729607251316828,0.03860247594764203,0.2428571428571428,0.07743710691823895,0.3441558441558441,0.0,1.0,0.19794847815004013,0.3492701838647969
qwen3_4b,MUSE-Books,none,system_semantic,50,0.47909212961792946,0.26563046773124643,0.03756582100450375,0.45666229724884033,0.360154777765274,0.6396021246910095,0.0,1.0,0.4054631204491021,0.5527211387867568
qwen3_4b,MUSE-Books,none,system_positive,50,0.1,0.30304576336566325,0.04285714285714286,0.0,0.0,0.0,0.0,1.0,0.016,0.184
qwen3_4b,MUSE-Books,none,target_content_precision,50,0.616200773359471,0.41446154452347195,0.058613713734719436,0.6666666666666666,0.10672514619883038,1.0,0.0,1.0,0.5013178944394209,0.7310836522795211
qwen3_4b,MUSE-Books,none,target_content_recall,50,0.9,0.30304576336566325,0.04285714285714286,1.0,1.0,1.0,0.0,1.0,0.8160000000000001,0.984
qwen3_4b,MUSE-Books,none,target_content_f1,50,0.6618814423561267,0.4042118257444989,0.057164184603946046,0.8,0.19285714285714284,1.0,0.0,1.0,0.5498396405323924,0.7739232441798609
qwen3_4b,MUSE-Books,none,system_content_precision,50,0.5809978000043238,0.41785653611543355,0.05909383805006891,0.6666666666666666,0.09449760765550237,1.0,0.0,1.0,0.4651738774261887,0.6968217225824589
qwen3_4b,MUSE-Books,none,system_content_recall,50,0.9,0.30304576336566325,0.04285714285714286,1.0,1.0,1.0,0.0,1.0,0.8160000000000001,0.984
qwen3_4b,MUSE-Books,none,system_content_f1,50,0.6303746672883759,0.4075511918927743,0.05763644229360811,0.8,0.17261904761904756,1.0,0.0,1.0,0.517407240392904,0.7433420941838478
qwen3_4b,MUSE-Books,none,target_positive_content,50,0.44,0.501426536422407,0.07091242083423346,0.0,0.0,1.0,0.0,1.0,0.3010116551649024,0.5789883448350976
qwen3_4b,MUSE-Books,none,system_positive_content,50,0.4,0.49487165930539356,0.06998542122237653,0.0,0.0,1.0,0.0,1.0,0.26282857440414203,0.537171425595858
qwen3_4b,MUSE-Books,target_context,chain_length,50,4.0,0.0,0.0,4.0,4.0,4.0,4.0,4.0,4.0,4.0
qwen3_4b,MUSE-Books,target_context,target_agent_position,50,2.0,0.0,0.0,2.0,2.0,2.0,2.0,2.0,2.0,2.0
qwen3_4b,MUSE-Books,target_context,peer_evidence,50,1.0,0.0,0.0,1.0,1.0,1.0,1.0,1.0,1.0,1.0
qwen3_4b,MUSE-Books,target_context,target_exact,50,0.08,0.27404751561786966,0.03875617133214439,0.0,0.0,0.0,0.0,1.0,0.004037904188997007,0.155962095811003
qwen3_4b,MUSE-Books,target_context,target_token_f1,50,0.23198172614036586,0.25340511682281724,0.035836895298556666,0.1952380952380952,0.07727272727272724,0.2857142857142857,0.0,1.0,0.1617414113551948,0.30222204092553695
qwen3_4b,MUSE-Books,target_context,target_semantic,50,0.4978660351037979,0.21113071653177595,0.029858392275278697,0.4082483053207397,0.4082483053207397,0.6125899255275726,0.0,1.0,0.4393435862442516,0.5563884839633442
qwen3_4b,MUSE-Books,target_context,target_positive,50,0.12,0.32826072265931594,0.04642307659791978,0.0,0.0,0.0,0.0,1.0,0.02901076986807724,0.21098923013192275
qwen3_4b,MUSE-Books,target_context,system_exact,50,0.16,0.3703280399090206,0.05237229365663817,0.0,0.0,0.0,0.0,1.0,0.05735030443298919,0.2626496955670108
qwen3_4b,MUSE-Books,target_context,system_token_f1,50,0.28568575164713556,0.32808881408534796,0.0463987650542404,0.1999999999999999,0.06505681818181817,0.2857142857142857,0.0,1.0,0.19474417214082437,0.3766273311534467
qwen3_4b,MUSE-Books,target_context,system_semantic,50,0.5235991168022156,0.25820829689237673,0.03651616753824578,0.4082483053207397,0.4082483053207397,0.637887567281723,0.0,1.0,0.45202742842725385,0.5951708051771774
qwen3_4b,MUSE-Books,target_context,system_positive,50,0.18,0.3880879344916036,0.054883922035138706,0.0,0.0,0.0,0.0,1.0,0.07242751281112814,0.28757248718887185
qwen3_4b,MUSE-Books,target_context,target_content_precision,50,0.45696458576383336,0.4221477526300147,0.05970070770946891,0.5,0.02438630490956065,1.0,0.0,1.0,0.3399511986532743,0.5739779728743925
qwen3_4b,MUSE-Books,target_context,target_content_recall,50,0.76,0.4314191105869,0.061011875725893214,1.0,1.0,1.0,0.0,1.0,0.6404167235772493,0.8795832764227507
qwen3_4b,MUSE-Books,target_context,target_content_f1,50,0.5068630644915474,0.4284963022242307,0.060598528203222764,0.6666666666666666,0.04760442260442255,1.0,0.0,1.0,0.38808994921323076,0.625636179769864
qwen3_4b,MUSE-Books,target_context,system_content_precision,50,0.48670008681997173,0.4197163260027314,0.059356852058247006,0.6666666666666666,0.0476190476190476,1.0,0.0,1.0,0.3703606567858076,0.6030395168541358
qwen3_4b,MUSE-Books,target_context,system_content_recall,50,0.86,0.3505098327538656,0.0495695759225642,1.0,1.0,1.0,0.0,1.0,0.7628436311917741,0.9571563688082259
qwen3_4b,MUSE-Books,target_context,system_content_f1,50,0.539576559197803,0.4203675751048307,0.059448952589514215,0.8,0.0909090909090909,1.0,0.0,1.0,0.4230566121223551,0.6560965062732509
qwen3_4b,MUSE-Books,target_context,target_positive_content,50,0.28,0.4535573676110727,0.06414269805898185,0.0,0.0,1.0,0.0,1.0,0.1542803118043956,0.40571968819560444
qwen3_4b,MUSE-Books,target_context,system_positive_content,50,0.3,0.4629100498862757,0.06546536707079771,0.0,0.0,1.0,0.0,1.0,0.1716878805412365,0.42831211945876346
qwen3_4b,MUSE-Books,target_context_comm,chain_length,50,4.0,0.0,0.0,4.0,4.0,4.0,4.0,4.0,4.0,4.0
qwen3_4b,MUSE-Books,target_context_comm,target_agent_position,50,2.0,0.0,0.0,2.0,2.0,2.0,2.0,2.0,2.0,2.0
qwen3_4b,MUSE-Books,target_context_comm,peer_evidence,50,1.0,0.0,0.0,1.0,1.0,1.0,1.0,1.0,1.0,1.0
qwen3_4b,MUSE-Books,target_context_comm,target_exact,50,0.08,0.27404751561786966,0.03875617133214439,0.0,0.0,0.0,0.0,1.0,0.004037904188997007,0.155962095811003
qwen3_4b,MUSE-Books,target_context_comm,target_token_f1,50,0.19176163690007086,0.25902311362256497,0.03663140002531386,0.0952380952380952,0.054084507042253475,0.2857142857142857,0.0,1.0,0.1199640928504557,0.263559180949686
qwen3_4b,MUSE-Books,target_context_comm,target_semantic,50,0.4516740769147873,0.19789807924380723,0.027987014763417768,0.4082483053207397,0.4082483053207397,0.46446879208087916,0.0,1.0,0.39681952797848846,0.5065286258510862
qwen3_4b,MUSE-Books,target_context_comm,target_positive,50,0.08,0.27404751561786966,0.03875617133214439,0.0,0.0,0.0,0.0,1.0,0.004037904188997007,0.155962095811003
qwen3_4b,MUSE-Books,target_context_comm,system_exact,50,0.2,0.4040610178208843,0.05714285714285715,0.0,0.0,0.0,0.0,1.0,0.08800000000000001,0.312
qwen3_4b,MUSE-Books,target_context_comm,system_token_f1,50,0.31370612840733114,0.35837619576412005,0.05068204764812939,0.1904761904761905,0.06505681818181817,0.2857142857142857,0.0,1.0,0.21436931501699752,0.41304294179766476
qwen3_4b,MUSE-Books,target_context_comm,system_semantic,50,0.5423964416980743,0.2747970009101285,0.03886216455865554,0.4082483053207397,0.4082483053207397,0.6611032485961914,0.0,1.0,0.4662265991631095,0.6185662842330392
qwen3_4b,MUSE-Books,target_context_comm,system_positive,50,0.22,0.41845195759648035,0.05917804336345138,0.0,0.0,0.0,0.0,1.0,0.1040110350076353,0.3359889649923647
qwen3_4b,MUSE-Books,target_context_comm,target_content_precision,50,0.25507200873302105,0.34743964493817997,0.049135385797766676,0.03162790697674415,0.0,0.6666666666666666,0.0,1.0,0.15876665256939837,0.35137736489664373
qwen3_4b,MUSE-Books,target_context_comm,target_content_recall,50,0.52,0.5046720495044483,0.07137140569598169,1.0,0.0,1.0,0.0,1.0,0.3801120448358759,0.6598879551641241
qwen3_4b,MUSE-Books,target_context_comm,target_content_f1,50,0.30326628101860303,0.38401708054762684,0.05430821634933751,0.06118881118881115,0.0,0.8,0.0,1.0,0.19682217697390153,0.40971038506330454
qwen3_4b,MUSE-Books,target_context_comm,system_content_precision,50,0.4509365947564797,0.4122897914015493,0.05830658146280453,0.5,0.0445134575569358,0.9166666666666666,0.0,1.0,0.3366556950893828,0.5652174944235766
qwen3_4b,MUSE-Books,target_context_comm,system_content_recall,50,0.86,0.3505098327538656,0.0495695759225642,1.0,1.0,1.0,0.0,1.0,0.7628436311917741,0.9571563688082259
qwen3_4b,MUSE-Books,target_context_comm,system_content_f1,50,0.5073000009734188,0.4144456012762954,0.0586114590190809,0.6666666666666666,0.08522727272727271,0.95,0.0,1.0,0.3924215412960202,0.6221784606508174
qwen3_4b,MUSE-Books,target_context_comm,target_positive_content,50,0.08,0.27404751561786966,0.03875617133214439,0.0,0.0,0.0,0.0,1.0,0.004037904188997007,0.155962095811003
qwen3_4b,MUSE-Books,target_context_comm,system_positive_content,50,0.26,0.4430874976934521,0.06266203485560375,0.0,0.0,0.75,0.0,1.0,0.13718241168301668,0.3828175883169833
qwen3_4b,MUSE-Books,target_context_memory,chain_length,50,4.0,0.0,0.0,4.0,4.0,4.0,4.0,4.0,4.0,4.0
qwen3_4b,MUSE-Books,target_context_memory,target_agent_position,50,2.0,0.0,0.0,2.0,2.0,2.0,2.0,2.0,2.0,2.0
qwen3_4b,MUSE-Books,target_context_memory,peer_evidence,50,1.0,0.0,0.0,1.0,1.0,1.0,1.0,1.0,1.0,1.0
qwen3_4b,MUSE-Books,target_context_memory,target_exact,50,0.06,0.23989793748209523,0.033926691677251195,0.0,0.0,0.0,0.0,1.0,-0.006496315687412338,0.12649631568741232
qwen3_4b,MUSE-Books,target_context_memory,target_token_f1,50,0.21598203676486455,0.2255442326521861,0.031896771273175424,0.1999999999999999,0.0888888888888888,0.2857142857142857,0.0,1.0,0.15346436506944072,0.2784997084602884
qwen3_4b,MUSE-Books,target_context_memory,target_semantic,50,0.47934983044862745,0.1931557552938846,0.027316348878703035,0.4082483053207397,0.4082483053207397,0.5547001957893372,0.0,1.0,0.4258097866463695,0.5328898742508854
qwen3_4b,MUSE-Books,target_context_memory,target_positive,50,0.1,0.30304576336566325,0.04285714285714286,0.0,0.0,0.0,0.0,1.0,0.016,0.184
qwen3_4b,MUSE-Books,target_context_memory,system_exact,50,0.14,0.3505098327538656,0.0495695759225642,0.0,0.0,0.0,0.0,1.0,0.04284363119177417,0.23715636880822585
qwen3_4b,MUSE-Books,target_context_memory,system_token_f1,50,0.27834489387876915,0.3088471490473875,0.043677582688308014,0.1999999999999999,0.07676767676767672,0.2857142857142857,0.0,1.0,0.19273683180968543,0.3639529559478529
qwen3_4b,MUSE-Books,target_context_memory,system_semantic,50,0.5152993384003639,0.24712762742777086,0.03494912423454388,0.4082483053207397,0.4082483053207397,0.5932711213827133,0.0,1.0,0.4467990549006579,0.58379962190007
qwen3_4b,MUSE-Books,target_context_memory,system_positive,50,0.18,0.3880879344916036,0.054883922035138706,0.0,0.0,0.0,0.0,1.0,0.07242751281112814,0.28757248718887185
qwen3_4b,MUSE-Books,target_context_memory,target_content_precision,50,0.4581515243410287,0.4188190680360201,0.05922996061969996,0.6666666666666666,0.0279761904761904,0.9166666666666666,0.0,1.0,0.34206080152641677,0.5742422471556407
qwen3_4b,MUSE-Books,target_context_memory,target_content_recall,50,0.76,0.4314191105869,0.061011875725893214,1.0,1.0,1.0,0.0,1.0,0.6404167235772493,0.8795832764227507
qwen3_4b,MUSE-Books,target_context_memory,target_content_f1,50,0.5086944747803831,0.42936652110596807,0.060721595737701375,0.8,0.054429429429429375,0.95,0.0,1.0,0.3896801471344884,0.6277088024262778
qwen3_4b,MUSE-Books,target_context_memory,system_content_precision,50,0.503751747418032,0.41481958763252036,0.05866434867679249,0.6666666666666666,0.04960317460317458,1.0,0.0,1.0,0.3887696240115187,0.6187338708245452
qwen3_4b,MUSE-Books,target_context_memory,system_content_recall,50,0.86,0.3505098327538656,0.0495695759225642,1.0,1.0,1.0,0.0,1.0,0.7628436311917741,0.9571563688082259
qwen3_4b,MUSE-Books,target_context_memory,system_content_f1,50,0.5588283772988669,0.4153446632861806,0.05873860558786031,0.8,0.09449760765550237,1.0,0.0,1.0,0.4437007103466607,0.6739560442510731
qwen3_4b,MUSE-Books,target_context_memory,target_positive_content,50,0.26,0.4430874976934521,0.06266203485560375,0.0,0.0,0.75,0.0,1.0,0.13718241168301668,0.3828175883169833
qwen3_4b,MUSE-Books,target_context_memory,system_positive_content,50,0.3,0.4629100498862757,0.06546536707079771,0.0,0.0,1.0,0.0,1.0,0.1716878805412365,0.42831211945876346
qwen3_4b,MUSE-Books,target_memory,chain_length,50,4.0,0.0,0.0,4.0,4.0,4.0,4.0,4.0,4.0,4.0
qwen3_4b,MUSE-Books,target_memory,target_agent_position,50,2.0,0.0,0.0,2.0,2.0,2.0,2.0,2.0,2.0,2.0
qwen3_4b,MUSE-Books,target_memory,peer_evidence,50,1.0,0.0,0.0,1.0,1.0,1.0,1.0,1.0,1.0,1.0
qwen3_4b,MUSE-Books,target_memory,target_exact,50,0.02,0.14142135623730948,0.019999999999999993,0.0,0.0,0.0,0.0,1.0,-0.019199999999999984,0.05919999999999999
qwen3_4b,MUSE-Books,target_memory,target_token_f1,50,0.19568064312002492,0.16756286125806855,0.02369696709412018,0.1999999999999999,0.0588235294117647,0.2857142857142857,0.0,1.0,0.14923458761554936,0.24212669862450048
qwen3_4b,MUSE-Books,target_memory,target_semantic,50,0.4380602790415287,0.2086382519223301,0.02950590454983737,0.48147425055503845,0.2620200365781784,0.5547001957893372,0.0,1.0,0.38022870612384746,0.49589185195921
qwen3_4b,MUSE-Books,target_memory,target_positive,50,0.02,0.14142135623730948,0.019999999999999993,0.0,0.0,0.0,0.0,1.0,-0.019199999999999984,0.05919999999999999
qwen3_4b,MUSE-Books,target_memory,system_exact,50,0.08,0.27404751561786966,0.03875617133214439,0.0,0.0,0.0,0.0,1.0,0.004037904188997007,0.155962095811003
qwen3_4b,MUSE-Books,target_memory,system_token_f1,50,0.2361677839067947,0.25155974219853594,0.03557591991642489,0.1999999999999999,0.06456820016142042,0.2857142857142857,0.0,1.0,0.16643898087060188,0.3058965869429875
qwen3_4b,MUSE-Books,target_memory,system_semantic,50,0.4635063959658146,0.2436404804871973,0.034455967184809186,0.48147425055503845,0.32184188067913055,0.5547001957893372,0.0,1.0,0.3959727002835886,0.5310400916480407
qwen3_4b,MUSE-Books,target_memory,system_positive,50,0.08,0.27404751561786966,0.03875617133214439,0.0,0.0,0.0,0.0,1.0,0.004037904188997007,0.155962095811003
qwen3_4b,MUSE-Books,target_memory,target_content_precision,50,0.5697149759226591,0.4382954654919808,0.06198433916253881,0.6666666666666666,0.05779569892473112,1.0,0.0,1.0,0.448225671164083,0.6912042806812351
qwen3_4b,MUSE-Books,target_memory,target_content_recall,50,0.96,0.19794866372215741,0.027994168488950606,1.0,1.0,1.0,0.0,1.0,0.9051314297616568,1.014868570238343
qwen3_4b,MUSE-Books,target_memory,target_content_f1,50,0.6109260045830043,0.42258207397011094,0.05976213002242813,0.8,0.1092503987240829,1.0,0.0,1.0,0.49379222973904513,0.7280597794269634
qwen3_4b,MUSE-Books,target_memory,system_content_precision,50,0.5828162263418046,0.43120607691690366,0.060981748215358116,0.6666666666666666,0.07280219780219777,1.0,0.0,1.0,0.4632919998397027,0.7023404528439066
qwen3_4b,MUSE-Books,target_memory,system_content_recall,50,0.94,0.23989793748209526,0.033926691677251195,1.0,1.0,1.0,0.0,1.0,0.8735036843125876,1.0064963156874123
qwen3_4b,MUSE-Books,target_memory,system_content_f1,50,0.626170469129395,0.41581254184229155,0.058804773607819875,0.8,0.13571428571428568,1.0,0.0,1.0,0.5109131128580681,0.7414278254007219
qwen3_4b,MUSE-Books,target_memory,target_positive_content,50,0.44,0.501426536422407,0.07091242083423346,0.0,0.0,1.0,0.0,1.0,0.3010116551649024,0.5789883448350976
qwen3_4b,MUSE-Books,target_memory,system_positive_content,50,0.44,0.501426536422407,0.07091242083423346,0.0,0.0,1.0,0.0,1.0,0.3010116551649024,0.5789883448350976
qwen3_4b,MUSE-Books,target_memory_comm,chain_length,50,4.0,0.0,0.0,4.0,4.0,4.0,4.0,4.0,4.0,4.0
qwen3_4b,MUSE-Books,target_memory_comm,target_agent_position,50,2.0,0.0,0.0,2.0,2.0,2.0,2.0,2.0,2.0,2.0
qwen3_4b,MUSE-Books,target_memory_comm,peer_evidence,50,1.0,0.0,0.0,1.0,1.0,1.0,1.0,1.0,1.0,1.0
qwen3_4b,MUSE-Books,target_memory_comm,target_exact,50,0.0,0.0,0.0,0.0,0.0,0.0,0.0,0.0,0.0,0.0
qwen3_4b,MUSE-Books,target_memory_comm,target_token_f1,50,0.16067142245578725,0.10010648640108454,0.014157195074993155,0.1999999999999999,0.0588235294117647,0.1999999999999999,0.0,0.3636363636363636,0.13292332010880067,0.18841952480277382
qwen3_4b,MUSE-Books,target_memory_comm,target_semantic,50,0.41801146283745766,0.18201970856061067,0.025741474046561377,0.48147425055503845,0.2620200365781784,0.5547001957893372,0.0,0.650791347026825,0.36755817370619737,0.46846475196871795
qwen3_4b,MUSE-Books,target_memory_comm,target_positive,50,0.0,0.0,0.0,0.0,0.0,0.0,0.0,0.0,0.0,0.0
qwen3_4b,MUSE-Books,target_memory_comm,system_exact,50,0.06,0.23989793748209523,0.033926691677251195,0.0,0.0,0.0,0.0,1.0,-0.006496315687412338,0.12649631568741232
qwen3_4b,MUSE-Books,target_memory_comm,system_token_f1,50,0.2169743446250963,0.2251540978625222,0.0318415978821058,0.1999999999999999,0.06694915254237283,0.2857142857142857,0.0,1.0,0.15456481277616893,0.27938387647402363
qwen3_4b,MUSE-Books,target_memory_comm,system_semantic,50,0.4523432423174381,0.2298948198644359,0.032512037217160485,0.48147425055503845,0.32184188067913055,0.5547001957893372,0.0,1.0,0.38861964937180354,0.5160668352630726
qwen3_4b,MUSE-Books,target_memory_comm,system_positive,50,0.06,0.23989793748209523,0.033926691677251195,0.0,0.0,0.0,0.0,1.0,-0.006496315687412338,0.12649631568741232
qwen3_4b,MUSE-Books,target_memory_comm,target_content_precision,50,0.5710312152388983,0.4367718409055951,0.06176886610713564,0.6666666666666666,0.06958128078817732,1.0,0.0,1.0,0.44996423766891247,0.6920981928088842
qwen3_4b,MUSE-Books,target_memory_comm,target_content_recall,50,0.96,0.19794866372215741,0.027994168488950606,1.0,1.0,1.0,0.0,1.0,0.9051314297616568,1.014868570238343
qwen3_4b,MUSE-Books,target_memory_comm,target_content_f1,50,0.6132089847607214,0.41995569267537114,0.05939070361772973,0.8,0.1301075268817204,1.0,0.0,1.0,0.4968032056699711,0.7296147638514716
qwen3_4b,MUSE-Books,target_memory_comm,system_content_precision,50,0.5831165359393278,0.4308306796042964,0.06092865901828135,0.6666666666666666,0.07280219780219777,1.0,0.0,1.0,0.4636963642634963,0.7025367076151592
qwen3_4b,MUSE-Books,target_memory_comm,system_content_recall,50,0.94,0.23989793748209526,0.033926691677251195,1.0,1.0,1.0,0.0,1.0,0.8735036843125876,1.0064963156874123
qwen3_4b,MUSE-Books,target_memory_comm,system_content_f1,50,0.6267101516690776,0.41512025799236063,0.05870686988686146,0.8,0.13571428571428568,1.0,0.0,1.0,0.5116446866908292,0.741775616647326
qwen3_4b,MUSE-Books,target_memory_comm,target_positive_content,50,0.44,0.501426536422407,0.07091242083423346,0.0,0.0,1.0,0.0,1.0,0.3010116551649024,0.5789883448350976
qwen3_4b,MUSE-Books,target_memory_comm,system_positive_content,50,0.44,0.501426536422407,0.07091242083423346,0.0,0.0,1.0,0.0,1.0,0.3010116551649024,0.5789883448350976
qwen3_4b,MUSE-News,communication,chain_length,50,4.0,0.0,0.0,4.0,4.0,4.0,4.0,4.0,4.0,4.0
qwen3_4b,MUSE-News,communication,target_agent_position,50,2.0,0.0,0.0,2.0,2.0,2.0,2.0,2.0,2.0,2.0
qwen3_4b,MUSE-News,communication,peer_evidence,50,1.0,0.0,0.0,1.0,1.0,1.0,1.0,1.0,1.0,1.0
qwen3_4b,MUSE-News,communication,target_exact,50,0.06,0.2398979374820952,0.03392669167725119,0.0,0.0,0.0,0.0,1.0,-0.006496315687412324,0.12649631568741232
qwen3_4b,MUSE-News,communication,target_token_f1,50,0.2598560587421814,0.22926762520110386,0.03242333849724727,0.23307436182019975,0.0952380952380952,0.3529411764705882,0.0249999999999999,1.0,0.19630631528757675,0.323405802196786
qwen3_4b,MUSE-News,communication,target_semantic,50,0.3646641293168068,0.19580183280883354,0.02769056074957616,0.41262248158454895,0.1961161345243454,0.4330126941204071,0.1961161345243454,1.0,0.3103906302476375,0.4189376283859761
qwen3_4b,MUSE-News,communication,target_positive,50,0.06,0.2398979374820952,0.03392669167725119,0.0,0.0,0.0,0.0,1.0,-0.006496315687412324,0.12649631568741232
qwen3_4b,MUSE-News,communication,system_exact,50,0.16,0.3703280399090206,0.05237229365663817,0.0,0.0,0.0,0.0,1.0,0.05735030443298919,0.2626496955670108
qwen3_4b,MUSE-News,communication,system_token_f1,50,0.34970330634893104,0.3125035043001346,0.04419466940703692,0.3529411764705882,0.0952380952380952,0.3529411764705882,0.0249999999999999,1.0,0.26308175431113867,0.4363248583867234
qwen3_4b,MUSE-News,communication,system_semantic,50,0.44452962040901184,0.2651296651709595,0.03749499682722085,0.4330126941204071,0.1961161345243454,0.4330126941204071,0.1961161345243454,1.0,0.371039426627659,0.5180198141903647
qwen3_4b,MUSE-News,communication,system_positive,50,0.16,0.3703280399090206,0.05237229365663817,0.0,0.0,0.0,0.0,1.0,0.05735030443298919,0.2626496955670108
qwen3_4b,MUSE-News,communication,target_content_precision,50,0.636421978021978,0.375481042115621,0.05310103821738945,0.6666666666666666,0.3333333333333333,1.0,0.0357142857142857,1.0,0.5323439431158946,0.7405000129280613
qwen3_4b,MUSE-News,communication,target_content_recall,50,1.0,0.0,0.0,1.0,1.0,1.0,1.0,1.0,1.0,1.0
qwen3_4b,MUSE-News,communication,target_content_f1,50,0.707752162014231,0.31502114156697025,0.04455071708382641,0.75,0.5,1.0,0.0689655172413793,1.0,0.6204327565299312,0.7950715674985307
qwen3_4b,MUSE-News,communication,system_content_precision,50,0.7026576102058862,0.3756109709419209,0.053119412928219104,1.0,0.3333333333333333,1.0,0.0357142857142857,1.0,0.5985435608665768,0.8067716595451957
qwen3_4b,MUSE-News,communication,system_content_recall,50,1.0,0.0,0.0,1.0,1.0,1.0,1.0,1.0,1.0,1.0
qwen3_4b,MUSE-News,communication,system_content_f1,50,0.7570577175697865,0.319031952568266,0.045117931415241175,1.0,0.5,1.0,0.0689655172413793,1.0,0.6686265719959138,0.8454888631436591
qwen3_4b,MUSE-News,communication,target_positive_content,50,0.06,0.2398979374820952,0.03392669167725119,0.0,0.0,0.0,0.0,1.0,-0.006496315687412324,0.12649631568741232
qwen3_4b,MUSE-News,communication,system_positive_content,50,0.16,0.3703280399090206,0.05237229365663817,0.0,0.0,0.0,0.0,1.0,0.05735030443298919,0.2626496955670108
qwen3_4b,MUSE-News,full_inference,chain_length,50,4.0,0.0,0.0,4.0,4.0,4.0,4.0,4.0,4.0,4.0
qwen3_4b,MUSE-News,full_inference,target_agent_position,50,2.0,0.0,0.0,2.0,2.0,2.0,2.0,2.0,2.0,2.0
qwen3_4b,MUSE-News,full_inference,peer_evidence,50,1.0,0.0,0.0,1.0,1.0,1.0,1.0,1.0,1.0,1.0
qwen3_4b,MUSE-News,full_inference,target_exact,50,0.08,0.27404751561786966,0.03875617133214439,0.0,0.0,0.0,0.0,1.0,0.004037904188997007,0.155962095811003
qwen3_4b,MUSE-News,full_inference,target_token_f1,50,0.14988502643072235,0.25896051629604255,0.03662254742650023,0.0952380952380952,0.0407754010695187,0.0952380952380952,0.0,1.0,0.0781048334747819,0.22166521938666278
qwen3_4b,MUSE-News,full_inference,target_semantic,50,0.24119433999061585,0.25875560348744914,0.03659356837919855,0.1961161345243454,0.1033582147210836,0.21757980808615685,0.0,1.0,0.1694709459673867,0.312917734013845
qwen3_4b,MUSE-News,full_inference,target_positive,50,0.08,0.27404751561786966,0.03875617133214439,0.0,0.0,0.0,0.0,1.0,0.004037904188997007,0.155962095811003
qwen3_4b,MUSE-News,full_inference,system_exact,50,0.14,0.3505098327538656,0.0495695759225642,0.0,0.0,0.0,0.0,1.0,0.04284363119177417,0.23715636880822585
qwen3_4b,MUSE-News,full_inference,system_token_f1,50,0.28430301997753277,0.3195130142243856,0.045185963807083375,0.10002778549597105,0.0952380952380952,0.3529411764705882,0.0,1.0,0.19573853091564936,0.3728675090394162
qwen3_4b,MUSE-News,full_inference,system_semantic,50,0.4033769229054451,0.2855256239882449,0.040379420984921664,0.4330126941204071,0.1961161345243454,0.4330126941204071,0.0,1.0,0.3242332577749986,0.48252058803589154
qwen3_4b,MUSE-News,full_inference,system_positive,50,0.14,0.3505098327538656,0.0495695759225642,0.0,0.0,0.0,0.0,1.0,0.04284363119177417,0.23715636880822585
qwen3_4b,MUSE-News,full_inference,target_content_precision,50,0.29396917980500314,0.3032354915322301,0.042883974471775166,0.3333333333333333,0.05729166666666662,0.3333333333333333,0.0,1.0,0.20991658984032383,0.3780217697696825
qwen3_4b,MUSE-News,full_inference,target_content_recall,50,0.68,0.4203443141088364,0.05944566298791327,1.0,0.3333333333333333,1.0,0.0,1.0,0.56348650054369,0.7965134994563101
qwen3_4b,MUSE-News,full_inference,target_content_f1,50,0.3566733767582884,0.2947248177897811,0.041680383448624764,0.4,0.1052631578947368,0.5,0.0,1.0,0.2749798251989839,0.43836692831759294
qwen3_4b,MUSE-News,full_inference,system_content_precision,50,0.5419913662159579,0.4243611598309475,0.06001373075773026,0.3333333333333333,0.1081349206349206,1.0,0.0,1.0,0.4243644539308066,0.6596182785011092
qwen3_4b,MUSE-News,full_inference,system_content_recall,50,0.9,0.30304576336566325,0.04285714285714286,1.0,1.0,1.0,0.0,1.0,0.8160000000000001,0.984
qwen3_4b,MUSE-News,full_inference,system_content_f1,50,0.5981913145013289,0.3933845793561861,0.05563298073539534,0.5,0.19516129032258056,1.0,0.0,1.0,0.489150672259954,0.7072319567427038
qwen3_4b,MUSE-News,full_inference,target_positive_content,50,0.08,0.27404751561786966,0.03875617133214439,0.0,0.0,0.0,0.0,1.0,0.004037904188997007,0.155962095811003
qwen3_4b,MUSE-News,full_inference,system_positive_content,50,0.14,0.3505098327538656,0.0495695759225642,0.0,0.0,0.0,0.0,1.0,0.04284363119177417,0.23715636880822585
qwen3_4b,MUSE-News,global_context,chain_length,50,4.0,0.0,0.0,4.0,4.0,4.0,4.0,4.0,4.0,4.0
qwen3_4b,MUSE-News,global_context,target_agent_position,50,2.0,0.0,0.0,2.0,2.0,2.0,2.0,2.0,2.0,2.0
qwen3_4b,MUSE-News,global_context,peer_evidence,50,1.0,0.0,0.0,1.0,1.0,1.0,1.0,1.0,1.0,1.0
qwen3_4b,MUSE-News,global_context,target_exact,50,0.08,0.27404751561786966,0.03875617133214439,0.0,0.0,0.0,0.0,1.0,0.004037904188997007,0.155962095811003
qwen3_4b,MUSE-News,global_context,target_token_f1,50,0.11442486926194992,0.2671984824048326,0.03778757176624231,0.0172413793103448,0.0,0.0952380952380952,0.0,1.0,0.040361228600114984,0.18848850992378485
qwen3_4b,MUSE-News,global_context,target_semantic,50,0.16830464094877243,0.2684829089753524,0.03796921711383245,0.0980580672621727,0.0,0.1961161345243454,0.0,1.0,0.09388497540566082,0.24272430649188403
qwen3_4b,MUSE-News,global_context,target_positive,50,0.08,0.27404751561786966,0.03875617133214439,0.0,0.0,0.0,0.0,1.0,0.004037904188997007,0.155962095811003
qwen3_4b,MUSE-News,global_context,system_exact,50,0.18,0.3880879344916036,0.054883922035138706,0.0,0.0,0.0,0.0,1.0,0.07242751281112814,0.28757248718887185
qwen3_4b,MUSE-News,global_context,system_token_f1,50,0.2040219388590195,0.37850321378788443,0.05352843783406292,0.0172413793103448,0.0,0.0952380952380952,0.0,1.0,0.09910620070425619,0.30893767701378283
qwen3_4b,MUSE-News,global_context,system_semantic,50,0.2504275593161583,0.36872438164143845,0.05214550212949553,0.0980580672621727,0.0,0.24089162796735758,0.0,1.0,0.14822237514234704,0.35263274348996954
qwen3_4b,MUSE-News,global_context,system_positive,50,0.18,0.3880879344916036,0.054883922035138706,0.0,0.0,0.0,0.0,1.0,0.07242751281112814,0.28757248718887185
qwen3_4b,MUSE-News,global_context,target_content_precision,50,0.19225501253132835,0.2837635778231158,0.04013023002649636,0.0238095238095238,0.0,0.3333333333333333,0.0,1.0,0.11359976167939549,0.2709102633832612
qwen3_4b,MUSE-News,global_context,target_content_recall,50,0.5,0.5050762722761054,0.07142857142857142,0.5,0.0,1.0,0.0,1.0,0.36,0.64
qwen3_4b,MUSE-News,global_context,target_content_f1,50,0.2505758848994143,0.3167883115818182,0.04480063266402811,0.04545454545454545,0.0,0.5,0.0,1.0,0.1627666448779192,0.3383851249209094
qwen3_4b,MUSE-News,global_context,system_content_precision,50,0.2536835839598998,0.37564457432127396,0.053124165163701366,0.0238095238095238,0.0,0.3333333333333333,0.0,1.0,0.14956022023904514,0.3578069476807545
qwen3_4b,MUSE-News,global_context,system_content_recall,50,0.5,0.5050762722761054,0.07142857142857142,0.5,0.0,1.0,0.0,1.0,0.36,0.64
qwen3_4b,MUSE-News,global_context,system_content_f1,50,0.293242551566081,0.3853177502273437,0.05449215881945982,0.04545454545454545,0.0,0.5,0.0,1.0,0.18643792027993972,0.40004718285222224
qwen3_4b,MUSE-News,global_context,target_positive_content,50,0.08,0.27404751561786966,0.03875617133214439,0.0,0.0,0.0,0.0,1.0,0.004037904188997007,0.155962095811003
qwen3_4b,MUSE-News,global_context,system_positive_content,50,0.18,0.3880879344916036,0.054883922035138706,0.0,0.0,0.0,0.0,1.0,0.07242751281112814,0.28757248718887185
qwen3_4b,MUSE-News,none,chain_length,50,4.0,0.0,0.0,4.0,4.0,4.0,4.0,4.0,4.0,4.0
qwen3_4b,MUSE-News,none,target_agent_position,50,2.0,0.0,0.0,2.0,2.0,2.0,2.0,2.0,2.0,2.0
qwen3_4b,MUSE-News,none,peer_evidence,50,1.0,0.0,0.0,1.0,1.0,1.0,1.0,1.0,1.0,1.0
qwen3_4b,MUSE-News,none,target_exact,50,0.06,0.2398979374820952,0.03392669167725119,0.0,0.0,0.0,0.0,1.0,-0.006496315687412324,0.12649631568741232
qwen3_4b,MUSE-News,none,target_token_f1,50,0.2600093154471622,0.22916347630875508,0.03240860961964069,0.23307436182019975,0.0952380952380952,0.3529411764705882,0.0249999999999999,1.0,0.19648844059266646,0.32353019030165797
qwen3_4b,MUSE-News,none,target_semantic,50,0.364292583167553,0.1957164828175412,0.027678490438052757,0.4089564383029938,0.1961161345243454,0.4330126941204071,0.1961161345243454,1.0,0.3100427419089696,0.4185424244261364
qwen3_4b,MUSE-News,none,target_positive,50,0.06,0.2398979374820952,0.03392669167725119,0.0,0.0,0.0,0.0,1.0,-0.006496315687412324,0.12649631568741232
qwen3_4b,MUSE-News,none,system_exact,50,0.16,0.3703280399090206,0.05237229365663817,0.0,0.0,0.0,0.0,1.0,0.05735030443298919,0.2626496955670108
qwen3_4b,MUSE-News,none,system_token_f1,50,0.35048550592335276,0.31187927032769125,0.04410638939204457,0.3529411764705882,0.0952380952380952,0.3529411764705882,0.0249999999999999,1.0,0.2640369827149454,0.4369340291317601
qwen3_4b,MUSE-News,none,system_semantic,50,0.4446809697151184,0.2646919856376249,0.037433099594019366,0.4330126941204071,0.1961161345243454,0.4330126941204071,0.1961161345243454,1.0,0.37131209451084046,0.5180498449193963
qwen3_4b,MUSE-News,none,system_positive,50,0.16,0.3703280399090206,0.05237229365663817,0.0,0.0,0.0,0.0,1.0,0.05735030443298919,0.2626496955670108
qwen3_4b,MUSE-News,none,target_content_precision,50,0.6369415584415584,0.3747581622982948,0.0529988075732266,0.6666666666666666,0.3333333333333333,1.0,0.0357142857142857,1.0,0.5330638955980342,0.7408192212850826
qwen3_4b,MUSE-News,none,target_content_recall,50,1.0,0.0,0.0,1.0,1.0,1.0,1.0,1.0,1.0,1.0
qwen3_4b,MUSE-News,none,target_content_f1,50,0.7085729611384783,0.3137270979241691,0.0443677116768312,0.75,0.5,1.0,0.0689655172413793,1.0,0.6216122462518892,0.7955336760250675
qwen3_4b,MUSE-News,none,system_content_precision,50,0.7036082251082252,0.3741026132339684,0.05290609893546946,1.0,0.3333333333333333,1.0,0.0357142857142857,1.0,0.599912271194705,0.8073041790217453
qwen3_4b,MUSE-News,none,system_content_recall,50,1.0,0.0,0.0,1.0,1.0,1.0,1.0,1.0,1.0,1.0
qwen3_4b,MUSE-News,none,system_content_f1,50,0.7585729611384784,0.3163872949838196,0.04474392035286548,1.0,0.5,1.0,0.0689655172413793,1.0,0.670874877246862,0.8462710450300948
qwen3_4b,MUSE-News,none,target_positive_content,50,0.06,0.2398979374820952,0.03392669167725119,0.0,0.0,0.0,0.0,1.0,-0.006496315687412324,0.12649631568741232
qwen3_4b,MUSE-News,none,system_positive_content,50,0.16,0.3703280399090206,0.05237229365663817,0.0,0.0,0.0,0.0,1.0,0.05735030443298919,0.2626496955670108
qwen3_4b,MUSE-News,parameter_only,chain_length,100,4.0,0.0,0.0,4.0,4.0,4.0,4.0,4.0,4.0,4.0
qwen3_4b,MUSE-News,parameter_only,target_agent_position,100,2.0,0.0,0.0,2.0,2.0,2.0,2.0,2.0,2.0,2.0
qwen3_4b,MUSE-News,parameter_only,peer_evidence,100,1.0,0.0,0.0,1.0,1.0,1.0,1.0,1.0,1.0,1.0
qwen3_4b,MUSE-News,parameter_only,target_exact,100,0.12,0.3265986323710904,0.03265986323710904,0.0,0.0,0.0,0.0,1.0,0.05598666805526628,0.1840133319447337
qwen3_4b,MUSE-News,parameter_only,target_token_f1,100,0.3144347648685591,0.2837499233343472,0.02837499233343472,0.3529411764705882,0.0952380952380952,0.3529411764705882,0.0249999999999999,1.0,0.258819779895027,0.37004974984209116
qwen3_4b,MUSE-News,parameter_only,target_semantic,100,0.4086362035572529,0.24375906359317645,0.024375906359317644,0.4330126941204071,0.1961161345243454,0.4330126941204071,0.1740776598453521,1.0,0.3608594270929903,0.4564129800215155
qwen3_4b,MUSE-News,parameter_only,target_positive,100,0.12,0.3265986323710904,0.03265986323710904,0.0,0.0,0.0,0.0,1.0,0.05598666805526628,0.1840133319447337
qwen3_4b,MUSE-News,parameter_only,system_exact,100,0.2,0.4020151261036849,0.04020151261036849,0.0,0.0,0.0,0.0,1.0,0.12120503528367778,0.27879496471632226
qwen3_4b,MUSE-News,parameter_only,system_token_f1,100,0.38675733370433546,0.3306422849954819,0.033064228499548196,0.3529411764705882,0.0952380952380952,0.3529411764705882,0.0249999999999999,1.0,0.321951445845221,0.4515632215634499
qwen3_4b,MUSE-News,parameter_only,system_semantic,100,0.47594095155596733,0.2806479775711365,0.028064797757113652,0.4330126941204071,0.22419129684567446,0.4330126941204071,0.1740776598453521,1.0,0.42093394795202455,0.5309479551599101
qwen3_4b,MUSE-News,parameter_only,system_positive,100,0.2,0.4020151261036849,0.04020151261036849,0.0,0.0,0.0,0.0,1.0,0.12120503528367778,0.27879496471632226
qwen3_4b,MUSE-News,parameter_only,target_content_precision,100,0.6773201298701298,0.3733676468833083,0.03733676468833083,1.0,0.3333333333333333,1.0,0.0357142857142857,1.0,0.6041400710810014,0.7505001886592582
qwen3_4b,MUSE-News,parameter_only,target_content_recall,100,1.0,0.0,0.0,1.0,1.0,1.0,1.0,1.0,1.0,1.0
qwen3_4b,MUSE-News,parameter_only,target_content_f1,100,0.7391522814350401,0.31378098431469953,0.03137809843146995,1.0,0.5,1.0,0.0689655172413793,1.0,0.677651208509359,0.8006533543607212
qwen3_4b,MUSE-News,parameter_only,system_content_precision,100,0.7303756854256853,0.36835200642066723,0.036835200642066725,1.0,0.3333333333333333,1.0,0.0357142857142857,1.0,0.6581786921672346,0.8025726786841361
qwen3_4b,MUSE-News,parameter_only,system_content_recall,100,1.0,0.0,0.0,1.0,1.0,1.0,1.0,1.0,1.0,1.0
qwen3_4b,MUSE-News,parameter_only,system_content_f1,100,0.7787699923790669,0.3131166548206945,0.03131166548206945,1.0,0.5,1.0,0.0689655172413793,1.0,0.7173991280342107,0.840140856723923
qwen3_4b,MUSE-News,parameter_only,target_positive_content,100,0.12,0.3265986323710904,0.03265986323710904,0.0,0.0,0.0,0.0,1.0,0.05598666805526628,0.1840133319447337
qwen3_4b,MUSE-News,parameter_only,system_positive_content,100,0.2,0.4020151261036849,0.04020151261036849,0.0,0.0,0.0,0.0,1.0,0.12120503528367778,0.27879496471632226
qwen3_4b,MUSE-News,parameter_plus_comm,chain_length,100,4.0,0.0,0.0,4.0,4.0,4.0,4.0,4.0,4.0,4.0
qwen3_4b,MUSE-News,parameter_plus_comm,target_agent_position,100,2.0,0.0,0.0,2.0,2.0,2.0,2.0,2.0,2.0,2.0
qwen3_4b,MUSE-News,parameter_plus_comm,peer_evidence,100,1.0,0.0,0.0,1.0,1.0,1.0,1.0,1.0,1.0,1.0
qwen3_4b,MUSE-News,parameter_plus_comm,target_exact,100,0.12,0.3265986323710904,0.03265986323710904,0.0,0.0,0.0,0.0,1.0,0.05598666805526628,0.1840133319447337
qwen3_4b,MUSE-News,parameter_plus_comm,target_token_f1,100,0.3148897021726343,0.2835136590264197,0.028351365902641968,0.3529411764705882,0.0952380952380952,0.3529411764705882,0.0249999999999999,1.0,0.25932102500345605,0.3704583793418125
qwen3_4b,MUSE-News,parameter_plus_comm,target_semantic,100,0.40939777582883835,0.2435794840663915,0.02435794840663915,0.4330126941204071,0.1961161345243454,0.4330126941204071,0.1740776598453521,1.0,0.3616561969518256,0.4571393547058511
qwen3_4b,MUSE-News,parameter_plus_comm,target_positive,100,0.12,0.3265986323710904,0.03265986323710904,0.0,0.0,0.0,0.0,1.0,0.05598666805526628,0.1840133319447337
qwen3_4b,MUSE-News,parameter_plus_comm,system_exact,100,0.2,0.4020151261036849,0.04020151261036849,0.0,0.0,0.0,0.0,1.0,0.12120503528367778,0.27879496471632226
qwen3_4b,MUSE-News,parameter_plus_comm,system_token_f1,100,0.38638376752320286,0.3309622225906312,0.03309622225906312,0.3529411764705882,0.0952380952380952,0.3529411764705882,0.0249999999999999,1.0,0.32151517189543916,0.45125236315096656
qwen3_4b,MUSE-News,parameter_plus_comm,system_semantic,100,0.472474879771471,0.2826525764250834,0.02826525764250834,0.4330126941204071,0.1961161345243454,0.4330126941204071,0.1740776598453521,1.0,0.41707497479215466,0.5278747847507873
qwen3_4b,MUSE-News,parameter_plus_comm,system_positive,100,0.2,0.4020151261036849,0.04020151261036849,0.0,0.0,0.0,0.0,1.0,0.12120503528367778,0.27879496471632226
qwen3_4b,MUSE-News,parameter_plus_comm,target_content_precision,100,0.6782838827838827,0.37231427748884693,0.037231427748884695,1.0,0.3333333333333333,1.0,0.0357142857142857,1.0,0.6053102843960687,0.7512574811716968
qwen3_4b,MUSE-News,parameter_plus_comm,target_content_recall,100,1.0,0.0,0.0,1.0,1.0,1.0,1.0,1.0,1.0,1.0
qwen3_4b,MUSE-News,parameter_plus_comm,target_content_f1,100,0.7403278193071295,0.3126739585316496,0.03126739585316496,1.0,0.5,1.0,0.0689655172413793,1.0,0.6790437234349262,0.8016119151793328
qwen3_4b,MUSE-News,parameter_plus_comm,system_content_precision,100,0.7300416716134106,0.36891019153155113,0.03689101915315511,1.0,0.3333333333333333,1.0,0.0357142857142857,1.0,0.6577352740732266,0.8023480691535946
qwen3_4b,MUSE-News,parameter_plus_comm,system_content_recall,100,1.0,0.0,0.0,1.0,1.0,1.0,1.0,1.0,1.0,1.0
qwen3_4b,MUSE-News,parameter_plus_comm,system_content_f1,100,0.7782376896305238,0.31408353175390913,0.03140835317539091,1.0,0.5,1.0,0.0689655172413793,1.0,0.7166773174067576,0.83979806185429
qwen3_4b,MUSE-News,parameter_plus_comm,target_positive_content,100,0.12,0.3265986323710904,0.03265986323710904,0.0,0.0,0.0,0.0,1.0,0.05598666805526628,0.1840133319447337
qwen3_4b,MUSE-News,parameter_plus_comm,system_positive_content,100,0.2,0.4020151261036849,0.04020151261036849,0.0,0.0,0.0,0.0,1.0,0.12120503528367778,0.27879496471632226
qwen3_4b,MUSE-News,target_context,chain_length,50,4.0,0.0,0.0,4.0,4.0,4.0,4.0,4.0,4.0,4.0
qwen3_4b,MUSE-News,target_context,target_agent_position,50,2.0,0.0,0.0,2.0,2.0,2.0,2.0,2.0,2.0,2.0
qwen3_4b,MUSE-News,target_context,peer_evidence,50,1.0,0.0,0.0,1.0,1.0,1.0,1.0,1.0,1.0,1.0
qwen3_4b,MUSE-News,target_context,target_exact,50,0.1,0.30304576336566325,0.04285714285714286,0.0,0.0,0.0,0.0,1.0,0.016,0.184
qwen3_4b,MUSE-News,target_context,target_token_f1,50,0.21496137536447604,0.2907838431073362,0.041123045464136504,0.0952380952380952,0.04782067247820668,0.3529411764705882,0.0,1.0,0.1343602062547685,0.2955625444741836
qwen3_4b,MUSE-News,target_context,target_semantic,50,0.3213480174541473,0.2845584176762613,0.04024263735651965,0.1961161345243454,0.1961161345243454,0.4330126941204071,0.0,1.0,0.2424724482353688,0.40022358667292585
qwen3_4b,MUSE-News,target_context,target_positive,50,0.1,0.30304576336566325,0.04285714285714286,0.0,0.0,0.0,0.0,1.0,0.016,0.184
qwen3_4b,MUSE-News,target_context,system_exact,50,0.2,0.4040610178208843,0.05714285714285715,0.0,0.0,0.0,0.0,1.0,0.08800000000000001,0.312
qwen3_4b,MUSE-News,target_context,system_token_f1,50,0.3415219135924849,0.3558123497436689,0.05031946506673356,0.2389705882352941,0.0952380952380952,0.3529411764705882,0.0,1.0,0.24289576206168711,0.4401480651232827
qwen3_4b,MUSE-News,target_context,system_semantic,50,0.43641607224941253,0.3188757991997479,0.045095847994084316,0.4330126941204071,0.1961161345243454,0.472960963845253,0.0,1.0,0.34802821018100727,0.5248039343178178
qwen3_4b,MUSE-News,target_context,system_positive,50,0.2,0.4040610178208843,0.05714285714285715,0.0,0.0,0.0,0.0,1.0,0.08800000000000001,0.312
qwen3_4b,MUSE-News,target_context,target_content_precision,50,0.426962382062382,0.40000305370516936,0.0565689743540504,0.3333333333333333,0.058441558441558426,1.0,0.0,1.0,0.31608719232844323,0.5378375717963209
qwen3_4b,MUSE-News,target_context,target_content_recall,50,0.8,0.4040610178208843,0.05714285714285715,1.0,1.0,1.0,0.0,1.0,0.6880000000000001,0.912
qwen3_4b,MUSE-News,target_context,target_content_f1,50,0.4948643100318295,0.3839206435020325,0.054294578091558035,0.5,0.10984848484848482,1.0,0.0,1.0,0.38844693697237576,0.6012816830912833
qwen3_4b,MUSE-News,target_context,system_content_precision,50,0.598760289496944,0.418412014518108,0.059172394559135665,0.6666666666666666,0.3333333333333333,1.0,0.0,1.0,0.48278239616103813,0.71473818283285
qwen3_4b,MUSE-News,target_context,system_content_recall,50,0.9,0.30304576336566325,0.04285714285714286,1.0,1.0,1.0,0.0,1.0,0.8160000000000001,0.984
qwen3_4b,MUSE-News,target_context,system_content_f1,50,0.6520333501951149,0.3829881553206094,0.05416270434826593,0.75,0.5,1.0,0.0,1.0,0.5458744496725136,0.7581922507177161
qwen3_4b,MUSE-News,target_context,target_positive_content,50,0.1,0.30304576336566325,0.04285714285714286,0.0,0.0,0.0,0.0,1.0,0.016,0.184
qwen3_4b,MUSE-News,target_context,system_positive_content,50,0.2,0.4040610178208843,0.05714285714285715,0.0,0.0,0.0,0.0,1.0,0.08800000000000001,0.312
qwen3_4b,MUSE-News,target_context_comm,chain_length,50,4.0,0.0,0.0,4.0,4.0,4.0,4.0,4.0,4.0,4.0
qwen3_4b,MUSE-News,target_context_comm,target_agent_position,50,2.0,0.0,0.0,2.0,2.0,2.0,2.0,2.0,2.0,2.0
qwen3_4b,MUSE-News,target_context_comm,peer_evidence,50,1.0,0.0,0.0,1.0,1.0,1.0,1.0,1.0,1.0,1.0
qwen3_4b,MUSE-News,target_context_comm,target_exact,50,0.1,0.30304576336566325,0.04285714285714286,0.0,0.0,0.0,0.0,1.0,0.016,0.184
qwen3_4b,MUSE-News,target_context_comm,target_token_f1,50,0.1721614743781287,0.2840780348661245,0.04017470096799702,0.0952380952380952,0.04357707509881417,0.1176470588235294,0.0,1.0,0.09341906048085455,0.2509038882754029
qwen3_4b,MUSE-News,target_context_comm,target_semantic,50,0.26053329050540924,0.2784469747557019,0.039378348810127244,0.1961161345243454,0.1443375647068023,0.2801205143332481,0.0,1.0,0.18335172683755985,0.33771485417325864
qwen3_4b,MUSE-News,target_context_comm,target_positive,50,0.1,0.30304576336566325,0.04285714285714286,0.0,0.0,0.0,0.0,1.0,0.016,0.184
qwen3_4b,MUSE-News,target_context_comm,system_exact,50,0.2,0.4040610178208843,0.05714285714285715,0.0,0.0,0.0,0.0,1.0,0.08800000000000001,0.312
qwen3_4b,MUSE-News,target_context_comm,system_token_f1,50,0.3419867167522462,0.3554497443891219,0.05026818492571462,0.23202614379084965,0.0952380952380952,0.3529411764705882,0.0,1.0,0.24346107429784553,0.44051235920664683
qwen3_4b,MUSE-News,target_context_comm,system_semantic,50,0.43926317632198336,0.31900378816757424,0.045113948367497735,0.4330126941204071,0.1961161345243454,0.4908571317791939,0.0,1.0,0.3508398375216878,0.5276865151222789
qwen3_4b,MUSE-News,target_context_comm,system_positive,50,0.2,0.4040610178208843,0.05714285714285715,0.0,0.0,0.0,0.0,1.0,0.08800000000000001,0.312
qwen3_4b,MUSE-News,target_context_comm,target_content_precision,50,0.3212445887445887,0.31377558847901554,0.044374569276862286,0.3333333333333333,0.05275974025974023,0.3333333333333333,0.0,1.0,0.23427043296193864,0.40821874452723883
qwen3_4b,MUSE-News,target_context_comm,target_content_recall,50,0.68,0.4203443141088364,0.05944566298791327,1.0,0.3333333333333333,1.0,0.0,1.0,0.56348650054369,0.7965134994563101
qwen3_4b,MUSE-News,target_context_comm,target_content_f1,50,0.3789134921206301,0.301754532694348,0.042674535264390245,0.4,0.10009671179883944,0.5,0.0,1.0,0.2952714030024252,0.46255558123883495
qwen3_4b,MUSE-News,target_context_comm,system_content_precision,50,0.5989289943772702,0.4181550119598685,0.059136048908792975,0.6666666666666666,0.3333333333333333,1.0,0.0,1.0,0.483022338516036,0.7148356502385045
qwen3_4b,MUSE-News,target_context_comm,system_content_recall,50,0.9,0.30304576336566325,0.04285714285714286,1.0,1.0,1.0,0.0,1.0,0.8160000000000001,0.984
qwen3_4b,MUSE-News,target_context_comm,system_content_f1,50,0.6523743614070938,0.38241327424840216,0.054081403887359214,0.75,0.5,1.0,0.0,1.0,0.5463748097878698,0.7583739130263178
qwen3_4b,MUSE-News,target_context_comm,target_positive_content,50,0.1,0.30304576336566325,0.04285714285714286,0.0,0.0,0.0,0.0,1.0,0.016,0.184
qwen3_4b,MUSE-News,target_context_comm,system_positive_content,50,0.2,0.4040610178208843,0.05714285714285715,0.0,0.0,0.0,0.0,1.0,0.08800000000000001,0.312
qwen3_4b,MUSE-News,target_context_memory,chain_length,50,4.0,0.0,0.0,4.0,4.0,4.0,4.0,4.0,4.0,4.0
qwen3_4b,MUSE-News,target_context_memory,target_agent_position,50,2.0,0.0,0.0,2.0,2.0,2.0,2.0,2.0,2.0,2.0
qwen3_4b,MUSE-News,target_context_memory,peer_evidence,50,1.0,0.0,0.0,1.0,1.0,1.0,1.0,1.0,1.0,1.0
qwen3_4b,MUSE-News,target_context_memory,target_exact,50,0.08,0.27404751561786966,0.03875617133214439,0.0,0.0,0.0,0.0,1.0,0.004037904188997007,0.155962095811003
qwen3_4b,MUSE-News,target_context_memory,target_token_f1,50,0.19621877734115206,0.2684111932842328,0.03795907498353082,0.0952380952380952,0.04839910647803423,0.3529411764705882,0.0,1.0,0.12181899037343165,0.2706185643088725
qwen3_4b,MUSE-News,target_context_memory,target_semantic,50,0.3009392204880714,0.26519859997236506,0.03750474568032758,0.1961161345243454,0.1961161345243454,0.4330126941204071,0.0,1.0,0.22742991895462938,0.37444852202151346
qwen3_4b,MUSE-News,target_context_memory,target_positive,50,0.08,0.27404751561786966,0.03875617133214439,0.0,0.0,0.0,0.0,1.0,0.004037904188997007,0.155962095811003
qwen3_4b,MUSE-News,target_context_memory,system_exact,50,0.14,0.3505098327538656,0.0495695759225642,0.0,0.0,0.0,0.0,1.0,0.04284363119177417,0.23715636880822585
qwen3_4b,MUSE-News,target_context_memory,system_token_f1,50,0.28441730724850184,0.3194622932923682,0.045178790784087854,0.09600614439324115,0.0952380952380952,0.3529411764705882,0.0,1.0,0.19586687731168964,0.37296773718531406
qwen3_4b,MUSE-News,target_context_memory,system_semantic,50,0.4003529587388039,0.2849698937614242,0.04030082886254261,0.4330126941204071,0.1961161345243454,0.4330126941204071,0.0,1.0,0.3213633341682204,0.4793425833093874
qwen3_4b,MUSE-News,target_context_memory,system_positive,50,0.14,0.3505098327538656,0.0495695759225642,0.0,0.0,0.0,0.0,1.0,0.04284363119177417,0.23715636880822585
qwen3_4b,MUSE-News,target_context_memory,target_content_precision,50,0.4131768379281537,0.3918595737831426,0.05541731237898608,0.3333333333333333,0.06041666666666662,1.0,0.0,1.0,0.30455890566534094,0.5217947701909664
qwen3_4b,MUSE-News,target_context_memory,target_content_recall,50,0.8,0.4040610178208843,0.05714285714285715,1.0,1.0,1.0,0.0,1.0,0.6880000000000001,0.912
qwen3_4b,MUSE-News,target_context_memory,target_content_f1,50,0.48417036384865186,0.37736994776340005,0.05336816981590268,0.5,0.11383108935128515,1.0,0.0,1.0,0.3795687510094826,0.5887719766878211
qwen3_4b,MUSE-News,target_context_memory,system_content_precision,50,0.5425213666814421,0.4238337005165711,0.05993913674613115,0.3333333333333333,0.10437192118226594,1.0,0.0,1.0,0.4250406586590251,0.6600020747038592
qwen3_4b,MUSE-News,target_context_memory,system_content_recall,50,0.9,0.30304576336566325,0.04285714285714286,1.0,1.0,1.0,0.0,1.0,0.8160000000000001,0.984
qwen3_4b,MUSE-News,target_context_memory,system_content_f1,50,0.599023756569065,0.3925820145431877,0.055519480931072764,0.5,0.18901209677419353,1.0,0.0,1.0,0.4902055739441624,0.7078419391939677
qwen3_4b,MUSE-News,target_context_memory,target_positive_content,50,0.08,0.27404751561786966,0.03875617133214439,0.0,0.0,0.0,0.0,1.0,0.004037904188997007,0.155962095811003
qwen3_4b,MUSE-News,target_context_memory,system_positive_content,50,0.14,0.3505098327538656,0.0495695759225642,0.0,0.0,0.0,0.0,1.0,0.04284363119177417,0.23715636880822585
qwen3_4b,MUSE-News,target_memory,chain_length,50,4.0,0.0,0.0,4.0,4.0,4.0,4.0,4.0,4.0,4.0
qwen3_4b,MUSE-News,target_memory,target_agent_position,50,2.0,0.0,0.0,2.0,2.0,2.0,2.0,2.0,2.0,2.0
qwen3_4b,MUSE-News,target_memory,peer_evidence,50,1.0,0.0,0.0,1.0,1.0,1.0,1.0,1.0,1.0,1.0
qwen3_4b,MUSE-News,target_memory,target_exact,50,0.08,0.27404751561786966,0.03875617133214439,0.0,0.0,0.0,0.0,1.0,0.004037904188997007,0.155962095811003
qwen3_4b,MUSE-News,target_memory,target_token_f1,50,0.2781474950431373,0.2505597307638431,0.035434496943077806,0.3529411764705882,0.0952380952380952,0.3529411764705882,0.0249999999999999,1.0,0.2086958810347048,0.34759910905156977
qwen3_4b,MUSE-News,target_memory,target_semantic,50,0.380697728395462,0.21399572502109035,0.030263565661468945,0.4330126941204071,0.1961161345243454,0.4330126941204071,0.1961161345243454,1.0,0.32138113969898285,0.44001431709194117
qwen3_4b,MUSE-News,target_memory,target_positive,50,0.08,0.27404751561786966,0.03875617133214439,0.0,0.0,0.0,0.0,1.0,0.004037904188997007,0.155962095811003
qwen3_4b,MUSE-News,target_memory,system_exact,50,0.2,0.4040610178208843,0.05714285714285715,0.0,0.0,0.0,0.0,1.0,0.08800000000000001,0.312
qwen3_4b,MUSE-News,target_memory,system_token_f1,50,0.3878570524984187,0.3312151987570999,0.0468409026146391,0.3529411764705882,0.0952380952380952,0.3529411764705882,0.0285714285714285,1.0,0.29604888337372604,0.4796652216231113
qwen3_4b,MUSE-News,target_memory,system_semantic,50,0.4672232136130333,0.28782274445077954,0.04070428287617379,0.4330126941204071,0.1961161345243454,0.4330126941204071,0.1889822334051132,1.0,0.3874428191757327,0.547003608050334
qwen3_4b,MUSE-News,target_memory,system_positive,50,0.2,0.4040610178208843,0.05714285714285715,0.0,0.0,0.0,0.0,1.0,0.08800000000000001,0.312
qwen3_4b,MUSE-News,target_memory,target_content_precision,50,0.6503587697705345,0.37546232807521024,0.05309839165241388,1.0,0.3333333333333333,1.0,0.0357142857142857,1.0,0.5462859221318033,0.7544316174092658
qwen3_4b,MUSE-News,target_memory,target_content_recall,50,1.0,0.0,0.0,1.0,1.0,1.0,1.0,1.0,1.0,1.0
qwen3_4b,MUSE-News,target_memory,target_content_f1,50,0.71871899288451,0.31463356911374984,0.044495906061851755,1.0,0.5,1.0,0.0689655172413793,1.0,0.6315070170032806,0.8059309687657394
qwen3_4b,MUSE-News,target_memory,system_content_precision,50,0.7361261331261332,0.361590929182066,0.0511366796080367,1.0,0.3333333333333333,1.0,0.037037037037037,1.0,0.6358982410943812,0.8363540251578852
qwen3_4b,MUSE-News,target_memory,system_content_recall,50,1.0,0.0,0.0,1.0,1.0,1.0,1.0,1.0,1.0,1.0
qwen3_4b,MUSE-News,target_memory,system_content_f1,50,0.7869274442144006,0.3018143035125166,0.04268298813455906,1.0,0.5,1.0,0.0714285714285714,1.0,0.7032687874706649,0.8705861009581364
qwen3_4b,MUSE-News,target_memory,target_positive_content,50,0.08,0.27404751561786966,0.03875617133214439,0.0,0.0,0.0,0.0,1.0,0.004037904188997007,0.155962095811003
qwen3_4b,MUSE-News,target_memory,system_positive_content,50,0.2,0.4040610178208843,0.05714285714285715,0.0,0.0,0.0,0.0,1.0,0.08800000000000001,0.312
qwen3_4b,MUSE-News,target_memory_comm,chain_length,50,4.0,0.0,0.0,4.0,4.0,4.0,4.0,4.0,4.0,4.0
qwen3_4b,MUSE-News,target_memory_comm,target_agent_position,50,2.0,0.0,0.0,2.0,2.0,2.0,2.0,2.0,2.0,2.0
qwen3_4b,MUSE-News,target_memory_comm,peer_evidence,50,1.0,0.0,0.0,1.0,1.0,1.0,1.0,1.0,1.0,1.0
qwen3_4b,MUSE-News,target_memory_comm,target_exact,50,0.08,0.27404751561786966,0.03875617133214439,0.0,0.0,0.0,0.0,1.0,0.004037904188997007,0.155962095811003
qwen3_4b,MUSE-News,target_memory_comm,target_token_f1,50,0.2781474950431373,0.2505597307638431,0.035434496943077806,0.3529411764705882,0.0952380952380952,0.3529411764705882,0.0249999999999999,1.0,0.2086958810347048,0.34759910905156977
qwen3_4b,MUSE-News,target_memory_comm,target_semantic,50,0.38135089933872224,0.2140006347777688,0.030264260005917205,0.4330126941204071,0.1961161345243454,0.4330126941204071,0.1961161345243454,1.0,0.32203294972712454,0.44066884895031994
qwen3_4b,MUSE-News,target_memory_comm,target_positive,50,0.08,0.27404751561786966,0.03875617133214439,0.0,0.0,0.0,0.0,1.0,0.004037904188997007,0.155962095811003
qwen3_4b,MUSE-News,target_memory_comm,system_exact,50,0.2,0.4040610178208843,0.05714285714285715,0.0,0.0,0.0,0.0,1.0,0.08800000000000001,0.312
qwen3_4b,MUSE-News,target_memory_comm,system_token_f1,50,0.38749710600420534,0.33152291550211704,0.04688442033405635,0.3529411764705882,0.0952380952380952,0.3529411764705882,0.0285714285714285,1.0,0.2956036421494549,0.4793905698589558
qwen3_4b,MUSE-News,target_memory_comm,system_semantic,50,0.4730792725086212,0.2851279948553145,0.04032318773366318,0.4330126941204071,0.1961161345243454,0.4330126941204071,0.1856953352689743,1.0,0.39404582455064135,0.552112720466601
qwen3_4b,MUSE-News,target_memory_comm,system_positive,50,0.2,0.4040610178208843,0.05714285714285715,0.0,0.0,0.0,0.0,1.0,0.08800000000000001,0.312
qwen3_4b,MUSE-News,target_memory_comm,target_content_precision,50,0.6501664620782269,0.3757392628892931,0.053137556149410806,1.0,0.3333333333333333,1.0,0.0357142857142857,1.0,0.5460168520253817,0.7543160721310721
qwen3_4b,MUSE-News,target_memory_comm,target_content_recall,50,1.0,0.0,0.0,1.0,1.0,1.0,1.0,1.0,1.0,1.0
qwen3_4b,MUSE-News,target_memory_comm,target_content_f1,50,0.7184124794745484,0.3151341900220992,0.04456670454967127,1.0,0.5,1.0,0.0689655172413793,1.0,0.6310617385571927,0.8057632203919042
qwen3_4b,MUSE-News,target_memory_comm,system_content_precision,50,0.7352358832793616,0.3631076668134588,0.05135117870092444,1.0,0.3333333333333333,1.0,0.037037037037037,1.0,0.6345875730255497,0.8358841935331736
qwen3_4b,MUSE-News,target_memory_comm,system_content_recall,50,1.0,0.0,0.0,1.0,1.0,1.0,1.0,1.0,1.0,1.0
qwen3_4b,MUSE-News,target_memory_comm,system_content_f1,50,0.7855343363018558,0.3044198541669166,0.04305146864184932,1.0,0.5,1.0,0.0714285714285714,1.0,0.7011534577638311,0.8699152148398804
qwen3_4b,MUSE-News,target_memory_comm,target_positive_content,50,0.08,0.27404751561786966,0.03875617133214439,0.0,0.0,0.0,0.0,1.0,0.004037904188997007,0.155962095811003
qwen3_4b,MUSE-News,target_memory_comm,system_positive_content,50,0.2,0.4040610178208843,0.05714285714285715,0.0,0.0,0.0,0.0,1.0,0.08800000000000001,0.312
qwen3_4b,RWKU,communication,chain_length,750,4.0,0.0,0.0,4.0,4.0,4.0,4.0,4.0,4.0,4.0
qwen3_4b,RWKU,communication,target_agent_position,750,2.0,0.0,0.0,2.0,2.0,2.0,2.0,2.0,2.0,2.0
qwen3_4b,RWKU,communication,peer_evidence,750,1.0,0.0,0.0,1.0,1.0,1.0,1.0,1.0,1.0,1.0
qwen3_4b,RWKU,communication,target_exact,750,0.16,0.36685070430944583,0.013395493732462741,0.0,0.0,0.0,0.0,1.0,0.13374483228437303,0.18625516771562697
qwen3_4b,RWKU,communication,target_token_f1,750,0.33174103637917307,0.32791939205584525,0.011973923204824453,0.1999999999999999,0.1111111111111111,0.4444444444444445,0.0,1.0,0.30827214689771715,0.355209925860629
qwen3_4b,RWKU,communication,target_semantic,750,0.4420349861681461,0.28425820267453905,0.010379641984048026,0.3162277638912201,0.25,0.5345224738121033,0.0,1.0,0.421690887879412,0.46237908445688025
qwen3_4b,RWKU,communication,target_positive,750,0.23333333333333334,0.42323483535349243,0.015454351096339518,0.0,0.0,0.0,0.0,1.0,0.20304280518450787,0.26362386148215877
qwen3_4b,RWKU,communication,system_exact,750,0.16133333333333333,0.3680835995675208,0.013440512702055329,0.0,0.0,0.0,0.0,1.0,0.1349899284373049,0.18767673822936176
qwen3_4b,RWKU,communication,system_token_f1,750,0.33494562724488164,0.3281892840645551,0.01198377826757517,0.1999999999999999,0.1111111111111111,0.4444444444444445,0.0,1.0,0.3114574218404343,0.358433832649329
qwen3_4b,RWKU,communication,system_semantic,750,0.44658459730943045,0.2852940066491344,0.010417464197517316,0.3162277638912201,0.2581988871097564,0.5345224738121033,0.0,1.0,0.4261663674822965,0.4670028271365644
qwen3_4b,RWKU,communication,system_positive,750,0.23466666666666666,0.4240731142509857,0.015484960713782026,0.0,0.0,0.0,0.0,1.0,0.20431614366765388,0.26501718966567944
qwen3_4b,RWKU,communication,target_content_precision,750,0.6151399150310246,0.42600003699766925,0.015555321984110585,1.0,0.1,1.0,0.0,1.0,0.5846514839421678,0.6456283461198814
qwen3_4b,RWKU,communication,target_content_recall,750,0.8346666666666667,0.37172902161328264,0.013573624694461356,1.0,1.0,1.0,0.0,1.0,0.8080623622655224,0.8612709710678109
qwen3_4b,RWKU,communication,target_content_f1,750,0.6553421078499946,0.4083056323582022,0.014909213679933241,1.0,0.1818181818181818,1.0,0.0,1.0,0.6261200490373254,0.6845641666626637
qwen3_4b,RWKU,communication,system_content_precision,750,0.6274329603091512,0.42247472797424435,0.01542659589915683,1.0,0.11274509803921567,1.0,0.0,1.0,0.5971968323468038,0.6576690882714986
qwen3_4b,RWKU,communication,system_content_recall,750,0.834,0.37188043788307396,0.013579153634897222,1.0,1.0,1.0,0.0,1.0,0.8073848588756014,0.8606151411243985
qwen3_4b,RWKU,communication,system_content_f1,750,0.6672732311296249,0.40479296666269093,0.0147809492640395,1.0,0.20263157894736833,1.0,0.0,1.0,0.6383025705721075,0.6962438916871423
qwen3_4b,RWKU,communication,target_positive_content,750,0.27066666666666667,0.4446006994275472,0.016234522143936118,0.0,0.0,1.0,0.0,1.0,0.23884700326455188,0.30248633006878145
qwen3_4b,RWKU,communication,system_positive_content,750,0.27066666666666667,0.4446006994275472,0.016234522143936118,0.0,0.0,1.0,0.0,1.0,0.23884700326455188,0.30248633006878145
qwen3_4b,RWKU,full_inference,chain_length,750,4.0,0.0,0.0,4.0,4.0,4.0,4.0,4.0,4.0,4.0
qwen3_4b,RWKU,full_inference,target_agent_position,750,2.0,0.0,0.0,2.0,2.0,2.0,2.0,2.0,2.0,2.0
qwen3_4b,RWKU,full_inference,peer_evidence,750,1.0,0.0,0.0,1.0,1.0,1.0,1.0,1.0,1.0,1.0
qwen3_4b,RWKU,full_inference,target_exact,750,0.18133333333333335,0.3855512355435973,0.014078340585414389,0.0,0.0,0.0,0.0,1.0,0.15373978578592115,0.20892688088074554
qwen3_4b,RWKU,full_inference,target_token_f1,750,0.2897792547317157,0.3609373420660491,0.013179568273035559,0.125,0.030080367393800198,0.4,0.0,1.0,0.263947300916566,0.31561120854686536
qwen3_4b,RWKU,full_inference,target_semantic,750,0.3713171159525712,0.3400779520057424,0.012417891041580292,0.2886751294136047,0.1290994435548782,0.5077327638864517,0.0,1.0,0.34697804951107386,0.3956561823940686
qwen3_4b,RWKU,full_inference,target_positive,750,0.216,0.4117888942867983,0.015036404422065977,0.0,0.0,0.0,0.0,1.0,0.18652864733275068,0.24547135266724932
qwen3_4b,RWKU,full_inference,system_exact,750,0.17333333333333334,0.37878779787190137,0.013831374760143181,0.0,0.0,0.0,0.0,1.0,0.14622383880345272,0.20044282786321396
qwen3_4b,RWKU,full_inference,system_token_f1,750,0.32246556470874815,0.3458215916734304,0.012627619108791904,0.1904761904761905,0.0888888888888888,0.4444444444444445,0.0,1.0,0.297715431255516,0.3472156981619803
qwen3_4b,RWKU,full_inference,system_semantic,750,0.43193379627664885,0.3108882107196983,0.01135203239157321,0.3284927755594253,0.2425356209278106,0.5570875853300095,0.0,1.0,0.4096838127891654,0.4541837797641323
qwen3_4b,RWKU,full_inference,system_positive,750,0.24133333333333334,0.4281775374307982,0.015634833057857386,0.0,0.0,0.0,0.0,1.0,0.21068906053993286,0.27197760612673383
qwen3_4b,RWKU,full_inference,target_content_precision,750,0.46314560003659094,0.4611465228096886,0.016838690190529138,0.3076923076923077,0.0,1.0,0.0,1.0,0.43014176726315384,0.49614943281002805
qwen3_4b,RWKU,full_inference,target_content_recall,750,0.6316666666666667,0.4778965044660437,0.017450313043261365,1.0,0.0,1.0,0.0,1.0,0.5974640531018744,0.665869280231459
qwen3_4b,RWKU,full_inference,target_content_f1,750,0.48878824203690907,0.4563095974434113,0.016662070648390537,0.4222222222222223,0.0,1.0,0.0,1.0,0.4561305835660636,0.5214459005077545
qwen3_4b,RWKU,full_inference,system_content_precision,750,0.5576622613545286,0.45046633657564394,0.016448704929279644,0.6666666666666666,0.032258064516129,1.0,0.0,1.0,0.5254227996931404,0.5899017230159167
qwen3_4b,RWKU,full_inference,system_content_recall,750,0.7543333333333333,0.4285355829839573,0.01564790703292936,1.0,1.0,1.0,0.0,1.0,0.7236634355487918,0.7850032311178748
qwen3_4b,RWKU,full_inference,system_content_f1,750,0.5895646268803204,0.44027635650844826,0.016076619466390905,0.8,0.0625,1.0,0.0,1.0,0.5580544527261943,0.6210748010344466
qwen3_4b,RWKU,full_inference,target_positive_content,750,0.22933333333333333,0.42068458840258,0.015361229244191284,0.0,0.0,0.0,0.0,1.0,0.19922532401471843,0.25944134265194824
qwen3_4b,RWKU,full_inference,system_positive_content,750,0.264,0.4410934344223689,0.016106454933370477,0.0,0.0,1.0,0.0,1.0,0.23243134833059387,0.29556865166940616
qwen3_4b,RWKU,global_context,chain_length,750,4.0,0.0,0.0,4.0,4.0,4.0,4.0,4.0,4.0,4.0
qwen3_4b,RWKU,global_context,target_agent_position,750,2.0,0.0,0.0,2.0,2.0,2.0,2.0,2.0,2.0,2.0
qwen3_4b,RWKU,global_context,peer_evidence,750,1.0,0.0,0.0,1.0,1.0,1.0,1.0,1.0,1.0,1.0
qwen3_4b,RWKU,global_context,target_exact,750,0.18533333333333332,0.388827044905601,0.014197956230858122,0.0,0.0,0.0,0.0,1.0,0.1575053391208514,0.21316132754581524
qwen3_4b,RWKU,global_context,target_token_f1,750,0.3291436282881291,0.34721919255283146,0.012678652277327705,0.17786561264822134,0.10996955859969558,0.4444444444444445,0.0,1.0,0.3042934698245668,0.3539937867516914
qwen3_4b,RWKU,global_context,target_semantic,750,0.4286598587433497,0.3086317377753254,0.011269637649437666,0.3162277638912201,0.2425356209278106,0.5345224738121033,0.0,1.0,0.4065713689504519,0.45074834853624757
qwen3_4b,RWKU,global_context,target_positive,750,0.216,0.41178889428679827,0.015036404422065976,0.0,0.0,0.0,0.0,1.0,0.18652864733275068,0.24547135266724932
qwen3_4b,RWKU,global_context,system_exact,750,0.17733333333333334,0.3822054380627455,0.013956169335207288,0.0,0.0,0.0,0.0,1.0,0.14997924143632707,0.20468742523033961
qwen3_4b,RWKU,global_context,system_token_f1,750,0.32347299799659956,0.34231101725333657,0.012499431055479503,0.1739130434782609,0.1111111111111111,0.4444444444444445,0.0,1.0,0.29897411312785976,0.34797188286533937
qwen3_4b,RWKU,global_context,system_semantic,750,0.42463791559139885,0.30474130244604664,0.011127579036880266,0.3162277638912201,0.2425356209278106,0.5345224738121033,0.0,1.0,0.4028278606791135,0.4464479705036842
qwen3_4b,RWKU,global_context,system_positive,750,0.20933333333333334,0.4071042463285383,0.014865345264685342,0.0,0.0,0.0,0.0,1.0,0.18019725661455008,0.2384694100521166
qwen3_4b,RWKU,global_context,target_content_precision,750,0.5590670027182361,0.43232859908067034,0.01578640839807269,0.5,0.0588235294117647,1.0,0.0,1.0,0.5281256422580136,0.5900083631784585
qwen3_4b,RWKU,global_context,target_content_recall,750,0.756,0.4211498025741882,0.015378216463915344,1.0,0.5,1.0,0.0,1.0,0.7258586957307259,0.7861413042692741
qwen3_4b,RWKU,global_context,target_content_f1,750,0.5984197069365774,0.4215825852493493,0.015394019452827553,0.6666666666666666,0.1111111111111111,1.0,0.0,1.0,0.5682474288090354,0.6285919850641194
qwen3_4b,RWKU,global_context,system_content_precision,750,0.5604720193930154,0.4345807642560138,0.01586864584272357,0.5,0.0588235294117647,1.0,0.0,1.0,0.5293694735412772,0.5915745652447536
qwen3_4b,RWKU,global_context,system_content_recall,750,0.755,0.421459968054971,0.015389542105940955,1.0,0.5,1.0,0.0,1.0,0.7248364974723558,0.7851635025276442
qwen3_4b,RWKU,global_context,system_content_f1,750,0.5982689298546733,0.4235009030131674,0.015464066513607957,0.6666666666666666,0.1111111111111111,1.0,0.0,1.0,0.5679593594880017,0.6285785002213449
qwen3_4b,RWKU,global_context,target_positive_content,750,0.26,0.43892695956667543,0.016027346456788407,0.0,0.0,1.0,0.0,1.0,0.22858640094469473,0.2914135990553053
qwen3_4b,RWKU,global_context,system_positive_content,750,0.256,0.436713053451279,0.015946506035481655,0.0,0.0,1.0,0.0,1.0,0.22474484817045595,0.28725515182954403
qwen3_4b,RWKU,none,chain_length,750,4.0,0.0,0.0,4.0,4.0,4.0,4.0,4.0,4.0,4.0
qwen3_4b,RWKU,none,target_agent_position,750,2.0,0.0,0.0,2.0,2.0,2.0,2.0,2.0,2.0,2.0
qwen3_4b,RWKU,none,peer_evidence,750,1.0,0.0,0.0,1.0,1.0,1.0,1.0,1.0,1.0,1.0
qwen3_4b,RWKU,none,target_exact,750,0.15866666666666668,0.36560878262353624,0.013350145164327573,0.0,0.0,0.0,0.0,1.0,0.13250038214458465,0.1848329511887487
qwen3_4b,RWKU,none,target_token_f1,750,0.33381354491755627,0.3248729260491627,0.011862681994655604,0.1999999999999999,0.1176470588235294,0.4444444444444445,0.0,1.0,0.3105626882080313,0.35706440162708125
qwen3_4b,RWKU,none,target_semantic,750,0.44542381394902864,0.2834130623435016,0.01034878182247692,0.33106565475463867,0.2581988871097564,0.5345224738121033,0.0,1.0,0.42514020157697385,0.4657074263210834
qwen3_4b,RWKU,none,target_positive,750,0.23333333333333334,0.42323483535349243,0.015454351096339518,0.0,0.0,0.0,0.0,1.0,0.20304280518450787,0.26362386148215877
qwen3_4b,RWKU,none,system_exact,750,0.156,0.36309748881236076,0.013258445679733978,0.0,0.0,0.0,0.0,1.0,0.1300134464677214,0.1819865535322786
qwen3_4b,RWKU,none,system_token_f1,750,0.33152251356031937,0.3229273705891792,0.011791640353834919,0.1999999999999999,0.1176470588235294,0.4444444444444445,0.0,1.0,0.3084108984668029,0.3546341286538358
qwen3_4b,RWKU,none,system_semantic,750,0.44442924867073696,0.28181257154172673,0.01029034016146281,0.3162277638912201,0.2581988871097564,0.5345224738121033,0.0,1.0,0.42426018195426984,0.4645983153872041
qwen3_4b,RWKU,none,system_positive,750,0.22933333333333333,0.42068458840258,0.015361229244191284,0.0,0.0,0.0,0.0,1.0,0.19922532401471843,0.25944134265194824
qwen3_4b,RWKU,none,target_content_precision,750,0.6290928848027479,0.42017874551141665,0.015342758473388363,1.0,0.1176470588235294,1.0,0.0,1.0,0.5990210781949068,0.6591646914105891
qwen3_4b,RWKU,none,target_content_recall,750,0.8333333333333334,0.37292669697584263,0.013617357615304174,1.0,1.0,1.0,0.0,1.0,0.8066433124073372,0.8600233542593295
qwen3_4b,RWKU,none,target_content_f1,750,0.6697335639058944,0.40300808923245685,0.01471577475531143,1.0,0.2105263157894736,1.0,0.0,1.0,0.640890645385484,0.6985764824263049
qwen3_4b,RWKU,none,system_content_precision,750,0.6276132924402026,0.4190894057097185,0.01530298140790981,1.0,0.11948529411764705,1.0,0.0,1.0,0.5976194488806994,0.6576071359997058
qwen3_4b,RWKU,none,system_content_recall,750,0.8346666666666667,0.37172902161328264,0.013573624694461356,1.0,1.0,1.0,0.0,1.0,0.8080623622655224,0.8612709710678109
qwen3_4b,RWKU,none,system_content_f1,750,0.6691871744010657,0.40153213155790635,0.014661880401159818,1.0,0.21345029239766075,1.0,0.0,1.0,0.6404498888147925,0.6979244599873389
qwen3_4b,RWKU,none,target_positive_content,750,0.272,0.4452868444404974,0.01625957661735695,0.0,0.0,1.0,0.0,1.0,0.2401312298299804,0.3038687701700196
qwen3_4b,RWKU,none,system_positive_content,750,0.2693333333333333,0.44390948371095534,0.016209282514597488,0.0,0.0,1.0,0.0,1.0,0.23756313960472225,0.3011035270619444
qwen3_4b,RWKU,parameter_only,chain_length,150,4.0,0.0,0.0,4.0,4.0,4.0,4.0,4.0,4.0,4.0
qwen3_4b,RWKU,parameter_only,target_agent_position,150,2.0,0.0,0.0,2.0,2.0,2.0,2.0,2.0,2.0,2.0
qwen3_4b,RWKU,parameter_only,peer_evidence,150,1.0,0.0,0.0,1.0,1.0,1.0,1.0,1.0,1.0,1.0
qwen3_4b,RWKU,parameter_only,target_exact,150,0.09333333333333334,0.2918735284323547,0.023831373802832904,0.0,0.0,0.0,0.0,1.0,0.04662384067978085,0.14004282598688583
qwen3_4b,RWKU,parameter_only,target_token_f1,150,0.220588542087664,0.2630167002055946,0.02147522364447607,0.1538461538461538,0.125,0.1999999999999999,0.0,1.0,0.1784971037444909,0.2626799804308371
qwen3_4b,RWKU,parameter_only,target_semantic,150,0.3590665716181199,0.2205773719369742,0.018010067001656277,0.3015113472938537,0.2425356209278106,0.35233259946107864,0.0,1.0,0.32376684029487357,0.3943663029413662
qwen3_4b,RWKU,parameter_only,target_positive,150,0.1,0.301005027940793,0.024576957615571212,0.0,0.0,0.0,0.0,1.0,0.05182916307348043,0.14817083692651958
qwen3_4b,RWKU,parameter_only,system_exact,150,0.09333333333333334,0.29187352843235476,0.02383137380283291,0.0,0.0,0.0,0.0,1.0,0.046623840679780836,0.14004282598688583
qwen3_4b,RWKU,parameter_only,system_token_f1,150,0.2229893226503152,0.2610558024706641,0.021315117014864108,0.1538461538461538,0.125,0.1999999999999999,0.0,1.0,0.18121169330118156,0.2647669519994489
qwen3_4b,RWKU,parameter_only,system_semantic,150,0.35565322731932003,0.21939285964645416,0.01791335197812863,0.2934087663888931,0.2425356209278106,0.3162277638912201,0.0,1.0,0.3205430574421879,0.39076339719645214
qwen3_4b,RWKU,parameter_only,system_positive,150,0.09333333333333334,0.29187352843235476,0.02383137380283291,0.0,0.0,0.0,0.0,1.0,0.046623840679780836,0.14004282598688583
qwen3_4b,RWKU,parameter_only,target_content_precision,150,0.7785160878388041,0.39202485031775935,0.03200869499231541,1.0,1.0,1.0,0.0,1.0,0.715779045653866,0.8412531300237422
qwen3_4b,RWKU,parameter_only,target_content_recall,150,0.9866666666666667,0.11508191810497582,0.009396399265931733,1.0,1.0,1.0,0.0,1.0,0.9682497241054405,1.005083609227893
qwen3_4b,RWKU,parameter_only,target_content_f1,150,0.7956070595767911,0.36547807756561923,0.029841160073636637,1.0,1.0,1.0,0.0,1.0,0.7371183858324634,0.8540957333211189
qwen3_4b,RWKU,parameter_only,system_content_precision,150,0.7929574358786744,0.3816834111742167,0.031164320022057938,1.0,1.0,1.0,0.0,1.0,0.7318753686354409,0.8540395031219079
qwen3_4b,RWKU,parameter_only,system_content_recall,150,0.9933333333333333,0.0816496580927726,0.006666666666666666,1.0,1.0,1.0,0.0,1.0,0.9802666666666666,1.0064
qwen3_4b,RWKU,parameter_only,system_content_f1,150,0.8093934654655065,0.3561846820481097,0.02908235750711108,1.0,1.0,1.0,0.0,1.0,0.7523920447515688,0.8663948861794442
qwen3_4b,RWKU,parameter_only,target_positive_content,150,0.12666666666666668,0.33371342982242697,0.027247587445967628,0.0,0.0,0.0,0.0,1.0,0.07326139527257013,0.18007193806076321
qwen3_4b,RWKU,parameter_only,system_positive_content,150,0.14,0.3481494703303097,0.028426285217649665,0.0,0.0,0.0,0.0,1.0,0.08428448097340667,0.19571551902659334
qwen3_4b,RWKU,parameter_plus_comm,chain_length,150,4.0,0.0,0.0,4.0,4.0,4.0,4.0,4.0,4.0,4.0
qwen3_4b,RWKU,parameter_plus_comm,target_agent_position,150,2.0,0.0,0.0,2.0,2.0,2.0,2.0,2.0,2.0,2.0
qwen3_4b,RWKU,parameter_plus_comm,peer_evidence,150,1.0,0.0,0.0,1.0,1.0,1.0,1.0,1.0,1.0,1.0
qwen3_4b,RWKU,parameter_plus_comm,target_exact,150,0.08,0.2722020568099066,0.02222520487067834,0.0,0.0,0.0,0.0,1.0,0.03643859845347046,0.12356140154652955
qwen3_4b,RWKU,parameter_plus_comm,target_token_f1,150,0.21017155025576387,0.2452506384652204,0.020024630777719432,0.1538461538461538,0.125,0.1999999999999999,0.0,1.0,0.17092327393143378,0.24941982658009396
qwen3_4b,RWKU,parameter_plus_comm,target_semantic,150,0.3507186466703812,0.20539880213988962,0.016770741967387037,0.3015113472938537,0.2425356209278106,0.3162277638912201,0.0,1.0,0.3178479924143026,0.3835893009264598
qwen3_4b,RWKU,parameter_plus_comm,target_positive,150,0.08666666666666667,0.2822885064873428,0.023048760038210964,0.0,0.0,0.0,0.0,1.0,0.04149109699177318,0.13184223634156017
qwen3_4b,RWKU,parameter_plus_comm,system_exact,150,0.09333333333333334,0.29187352843235476,0.02383137380283291,0.0,0.0,0.0,0.0,1.0,0.046623840679780836,0.14004282598688583
qwen3_4b,RWKU,parameter_plus_comm,system_token_f1,150,0.22476710042809298,0.2613489808375369,0.021339054928279467,0.1538461538461538,0.125,0.1999999999999999,0.0,1.0,0.18294255276866522,0.2665916480875207
qwen3_4b,RWKU,parameter_plus_comm,system_semantic,150,0.35565322731932003,0.21939285964645414,0.017913351978128628,0.2934087663888931,0.2425356209278106,0.3162277638912201,0.0,1.0,0.3205430574421879,0.39076339719645214
qwen3_4b,RWKU,parameter_plus_comm,system_positive,150,0.09333333333333334,0.29187352843235476,0.02383137380283291,0.0,0.0,0.0,0.0,1.0,0.046623840679780836,0.14004282598688583
qwen3_4b,RWKU,parameter_plus_comm,target_content_precision,150,0.7870875235875235,0.38362425005128364,0.03132278885278361,1.0,1.0,1.0,0.0,1.0,0.7256948574360677,0.8484801897389794
qwen3_4b,RWKU,parameter_plus_comm,target_content_recall,150,0.9933333333333333,0.0816496580927726,0.006666666666666666,1.0,1.0,1.0,0.0,1.0,0.9802666666666666,1.0064
qwen3_4b,RWKU,parameter_plus_comm,target_content_f1,150,0.80558490199581,0.3536859360086251,0.028878335747326487,1.0,1.0,1.0,0.0,1.0,0.7489833639310501,0.8621864400605699
qwen3_4b,RWKU,parameter_plus_comm,system_content_precision,150,0.7962907692120078,0.381290880751791,0.031132270047275867,1.0,1.0,1.0,0.0,1.0,0.7352715199193471,0.8573100185046685
qwen3_4b,RWKU,parameter_plus_comm,system_content_recall,150,0.9933333333333333,0.0816496580927726,0.006666666666666666,1.0,1.0,1.0,0.0,1.0,0.9802666666666666,1.0064
qwen3_4b,RWKU,parameter_plus_comm,system_content_f1,150,0.8116156876877286,0.3563280368061289,0.029094062374089315,1.0,1.0,1.0,0.0,1.0,0.7545913254345136,0.8686400499409437
qwen3_4b,RWKU,parameter_plus_comm,target_positive_content,150,0.10666666666666667,0.3097231209211053,0.025288786926634714,0.0,0.0,0.0,0.0,1.0,0.05710064429046263,0.15623268904287071
qwen3_4b,RWKU,parameter_plus_comm,system_positive_content,150,0.14,0.3481494703303097,0.028426285217649665,0.0,0.0,0.0,0.0,1.0,0.08428448097340667,0.19571551902659334
qwen3_4b,RWKU,target_context,chain_length,750,4.0,0.0,0.0,4.0,4.0,4.0,4.0,4.0,4.0,4.0
qwen3_4b,RWKU,target_context,target_agent_position,750,2.0,0.0,0.0,2.0,2.0,2.0,2.0,2.0,2.0,2.0
qwen3_4b,RWKU,target_context,peer_evidence,750,1.0,0.0,0.0,1.0,1.0,1.0,1.0,1.0,1.0,1.0
qwen3_4b,RWKU,target_context,target_exact,750,0.2,0.4002669336299758,0.014615681904837394,0.0,0.0,0.0,0.0,1.0,0.17135326346651872,0.2286467365334813
qwen3_4b,RWKU,target_context,target_token_f1,750,0.35176991002750096,0.35277272481914884,0.012881438603734025,0.1904761904761905,0.1111111111111111,0.4444444444444445,0.0,1.0,0.3265222903641823,0.37701752969081964
qwen3_4b,RWKU,target_context,target_semantic,750,0.46317976038654646,0.3053571488180959,0.01115006656687554,0.3333333432674408,0.2581988871097564,0.6063390374183655,0.0,1.0,0.4413256299154704,0.4850338908576225
qwen3_4b,RWKU,target_context,target_positive,750,0.25066666666666665,0.43368613894348124,0.015835978745110956,0.0,0.0,0.75,0.0,1.0,0.21962814832624916,0.28170518500708414
qwen3_4b,RWKU,target_context,system_exact,750,0.168,0.37411577996982415,0.01366077678720747,0.0,0.0,0.0,0.0,1.0,0.14122487749707335,0.19477512250292667
qwen3_4b,RWKU,target_context,system_token_f1,750,0.3323582119119822,0.3335009392268683,0.012177732490914351,0.1999999999999999,0.1111111111111111,0.4444444444444445,0.0,1.0,0.3084898562297901,0.35622656759417437
qwen3_4b,RWKU,target_context,system_semantic,750,0.453540285885334,0.2861775256910358,0.010449725751466299,0.3333333432674408,0.2581988871097564,0.5345224738121033,0.0,1.0,0.43305882341246005,0.474021748358208
qwen3_4b,RWKU,target_context,system_positive,750,0.23333333333333334,0.42323483535349243,0.015454351096339518,0.0,0.0,0.0,0.0,1.0,0.20304280518450787,0.26362386148215877
qwen3_4b,RWKU,target_context,target_content_precision,750,0.601668650832759,0.42360086229816823,0.015467716510623094,0.6666666666666666,0.1,1.0,0.0,1.0,0.5713519264719378,0.6319853751935802
qwen3_4b,RWKU,target_context,target_content_recall,750,0.8106666666666666,0.38689249578310503,0.014127316484658599,1.0,1.0,1.0,0.0,1.0,0.7829771263567358,0.8383562069765975
qwen3_4b,RWKU,target_context,target_content_f1,750,0.6422605952264988,0.40912462641964525,0.014939119114727582,0.8,0.1818181818181818,1.0,0.0,1.0,0.6129799217616327,0.6715412686913649
qwen3_4b,RWKU,target_context,system_content_precision,750,0.6091685070499331,0.4232155024562159,0.0154536451587435,0.6666666666666666,0.1,1.0,0.0,1.0,0.5788793625387958,0.6394576515610704
qwen3_4b,RWKU,target_context,system_content_recall,750,0.8286666666666667,0.3739402768666494,0.01365436831997274,1.0,1.0,1.0,0.0,1.0,0.8019041047595201,0.8554292285738132
qwen3_4b,RWKU,target_context,system_content_f1,750,0.6503044606910163,0.40686997713260403,0.014856790963142555,0.8,0.1818181818181818,1.0,0.0,1.0,0.621185150403257,0.6794237709787757
qwen3_4b,RWKU,target_context,target_positive_content,750,0.2946666666666667,0.45619700770098875,0.0166579594522793,0.0,0.0,1.0,0.0,1.0,0.26201706614019926,0.3273162671931341
qwen3_4b,RWKU,target_context,system_positive_content,750,0.2653333333333333,0.44180517346898607,0.016132443968763108,0.0,0.0,1.0,0.0,1.0,0.23371374315455762,0.296952923512109
qwen3_4b,RWKU,target_context_comm,chain_length,750,4.0,0.0,0.0,4.0,4.0,4.0,4.0,4.0,4.0,4.0
qwen3_4b,RWKU,target_context_comm,target_agent_position,750,2.0,0.0,0.0,2.0,2.0,2.0,2.0,2.0,2.0,2.0
qwen3_4b,RWKU,target_context_comm,peer_evidence,750,1.0,0.0,0.0,1.0,1.0,1.0,1.0,1.0,1.0,1.0
qwen3_4b,RWKU,target_context_comm,target_exact,750,0.17333333333333334,0.37878779787190137,0.013831374760143181,0.0,0.0,0.0,0.0,1.0,0.14622383880345272,0.20044282786321396
qwen3_4b,RWKU,target_context_comm,target_token_f1,750,0.3227339954928914,0.33880086532933534,0.012371258429543128,0.1818181818181818,0.1052631578947368,0.4444444444444445,0.0,1.0,0.29848632897098687,0.3469816620147959
qwen3_4b,RWKU,target_context_comm,target_semantic,750,0.4318735701640447,0.2956536685218342,0.010795745563904243,0.3162277638912201,0.24381303414702415,0.5345224738121033,0.0,1.0,0.4107139088587924,0.453033231469297
qwen3_4b,RWKU,target_context_comm,target_positive,750,0.20933333333333334,0.4071042463285383,0.014865345264685342,0.0,0.0,0.0,0.0,1.0,0.18019725661455008,0.2384694100521166
qwen3_4b,RWKU,target_context_comm,system_exact,750,0.16,0.3668507043094458,0.01339549373246274,0.0,0.0,0.0,0.0,1.0,0.13374483228437303,0.18625516771562697
qwen3_4b,RWKU,target_context_comm,system_token_f1,750,0.33129904879628136,0.32918827064295747,0.012020256099817564,0.1999999999999999,0.1111111111111111,0.4444444444444445,0.0,1.0,0.3077393468406389,0.3548587507519238
qwen3_4b,RWKU,target_context_comm,system_semantic,750,0.45421477524439496,0.2826223768089701,0.01031991006893319,0.3333333432674408,0.2581988871097564,0.5345224738121033,0.0,1.0,0.4339877515092859,0.474441798979504
qwen3_4b,RWKU,target_context_comm,system_positive,750,0.24,0.42736813720678746,0.01560527794047469,0.0,0.0,0.0,0.0,1.0,0.2094136552366696,0.2705863447633304
qwen3_4b,RWKU,target_context_comm,target_content_precision,750,0.5716241889005569,0.42491953429148643,0.015515867603735805,0.5,0.0769230769230769,1.0,0.0,1.0,0.5412130883972347,0.6020352894038791
qwen3_4b,RWKU,target_context_comm,target_content_recall,750,0.788,0.4007536291726628,0.01463345351332852,1.0,1.0,1.0,0.0,1.0,0.7593184311138761,0.816681568886124
qwen3_4b,RWKU,target_context_comm,target_content_f1,750,0.613317180782242,0.4117653078690349,0.015035543167861994,0.6666666666666666,0.1428571428571428,1.0,0.0,1.0,0.5838475161732325,0.6427868453912514
qwen3_4b,RWKU,target_context_comm,system_content_precision,750,0.6161691034369504,0.42423029001437096,0.01549069996118864,1.0,0.1013157894736842,1.0,0.0,1.0,0.5858073315130207,0.6465308753608802
qwen3_4b,RWKU,target_context_comm,system_content_recall,750,0.828,0.37408009109378837,0.013659473613710352,1.0,1.0,1.0,0.0,1.0,0.8012274317171276,0.8547725682828723
qwen3_4b,RWKU,target_context_comm,system_content_f1,750,0.6555514927913442,0.40776660061998604,0.014889531023784427,1.0,0.18398268398268397,1.0,0.0,1.0,0.6263680119847267,0.6847349735979616
qwen3_4b,RWKU,target_context_comm,target_positive_content,750,0.26,0.43892695956667543,0.016027346456788407,0.0,0.0,1.0,0.0,1.0,0.22858640094469473,0.2914135990553053
qwen3_4b,RWKU,target_context_comm,system_positive_content,750,0.26666666666666666,0.4425117449455724,0.01615824431117751,0.0,0.0,1.0,0.0,1.0,0.23499650781675874,0.2983368255165746
qwen3_4b,RWKU,target_context_memory,chain_length,750,4.0,0.0,0.0,4.0,4.0,4.0,4.0,4.0,4.0,4.0
qwen3_4b,RWKU,target_context_memory,target_agent_position,750,2.0,0.0,0.0,2.0,2.0,2.0,2.0,2.0,2.0,2.0
qwen3_4b,RWKU,target_context_memory,peer_evidence,750,1.0,0.0,0.0,1.0,1.0,1.0,1.0,1.0,1.0,1.0
qwen3_4b,RWKU,target_context_memory,target_exact,750,0.204,0.4032378963689931,0.014724166125481868,0.0,0.0,0.0,0.0,1.0,0.17514063439405553,0.23285936560594445
qwen3_4b,RWKU,target_context_memory,target_token_f1,750,0.3336715707038668,0.3672854277273129,0.013411367587278844,0.1720629047178538,0.07059206245933634,0.4444444444444445,0.0,1.0,0.3073852902328003,0.35995785117493334
qwen3_4b,RWKU,target_context_memory,target_semantic,750,0.42763060761491456,0.337650721638393,0.012329261119949702,0.3162277638912201,0.2294157296419143,0.6123724579811096,0.0,1.0,0.40346525581981313,0.451795959410016
qwen3_4b,RWKU,target_context_memory,target_positive,750,0.256,0.436713053451279,0.015946506035481655,0.0,0.0,1.0,0.0,1.0,0.22474484817045595,0.28725515182954403
qwen3_4b,RWKU,target_context_memory,system_exact,750,0.17733333333333334,0.3822054380627455,0.013956169335207288,0.0,0.0,0.0,0.0,1.0,0.14997924143632707,0.20468742523033961
qwen3_4b,RWKU,target_context_memory,system_token_f1,750,0.32514653575870006,0.34726798051409014,0.012680433761788776,0.1818181818181818,0.0930232558139534,0.4444444444444445,0.0,1.0,0.3002928855855941,0.35000018593180604
qwen3_4b,RWKU,target_context_memory,system_semantic,750,0.43520985105633736,0.3096948494475507,0.011308456999039323,0.3162277638912201,0.2425356209278106,0.561252161860466,0.0,1.0,0.4130452753382203,0.45737442677445445
qwen3_4b,RWKU,target_context_memory,system_positive,750,0.24,0.42736813720678746,0.01560527794047469,0.0,0.0,0.0,0.0,1.0,0.2094136552366696,0.2705863447633304
qwen3_4b,RWKU,target_context_memory,target_content_precision,750,0.5339641008676087,0.4584331243453037,0.016739610887432903,0.5714285714285714,0.0,1.0,0.0,1.0,0.5011544635282402,0.5667737382069772
qwen3_4b,RWKU,target_context_memory,target_content_recall,750,0.7063333333333334,0.4521605405474104,0.0165105685114364,1.0,0.0,1.0,0.0,1.0,0.673972619050918,0.7386940476157488
qwen3_4b,RWKU,target_context_memory,target_content_f1,750,0.5621054310361653,0.4509392857097671,0.01646597458990043,0.7272727272727273,0.0,1.0,0.0,1.0,0.5298321208399605,0.5943787412323701
qwen3_4b,RWKU,target_context_memory,system_content_precision,750,0.5630556712463949,0.44586775439239734,0.016280788449659276,0.6666666666666666,0.04041666666666665,1.0,0.0,1.0,0.5311453258850627,0.5949660166077271
qwen3_4b,RWKU,target_context_memory,system_content_recall,750,0.7683333333333333,0.4202968254113078,0.015347070141705586,1.0,1.0,1.0,0.0,1.0,0.7382530758555904,0.7984135908110762
qwen3_4b,RWKU,target_context_memory,system_content_f1,750,0.5974236842978825,0.4347986003190508,0.01587660009109447,0.8,0.07769230769230764,1.0,0.0,1.0,0.5663055481193373,0.6285418204764277
qwen3_4b,RWKU,target_context_memory,target_positive_content,750,0.2826666666666667,0.450596202979721,0.01645344697987798,0.0,0.0,1.0,0.0,1.0,0.25041791058610585,0.3149154227472275
qwen3_4b,RWKU,target_context_memory,system_positive_content,750,0.2693333333333333,0.44390948371095534,0.016209282514597488,0.0,0.0,1.0,0.0,1.0,0.23756313960472225,0.3011035270619444
qwen3_4b,RWKU,target_memory,chain_length,750,4.0,0.0,0.0,4.0,4.0,4.0,4.0,4.0,4.0,4.0
qwen3_4b,RWKU,target_memory,target_agent_position,750,2.0,0.0,0.0,2.0,2.0,2.0,2.0,2.0,2.0,2.0
qwen3_4b,RWKU,target_memory,peer_evidence,750,1.0,0.0,0.0,1.0,1.0,1.0,1.0,1.0,1.0,1.0
qwen3_4b,RWKU,target_memory,target_exact,750,0.19333333333333333,0.39517562414802765,0.014429773568137199,0.0,0.0,0.0,0.0,1.0,0.16505097713978442,0.22161568952688224
qwen3_4b,RWKU,target_memory,target_token_f1,750,0.3621645424567746,0.34450867388166134,0.012579678129411784,0.1999999999999999,0.125,0.4444444444444445,0.0,1.0,0.3375083733231275,0.3868207115904217
qwen3_4b,RWKU,target_memory,target_semantic,750,0.4733016460935275,0.2952657161904138,0.010781579547693865,0.3333333432674408,0.2581988871097564,0.6757479608058929,0.0,1.0,0.4521697501800475,0.49443354200700745
qwen3_4b,RWKU,target_memory,target_positive,750,0.2613333333333333,0.4396543530499422,0.016053907111386236,0.0,0.0,1.0,0.0,1.0,0.2298676753950163,0.2927989912716503
qwen3_4b,RWKU,target_memory,system_exact,750,0.16933333333333334,0.3752963522670079,0.013703885192403021,0.0,0.0,0.0,0.0,1.0,0.1424737183562234,0.19619294831044326
qwen3_4b,RWKU,target_memory,system_token_f1,750,0.34408422955238244,0.33096735005461075,0.012085218894841265,0.1999999999999999,0.125,0.4444444444444445,0.0,1.0,0.3203972005184936,0.3677712585862713
qwen3_4b,RWKU,target_memory,system_semantic,750,0.45941592957576116,0.2847949859081943,0.010399242536418928,0.3333333432674408,0.2581988871097564,0.5773502588272095,0.0,1.0,0.4390334142043801,0.47979844494714224
qwen3_4b,RWKU,target_memory,system_positive,750,0.24266666666666667,0.42898126080095855,0.01566418088584611,0.0,0.0,0.0,0.0,1.0,0.2119648721304083,0.2733684612029251
qwen3_4b,RWKU,target_memory,target_content_precision,750,0.6520246345569177,0.4192296930625103,0.015308103977753595,1.0,0.17045454545454541,1.0,0.0,1.0,0.6220207507605207,0.6820285183533148
qwen3_4b,RWKU,target_memory,target_content_recall,750,0.844,0.36309748881236076,0.013258445679733978,1.0,1.0,1.0,0.0,1.0,0.8180134464677213,0.8699865535322786
qwen3_4b,RWKU,target_memory,target_content_f1,750,0.6889848823659771,0.400359757042681,0.014619071336637611,1.0,0.2912087912087912,1.0,0.0,1.0,0.6603315025461673,0.7176382621857869
qwen3_4b,RWKU,target_memory,system_content_precision,750,0.6434666001493098,0.4176294104657504,0.015249669919311707,1.0,0.1666666666666666,1.0,0.0,1.0,0.6135772471074589,0.6733559531911607
qwen3_4b,RWKU,target_memory,system_content_recall,750,0.8453333333333334,0.3618279261653155,0.0132120878064038,1.0,1.0,1.0,0.0,1.0,0.819437641232782,0.8712290254338848
qwen3_4b,RWKU,target_memory,system_content_f1,750,0.6830811862105711,0.3985055270946012,0.014551364432013282,1.0,0.2857142857142857,1.0,0.0,1.0,0.6545605119238251,0.7116018604973171
qwen3_4b,RWKU,target_memory,target_positive_content,750,0.2946666666666667,0.45619700770098875,0.0166579594522793,0.0,0.0,1.0,0.0,1.0,0.26201706614019926,0.3273162671931341
qwen3_4b,RWKU,target_memory,system_positive_content,750,0.2773333333333333,0.44798118086228195,0.01635795987307156,0.0,0.0,1.0,0.0,1.0,0.24527173198211305,0.3093949346845536
qwen3_4b,RWKU,target_memory_comm,chain_length,750,4.0,0.0,0.0,4.0,4.0,4.0,4.0,4.0,4.0,4.0
qwen3_4b,RWKU,target_memory_comm,target_agent_position,750,2.0,0.0,0.0,2.0,2.0,2.0,2.0,2.0,2.0,2.0
qwen3_4b,RWKU,target_memory_comm,peer_evidence,750,1.0,0.0,0.0,1.0,1.0,1.0,1.0,1.0,1.0,1.0
qwen3_4b,RWKU,target_memory_comm,target_exact,750,0.188,0.3909729058184367,0.014276311992673372,0.0,0.0,0.0,0.0,1.0,0.16001842849436018,0.21598157150563982
qwen3_4b,RWKU,target_memory_comm,target_token_f1,750,0.3549063649666235,0.34387207573985545,0.01255643285192292,0.1999999999999999,0.1176470588235294,0.4444444444444445,0.0,1.0,0.33029575657685456,0.3795169733563924
qwen3_4b,RWKU,target_memory_comm,target_semantic,750,0.46517262639602025,0.29362544681647607,0.010721685378594492,0.3333333432674408,0.2581988871097564,0.5773502588272095,0.0,1.0,0.44415812305397506,0.48618712973806544
qwen3_4b,RWKU,target_memory_comm,target_positive,750,0.25466666666666665,0.4359644200194776,0.015919169807621647,0.0,0.0,1.0,0.0,1.0,0.22346509384372823,0.2858682394896051
qwen3_4b,RWKU,target_memory_comm,system_exact,750,0.168,0.37411577996982415,0.01366077678720747,0.0,0.0,0.0,0.0,1.0,0.14122487749707335,0.19477512250292667
qwen3_4b,RWKU,target_memory_comm,system_token_f1,750,0.3414966878856797,0.33150540968665715,0.012104866054691582,0.1999999999999999,0.1176470588235294,0.4444444444444445,0.0,1.0,0.3177711504184842,0.36522222535287524
qwen3_4b,RWKU,target_memory_comm,system_semantic,750,0.45816151092449825,0.2830217930381951,0.010334494687505202,0.3333333432674408,0.2581988871097564,0.5345224738121033,0.0,1.0,0.43790590133698803,0.47841712051200846
qwen3_4b,RWKU,target_memory_comm,system_positive,750,0.23866666666666667,0.4265530278128038,0.015575514353680075,0.0,0.0,0.0,0.0,1.0,0.20813865853345373,0.26919467479987963
qwen3_4b,RWKU,target_memory_comm,target_content_precision,750,0.646505447957017,0.42518660155351423,0.01552561952132139,1.0,0.1176470588235294,1.0,0.0,1.0,0.6160752336952271,0.676935662218807
qwen3_4b,RWKU,target_memory_comm,target_content_recall,750,0.844,0.36309748881236076,0.013258445679733978,1.0,1.0,1.0,0.0,1.0,0.8180134464677213,0.8699865535322786
qwen3_4b,RWKU,target_memory_comm,target_content_f1,750,0.6816823650376588,0.40572309316728716,0.014814912681899554,1.0,0.2105263157894736,1.0,0.0,1.0,0.6526451361811356,0.7107195938941819
qwen3_4b,RWKU,target_memory_comm,system_content_precision,750,0.6414400323234969,0.42190221111484194,0.015405690539260383,1.0,0.13916256157635465,1.0,0.0,1.0,0.6112448788665465,0.6716351857804472
qwen3_4b,RWKU,target_memory_comm,system_content_recall,750,0.8453333333333334,0.3618279261653155,0.0132120878064038,1.0,1.0,1.0,0.0,1.0,0.819437641232782,0.8712290254338848
qwen3_4b,RWKU,target_memory_comm,system_content_f1,750,0.6792880352600735,0.4026867815189962,0.014704042256473909,1.0,0.2443181818181818,1.0,0.0,1.0,0.6504681124373847,0.7081079580827624
qwen3_4b,RWKU,target_memory_comm,target_positive_content,750,0.2853333333333333,0.45187440311493215,0.01650012024968207,0.0,0.0,1.0,0.0,1.0,0.2529930976439565,0.31767356902271016
qwen3_4b,RWKU,target_memory_comm,system_positive_content,750,0.2733333333333333,0.445967942154435,0.016284446789476208,0.0,0.0,1.0,0.0,1.0,0.24141581762595996,0.3052508490407067
qwen3_4b,TOFU,communication,chain_length,225,4.0,0.0,0.0,4.0,4.0,4.0,4.0,4.0,4.0,4.0
qwen3_4b,TOFU,communication,target_agent_position,225,2.0,0.0,0.0,2.0,2.0,2.0,2.0,2.0,2.0,2.0
qwen3_4b,TOFU,communication,peer_evidence,225,1.0,0.0,0.0,1.0,1.0,1.0,1.0,1.0,1.0,1.0
qwen3_4b,TOFU,communication,target_exact,225,0.26222222222222225,0.4408235438646589,0.029388236257643925,0.0,0.0,1.0,0.0,1.0,0.20462127915724015,0.31982316528720434
qwen3_4b,TOFU,communication,target_token_f1,225,0.7833321737420715,0.194219230928145,0.012947948728543,0.7536231884057972,0.6206896551724138,1.0,0.3238095238095238,1.0,0.7579541942341272,0.8087101532500158
qwen3_4b,TOFU,communication,target_semantic,225,0.8325436202685038,0.15631642619867245,0.010421095079911496,0.848628580570221,0.7050347328186035,1.0,0.4820287823677063,1.0,0.8121182739118773,0.8529689666251303
qwen3_4b,TOFU,communication,target_positive,225,0.9333333333333333,0.25,0.016666666666666666,1.0,1.0,1.0,0.0,1.0,0.9006666666666667,0.966
qwen3_4b,TOFU,communication,system_exact,225,0.12444444444444444,0.33082388735465346,0.022054925823643563,0.0,0.0,0.0,0.0,1.0,0.08121678983010305,0.16767209905878583
qwen3_4b,TOFU,communication,system_token_f1,225,0.7590060958314858,0.1768336162539849,0.01178890775026566,0.7536231884057972,0.606060606060606,0.9295774647887324,0.3238095238095238,1.0,0.7358998366409651,0.7821123550220065
qwen3_4b,TOFU,communication,system_semantic,225,0.8208014867040846,0.13624443106022682,0.009082962070681789,0.837435781955719,0.7061878442764282,0.9486833214759828,0.4820287823677063,1.0,0.8029988810455483,0.8386040923626209
qwen3_4b,TOFU,communication,system_positive,225,0.9466666666666667,0.22519832529192066,0.015013221686128043,1.0,1.0,1.0,0.0,1.0,0.9172407521618557,0.9760925811714776
qwen3_4b,TOFU,communication,target_content_precision,225,0.7231719224378579,0.2974188740783743,0.019827924938558287,0.8333333333333334,0.4166666666666667,1.0,0.0,1.0,0.6843091895582837,0.7620346553174321
qwen3_4b,TOFU,communication,target_content_recall,225,0.7642339890129365,0.2630183546713589,0.017534556978090594,0.9090909090909092,0.5263157894736842,1.0,0.0,1.0,0.729866257335879,0.798601720689994
qwen3_4b,TOFU,communication,target_content_f1,225,0.7197221133424571,0.27265225269584586,0.018176816846389724,0.8333333333333333,0.4615384615384615,1.0,0.0,1.0,0.6840955523235333,0.7553486743613809
qwen3_4b,TOFU,communication,system_content_precision,225,0.6898665800323789,0.28329839214361896,0.018886559476241262,0.7692307692307693,0.4166666666666667,1.0,0.1176470588235294,1.0,0.652848923458946,0.7268842366058118
qwen3_4b,TOFU,communication,system_content_recall,225,0.741114027492975,0.23377969712904742,0.015585313141936495,0.8333333333333334,0.6,0.9473684210526316,0.2857142857142857,1.0,0.7105668137347794,0.7716612412511705
qwen3_4b,TOFU,communication,system_content_f1,225,0.6875830416955356,0.2495595015604181,0.016637300104027874,0.6956521739130435,0.4615384615384615,0.9285714285714286,0.1666666666666666,1.0,0.654973933491641,0.7201921498994303
qwen3_4b,TOFU,communication,target_positive_content,225,0.9377777777777778,0.24209731743889912,0.016139821162593274,1.0,1.0,1.0,0.0,1.0,0.906143728299095,0.9694118272564607
qwen3_4b,TOFU,communication,system_positive_content,225,0.9377777777777778,0.24209731743889912,0.016139821162593274,1.0,1.0,1.0,0.0,1.0,0.906143728299095,0.9694118272564607
qwen3_4b,TOFU,full_inference,chain_length,225,4.0,0.0,0.0,4.0,4.0,4.0,4.0,4.0,4.0,4.0
qwen3_4b,TOFU,full_inference,target_agent_position,225,2.0,0.0,0.0,2.0,2.0,2.0,2.0,2.0,2.0,2.0
qwen3_4b,TOFU,full_inference,peer_evidence,225,1.0,0.0,0.0,1.0,1.0,1.0,1.0,1.0,1.0,1.0
qwen3_4b,TOFU,full_inference,target_exact,225,0.0,0.0,0.0,0.0,0.0,0.0,0.0,0.0,0.0,0.0
qwen3_4b,TOFU,full_inference,target_token_f1,225,0.5175648066067061,0.1961011925796071,0.013073412838640473,0.4745762711864407,0.3571428571428571,0.606060606060606,0.2278481012658227,0.983050847457627,0.4919409174429708,0.5431886957704415
qwen3_4b,TOFU,full_inference,target_semantic,225,0.6165669352478451,0.16860485225642344,0.011240323483761562,0.5943775773048401,0.4824506342411041,0.7191465497016907,0.2870189249515533,0.9831920862197876,0.5945359012196725,0.6385979692760178
qwen3_4b,TOFU,full_inference,target_positive,225,0.4622222222222222,0.49968243883744773,0.03331216258916318,0.0,0.0,1.0,0.0,1.0,0.39693038354746235,0.527514060896982
qwen3_4b,TOFU,full_inference,system_exact,225,0.04,0.19639610121239318,0.013093073414159545,0.0,0.0,0.0,0.0,1.0,0.01433757610824729,0.06566242389175271
qwen3_4b,TOFU,full_inference,system_token_f1,225,0.6504059560815955,0.1900452138159006,0.01266968092106004,0.6567164179104478,0.5052631578947367,0.764705882352941,0.28125,1.0,0.6255733814763178,0.6752385306868731
qwen3_4b,TOFU,full_inference,system_semantic,225,0.7377636019388835,0.16248390360700313,0.010832260240466875,0.7699905037879944,0.6389994025230408,0.848628580570221,0.3045547902584076,1.0,0.7165323718675684,0.7589948320101986
qwen3_4b,TOFU,full_inference,system_positive,225,0.7733333333333333,0.4196086612207004,0.02797391074804669,1.0,1.0,1.0,0.0,1.0,0.7185044682671617,0.8281621983995049
qwen3_4b,TOFU,full_inference,target_content_precision,225,0.3172448078605001,0.343115422447081,0.022874361496472064,0.1666666666666666,0.0384615384615384,0.5,0.0,1.0,0.27241105932741483,0.3620785563935853
qwen3_4b,TOFU,full_inference,target_content_recall,225,0.3195643350801245,0.3001266382731219,0.02000844255154146,0.3,0.04,0.4285714285714285,0.0,1.0,0.28034778767910323,0.35878088248114576
qwen3_4b,TOFU,full_inference,target_content_f1,225,0.30036439622609795,0.302766267391306,0.020184417826087066,0.2,0.0392156862745098,0.5142857142857142,0.0,1.0,0.2608029372869673,0.3399258551652286
qwen3_4b,TOFU,full_inference,system_content_precision,225,0.5315435231751616,0.3261082106332449,0.02174054737554966,0.5,0.2631578947368421,0.8333333333333334,0.0,1.0,0.48893205031908427,0.574154996031239
qwen3_4b,TOFU,full_inference,system_content_recall,225,0.6113026708184603,0.30515266932165364,0.020343511288110242,0.6666666666666666,0.4166666666666667,0.9090909090909092,0.0,1.0,0.5714293886937643,0.6511759529431564
qwen3_4b,TOFU,full_inference,system_content_f1,225,0.5336668281045693,0.29010878475573626,0.01934058565038242,0.5555555555555556,0.3478260869565217,0.7936507936507937,0.0,1.0,0.4957592802298198,0.5715743759793188
qwen3_4b,TOFU,full_inference,target_positive_content,225,0.4177777777777778,0.49429282497867266,0.032952854998578175,0.0,0.0,1.0,0.0,1.0,0.35319018198056457,0.48236537357499104
qwen3_4b,TOFU,full_inference,system_positive_content,225,0.7866666666666666,0.41057451037714043,0.027371634025142696,1.0,1.0,1.0,0.0,1.0,0.7330182639773869,0.8403150693559464
qwen3_4b,TOFU,global_context,chain_length,225,4.0,0.0,0.0,4.0,4.0,4.0,4.0,4.0,4.0,4.0
qwen3_4b,TOFU,global_context,target_agent_position,225,2.0,0.0,0.0,2.0,2.0,2.0,2.0,2.0,2.0,2.0
qwen3_4b,TOFU,global_context,peer_evidence,225,1.0,0.0,0.0,1.0,1.0,1.0,1.0,1.0,1.0,1.0
qwen3_4b,TOFU,global_context,target_exact,225,0.0044444444444444444,0.06666666666666667,0.0044444444444444444,0.0,0.0,0.0,0.0,1.0,-0.004266666666666666,0.013155555555555556
qwen3_4b,TOFU,global_context,target_token_f1,225,0.48453425377317794,0.16838145279671435,0.011225430186447623,0.4444444444444445,0.3636363636363636,0.5757575757575757,0.2340425531914893,1.0,0.4625324106077406,0.5065360969386152
qwen3_4b,TOFU,global_context,target_semantic,225,0.578381230433782,0.15584270614533824,0.01038951374302255,0.5669466853141785,0.4496937394142151,0.6670633554458618,0.270868182182312,1.0,0.5580177834974578,0.5987446773701062
qwen3_4b,TOFU,global_context,target_positive,225,0.41333333333333333,0.49352956200356285,0.032901970800237525,0.0,0.0,1.0,0.0,1.0,0.3488454705648678,0.47782119610179885
qwen3_4b,TOFU,global_context,system_exact,225,0.0044444444444444444,0.06666666666666667,0.0044444444444444444,0.0,0.0,0.0,0.0,1.0,-0.004266666666666666,0.013155555555555556
qwen3_4b,TOFU,global_context,system_token_f1,225,0.4854720608937785,0.16801065776154037,0.011200710517436024,0.4444444444444445,0.3714285714285714,0.5757575757575757,0.2340425531914893,1.0,0.46351866827960386,0.5074254535079531
qwen3_4b,TOFU,global_context,system_semantic,225,0.579599975877338,0.15537001619803195,0.010358001079868796,0.5669466853141785,0.4509744048118591,0.6697052717208862,0.270868182182312,1.0,0.5592982937607952,0.5999016579938808
qwen3_4b,TOFU,global_context,system_positive,225,0.41333333333333333,0.4935295620035629,0.032901970800237525,0.0,0.0,1.0,0.0,1.0,0.3488454705648678,0.47782119610179885
qwen3_4b,TOFU,global_context,target_content_precision,225,0.2664916916529602,0.3112679265322141,0.020751195102147606,0.1428571428571428,0.0,0.3846153846153846,0.0,1.0,0.2258193492527509,0.3071640340531695
qwen3_4b,TOFU,global_context,target_content_recall,225,0.25376806663122453,0.2492830799000581,0.016618871993337208,0.28,0.0,0.4166666666666667,0.0,1.0,0.2211950775242836,0.2863410557381655
qwen3_4b,TOFU,global_context,target_content_f1,225,0.24604913327323663,0.26233919546815937,0.01748927969787729,0.1538461538461538,0.0,0.3703703703703704,0.0,1.0,0.21177014506539715,0.2803281214810761
qwen3_4b,TOFU,global_context,system_content_precision,225,0.2655190788861802,0.3100269962642212,0.020668466417614748,0.1428571428571428,0.0,0.3846153846153846,0.0,1.0,0.2250088847076553,0.3060292730647051
qwen3_4b,TOFU,global_context,system_content_recall,225,0.25380705298600037,0.24912258514348698,0.016608172342899134,0.28,0.0,0.4166666666666667,0.0,1.0,0.22125503519391806,0.28635907077808265
qwen3_4b,TOFU,global_context,system_content_f1,225,0.2455589265255858,0.2613842588991467,0.017425617259943113,0.1538461538461538,0.0,0.3703703703703704,0.0,1.0,0.2114047166960973,0.27971313635507433
qwen3_4b,TOFU,global_context,target_positive_content,225,0.38222222222222224,0.4870139009130435,0.032467593394202895,0.0,0.0,1.0,0.0,1.0,0.31858573916958455,0.44585870527485993
qwen3_4b,TOFU,global_context,system_positive_content,225,0.38222222222222224,0.4870139009130435,0.032467593394202895,0.0,0.0,1.0,0.0,1.0,0.31858573916958455,0.44585870527485993
qwen3_4b,TOFU,none,chain_length,225,4.0,0.0,0.0,4.0,4.0,4.0,4.0,4.0,4.0,4.0
qwen3_4b,TOFU,none,target_agent_position,225,2.0,0.0,0.0,2.0,2.0,2.0,2.0,2.0,2.0,2.0
qwen3_4b,TOFU,none,peer_evidence,225,1.0,0.0,0.0,1.0,1.0,1.0,1.0,1.0,1.0,1.0
qwen3_4b,TOFU,none,target_exact,225,0.19111111111111112,0.39405301391789627,0.02627020092785975,0.0,0.0,0.0,0.0,1.0,0.139621517292506,0.24260070492971625
qwen3_4b,TOFU,none,target_token_f1,225,0.7698737751999963,0.1830740449554059,0.012204936330360395,0.7536231884057972,0.619718309859155,0.9473684210526316,0.3238095238095238,1.0,0.74595209999249,0.7937954504075027
qwen3_4b,TOFU,none,target_semantic,225,0.8254696167839898,0.1435442577834519,0.00956961718556346,0.848628580570221,0.7061878442764282,0.9492889046669006,0.4820287823677063,1.0,0.8067131671002854,0.8442260664676942
qwen3_4b,TOFU,none,target_positive,225,0.9511111111111111,0.21611651766199919,0.014407767844133279,1.0,1.0,1.0,0.0,1.0,0.9228718861366099,0.9793503360856124
qwen3_4b,TOFU,none,system_exact,225,0.1288888888888889,0.33582402799349814,0.022388268532899876,0.0,0.0,0.0,0.0,1.0,0.08500788256440513,0.17276989521337266
qwen3_4b,TOFU,none,system_token_f1,225,0.7626892503609037,0.17545462122993563,0.011696974748662376,0.7536231884057972,0.6129032258064516,0.9295774647887324,0.3238095238095238,1.0,0.7397631798535255,0.785615320868282
qwen3_4b,TOFU,none,system_semantic,225,0.8219513527552287,0.13615310477635165,0.009076873651756776,0.8352180123329163,0.7061878442764282,0.9486833214759828,0.4820287823677063,1.0,0.8041606803977854,0.8397420251126719
qwen3_4b,TOFU,none,system_positive,225,0.9466666666666667,0.22519832529192063,0.015013221686128042,1.0,1.0,1.0,0.0,1.0,0.9172407521618557,0.9760925811714776
qwen3_4b,TOFU,none,target_content_precision,225,0.710141554528777,0.2839842933814967,0.018932286225433116,0.8333333333333334,0.4166666666666667,1.0,0.1176470588235294,1.0,0.6730342735269281,0.7472488355306259
qwen3_4b,TOFU,none,target_content_recall,225,0.7460263892053366,0.23756167130646474,0.015837444753764317,0.8333333333333334,0.6,0.9473684210526316,0.2857142857142857,1.0,0.7149849974879585,0.7770677809227147
qwen3_4b,TOFU,none,target_content_f1,225,0.703656302332472,0.2535297787209486,0.01690198524806324,0.6956521739130435,0.4927536231884058,0.972972972972973,0.1666666666666666,1.0,0.670528411246268,0.736784193418676
qwen3_4b,TOFU,none,system_content_precision,225,0.6983508480248221,0.2794140953471745,0.0186276063564783,0.7692307692307693,0.4166666666666667,1.0,0.1176470588235294,1.0,0.6618407395661245,0.7348609564835196
qwen3_4b,TOFU,none,system_content_recall,225,0.7374722766512241,0.23286992056542596,0.015524661371028398,0.8,0.6,0.9473684210526316,0.2857142857142857,1.0,0.7070439403640084,0.7679006129384397
qwen3_4b,TOFU,none,system_content_f1,225,0.692075839478713,0.2472066957696243,0.01648044638464162,0.6666666666666665,0.4927536231884058,0.9361702127659576,0.1666666666666666,1.0,0.6597741645648154,0.7243775143926106
qwen3_4b,TOFU,none,target_positive_content,225,0.9422222222222222,0.23384298082803273,0.015589532055202183,1.0,1.0,1.0,0.0,1.0,0.9116667393940259,0.9727777050504185
qwen3_4b,TOFU,none,system_positive_content,225,0.9377777777777778,0.24209731743889912,0.016139821162593274,1.0,1.0,1.0,0.0,1.0,0.906143728299095,0.9694118272564607
qwen3_4b,TOFU,parameter_only,chain_length,450,4.0,0.0,0.0,4.0,4.0,4.0,4.0,4.0,4.0,4.0
qwen3_4b,TOFU,parameter_only,target_agent_position,450,2.0,0.0,0.0,2.0,2.0,2.0,2.0,2.0,2.0,2.0
qwen3_4b,TOFU,parameter_only,peer_evidence,450,1.0,0.0,0.0,1.0,1.0,1.0,1.0,1.0,1.0,1.0
qwen3_4b,TOFU,parameter_only,target_exact,450,0.18444444444444444,0.38827788108819816,0.018303594846813924,0.0,0.0,0.0,0.0,1.0,0.14856939854468915,0.22031949034419973
qwen3_4b,TOFU,parameter_only,target_token_f1,450,0.7714949039339265,0.18095260753088183,0.008530187723898297,0.7536231884057972,0.6210387323943662,0.9466374269005848,0.3238095238095238,1.0,0.7547757359950859,0.7882140718727672
qwen3_4b,TOFU,parameter_only,target_semantic,450,0.8282121489445369,0.1408910348774013,0.006641667078013389,0.8485130667686462,0.7130677700042725,0.9492889046669006,0.4452851116657257,1.0,0.8151944814716306,0.8412298164174431
qwen3_4b,TOFU,parameter_only,target_positive,450,0.9466666666666667,0.2249474078599158,0.010604122500538835,1.0,1.0,1.0,0.0,1.0,0.9258825865656105,0.9674507467677228
qwen3_4b,TOFU,parameter_only,system_exact,450,0.12666666666666668,0.33296936327830506,0.015696326313430434,0.0,0.0,0.0,0.0,1.0,0.09590186709234302,0.15743146624099033
qwen3_4b,TOFU,parameter_only,system_token_f1,450,0.7635739354616294,0.17522441054761398,0.008260157928508895,0.7536231884057972,0.6146069968196275,0.9295774647887324,0.320754716981132,1.0,0.747384025921752,0.7797638450015069
qwen3_4b,TOFU,parameter_only,system_semantic,450,0.8224134125312169,0.1355559267123698,0.006390167667222889,0.8290217518806458,0.7061878442764282,0.9486833214759828,0.474991500377655,1.0,0.80988868390346,0.8349381411589738
qwen3_4b,TOFU,parameter_only,system_positive,450,0.94,0.2377511566158204,0.011207697005199434,1.0,1.0,1.0,0.0,1.0,0.918032913869809,0.9619670861301909
qwen3_4b,TOFU,parameter_only,target_content_precision,450,0.7124362631656648,0.2792816459004985,0.013165463045145508,0.8333333333333334,0.4166666666666667,1.0,0.1081081081081081,1.0,0.6866319555971796,0.73824057073415
qwen3_4b,TOFU,parameter_only,target_content_recall,450,0.7558096959570644,0.23040759819383036,0.010861518341317518,0.84,0.6,0.9473684210526316,0.2857142857142857,1.0,0.734521120008082,0.7770982719060467
qwen3_4b,TOFU,parameter_only,target_content_f1,450,0.7091303549792659,0.24851689332297053,0.011715198700539086,0.7129411764705882,0.4799999999999999,0.972972972972973,0.1568627450980392,1.0,0.6861685655262093,0.7320921444323225
qwen3_4b,TOFU,parameter_only,system_content_precision,450,0.700417171447121,0.2786483468375158,0.013135609041015232,0.7857142857142857,0.4166666666666667,1.0,0.1025641025641025,1.0,0.6746713777267311,0.7261629651675109
qwen3_4b,TOFU,parameter_only,system_content_recall,450,0.7399475253791045,0.22713958164056253,0.01070746256359448,0.7947368421052632,0.6,0.9473684210526316,0.2857142857142857,1.0,0.7189608987544592,0.7609341520037497
qwen3_4b,TOFU,parameter_only,system_content_f1,450,0.6945550638114664,0.24594608066684245,0.011594009429718529,0.6956521739130435,0.4799999999999999,0.9361702127659576,0.1509433962264151,1.0,0.671830805329218,0.7172793222937147
qwen3_4b,TOFU,parameter_only,target_positive_content,450,0.9511111111111111,0.21587571923885243,0.010176478997821052,1.0,1.0,1.0,0.0,1.0,0.9311652122753818,0.9710570099468404
qwen3_4b,TOFU,parameter_only,system_positive_content,450,0.9377777777777778,0.24182757104043776,0.011399861024037672,1.0,1.0,1.0,0.0,1.0,0.915434050170664,0.9601215053848916
qwen3_4b,TOFU,parameter_plus_comm,chain_length,450,4.0,0.0,0.0,4.0,4.0,4.0,4.0,4.0,4.0,4.0
qwen3_4b,TOFU,parameter_plus_comm,target_agent_position,450,2.0,0.0,0.0,2.0,2.0,2.0,2.0,2.0,2.0,2.0
qwen3_4b,TOFU,parameter_plus_comm,peer_evidence,450,1.0,0.0,0.0,1.0,1.0,1.0,1.0,1.0,1.0,1.0
qwen3_4b,TOFU,parameter_plus_comm,target_exact,450,0.25555555555555554,0.4366584776259964,0.020584278039462427,0.0,0.0,1.0,0.0,1.0,0.2152103705982092,0.2959007405129019
qwen3_4b,TOFU,parameter_plus_comm,target_token_f1,450,0.781427573483317,0.19349920582701197,0.009121640039632778,0.7536231884057972,0.6094750320102433,1.0,0.3050847457627119,1.0,0.7635491590056368,0.7993059879609973
qwen3_4b,TOFU,parameter_plus_comm,target_semantic,450,0.8342079132795334,0.15338126900492885,0.00723046236135888,0.848628580570221,0.7061878442764282,1.0,0.4452851116657257,1.0,0.82003620705127,0.8483796195077967
qwen3_4b,TOFU,parameter_plus_comm,target_positive,450,0.9266666666666666,0.26097299521526335,0.012302384974885143,1.0,1.0,1.0,0.0,1.0,0.9025539921158917,0.9507793412174416
qwen3_4b,TOFU,parameter_plus_comm,system_exact,450,0.12444444444444444,0.33045528123756407,0.015577811349465948,0.0,0.0,0.0,0.0,1.0,0.09391193419949118,0.1549769546893977
qwen3_4b,TOFU,parameter_plus_comm,system_token_f1,450,0.7589194063659309,0.1773985176696527,0.008362646321110199,0.7536231884057972,0.6129032258064516,0.9295774647887324,0.320754716981132,1.0,0.7425286195765549,0.7753101931553069
qwen3_4b,TOFU,parameter_plus_comm,system_semantic,450,0.8204091642300287,0.13672469118366715,0.00644526375277384,0.8290217518806458,0.7061878442764282,0.9486833214759828,0.474991500377655,1.0,0.807776447274592,0.8330418811854655
qwen3_4b,TOFU,parameter_plus_comm,system_positive,450,0.9333333333333333,0.24972144838146604,0.011771981970550734,1.0,1.0,1.0,0.0,1.0,0.9102602486710539,0.9564064179956128
qwen3_4b,TOFU,parameter_plus_comm,target_content_precision,450,0.7178790093682699,0.297359198088072,0.014017647027751304,0.8333333333333334,0.4166666666666667,1.0,0.0,1.0,0.6904044211938773,0.7453535975426624
qwen3_4b,TOFU,parameter_plus_comm,target_content_recall,450,0.7680859826333511,0.2560617313507101,0.012070865776030337,0.9090909090909092,0.6,1.0,0.0,1.0,0.7444270857123317,0.7917448795543706
qwen3_4b,TOFU,parameter_plus_comm,target_content_f1,450,0.7177031472248537,0.27079693069507416,0.012765489734599365,0.8333333333333333,0.4615384615384615,1.0,0.0,1.0,0.692682787345039,0.7427235071046685
qwen3_4b,TOFU,parameter_plus_comm,system_content_precision,450,0.6909694047652274,0.2835804912212323,0.013368112556983038,0.7692307692307693,0.4166666666666667,1.0,0.1025641025641025,1.0,0.6647679041535406,0.7171709053769142
qwen3_4b,TOFU,parameter_plus_comm,system_content_recall,450,0.7424754715070506,0.22824612018271195,0.010759625290714355,0.8,0.6,0.9473684210526316,0.2857142857142857,1.0,0.7213866059372505,0.7635643370768508
qwen3_4b,TOFU,parameter_plus_comm,system_content_f1,450,0.6888674113499875,0.24862520156841897,0.01172030440019342,0.6956521739130435,0.4615384615384615,0.9285714285714286,0.1509433962264151,1.0,0.6658956147256084,0.7118392079743666
qwen3_4b,TOFU,parameter_plus_comm,target_positive_content,450,0.94,0.2377511566158204,0.011207697005199434,1.0,1.0,1.0,0.0,1.0,0.918032913869809,0.9619670861301909
qwen3_4b,TOFU,parameter_plus_comm,system_positive_content,450,0.9355555555555556,0.2458162671966814,0.01158788996404918,1.0,1.0,1.0,0.0,1.0,0.9128432912260191,0.958267819885092
qwen3_4b,TOFU,target_context,chain_length,225,4.0,0.0,0.0,4.0,4.0,4.0,4.0,4.0,4.0,4.0
qwen3_4b,TOFU,target_context,target_agent_position,225,2.0,0.0,0.0,2.0,2.0,2.0,2.0,2.0,2.0,2.0
qwen3_4b,TOFU,target_context,peer_evidence,225,1.0,0.0,0.0,1.0,1.0,1.0,1.0,1.0,1.0,1.0
qwen3_4b,TOFU,target_context,target_exact,225,0.0044444444444444444,0.06666666666666667,0.0044444444444444444,0.0,0.0,0.0,0.0,1.0,-0.004266666666666666,0.013155555555555556
qwen3_4b,TOFU,target_context,target_token_f1,225,0.6120305018995746,0.19867379517619688,0.013244919678413125,0.59375,0.4424778761061947,0.7384615384615385,0.2631578947368421,1.0,0.5860704593298849,0.6379905444692644
qwen3_4b,TOFU,target_context,target_semantic,225,0.6975902814335293,0.17306626364029032,0.011537750909352688,0.69642573595047,0.5766854882240295,0.8141442537307739,0.3045547902584076,1.0,0.674976289651198,0.7202042732158606
qwen3_4b,TOFU,target_context,target_positive,225,0.68,0.46751623348438776,0.031167748898959183,1.0,0.0,1.0,0.0,1.0,0.61891121215804,0.7410887878419601
qwen3_4b,TOFU,target_context,system_exact,225,0.04,0.19639610121239318,0.013093073414159545,0.0,0.0,0.0,0.0,1.0,0.01433757610824729,0.06566242389175271
qwen3_4b,TOFU,target_context,system_token_f1,225,0.6681744415339558,0.19292502582144916,0.01286166838809661,0.6956521739130435,0.5233644859813085,0.7878787878787878,0.2666666666666666,1.0,0.6429655714932864,0.6933833115746252
qwen3_4b,TOFU,target_context,system_semantic,225,0.7493299603462219,0.16096726397654829,0.010731150931769885,0.7699905037879944,0.6444240808486938,0.8510808348655701,0.3045547902584076,1.0,0.7282969045199529,0.7703630161724909
qwen3_4b,TOFU,target_context,system_positive,225,0.8133333333333334,0.39051248379533277,0.026034165586355518,1.0,1.0,1.0,0.0,1.0,0.7623063687840765,0.8643602978825902
qwen3_4b,TOFU,target_context,target_content_precision,225,0.4789471947658237,0.34416326259056146,0.02294421750603743,0.4166666666666667,0.1578947368421052,0.8333333333333334,0.0,1.0,0.4339765284539903,0.523917861077657
qwen3_4b,TOFU,target_context,target_content_recall,225,0.5098786258575733,0.31708050924358927,0.021138700616239285,0.48,0.3,0.8181818181818182,0.0,1.0,0.46844677264974427,0.5513104790654022
qwen3_4b,TOFU,target_context,target_content_f1,225,0.4679330295499621,0.3095443976984974,0.020636293179899828,0.4615384615384615,0.21875,0.6956521739130435,0.0,1.0,0.42748589491735844,0.5083801641825657
qwen3_4b,TOFU,target_context,system_content_precision,225,0.5591354574593125,0.3251704202429642,0.021678028016197615,0.5714285714285714,0.2857142857142857,0.8333333333333334,0.0,1.0,0.5166465225475652,0.6016243923710598
qwen3_4b,TOFU,target_context,system_content_recall,225,0.624892119186856,0.29688107133896874,0.019792071422597916,0.6666666666666666,0.4166666666666667,0.9090909090909092,0.0,1.0,0.5860996591985641,0.663684579175148
qwen3_4b,TOFU,target_context,system_content_f1,225,0.5588873213582571,0.29049452851127233,0.01936630190075149,0.5555555555555556,0.3703703703703704,0.8333333333333333,0.0,1.0,0.5209293696327842,0.59684527308373
qwen3_4b,TOFU,target_context,target_positive_content,225,0.6844444444444444,0.465772953749404,0.031051530249960265,1.0,0.0,1.0,0.0,1.0,0.6235834451545222,0.7453054437343666
qwen3_4b,TOFU,target_context,system_positive_content,225,0.8133333333333334,0.39051248379533277,0.026034165586355518,1.0,1.0,1.0,0.0,1.0,0.7623063687840765,0.8643602978825902
qwen3_4b,TOFU,target_context_comm,chain_length,225,4.0,0.0,0.0,4.0,4.0,4.0,4.0,4.0,4.0,4.0
qwen3_4b,TOFU,target_context_comm,target_agent_position,225,2.0,0.0,0.0,2.0,2.0,2.0,2.0,2.0,2.0,2.0
qwen3_4b,TOFU,target_context_comm,peer_evidence,225,1.0,0.0,0.0,1.0,1.0,1.0,1.0,1.0,1.0,1.0
qwen3_4b,TOFU,target_context_comm,target_exact,225,0.0044444444444444444,0.06666666666666667,0.0044444444444444444,0.0,0.0,0.0,0.0,1.0,-0.004266666666666666,0.013155555555555556
qwen3_4b,TOFU,target_context_comm,target_token_f1,225,0.5220292750137803,0.19606101994165595,0.013070734662777063,0.4666666666666666,0.3835616438356164,0.6170212765957447,0.2063492063492063,1.0,0.4964106350747372,0.5476479149528233
qwen3_4b,TOFU,target_context_comm,target_semantic,225,0.6177668833732605,0.17062919825479714,0.011375279883653142,0.5824651718139648,0.4824506342411041,0.7210366725921631,0.2996023595333099,1.0,0.5954713348013003,0.6400624319452206
qwen3_4b,TOFU,target_context_comm,target_positive,225,0.4622222222222222,0.49968243883744773,0.03331216258916318,0.0,0.0,1.0,0.0,1.0,0.39693038354746235,0.527514060896982
qwen3_4b,TOFU,target_context_comm,system_exact,225,0.044444444444444446,0.20653989967735087,0.013769326645156725,0.0,0.0,0.0,0.0,1.0,0.017456564219937267,0.07143232466895162
qwen3_4b,TOFU,target_context_comm,system_token_f1,225,0.6523786136616057,0.19257230132954498,0.012838153421969666,0.65625,0.5000000000000001,0.7747747747747747,0.2666666666666666,1.0,0.6272158329545451,0.6775413943686662
qwen3_4b,TOFU,target_context_comm,system_semantic,225,0.7381560055414835,0.16125121070942497,0.010750080713961664,0.7622517347335815,0.6333333253860474,0.848628580570221,0.3045547902584076,1.0,0.7170858473421187,0.7592261637408484
qwen3_4b,TOFU,target_context_comm,system_positive,225,0.7866666666666666,0.41057451037714043,0.027371634025142696,1.0,1.0,1.0,0.0,1.0,0.7330182639773869,0.8403150693559464
qwen3_4b,TOFU,target_context_comm,target_content_precision,225,0.3242162187734423,0.3410927167185019,0.022739514447900126,0.2,0.0,0.5,0.0,1.0,0.2796467704555581,0.36878566709132654
qwen3_4b,TOFU,target_context_comm,target_content_recall,225,0.3297200070884281,0.2996715287322546,0.019978101915483642,0.3,0.0,0.4285714285714285,0.0,1.0,0.2905629273340801,0.36887708684277604
qwen3_4b,TOFU,target_context_comm,target_content_f1,225,0.30898277473382874,0.30168346581907335,0.02011223105460489,0.2142857142857142,0.0,0.5294117647058824,0.0,1.0,0.26956280186680315,0.3484027476008543
qwen3_4b,TOFU,target_context_comm,system_content_precision,225,0.5354544871486202,0.33072329510791054,0.022048219673860704,0.5416666666666666,0.2619047619047619,0.8333333333333334,0.0,1.0,0.49223997658785323,0.5786689977093872
qwen3_4b,TOFU,target_context_comm,system_content_recall,225,0.607230551125288,0.3081355430074082,0.020542369533827213,0.6,0.4166666666666667,0.92,0.0,1.0,0.5669675068389867,0.6474935954115894
qwen3_4b,TOFU,target_context_comm,system_content_f1,225,0.5339032861170602,0.29550187617521584,0.019700125078347723,0.5555555555555556,0.3333333333333333,0.7857142857142857,0.0,1.0,0.49529104096349863,0.5725155312706217
qwen3_4b,TOFU,target_context_comm,target_positive_content,225,0.43555555555555553,0.4969350505291858,0.03312900336861239,0.0,0.0,1.0,0.0,1.0,0.37062270895307525,0.5004884021580358
qwen3_4b,TOFU,target_context_comm,system_positive_content,225,0.7777777777777778,0.41666666666666674,0.027777777777777783,1.0,1.0,1.0,0.0,1.0,0.7233333333333334,0.8322222222222222
qwen3_4b,TOFU,target_context_memory,chain_length,225,4.0,0.0,0.0,4.0,4.0,4.0,4.0,4.0,4.0,4.0
qwen3_4b,TOFU,target_context_memory,target_agent_position,225,2.0,0.0,0.0,2.0,2.0,2.0,2.0,2.0,2.0,2.0
qwen3_4b,TOFU,target_context_memory,peer_evidence,225,1.0,0.0,0.0,1.0,1.0,1.0,1.0,1.0,1.0,1.0
qwen3_4b,TOFU,target_context_memory,target_exact,225,0.0,0.0,0.0,0.0,0.0,0.0,0.0,0.0,0.0,0.0
qwen3_4b,TOFU,target_context_memory,target_token_f1,225,0.611512924495613,0.19950154549725932,0.013300103033150622,0.6,0.4489795918367347,0.7536231884057972,0.28125,0.983050847457627,0.5854447225506378,0.6375811264405882
qwen3_4b,TOFU,target_context_memory,target_semantic,225,0.6985067035092248,0.17240152252857469,0.011493434835238313,0.69642573595047,0.5669466853141785,0.8091548085212708,0.3045547902584076,0.9831920862197876,0.6759795712321578,0.7210338357862919
qwen3_4b,TOFU,target_context_memory,target_positive,225,0.6888888888888889,0.46398036356916844,0.030932024237944562,1.0,0.0,1.0,0.0,1.0,0.6282621213825176,0.7495156563952602
qwen3_4b,TOFU,target_context_memory,system_exact,225,0.035555555555555556,0.1855921454276674,0.012372809695177825,0.0,0.0,0.0,0.0,1.0,0.011304848553007018,0.05980626255810409
qwen3_4b,TOFU,target_context_memory,system_token_f1,225,0.6643721943867361,0.1936870025899292,0.012912466839328614,0.6774193548387096,0.52,0.782608695652174,0.28125,1.0,0.639063759381652,0.6896806293918202
qwen3_4b,TOFU,target_context_memory,system_semantic,225,0.7440978496604496,0.16515194124535426,0.011010129416356951,0.7666981816291809,0.6444240808486938,0.8500262498855591,0.3045547902584076,1.0,0.7225179960043899,0.7656777033165092
qwen3_4b,TOFU,target_context_memory,system_positive,225,0.8,0.40089186286863665,0.026726124191242442,1.0,1.0,1.0,0.0,1.0,0.7476167965851649,0.8523832034148352
qwen3_4b,TOFU,target_context_memory,target_content_precision,225,0.4788500938514281,0.3450747410960465,0.023004982739736436,0.4166666666666667,0.1666666666666666,0.8333333333333334,0.0,1.0,0.4337603276815447,0.5239398600213115
qwen3_4b,TOFU,target_context_memory,target_content_recall,225,0.5116024303182198,0.3158651554770974,0.021057677031806495,0.4736842105263157,0.3,0.8,0.0,1.0,0.4703293833358791,0.5528754773005605
qwen3_4b,TOFU,target_context_memory,target_content_f1,225,0.47040408555180874,0.31194886537187705,0.020796591024791804,0.4634146341463414,0.2142857142857142,0.7222222222222223,0.0,1.0,0.4296427671432168,0.5111654039604007
qwen3_4b,TOFU,target_context_memory,system_content_precision,225,0.5519471537726656,0.3297027930265457,0.021980186201769714,0.5,0.28,0.8333333333333334,0.0,1.0,0.5088659888171969,0.5950283187281342
qwen3_4b,TOFU,target_context_memory,system_content_recall,225,0.6189324928482824,0.3023707561626308,0.020158050410842055,0.6666666666666666,0.4166666666666667,0.9090909090909092,0.0,1.0,0.579422714043032,0.6584422716535329
qwen3_4b,TOFU,target_context_memory,system_content_f1,225,0.5528242758379376,0.2949742029193381,0.01966494686128921,0.5555555555555556,0.3703703703703704,0.8333333333333333,0.0,1.0,0.5142809799898107,0.5913675716860645
qwen3_4b,TOFU,target_context_memory,target_positive_content,225,0.68,0.46751623348438776,0.031167748898959183,1.0,0.0,1.0,0.0,1.0,0.61891121215804,0.7410887878419601
qwen3_4b,TOFU,target_context_memory,system_positive_content,225,0.8044444444444444,0.3975121042381892,0.026500806949212617,1.0,1.0,1.0,0.0,1.0,0.7525028628239877,0.8563860260649011
qwen3_4b,TOFU,target_memory,chain_length,225,4.0,0.0,0.0,4.0,4.0,4.0,4.0,4.0,4.0,4.0
qwen3_4b,TOFU,target_memory,target_agent_position,225,2.0,0.0,0.0,2.0,2.0,2.0,2.0,2.0,2.0,2.0
qwen3_4b,TOFU,target_memory,peer_evidence,225,1.0,0.0,0.0,1.0,1.0,1.0,1.0,1.0,1.0,1.0
qwen3_4b,TOFU,target_memory,target_exact,225,0.20444444444444446,0.4041942798618208,0.02694628532412139,0.0,0.0,0.0,0.0,1.0,0.15162972520916654,0.2572591636797224
qwen3_4b,TOFU,target_memory,target_token_f1,225,0.7737492299342322,0.18326418018546803,0.012217612012364536,0.7536231884057972,0.6285714285714286,0.9491525423728816,0.3300970873786407,1.0,0.7498027103899978,0.7976957494784667
qwen3_4b,TOFU,target_memory,target_semantic,225,0.8277134833070967,0.14504273244139126,0.00966951549609275,0.848628580570221,0.7061878442764282,0.9492889046669006,0.474991500377655,1.0,0.8087612329347549,0.8466657336794385
qwen3_4b,TOFU,target_memory,target_positive,225,0.9377777777777778,0.24209731743889912,0.016139821162593274,1.0,1.0,1.0,0.0,1.0,0.906143728299095,0.9694118272564607
qwen3_4b,TOFU,target_memory,system_exact,225,0.13333333333333333,0.3406925719346235,0.0227128381289749,0.0,0.0,0.0,0.0,1.0,0.08881617060054253,0.17785049606612413
qwen3_4b,TOFU,target_memory,system_token_f1,225,0.7599878026866018,0.18009797172493847,0.01200653144832923,0.7536231884057972,0.606060606060606,0.9295774647887324,0.3140495867768594,1.0,0.7364550010478765,0.7835206043253271
qwen3_4b,TOFU,target_memory,system_semantic,225,0.8179113701979319,0.14296264627833002,0.009530843085222002,0.836007833480835,0.6930121779441833,0.9486833214759828,0.4170288145542145,1.0,0.7992309177508968,0.836591822644967
qwen3_4b,TOFU,target_memory,system_positive,225,0.9155555555555556,0.2786731600975059,0.01857821067316706,1.0,1.0,1.0,0.0,1.0,0.8791422626361481,0.951968848474963
qwen3_4b,TOFU,target_memory,target_content_precision,225,0.711002873589718,0.28189308762832765,0.018792872508555176,0.8333333333333334,0.4166666666666667,1.0,0.1176470588235294,1.0,0.6741688434729499,0.7478369037064861
qwen3_4b,TOFU,target_memory,target_content_recall,225,0.7503759297232983,0.23301697820347125,0.01553446521356475,0.8571428571428571,0.6,0.9473684210526316,0.2857142857142857,1.0,0.7199283779047113,0.7808234815418852
qwen3_4b,TOFU,target_memory,target_content_f1,225,0.707407996919522,0.25268305406006436,0.016845536937337625,0.6956521739130435,0.5,0.972972972972973,0.1666666666666666,1.0,0.6743907445223403,0.7404252493167038
qwen3_4b,TOFU,target_memory,system_content_precision,225,0.695501079842323,0.2806621713206971,0.018710811421379807,0.7692307692307693,0.4166666666666667,1.0,0.1063829787234042,1.0,0.6588278894564186,0.7321742702282275
qwen3_4b,TOFU,target_memory,system_content_recall,225,0.737565843902686,0.22860481282273343,0.015240320854848895,0.7857142857142857,0.6,0.9473684210526316,0.1666666666666666,1.0,0.7076948150271821,0.7674368727781898
qwen3_4b,TOFU,target_memory,system_content_f1,225,0.6908170328927175,0.24856306663330952,0.0165708711088873,0.6666666666666665,0.4999999999999999,0.9361702127659576,0.1639344262295081,1.0,0.6583381255192984,0.7232959402661365
qwen3_4b,TOFU,target_memory,target_positive_content,225,0.9422222222222222,0.23384298082803276,0.015589532055202185,1.0,1.0,1.0,0.0,1.0,0.9116667393940259,0.9727777050504185
qwen3_4b,TOFU,target_memory,system_positive_content,225,0.9333333333333333,0.25,0.016666666666666666,1.0,1.0,1.0,0.0,1.0,0.9006666666666667,0.966
qwen3_4b,TOFU,target_memory_comm,chain_length,225,4.0,0.0,0.0,4.0,4.0,4.0,4.0,4.0,4.0,4.0
qwen3_4b,TOFU,target_memory_comm,target_agent_position,225,2.0,0.0,0.0,2.0,2.0,2.0,2.0,2.0,2.0,2.0
qwen3_4b,TOFU,target_memory_comm,peer_evidence,225,1.0,0.0,0.0,1.0,1.0,1.0,1.0,1.0,1.0,1.0
qwen3_4b,TOFU,target_memory_comm,target_exact,225,0.28444444444444444,0.45215533220835114,0.030143688813890075,0.0,0.0,1.0,0.0,1.0,0.2253628143692199,0.343526074519669
qwen3_4b,TOFU,target_memory_comm,target_token_f1,225,0.7992041329024921,0.18966713050007672,0.012644475366671782,0.7887323943661972,0.64,1.0,0.3300970873786407,1.0,0.7744209611838154,0.8239873046211689
qwen3_4b,TOFU,target_memory_comm,target_semantic,225,0.8453403445084889,0.15292830429531365,0.010195220286354244,0.8510808348655701,0.7245688438415527,1.0,0.474991500377655,1.0,0.8253577127472346,0.8653229762697433
qwen3_4b,TOFU,target_memory_comm,target_positive,225,0.9288888888888889,0.25758339688187665,0.017172226458791778,1.0,1.0,1.0,0.0,1.0,0.895231325029657,0.9625464527481208
qwen3_4b,TOFU,target_memory_comm,system_exact,225,0.13333333333333333,0.34069257193462343,0.022712838128974896,0.0,0.0,0.0,0.0,1.0,0.08881617060054253,0.17785049606612413
qwen3_4b,TOFU,target_memory_comm,system_token_f1,225,0.7619937454514828,0.17916334670931489,0.011944223113954325,0.7536231884057972,0.606060606060606,0.9295774647887324,0.2978723404255319,1.0,0.7385830681481323,0.7854044227548332
qwen3_4b,TOFU,target_memory_comm,system_semantic,225,0.8235024897257487,0.13759814476987703,0.009173209651325136,0.848628580570221,0.7061878442764282,0.9486833214759828,0.4515308141708374,1.0,0.8055229988091515,0.8414819806423459
qwen3_4b,TOFU,target_memory_comm,system_positive,225,0.9422222222222222,0.23384298082803273,0.015589532055202183,1.0,1.0,1.0,0.0,1.0,0.9116667393940259,0.9727777050504185
qwen3_4b,TOFU,target_memory_comm,target_content_precision,225,0.7425969479276556,0.29022733584532207,0.019348489056354803,0.8333333333333334,0.4545454545454545,1.0,0.0,1.0,0.7046739093772002,0.780519986478111
qwen3_4b,TOFU,target_memory_comm,target_content_recall,225,0.7782554872028558,0.25714255953117177,0.017142837302078117,0.9285714285714286,0.6,1.0,0.0,1.0,0.7446555260907827,0.8118554483149288
qwen3_4b,TOFU,target_memory_comm,target_content_f1,225,0.7390280185101148,0.2691334494074073,0.01794222996049382,0.8333333333333333,0.5,1.0,0.0,1.0,0.7038612477875469,0.7741947892326827
qwen3_4b,TOFU,target_memory_comm,system_content_precision,225,0.6972932272316448,0.28168296661064524,0.018778864440709683,0.7857142857142857,0.4166666666666667,1.0,0.1063829787234042,1.0,0.6604866529278538,0.7340998015354357
qwen3_4b,TOFU,target_memory_comm,system_content_recall,225,0.7507779651148072,0.22794360835579872,0.015196240557053247,0.8333333333333334,0.6,0.9473684210526316,0.2857142857142857,1.0,0.7209933336229828,0.7805625966066316
qwen3_4b,TOFU,target_memory_comm,system_content_f1,225,0.6959018011355005,0.24785152548903772,0.016523435032602514,0.6956521739130435,0.4615384615384615,0.9361702127659576,0.1639344262295081,1.0,0.6635158684715996,0.7282877337994014
qwen3_4b,TOFU,target_memory_comm,target_positive_content,225,0.9377777777777778,0.24209731743889915,0.016139821162593278,1.0,1.0,1.0,0.0,1.0,0.906143728299095,0.9694118272564607
qwen3_4b,TOFU,target_memory_comm,system_positive_content,225,0.9511111111111111,0.21611651766199919,0.014407767844133279,1.0,1.0,1.0,0.0,1.0,0.9228718861366099,0.9793503360856124
qwen3_8b,MUSE-Books,communication,chain_length,50,4.0,0.0,0.0,4.0,4.0,4.0,4.0,4.0,4.0,4.0
qwen3_8b,MUSE-Books,communication,target_agent_position,50,2.0,0.0,0.0,2.0,2.0,2.0,2.0,2.0,2.0,2.0
qwen3_8b,MUSE-Books,communication,peer_evidence,50,1.0,0.0,0.0,1.0,1.0,1.0,1.0,1.0,1.0,1.0
qwen3_8b,MUSE-Books,communication,target_exact,50,0.0,0.0,0.0,0.0,0.0,0.0,0.0,0.0,0.0,0.0
qwen3_8b,MUSE-Books,communication,target_token_f1,50,0.20856609719434618,0.08357242566064564,0.011818925780970232,0.1999999999999999,0.18043478260869558,0.2857142857142857,0.0399999999999999,0.3333333333333333,0.18540100266364454,0.23173119172504783
qwen3_8b,MUSE-Books,communication,target_semantic,50,0.4648192802071571,0.12192509152799423,0.01724281180324704,0.4894593358039856,0.4082483053207397,0.5547001957893372,0.2132007181644439,0.6479012966156006,0.43102336907279293,0.4986151913415213
qwen3_8b,MUSE-Books,communication,target_positive,50,0.0,0.0,0.0,0.0,0.0,0.0,0.0,0.0,0.0,0.0
qwen3_8b,MUSE-Books,communication,system_exact,50,0.0,0.0,0.0,0.0,0.0,0.0,0.0,0.0,0.0,0.0
qwen3_8b,MUSE-Books,communication,system_token_f1,50,0.22972180911311343,0.11314340498779572,0.016000893782681238,0.1999999999999999,0.1999999999999999,0.2857142857142857,0.054054054054054,0.8,0.1983600572990582,0.26108356092716867
qwen3_8b,MUSE-Books,communication,system_semantic,50,0.47107397615909574,0.13278085834218278,0.01877804906910556,0.5009568929672241,0.4082483053207397,0.5547001957893372,0.2132007181644439,0.8164966106414795,0.4342689999836489,0.5078789523345426
qwen3_8b,MUSE-Books,communication,system_positive,50,0.04,0.19794866372215741,0.027994168488950606,0.0,0.0,0.0,0.0,1.0,-0.014868570238343183,0.09486857023834319
qwen3_8b,MUSE-Books,communication,target_content_precision,50,0.698979191944709,0.3652921280593093,0.051660108172960455,0.8333333333333333,0.6666666666666666,1.0,0.0227272727272727,1.0,0.5977253799257065,0.8002330039637116
qwen3_8b,MUSE-Books,communication,target_content_recall,50,1.0,0.0,0.0,1.0,1.0,1.0,1.0,1.0,1.0,1.0
qwen3_8b,MUSE-Books,communication,target_content_f1,50,0.7527858843665294,0.33640087147931425,0.04757426748401747,0.9,0.8,1.0,0.0444444444444444,1.0,0.6595403200978551,0.8460314486352036
qwen3_8b,MUSE-Books,communication,system_content_precision,50,0.7280330487926395,0.34149936821533444,0.04829530380719694,1.0,0.6666666666666666,1.0,0.0357142857142857,1.0,0.6333742533305335,0.8226918442547455
qwen3_8b,MUSE-Books,communication,system_content_recall,50,1.0,0.0,0.0,1.0,1.0,1.0,1.0,1.0,1.0,1.0
qwen3_8b,MUSE-Books,communication,system_content_f1,50,0.7842663677318847,0.30527033042903395,0.04317174414828559,1.0,0.8,1.0,0.0689655172413793,1.0,0.699649749201245,0.8688829862625245
qwen3_8b,MUSE-Books,communication,target_positive_content,50,0.4,0.4948716593053935,0.06998542122237651,0.0,0.0,1.0,0.0,1.0,0.2628285744041421,0.537171425595858
qwen3_8b,MUSE-Books,communication,system_positive_content,50,0.44,0.501426536422407,0.07091242083423346,0.0,0.0,1.0,0.0,1.0,0.3010116551649024,0.5789883448350976
qwen3_8b,MUSE-Books,full_inference,chain_length,50,4.0,0.0,0.0,4.0,4.0,4.0,4.0,4.0,4.0,4.0
qwen3_8b,MUSE-Books,full_inference,target_agent_position,50,2.0,0.0,0.0,2.0,2.0,2.0,2.0,2.0,2.0,2.0
qwen3_8b,MUSE-Books,full_inference,peer_evidence,50,1.0,0.0,0.0,1.0,1.0,1.0,1.0,1.0,1.0,1.0
qwen3_8b,MUSE-Books,full_inference,target_exact,50,0.0,0.0,0.0,0.0,0.0,0.0,0.0,0.0,0.0,0.0
qwen3_8b,MUSE-Books,full_inference,target_token_f1,50,0.20684735112476965,0.07770782340286542,0.010989545775882566,0.1999999999999999,0.1999999999999999,0.2666666666666667,0.0303030303030303,0.3333333333333333,0.18530784140403983,0.22838686084549947
qwen3_8b,MUSE-Books,full_inference,target_semantic,50,0.46402029305696485,0.10590726850276222,0.014977549547049523,0.4805525541305542,0.3922322690486908,0.5547001957893372,0.1886083781719207,0.5976142883300781,0.43466429594474776,0.49337629016918194
qwen3_8b,MUSE-Books,full_inference,target_positive,50,0.0,0.0,0.0,0.0,0.0,0.0,0.0,0.0,0.0,0.0
qwen3_8b,MUSE-Books,full_inference,system_exact,50,0.0,0.0,0.0,0.0,0.0,0.0,0.0,0.0,0.0,0.0
qwen3_8b,MUSE-Books,full_inference,system_token_f1,50,0.2230146163985654,0.11309910659268349,0.01599462904356533,0.1999999999999999,0.1999999999999999,0.2857142857142857,0.054054054054054,0.8,0.19166514347317737,0.25436408932395344
qwen3_8b,MUSE-Books,full_inference,system_semantic,50,0.47433356910943986,0.13161667034665678,0.018613408023863076,0.5009568929672241,0.4082483053207397,0.5547001957893372,0.1889822334051132,0.8164966106414795,0.4378512893826682,0.5108158488362115
qwen3_8b,MUSE-Books,full_inference,system_positive,50,0.04,0.19794866372215741,0.027994168488950606,0.0,0.0,0.0,0.0,1.0,-0.014868570238343183,0.09486857023834319
qwen3_8b,MUSE-Books,full_inference,target_content_precision,50,0.7147311645870468,0.3463676288426503,0.04898377982762865,0.8333333333333333,0.5416666666666666,1.0,0.0238095238095238,1.0,0.6187229561248946,0.810739373049199
qwen3_8b,MUSE-Books,full_inference,target_content_recall,50,1.0,0.0,0.0,1.0,1.0,1.0,1.0,1.0,1.0,1.0
qwen3_8b,MUSE-Books,full_inference,target_content_f1,50,0.7717433061947423,0.31770291134935513,0.04492997660356751,0.9,0.7,1.0,0.0465116279069767,1.0,0.6836805520517499,0.8598060603377347
qwen3_8b,MUSE-Books,full_inference,system_content_precision,50,0.701013537339853,0.3469224889626175,0.0490622488983164,0.6666666666666666,0.5,1.0,0.0357142857142857,1.0,0.6048515294991529,0.7971755451805532
qwen3_8b,MUSE-Books,full_inference,system_content_recall,50,1.0,0.0,0.0,1.0,1.0,1.0,1.0,1.0,1.0,1.0
qwen3_8b,MUSE-Books,full_inference,system_content_f1,50,0.7626411552537311,0.31264091334862604,0.04421410198103386,0.8,0.6666666666666666,1.0,0.0689655172413793,1.0,0.6759815153709048,0.8493007951365574
qwen3_8b,MUSE-Books,full_inference,target_positive_content,50,0.44,0.501426536422407,0.07091242083423346,0.0,0.0,1.0,0.0,1.0,0.3010116551649024,0.5789883448350976
qwen3_8b,MUSE-Books,full_inference,system_positive_content,50,0.44,0.501426536422407,0.07091242083423346,0.0,0.0,1.0,0.0,1.0,0.3010116551649024,0.5789883448350976
qwen3_8b,MUSE-Books,global_context,chain_length,50,4.0,0.0,0.0,4.0,4.0,4.0,4.0,4.0,4.0,4.0
qwen3_8b,MUSE-Books,global_context,target_agent_position,50,2.0,0.0,0.0,2.0,2.0,2.0,2.0,2.0,2.0,2.0
qwen3_8b,MUSE-Books,global_context,peer_evidence,50,1.0,0.0,0.0,1.0,1.0,1.0,1.0,1.0,1.0,1.0
qwen3_8b,MUSE-Books,global_context,target_exact,50,0.0,0.0,0.0,0.0,0.0,0.0,0.0,0.0,0.0,0.0
qwen3_8b,MUSE-Books,global_context,target_token_f1,50,0.1784463412233277,0.07503813985026271,0.010611995507149053,0.1999999999999999,0.1111111111111111,0.1999999999999999,0.05,0.2857142857142857,0.15764683002931557,0.19924585241733983
qwen3_8b,MUSE-Books,global_context,target_semantic,50,0.43633804500102996,0.14786249941799645,0.020910915204331446,0.48147425055503845,0.2828427255153656,0.5547001957893372,0.1407195031642913,0.6666666865348816,0.3953526512005403,0.4773234388015196
qwen3_8b,MUSE-Books,global_context,target_positive,50,0.0,0.0,0.0,0.0,0.0,0.0,0.0,0.0,0.0,0.0
qwen3_8b,MUSE-Books,global_context,system_exact,50,0.0,0.0,0.0,0.0,0.0,0.0,0.0,0.0,0.0,0.0
qwen3_8b,MUSE-Books,global_context,system_token_f1,50,0.17909197585282147,0.07413957478890852,0.010484919217504883,0.1999999999999999,0.1111111111111111,0.1999999999999999,0.05,0.2857142857142857,0.1585415341865119,0.19964241751913103
qwen3_8b,MUSE-Books,global_context,system_semantic,50,0.4353907567262649,0.1489363564735588,0.021062781525534074,0.48147425055503845,0.2626128792762756,0.5547001957893372,0.1407195031642913,0.6666666865348816,0.39410770493621816,0.4766738085163117
qwen3_8b,MUSE-Books,global_context,system_positive,50,0.0,0.0,0.0,0.0,0.0,0.0,0.0,0.0,0.0,0.0
qwen3_8b,MUSE-Books,global_context,target_content_precision,50,0.6044034685902332,0.4010122251377731,0.056711692746725176,0.6666666666666666,0.12708333333333333,1.0,0.03125,1.0,0.49324855080665186,0.7155583863738145
qwen3_8b,MUSE-Books,global_context,target_content_recall,50,1.0,0.0,0.0,1.0,1.0,1.0,1.0,1.0,1.0,1.0
qwen3_8b,MUSE-Books,global_context,target_content_f1,50,0.6626426280379705,0.3738552421900872,0.05287111538694994,0.8,0.22549019607843135,1.0,0.0606060606060606,1.0,0.5590152418795485,0.7662700141963924
qwen3_8b,MUSE-Books,global_context,system_content_precision,50,0.6050926273846552,0.399974395008628,0.05656492140231753,0.6666666666666666,0.12708333333333333,1.0,0.03125,1.0,0.49422538143611283,0.7159598733331975
qwen3_8b,MUSE-Books,global_context,system_content_recall,50,1.0,0.0,0.0,1.0,1.0,1.0,1.0,1.0,1.0,1.0
qwen3_8b,MUSE-Books,global_context,system_content_f1,50,0.6639413293366718,0.3717883775401236,0.05257881658499314,0.8,0.22549019607843135,1.0,0.0606060606060606,1.0,0.5608868488300853,0.7669958098432583
qwen3_8b,MUSE-Books,global_context,target_positive_content,50,0.42,0.4985693819032899,0.07050835816716038,0.0,0.0,1.0,0.0,1.0,0.28180361799236564,0.5581963820076343
qwen3_8b,MUSE-Books,global_context,system_positive_content,50,0.42,0.4985693819032899,0.07050835816716038,0.0,0.0,1.0,0.0,1.0,0.28180361799236564,0.5581963820076343
qwen3_8b,MUSE-Books,none,chain_length,50,4.0,0.0,0.0,4.0,4.0,4.0,4.0,4.0,4.0,4.0
qwen3_8b,MUSE-Books,none,target_agent_position,50,2.0,0.0,0.0,2.0,2.0,2.0,2.0,2.0,2.0,2.0
qwen3_8b,MUSE-Books,none,peer_evidence,50,1.0,0.0,0.0,1.0,1.0,1.0,1.0,1.0,1.0,1.0
qwen3_8b,MUSE-Books,none,target_exact,50,0.0,0.0,0.0,0.0,0.0,0.0,0.0,0.0,0.0,0.0
qwen3_8b,MUSE-Books,none,target_token_f1,50,0.20786365963615236,0.08498150858254772,0.012018200198836456,0.1999999999999999,0.18043478260869558,0.2857142857142857,0.0285714285714285,0.3333333333333333,0.1843079872464329,0.2314193320258718
qwen3_8b,MUSE-Books,none,target_semantic,50,0.46081131786108015,0.12013394553280098,0.016989505507387783,0.44889557361602783,0.4082483053207397,0.5547001957893372,0.2132007181644439,0.6687338352203369,0.4275118870666001,0.4941107486555602
qwen3_8b,MUSE-Books,none,target_positive,50,0.0,0.0,0.0,0.0,0.0,0.0,0.0,0.0,0.0,0.0
qwen3_8b,MUSE-Books,none,system_exact,50,0.0,0.0,0.0,0.0,0.0,0.0,0.0,0.0,0.0,0.0
qwen3_8b,MUSE-Books,none,system_token_f1,50,0.2078357071553697,0.08502616234937321,0.01202451519510202,0.1999999999999999,0.18043478260869558,0.2857142857142857,0.0285714285714285,0.3333333333333333,0.18426765737296974,0.23140375693776966
qwen3_8b,MUSE-Books,none,system_semantic,50,0.46077765226364137,0.12019493934848044,0.01699813133552326,0.44889557361602783,0.4082483053207397,0.5547001957893372,0.2132007181644439,0.6687338352203369,0.4274613148460158,0.49409398968126694
qwen3_8b,MUSE-Books,none,system_positive,50,0.0,0.0,0.0,0.0,0.0,0.0,0.0,0.0,0.0,0.0
qwen3_8b,MUSE-Books,none,target_content_precision,50,0.6982461178843249,0.3666525648528988,0.05185250298938503,0.8333333333333333,0.6666666666666666,1.0,0.0151515151515151,1.0,0.5966152120251302,0.7998770237435195
qwen3_8b,MUSE-Books,none,target_content_recall,50,1.0,0.0,0.0,1.0,1.0,1.0,1.0,1.0,1.0,1.0
qwen3_8b,MUSE-Books,none,target_content_f1,50,0.75141146076874,0.33926075513349535,0.04797871610907267,0.9,0.8,1.0,0.0298507462686567,1.0,0.6573731771949576,0.8454497443425224
qwen3_8b,MUSE-Books,none,system_content_precision,50,0.6982001408728309,0.3667332202109349,0.051863909379506294,0.8333333333333333,0.6666666666666666,1.0,0.0151515151515151,1.0,0.5965468784889986,0.7998534032566632
qwen3_8b,MUSE-Books,none,system_content_recall,50,1.0,0.0,0.0,1.0,1.0,1.0,1.0,1.0,1.0,1.0
qwen3_8b,MUSE-Books,none,system_content_f1,50,0.7513308156074495,0.33941216469953844,0.04800012865524979,0.9,0.8,1.0,0.0298507462686567,1.0,0.6572505634431599,0.8454110677717391
qwen3_8b,MUSE-Books,none,target_positive_content,50,0.4,0.4948716593053935,0.06998542122237651,0.0,0.0,1.0,0.0,1.0,0.2628285744041421,0.537171425595858
qwen3_8b,MUSE-Books,none,system_positive_content,50,0.4,0.4948716593053935,0.06998542122237651,0.0,0.0,1.0,0.0,1.0,0.2628285744041421,0.537171425595858
qwen3_8b,MUSE-Books,target_context,chain_length,50,4.0,0.0,0.0,4.0,4.0,4.0,4.0,4.0,4.0,4.0
qwen3_8b,MUSE-Books,target_context,target_agent_position,50,2.0,0.0,0.0,2.0,2.0,2.0,2.0,2.0,2.0,2.0
qwen3_8b,MUSE-Books,target_context,peer_evidence,50,1.0,0.0,0.0,1.0,1.0,1.0,1.0,1.0,1.0,1.0
qwen3_8b,MUSE-Books,target_context,target_exact,50,0.0,0.0,0.0,0.0,0.0,0.0,0.0,0.0,0.0,0.0
qwen3_8b,MUSE-Books,target_context,target_token_f1,50,0.19424143307270383,0.0791027244240435,0.011186814570114377,0.1999999999999999,0.125,0.2666666666666667,0.0533333333333333,0.3333333333333333,0.17231527651527967,0.216167589630128
qwen3_8b,MUSE-Books,target_context,target_semantic,50,0.45381647735834124,0.14351252275135642,0.02029573560453456,0.5009568929672241,0.3922322690486908,0.5547001957893372,0.2041241526603698,0.6902014017105103,0.4140368355734535,0.493596119143229
qwen3_8b,MUSE-Books,target_context,target_positive,50,0.0,0.0,0.0,0.0,0.0,0.0,0.0,0.0,0.0,0.0
qwen3_8b,MUSE-Books,target_context,system_exact,50,0.0,0.0,0.0,0.0,0.0,0.0,0.0,0.0,0.0,0.0
qwen3_8b,MUSE-Books,target_context,system_token_f1,50,0.19695105344379057,0.08255124675471397,0.011674509275132444,0.1999999999999999,0.125,0.28095238095238095,0.0287769784172661,0.3333333333333333,0.17406901526453097,0.21983309162305018
qwen3_8b,MUSE-Books,target_context,system_semantic,50,0.44992668479681014,0.13844110141024107,0.019578528320423193,0.4472135901451111,0.39539624005556107,0.5547001957893372,0.2041241526603698,0.7071067690849304,0.4115527692887807,0.48830060030483957
qwen3_8b,MUSE-Books,target_context,system_positive,50,0.02,0.14142135623730948,0.019999999999999993,0.0,0.0,0.0,0.0,1.0,-0.019199999999999984,0.05919999999999999
qwen3_8b,MUSE-Books,target_context,target_content_precision,50,0.6387144326261973,0.38452888980539185,0.05438059710870545,0.6666666666666666,0.1666666666666666,1.0,0.0357142857142857,1.0,0.5321284622931346,0.74530040295926
qwen3_8b,MUSE-Books,target_context,target_content_recall,50,1.0,0.0,0.0,1.0,1.0,1.0,1.0,1.0,1.0,1.0
qwen3_8b,MUSE-Books,target_context,target_content_f1,50,0.6991045791084595,0.35307602242463815,0.04993248994616703,0.8,0.2857142857142857,1.0,0.0689655172413793,1.0,0.6012368988139721,0.7969722594029468
qwen3_8b,MUSE-Books,target_context,system_content_precision,50,0.6521983086810672,0.3767005975652624,0.05327350940308434,0.6666666666666666,0.17045454545454541,1.0,0.0166666666666666,1.0,0.5477822302510219,0.7566143871111125
qwen3_8b,MUSE-Books,target_context,system_content_recall,50,1.0,0.0,0.0,1.0,1.0,1.0,1.0,1.0,1.0,1.0
qwen3_8b,MUSE-Books,target_context,system_content_f1,50,0.712329081382142,0.34934375324276434,0.049404667376623725,0.8,0.2912087912087912,1.0,0.0327868852459016,1.0,0.6154959333239596,0.8091622294403245
qwen3_8b,MUSE-Books,target_context,target_positive_content,50,0.42,0.4985693819032899,0.07050835816716038,0.0,0.0,1.0,0.0,1.0,0.28180361799236564,0.5581963820076343
qwen3_8b,MUSE-Books,target_context,system_positive_content,50,0.42,0.4985693819032899,0.07050835816716038,0.0,0.0,1.0,0.0,1.0,0.28180361799236564,0.5581963820076343
qwen3_8b,MUSE-Books,target_context_comm,chain_length,50,4.0,0.0,0.0,4.0,4.0,4.0,4.0,4.0,4.0,4.0
qwen3_8b,MUSE-Books,target_context_comm,target_agent_position,50,2.0,0.0,0.0,2.0,2.0,2.0,2.0,2.0,2.0,2.0
qwen3_8b,MUSE-Books,target_context_comm,peer_evidence,50,1.0,0.0,0.0,1.0,1.0,1.0,1.0,1.0,1.0,1.0
qwen3_8b,MUSE-Books,target_context_comm,target_exact,50,0.0,0.0,0.0,0.0,0.0,0.0,0.0,0.0,0.0,0.0
qwen3_8b,MUSE-Books,target_context_comm,target_token_f1,50,0.19390072382877022,0.07677213695531569,0.010857219729457215,0.1999999999999999,0.125,0.2666666666666667,0.0425531914893616,0.3333333333333333,0.17262057315903406,0.21518087449850637
qwen3_8b,MUSE-Books,target_context_comm,target_semantic,50,0.44639263540506363,0.13423785417695216,0.018984099396090758,0.5009568929672241,0.3922322690486908,0.5547001957893372,0.2041241526603698,0.6479012966156006,0.4091838005887257,0.48360147022140154
qwen3_8b,MUSE-Books,target_context_comm,target_positive,50,0.0,0.0,0.0,0.0,0.0,0.0,0.0,0.0,0.0,0.0
qwen3_8b,MUSE-Books,target_context_comm,system_exact,50,0.0,0.0,0.0,0.0,0.0,0.0,0.0,0.0,0.0,0.0
qwen3_8b,MUSE-Books,target_context_comm,system_token_f1,50,0.2123385111002371,0.11587096639204707,0.016386629215691007,0.1999999999999999,0.1372282608695652,0.2857142857142857,0.0533333333333333,0.8,0.18022071783748272,0.24445630436299148
qwen3_8b,MUSE-Books,target_context_comm,system_semantic,50,0.4580873176455498,0.14753977556768424,0.020865275159730166,0.5009568929672241,0.39623627811670303,0.5547001957893372,0.2041241526603698,0.8164966106414795,0.41719137833247866,0.4989832569586209
qwen3_8b,MUSE-Books,target_context_comm,system_positive,50,0.04,0.19794866372215741,0.027994168488950606,0.0,0.0,0.0,0.0,1.0,-0.014868570238343183,0.09486857023834319
qwen3_8b,MUSE-Books,target_context_comm,target_content_precision,50,0.6702042217042218,0.37979071261313224,0.053710517664083406,0.6666666666666666,0.1666666666666666,1.0,0.0256410256410256,1.0,0.5649316070826182,0.7754768363258253
qwen3_8b,MUSE-Books,target_context_comm,target_content_recall,50,1.0,0.0,0.0,1.0,1.0,1.0,1.0,1.0,1.0,1.0
qwen3_8b,MUSE-Books,target_context_comm,target_content_f1,50,0.7256285876669508,0.34842660802209263,0.04927496345564976,0.8,0.2857142857142857,1.0,0.05,1.0,0.6290496592938772,0.8222075160400244
qwen3_8b,MUSE-Books,target_context_comm,system_content_precision,50,0.6717550852378439,0.3686034797400609,0.05212840401863105,0.6666666666666666,0.26136363636363635,1.0,0.0344827586206896,1.0,0.569583413361327,0.7739267571143608
qwen3_8b,MUSE-Books,target_context_comm,system_content_recall,50,1.0,0.0,0.0,1.0,1.0,1.0,1.0,1.0,1.0,1.0
qwen3_8b,MUSE-Books,target_context_comm,system_content_f1,50,0.7314828674867477,0.3378679615009099,0.04778174534459375,0.8,0.39743589743589747,1.0,0.0666666666666666,1.0,0.637830646611344,0.8251350883621514
qwen3_8b,MUSE-Books,target_context_comm,target_positive_content,50,0.44,0.501426536422407,0.07091242083423346,0.0,0.0,1.0,0.0,1.0,0.3010116551649024,0.5789883448350976
qwen3_8b,MUSE-Books,target_context_comm,system_positive_content,50,0.44,0.501426536422407,0.07091242083423346,0.0,0.0,1.0,0.0,1.0,0.3010116551649024,0.5789883448350976
qwen3_8b,MUSE-Books,target_context_memory,chain_length,50,4.0,0.0,0.0,4.0,4.0,4.0,4.0,4.0,4.0,4.0
qwen3_8b,MUSE-Books,target_context_memory,target_agent_position,50,2.0,0.0,0.0,2.0,2.0,2.0,2.0,2.0,2.0,2.0
qwen3_8b,MUSE-Books,target_context_memory,peer_evidence,50,1.0,0.0,0.0,1.0,1.0,1.0,1.0,1.0,1.0,1.0
qwen3_8b,MUSE-Books,target_context_memory,target_exact,50,0.0,0.0,0.0,0.0,0.0,0.0,0.0,0.0,0.0,0.0
qwen3_8b,MUSE-Books,target_context_memory,target_token_f1,50,0.22967606414149913,0.1317648441054879,0.018634362957795754,0.1999999999999999,0.1999999999999999,0.28095238095238095,0.0310077519379844,0.8,0.19315271274421947,0.2661994155387788
qwen3_8b,MUSE-Books,target_context_memory,target_semantic,50,0.4785538962483406,0.12592611970257334,0.017808642634039702,0.4805525541305542,0.3922322690486908,0.5547001957893372,0.2156655490398407,0.8164966106414795,0.44364895668562276,0.5134588358110584
qwen3_8b,MUSE-Books,target_context_memory,target_positive,50,0.06,0.23989793748209523,0.033926691677251195,0.0,0.0,0.0,0.0,1.0,-0.006496315687412338,0.12649631568741232
qwen3_8b,MUSE-Books,target_context_memory,system_exact,50,0.0,0.0,0.0,0.0,0.0,0.0,0.0,0.0,0.0,0.0
qwen3_8b,MUSE-Books,target_context_memory,system_token_f1,50,0.2223735907575397,0.11399424037367795,0.016121220076887398,0.1999999999999999,0.1999999999999999,0.2857142857142857,0.0512820512820512,0.8,0.19077599940684042,0.253971182108239
qwen3_8b,MUSE-Books,target_context_memory,system_semantic,50,0.474442655146122,0.1319453415387659,0.01865988914960728,0.5009568929672241,0.4082483053207397,0.5547001957893372,0.1889822334051132,0.8164966106414795,0.43786927241289175,0.5110160378793522
qwen3_8b,MUSE-Books,target_context_memory,system_positive,50,0.04,0.19794866372215741,0.027994168488950606,0.0,0.0,0.0,0.0,1.0,-0.014868570238343183,0.09486857023834319
qwen3_8b,MUSE-Books,target_context_memory,target_content_precision,50,0.6870707792207792,0.35085564620373244,0.04961848132964947,0.6666666666666666,0.5,1.0,0.0238095238095238,1.0,0.5898185558146662,0.7843230026268921
qwen3_8b,MUSE-Books,target_context_memory,target_content_recall,50,1.0,0.0,0.0,1.0,1.0,1.0,1.0,1.0,1.0,1.0
qwen3_8b,MUSE-Books,target_context_memory,target_content_f1,50,0.7500282275525979,0.32178580237484544,0.04550738458976149,0.8,0.6666666666666666,1.0,0.0465116279069767,1.0,0.6608337537566654,0.8392227013485304
qwen3_8b,MUSE-Books,target_context_memory,system_content_precision,50,0.7001893615156773,0.34848083372452654,0.049282632128030884,0.6666666666666666,0.5,1.0,0.0357142857142857,1.0,0.6035954025447368,0.7967833204866179
qwen3_8b,MUSE-Books,target_context_memory,system_content_recall,50,1.0,0.0,0.0,1.0,1.0,1.0,1.0,1.0,1.0,1.0
qwen3_8b,MUSE-Books,target_context_memory,system_content_f1,50,0.7611633227414158,0.3157891689983385,0.04465933256479796,0.8,0.6666666666666666,1.0,0.0689655172413793,1.0,0.6736310309144118,0.8486956145684199
qwen3_8b,MUSE-Books,target_context_memory,target_positive_content,50,0.44,0.501426536422407,0.07091242083423346,0.0,0.0,1.0,0.0,1.0,0.3010116551649024,0.5789883448350976
qwen3_8b,MUSE-Books,target_context_memory,system_positive_content,50,0.44,0.501426536422407,0.07091242083423346,0.0,0.0,1.0,0.0,1.0,0.3010116551649024,0.5789883448350976
qwen3_8b,MUSE-Books,target_memory,chain_length,50,4.0,0.0,0.0,4.0,4.0,4.0,4.0,4.0,4.0,4.0
qwen3_8b,MUSE-Books,target_memory,target_agent_position,50,2.0,0.0,0.0,2.0,2.0,2.0,2.0,2.0,2.0,2.0
qwen3_8b,MUSE-Books,target_memory,peer_evidence,50,1.0,0.0,0.0,1.0,1.0,1.0,1.0,1.0,1.0,1.0
qwen3_8b,MUSE-Books,target_memory,target_exact,50,0.0,0.0,0.0,0.0,0.0,0.0,0.0,0.0,0.0,0.0
qwen3_8b,MUSE-Books,target_memory,target_token_f1,50,0.2097140845665528,0.08064216917571919,0.011404524934748762,0.1999999999999999,0.18043478260869558,0.2857142857142857,0.0287769784172661,0.3333333333333333,0.18736121569444522,0.23206695343866038
qwen3_8b,MUSE-Books,target_memory,target_semantic,50,0.4657783475518227,0.1234710779261039,0.01746144729639214,0.4472135901451111,0.4082483053207397,0.5547001957893372,0.2132007181644439,0.6859943270683289,0.43155391085089406,0.5000027842527512
qwen3_8b,MUSE-Books,target_memory,target_positive,50,0.0,0.0,0.0,0.0,0.0,0.0,0.0,0.0,0.0,0.0
qwen3_8b,MUSE-Books,target_memory,system_exact,50,0.0,0.0,0.0,0.0,0.0,0.0,0.0,0.0,0.0,0.0
qwen3_8b,MUSE-Books,target_memory,system_token_f1,50,0.22372173438984735,0.1161649309486616,0.01642820208197313,0.1999999999999999,0.1999999999999999,0.2857142857142857,0.0305343511450381,0.8,0.19152245830918002,0.2559210104705147
qwen3_8b,MUSE-Books,target_memory,system_semantic,50,0.46653936833143234,0.13300819933351185,0.018810199940427652,0.4472135901451111,0.4082483053207397,0.5547001957893372,0.1767766922712326,0.8164966106414795,0.42967137644819414,0.5034073602146706
qwen3_8b,MUSE-Books,target_memory,system_positive,50,0.04,0.19794866372215741,0.027994168488950606,0.0,0.0,0.0,0.0,1.0,-0.014868570238343183,0.09486857023834319
qwen3_8b,MUSE-Books,target_memory,target_content_precision,50,0.689014670939261,0.3553127579657452,0.05024881211993458,0.6666666666666666,0.6666666666666666,1.0,0.0163934426229508,1.0,0.5905269991841893,0.7875023426943328
qwen3_8b,MUSE-Books,target_memory,target_content_recall,50,1.0,0.0,0.0,1.0,1.0,1.0,1.0,1.0,1.0,1.0
qwen3_8b,MUSE-Books,target_memory,target_content_f1,50,0.7496185776731921,0.3256825401774466,0.046058466534706535,0.8,0.8,1.0,0.032258064516129,1.0,0.6593439832651673,0.8398931720812168
qwen3_8b,MUSE-Books,target_memory,system_content_precision,50,0.7092806583497131,0.3466694282000926,0.04902646070206969,0.6666666666666666,0.6666666666666666,1.0,0.0163934426229508,1.0,0.6131887953736566,0.8053725213257696
qwen3_8b,MUSE-Books,target_memory,system_content_recall,50,1.0,0.0,0.0,1.0,1.0,1.0,1.0,1.0,1.0,1.0
qwen3_8b,MUSE-Books,target_memory,system_content_f1,50,0.7675135417048654,0.3185345308484632,0.04504758536100477,0.8,0.8,1.0,0.032258064516129,1.0,0.679220274397296,0.8558068090124348
qwen3_8b,MUSE-Books,target_memory,target_positive_content,50,0.42,0.4985693819032899,0.07050835816716038,0.0,0.0,1.0,0.0,1.0,0.28180361799236564,0.5581963820076343
qwen3_8b,MUSE-Books,target_memory,system_positive_content,50,0.44,0.501426536422407,0.07091242083423346,0.0,0.0,1.0,0.0,1.0,0.3010116551649024,0.5789883448350976
qwen3_8b,MUSE-Books,target_memory_comm,chain_length,50,4.0,0.0,0.0,4.0,4.0,4.0,4.0,4.0,4.0,4.0
qwen3_8b,MUSE-Books,target_memory_comm,target_agent_position,50,2.0,0.0,0.0,2.0,2.0,2.0,2.0,2.0,2.0,2.0
qwen3_8b,MUSE-Books,target_memory_comm,peer_evidence,50,1.0,0.0,0.0,1.0,1.0,1.0,1.0,1.0,1.0,1.0
qwen3_8b,MUSE-Books,target_memory_comm,target_exact,50,0.0,0.0,0.0,0.0,0.0,0.0,0.0,0.0,0.0,0.0
qwen3_8b,MUSE-Books,target_memory_comm,target_token_f1,50,0.20471330881068353,0.08284108825553936,0.011715499053273027,0.1999999999999999,0.18043478260869558,0.2857142857142857,0.0449438202247191,0.3333333333333333,0.1817509306662684,0.22767568695509866
qwen3_8b,MUSE-Books,target_memory_comm,target_semantic,50,0.4645222988724709,0.11781482168570287,0.016661531867648884,0.5006927847862244,0.4082483053207397,0.5547001957893372,0.2132007181644439,0.6488856673240662,0.43186569641187905,0.4971789013330627
qwen3_8b,MUSE-Books,target_memory_comm,target_positive,50,0.0,0.0,0.0,0.0,0.0,0.0,0.0,0.0,0.0,0.0
qwen3_8b,MUSE-Books,target_memory_comm,system_exact,50,0.0,0.0,0.0,0.0,0.0,0.0,0.0,0.0,0.0,0.0
qwen3_8b,MUSE-Books,target_memory_comm,system_token_f1,50,0.22464931696959148,0.11481783509676378,0.01623769395961609,0.1999999999999999,0.1999999999999999,0.2857142857142857,0.048780487804878,0.8,0.19282343680874395,0.256475197130439
qwen3_8b,MUSE-Books,target_memory_comm,system_semantic,50,0.472246021926403,0.13328333376330603,0.018849109824636723,0.5009568929672241,0.4082483053207397,0.5547001957893372,0.1767766922712326,0.8164966106414795,0.43530176667011505,0.509190277182691
qwen3_8b,MUSE-Books,target_memory_comm,system_positive,50,0.04,0.19794866372215741,0.027994168488950606,0.0,0.0,0.0,0.0,1.0,-0.014868570238343183,0.09486857023834319
qwen3_8b,MUSE-Books,target_memory_comm,target_content_precision,50,0.6828159126276772,0.3641945660354998,0.05150488946299876,0.6666666666666666,0.6666666666666666,1.0,0.0294117647058823,1.0,0.5818663292801995,0.7837654959751548
qwen3_8b,MUSE-Books,target_memory_comm,target_content_recall,50,1.0,0.0,0.0,1.0,1.0,1.0,1.0,1.0,1.0,1.0
qwen3_8b,MUSE-Books,target_memory_comm,target_content_f1,50,0.7405851161720726,0.33860474174471783,0.04788594180592192,0.8,0.8,1.0,0.0571428571428571,1.0,0.6467286702324656,0.8344415621116795
qwen3_8b,MUSE-Books,target_memory_comm,system_content_precision,50,0.7101793601975089,0.34491263125359417,0.048778012095262314,0.6666666666666666,0.6666666666666666,1.0,0.0357142857142857,1.0,0.6145744564907948,0.8057842639042231
qwen3_8b,MUSE-Books,target_memory_comm,system_content_recall,50,1.0,0.0,0.0,1.0,1.0,1.0,1.0,1.0,1.0,1.0
qwen3_8b,MUSE-Books,target_memory_comm,system_content_f1,50,0.769154094700257,0.31493985517366635,0.04453922145184173,0.8,0.8,1.0,0.0689655172413793,1.0,0.6818572206546472,0.8564509687458668
qwen3_8b,MUSE-Books,target_memory_comm,target_positive_content,50,0.4,0.4948716593053935,0.06998542122237651,0.0,0.0,1.0,0.0,1.0,0.2628285744041421,0.537171425595858
qwen3_8b,MUSE-Books,target_memory_comm,system_positive_content,50,0.44,0.501426536422407,0.07091242083423346,0.0,0.0,1.0,0.0,1.0,0.3010116551649024,0.5789883448350976
qwen3_8b,MUSE-News,communication,chain_length,50,4.0,0.0,0.0,4.0,4.0,4.0,4.0,4.0,4.0,4.0
qwen3_8b,MUSE-News,communication,target_agent_position,50,2.0,0.0,0.0,2.0,2.0,2.0,2.0,2.0,2.0,2.0
qwen3_8b,MUSE-News,communication,peer_evidence,50,1.0,0.0,0.0,1.0,1.0,1.0,1.0,1.0,1.0,1.0
qwen3_8b,MUSE-News,communication,target_exact,50,0.0,0.0,0.0,0.0,0.0,0.0,0.0,0.0,0.0,0.0
qwen3_8b,MUSE-News,communication,target_token_f1,50,0.2197720245074982,0.13658101973034964,0.019315473046540774,0.267379679144385,0.0869565217391304,0.3529411764705882,0.03125,0.3529411764705882,0.18191369733627827,0.2576303516787181
qwen3_8b,MUSE-News,communication,target_semantic,50,0.3185809329152107,0.11880364541124856,0.016801372659995182,0.3726801127195358,0.2041241526603698,0.4330126941204071,0.1386750489473343,0.4330126941204071,0.2856502425016202,0.35151162332880126
qwen3_8b,MUSE-News,communication,target_positive,50,0.0,0.0,0.0,0.0,0.0,0.0,0.0,0.0,0.0,0.0
qwen3_8b,MUSE-News,communication,system_exact,50,0.0,0.0,0.0,0.0,0.0,0.0,0.0,0.0,0.0,0.0
qwen3_8b,MUSE-News,communication,system_token_f1,50,0.22075028537706337,0.1355131938021078,0.019164459655543448,0.267379679144385,0.0869565217391304,0.3529411764705882,0.03125,0.3529411764705882,0.18318794445219821,0.2583126263019285
qwen3_8b,MUSE-News,communication,system_semantic,50,0.32089058637619017,0.1161757004199913,0.016429725115214535,0.3726801127195358,0.2041241526603698,0.4330126941204071,0.1386750489473343,0.4330126941204071,0.2886883251503697,0.35309284760201065
qwen3_8b,MUSE-News,communication,system_positive,50,0.0,0.0,0.0,0.0,0.0,0.0,0.0,0.0,0.0,0.0
qwen3_8b,MUSE-News,communication,target_content_precision,50,0.6168383458646617,0.39117799502772405,0.055320922587012246,0.6666666666666666,0.25,1.0,0.0476190476190476,1.0,0.5084093375941177,0.7252673541352057
qwen3_8b,MUSE-News,communication,target_content_recall,50,1.0,0.0,0.0,1.0,1.0,1.0,1.0,1.0,1.0,1.0
qwen3_8b,MUSE-News,communication,target_content_f1,50,0.6858181818181818,0.32733290787911745,0.04629186377336708,0.75,0.4,1.0,0.0909090909090909,1.0,0.5950861288223823,0.7765502348139812
qwen3_8b,MUSE-News,communication,system_content_precision,50,0.6268383458646616,0.38219032068492204,0.05404987349203392,0.75,0.25,1.0,0.0476190476190476,1.0,0.5209005938202751,0.7327760979090481
qwen3_8b,MUSE-News,communication,system_content_recall,50,1.0,0.0,0.0,1.0,1.0,1.0,1.0,1.0,1.0,1.0
qwen3_8b,MUSE-News,communication,system_content_f1,50,0.6982626262626261,0.31605566458367035,0.044697020731906845,0.8333333333333333,0.4,1.0,0.0909090909090909,1.0,0.6106564656280887,0.7858687868971636
qwen3_8b,MUSE-News,communication,target_positive_content,50,0.0,0.0,0.0,0.0,0.0,0.0,0.0,0.0,0.0,0.0
qwen3_8b,MUSE-News,communication,system_positive_content,50,0.0,0.0,0.0,0.0,0.0,0.0,0.0,0.0,0.0,0.0
qwen3_8b,MUSE-News,full_inference,chain_length,820,3.9878048780487805,0.5949297870357704,0.020775849356076265,4.0,4.0,4.0,1.0,8.0,3.947084213310871,4.02852554278669
qwen3_8b,MUSE-News,full_inference,target_agent_position,820,2.024390243902439,0.26956346731032627,0.009413564610111209,2.0,2.0,2.0,1.0,4.0,2.0059396572666213,2.042840830538257
qwen3_8b,MUSE-News,full_inference,peer_evidence,820,0.9176829268292683,0.2441466101126912,0.00852596945560734,1.0,1.0,1.0,0.0,1.0,0.900972026696278,0.9343938269622587
qwen3_8b,MUSE-News,full_inference,target_exact,820,0.0,0.0,0.0,0.0,0.0,0.0,0.0,0.0,0.0,0.0
qwen3_8b,MUSE-News,full_inference,target_token_f1,820,0.08982131650597551,0.08115877064075297,0.002834187209145823,0.0869565217391304,0.0307692307692307,0.1176470588235294,0.0,0.3529411764705882,0.08426630957604969,0.09537632343590133
qwen3_8b,MUSE-News,full_inference,target_semantic,820,0.16262498728749228,0.10662838466675019,0.0037236247120115344,0.1856953352689743,0.1443375647068023,0.2041241526603698,0.0,0.4330126941204071,0.15532668285194967,0.16992329172303489
qwen3_8b,MUSE-News,full_inference,target_positive,820,0.0,0.0,0.0,0.0,0.0,0.0,0.0,0.0,0.0,0.0
qwen3_8b,MUSE-News,full_inference,system_exact,820,0.0,0.0,0.0,0.0,0.0,0.0,0.0,0.0,0.0,0.0
qwen3_8b,MUSE-News,full_inference,system_token_f1,820,0.16415986575043467,0.13693812386017026,0.004782086717489493,0.0952380952380952,0.0769230769230769,0.3529411764705882,0.0,0.3529411764705882,0.15478697578415526,0.1735327557167141
qwen3_8b,MUSE-News,full_inference,system_semantic,820,0.2515925876977967,0.1457597315888499,0.005090150622244738,0.2041241526603698,0.1856953352689743,0.4330126941204071,0.0,0.4330126941204071,0.241615892478197,0.2615692829173964
qwen3_8b,MUSE-News,full_inference,system_positive,820,0.0,0.0,0.0,0.0,0.0,0.0,0.0,0.0,0.0,0.0
qwen3_8b,MUSE-News,full_inference,target_content_precision,820,0.25749588785275124,0.24669099210586826,0.008614823129009613,0.25,0.04,0.3333333333333333,0.0,1.0,0.2406108345198924,0.27438094118561007
qwen3_8b,MUSE-News,full_inference,target_content_recall,820,0.6341463414634146,0.4241705452590584,0.01481267796910137,1.0,0.3333333333333333,1.0,0.0,1.0,0.605113492643976,0.6631791902828533
qwen3_8b,MUSE-News,full_inference,target_content_f1,820,0.324108724541773,0.2579927511328119,0.00900949767400485,0.3333333333333333,0.074074074074074,0.4,0.0,1.0,0.30645010910072346,0.3417673399828225
qwen3_8b,MUSE-News,full_inference,system_content_precision,820,0.4702230525362142,0.3955644936031011,0.013813711313157865,0.25,0.25,1.0,0.0,1.0,0.4431481783624248,0.4972979267100036
qwen3_8b,MUSE-News,full_inference,system_content_recall,820,0.8361788617886179,0.3584248246022018,0.01251673781290375,1.0,1.0,1.0,0.0,1.0,0.8116460556753265,0.8607116679019092
qwen3_8b,MUSE-News,full_inference,system_content_f1,820,0.5360372793840423,0.3676790902673556,0.012839910788185931,0.4,0.3333333333333333,1.0,0.0,1.0,0.5108710542391979,0.5612035045288868
qwen3_8b,MUSE-News,full_inference,target_positive_content,820,0.0,0.0,0.0,0.0,0.0,0.0,0.0,0.0,0.0,0.0
qwen3_8b,MUSE-News,full_inference,system_positive_content,820,0.0,0.0,0.0,0.0,0.0,0.0,0.0,0.0,0.0,0.0
qwen3_8b,MUSE-News,global_context,chain_length,50,4.0,0.0,0.0,4.0,4.0,4.0,4.0,4.0,4.0,4.0
qwen3_8b,MUSE-News,global_context,target_agent_position,50,2.0,0.0,0.0,2.0,2.0,2.0,2.0,2.0,2.0,2.0
qwen3_8b,MUSE-News,global_context,peer_evidence,50,1.0,0.0,0.0,1.0,1.0,1.0,1.0,1.0,1.0,1.0
qwen3_8b,MUSE-News,global_context,target_exact,50,0.0,0.0,0.0,0.0,0.0,0.0,0.0,0.0,0.0,0.0
qwen3_8b,MUSE-News,global_context,target_token_f1,50,0.04069799189434531,0.04365283679272379,0.006173443382832922,0.01388888888888885,0.0,0.0869565217391304,0.0,0.1,0.02859804286399278,0.052797940924697834
qwen3_8b,MUSE-News,global_context,target_semantic,50,0.10457798153162001,0.10753541569466325,0.015207804331082134,0.09284766763448715,0.0,0.2041241526603698,0.0,0.3162277638912201,0.07477068504269903,0.13438527802054098
qwen3_8b,MUSE-News,global_context,target_positive,50,0.0,0.0,0.0,0.0,0.0,0.0,0.0,0.0,0.0,0.0
qwen3_8b,MUSE-News,global_context,system_exact,50,0.0,0.0,0.0,0.0,0.0,0.0,0.0,0.0,0.0,0.0
qwen3_8b,MUSE-News,global_context,system_token_f1,50,0.0399820641439348,0.042877978208369305,0.006063861830941389,0.01388888888888885,0.0,0.0869565217391304,0.0,0.0952380952380952,0.028096894955289678,0.05186723333257992
qwen3_8b,MUSE-News,global_context,system_semantic,50,0.10365473508834837,0.10678813670305816,0.015102123122601693,0.0833333358168602,0.0,0.20235957950353614,0.0,0.3162277638912201,0.07405457376804905,0.13325489640864768
qwen3_8b,MUSE-News,global_context,system_positive,50,0.0,0.0,0.0,0.0,0.0,0.0,0.0,0.0,0.0,0.0
qwen3_8b,MUSE-News,global_context,target_content_precision,50,0.1373925537231384,0.15420278900173975,0.02180756755620171,0.0172413793103448,0.0,0.3333333333333333,0.0,0.3333333333333333,0.09464972131298306,0.18013538613329377
qwen3_8b,MUSE-News,global_context,target_content_recall,50,0.5,0.5050762722761054,0.07142857142857142,0.5,0.0,1.0,0.0,1.0,0.36,0.64
qwen3_8b,MUSE-News,global_context,target_content_f1,50,0.21059999999999998,0.23343796487870608,0.03301311359042403,0.0333333333333333,0.0,0.5,0.0,0.5,0.14589429736276888,0.2753057026372311
qwen3_8b,MUSE-News,global_context,system_content_precision,50,0.13961477594536065,0.1611003992626575,0.022783036954097082,0.0172413793103448,0.0,0.3333333333333333,0.0,0.5,0.09496002351533037,0.18426952837539093
qwen3_8b,MUSE-News,global_context,system_content_recall,50,0.5,0.5050762722761054,0.07142857142857142,0.5,0.0,1.0,0.0,1.0,0.36,0.64
qwen3_8b,MUSE-News,global_context,system_content_f1,50,0.2119333333333333,0.23932074133589024,0.03384506381543993,0.0333333333333333,0.0,0.5,0.0,0.6666666666666666,0.14559700825507105,0.27826965841159557
qwen3_8b,MUSE-News,global_context,target_positive_content,50,0.0,0.0,0.0,0.0,0.0,0.0,0.0,0.0,0.0,0.0
qwen3_8b,MUSE-News,global_context,system_positive_content,50,0.0,0.0,0.0,0.0,0.0,0.0,0.0,0.0,0.0,0.0
qwen3_8b,MUSE-News,none,chain_length,50,4.0,0.0,0.0,4.0,4.0,4.0,4.0,4.0,4.0,4.0
qwen3_8b,MUSE-News,none,target_agent_position,50,2.0,0.0,0.0,2.0,2.0,2.0,2.0,2.0,2.0,2.0
qwen3_8b,MUSE-News,none,peer_evidence,50,1.0,0.0,0.0,1.0,1.0,1.0,1.0,1.0,1.0,1.0
qwen3_8b,MUSE-News,none,target_exact,50,0.0,0.0,0.0,0.0,0.0,0.0,0.0,0.0,0.0,0.0
qwen3_8b,MUSE-News,none,target_token_f1,50,0.2197720245074982,0.13658101973034964,0.019315473046540774,0.267379679144385,0.0869565217391304,0.3529411764705882,0.03125,0.3529411764705882,0.18191369733627827,0.2576303516787181
qwen3_8b,MUSE-News,none,target_semantic,50,0.3185809329152107,0.11880364541124856,0.016801372659995182,0.3726801127195358,0.2041241526603698,0.4330126941204071,0.1386750489473343,0.4330126941204071,0.2856502425016202,0.35151162332880126
qwen3_8b,MUSE-News,none,target_positive,50,0.0,0.0,0.0,0.0,0.0,0.0,0.0,0.0,0.0,0.0
qwen3_8b,MUSE-News,none,system_exact,50,0.0,0.0,0.0,0.0,0.0,0.0,0.0,0.0,0.0,0.0
qwen3_8b,MUSE-News,none,system_token_f1,50,0.22075028537706337,0.1355131938021078,0.019164459655543448,0.267379679144385,0.0869565217391304,0.3529411764705882,0.03125,0.3529411764705882,0.18318794445219821,0.2583126263019285
qwen3_8b,MUSE-News,none,system_semantic,50,0.32089058637619017,0.1161757004199913,0.016429725115214535,0.3726801127195358,0.2041241526603698,0.4330126941204071,0.1386750489473343,0.4330126941204071,0.2886883251503697,0.35309284760201065
qwen3_8b,MUSE-News,none,system_positive,50,0.0,0.0,0.0,0.0,0.0,0.0,0.0,0.0,0.0,0.0
qwen3_8b,MUSE-News,none,target_content_precision,50,0.6168383458646617,0.39117799502772405,0.055320922587012246,0.6666666666666666,0.25,1.0,0.0476190476190476,1.0,0.5084093375941177,0.7252673541352057
qwen3_8b,MUSE-News,none,target_content_recall,50,1.0,0.0,0.0,1.0,1.0,1.0,1.0,1.0,1.0,1.0
qwen3_8b,MUSE-News,none,target_content_f1,50,0.6858181818181818,0.32733290787911745,0.04629186377336708,0.75,0.4,1.0,0.0909090909090909,1.0,0.5950861288223823,0.7765502348139812
qwen3_8b,MUSE-News,none,system_content_precision,50,0.6268383458646616,0.38219032068492204,0.05404987349203392,0.75,0.25,1.0,0.0476190476190476,1.0,0.5209005938202751,0.7327760979090481
qwen3_8b,MUSE-News,none,system_content_recall,50,1.0,0.0,0.0,1.0,1.0,1.0,1.0,1.0,1.0,1.0
qwen3_8b,MUSE-News,none,system_content_f1,50,0.6982626262626261,0.31605566458367035,0.044697020731906845,0.8333333333333333,0.4,1.0,0.0909090909090909,1.0,0.6106564656280887,0.7858687868971636
qwen3_8b,MUSE-News,none,target_positive_content,50,0.0,0.0,0.0,0.0,0.0,0.0,0.0,0.0,0.0,0.0
qwen3_8b,MUSE-News,none,system_positive_content,50,0.0,0.0,0.0,0.0,0.0,0.0,0.0,0.0,0.0,0.0
qwen3_8b,MUSE-News,parameter_only,chain_length,100,4.0,0.0,0.0,4.0,4.0,4.0,4.0,4.0,4.0,4.0
qwen3_8b,MUSE-News,parameter_only,target_agent_position,100,2.0,0.0,0.0,2.0,2.0,2.0,2.0,2.0,2.0,2.0
qwen3_8b,MUSE-News,parameter_only,peer_evidence,100,1.0,0.0,0.0,1.0,1.0,1.0,1.0,1.0,1.0,1.0
qwen3_8b,MUSE-News,parameter_only,target_exact,100,0.0,0.0,0.0,0.0,0.0,0.0,0.0,0.0,0.0,0.0
qwen3_8b,MUSE-News,parameter_only,target_token_f1,100,0.21529284568631787,0.1374700292169272,0.01374700292169272,0.1818181818181818,0.0869565217391304,0.3529411764705882,0.0277777777777777,0.3529411764705882,0.18834871995980015,0.2422369714128356
qwen3_8b,MUSE-News,parameter_only,target_semantic,100,0.31809972815215587,0.11785250720776992,0.011785250720776992,0.3418691009283066,0.2041241526603698,0.4330126941204071,0.122169442474842,0.4330126941204071,0.29500063673943294,0.3411988195648788
qwen3_8b,MUSE-News,parameter_only,target_positive,100,0.0,0.0,0.0,0.0,0.0,0.0,0.0,0.0,0.0,0.0
qwen3_8b,MUSE-News,parameter_only,system_exact,100,0.0,0.0,0.0,0.0,0.0,0.0,0.0,0.0,0.0,0.0
qwen3_8b,MUSE-News,parameter_only,system_token_f1,100,0.21817911374516363,0.1346135070679472,0.01346135070679472,0.1818181818181818,0.0869565217391304,0.3529411764705882,0.03125,0.3529411764705882,0.191794866359846,0.24456336113048127
qwen3_8b,MUSE-News,parameter_only,system_semantic,100,0.32044001430273056,0.11461290155818327,0.011461290155818326,0.3367525488138199,0.2041241526603698,0.4330126941204071,0.1386750489473343,0.4330126941204071,0.29797588559732663,0.3429041430081345
qwen3_8b,MUSE-News,parameter_only,system_positive,100,0.0,0.0,0.0,0.0,0.0,0.0,0.0,0.0,0.0,0.0
qwen3_8b,MUSE-News,parameter_only,target_content_precision,100,0.6038758898508899,0.3946306039836858,0.03946306039836858,0.3333333333333333,0.25,1.0,0.037037037037037,1.0,0.5265282914700875,0.6812234882316923
qwen3_8b,MUSE-News,parameter_only,target_content_recall,100,1.0,0.0,0.0,1.0,1.0,1.0,1.0,1.0,1.0,1.0
qwen3_8b,MUSE-News,parameter_only,target_content_f1,100,0.6721857101409533,0.3337577117063065,0.033375771170630654,0.5,0.4,1.0,0.0714285714285714,1.0,0.6067691986465172,0.7376022216353894
qwen3_8b,MUSE-News,parameter_only,system_content_precision,100,0.6161994569757728,0.38326133159831133,0.03832613315983113,0.5,0.25,1.0,0.0476190476190476,1.0,0.5410802359825038,0.6913186779690419
qwen3_8b,MUSE-News,parameter_only,system_content_recall,100,1.0,0.0,0.0,1.0,1.0,1.0,1.0,1.0,1.0,1.0
qwen3_8b,MUSE-News,parameter_only,system_content_f1,100,0.6882308802308803,0.3181955447728445,0.03181955447728445,0.6666666666666666,0.4,1.0,0.0909090909090909,1.0,0.6258645534554028,0.7505972070063578
qwen3_8b,MUSE-News,parameter_only,target_positive_content,100,0.0,0.0,0.0,0.0,0.0,0.0,0.0,0.0,0.0,0.0
qwen3_8b,MUSE-News,parameter_only,system_positive_content,100,0.0,0.0,0.0,0.0,0.0,0.0,0.0,0.0,0.0,0.0
qwen3_8b,MUSE-News,parameter_plus_comm,chain_length,100,4.0,0.0,0.0,4.0,4.0,4.0,4.0,4.0,4.0,4.0
qwen3_8b,MUSE-News,parameter_plus_comm,target_agent_position,100,2.0,0.0,0.0,2.0,2.0,2.0,2.0,2.0,2.0,2.0
qwen3_8b,MUSE-News,parameter_plus_comm,peer_evidence,100,1.0,0.0,0.0,1.0,1.0,1.0,1.0,1.0,1.0,1.0
qwen3_8b,MUSE-News,parameter_plus_comm,target_exact,100,0.0,0.0,0.0,0.0,0.0,0.0,0.0,0.0,0.0,0.0
qwen3_8b,MUSE-News,parameter_plus_comm,target_token_f1,100,0.2186456027104155,0.13691631477258676,0.013691631477258676,0.267379679144385,0.0869565217391304,0.3529411764705882,0.0277777777777777,0.3529411764705882,0.1918100050149885,0.2454812004058425
qwen3_8b,MUSE-News,parameter_plus_comm,target_semantic,100,0.3189981035143137,0.11813583630383837,0.011813583630383836,0.3726801127195358,0.2041241526603698,0.4330126941204071,0.122169442474842,0.4330126941204071,0.29584347959876134,0.342152727429866
qwen3_8b,MUSE-News,parameter_plus_comm,target_positive,100,0.0,0.0,0.0,0.0,0.0,0.0,0.0,0.0,0.0,0.0
qwen3_8b,MUSE-News,parameter_plus_comm,system_exact,100,0.0,0.0,0.0,0.0,0.0,0.0,0.0,0.0,0.0,0.0
qwen3_8b,MUSE-News,parameter_plus_comm,system_token_f1,100,0.22048403571395114,0.13493073871116296,0.013493073871116295,0.267379679144385,0.0869565217391304,0.3529411764705882,0.03125,0.3529411764705882,0.19403761092656321,0.24693046050133907
qwen3_8b,MUSE-News,parameter_plus_comm,system_semantic,100,0.3211585655808449,0.11509498320605555,0.011509498320605554,0.3726801127195358,0.2041241526603698,0.4330126941204071,0.1386750489473343,0.4330126941204071,0.298599948872458,0.34371718228923176
qwen3_8b,MUSE-News,parameter_plus_comm,system_positive,100,0.0,0.0,0.0,0.0,0.0,0.0,0.0,0.0,0.0,0.0
qwen3_8b,MUSE-News,parameter_plus_comm,target_content_precision,100,0.6137508898508899,0.39220672439618387,0.03922067243961839,0.6666666666666666,0.25,1.0,0.037037037037037,1.0,0.5368783718692378,0.690623407832542
qwen3_8b,MUSE-News,parameter_plus_comm,target_content_recall,100,1.0,0.0,0.0,1.0,1.0,1.0,1.0,1.0,1.0,1.0
qwen3_8b,MUSE-News,parameter_plus_comm,target_content_f1,100,0.6817338772338775,0.32974583275577835,0.03297458327557783,0.75,0.4,1.0,0.0714285714285714,1.0,0.6171036940137449,0.74636406045401
qwen3_8b,MUSE-News,parameter_plus_comm,system_content_precision,100,0.624532790309106,0.3824471213778571,0.03824471213778571,0.75,0.25,1.0,0.0476190476190476,1.0,0.5495731545190461,0.699492426099166
qwen3_8b,MUSE-News,parameter_plus_comm,system_content_recall,100,1.0,0.0,0.0,1.0,1.0,1.0,1.0,1.0,1.0,1.0
qwen3_8b,MUSE-News,parameter_plus_comm,system_content_f1,100,0.6953737373737375,0.317083782717469,0.0317083782717469,0.8333333333333333,0.4,1.0,0.0909090909090909,1.0,0.6332253159611136,0.7575221587863614
qwen3_8b,MUSE-News,parameter_plus_comm,target_positive_content,100,0.0,0.0,0.0,0.0,0.0,0.0,0.0,0.0,0.0,0.0
qwen3_8b,MUSE-News,parameter_plus_comm,system_positive_content,100,0.0,0.0,0.0,0.0,0.0,0.0,0.0,0.0,0.0,0.0
qwen3_8b,MUSE-News,target_context,chain_length,50,4.0,0.0,0.0,4.0,4.0,4.0,4.0,4.0,4.0,4.0
qwen3_8b,MUSE-News,target_context,target_agent_position,50,2.0,0.0,0.0,2.0,2.0,2.0,2.0,2.0,2.0,2.0
qwen3_8b,MUSE-News,target_context,peer_evidence,50,1.0,0.0,0.0,1.0,1.0,1.0,1.0,1.0,1.0,1.0
qwen3_8b,MUSE-News,target_context,target_exact,50,0.0,0.0,0.0,0.0,0.0,0.0,0.0,0.0,0.0,0.0
qwen3_8b,MUSE-News,target_context,target_token_f1,50,0.1554996884874877,0.13953077036334025,0.01973263078162017,0.0952380952380952,0.0431086824529447,0.3529411764705882,0.0,0.3529411764705882,0.11682373215551216,0.1941756448194632
qwen3_8b,MUSE-News,target_context,target_semantic,50,0.24101651728153228,0.15514141325614916,0.021940309071257522,0.2041241526603698,0.1856953352689743,0.4330126941204071,0.0,0.4330126941204071,0.19801351150186752,0.28401952306119704
qwen3_8b,MUSE-News,target_context,target_positive,50,0.0,0.0,0.0,0.0,0.0,0.0,0.0,0.0,0.0,0.0
qwen3_8b,MUSE-News,target_context,system_exact,50,0.0,0.0,0.0,0.0,0.0,0.0,0.0,0.0,0.0,0.0
qwen3_8b,MUSE-News,target_context,system_token_f1,50,0.19111922956957225,0.14008219185765325,0.019810613557204315,0.1245421245421245,0.0869565217391304,0.3529411764705882,0.0,0.3529411764705882,0.1522904269974518,0.2299480321416927
qwen3_8b,MUSE-News,target_context,system_semantic,50,0.28322119027376175,0.1415997534660611,0.020025229178039027,0.269434243440628,0.19683896005153656,0.4330126941204071,0.0,0.4330126941204071,0.24397174108480527,0.32247063946271826
qwen3_8b,MUSE-News,target_context,system_positive,50,0.0,0.0,0.0,0.0,0.0,0.0,0.0,0.0,0.0,0.0
qwen3_8b,MUSE-News,target_context,target_content_precision,50,0.43944983164983165,0.40591033486670325,0.05740439006758963,0.25,0.08409090909090905,1.0,0.0,1.0,0.32693722711735596,0.5519624361823073
qwen3_8b,MUSE-News,target_context,target_content_recall,50,0.8,0.4040610178208843,0.05714285714285715,1.0,1.0,1.0,0.0,1.0,0.6880000000000001,0.912
qwen3_8b,MUSE-News,target_context,target_content_f1,50,0.5060394967351489,0.38472252927967704,0.05440798186577994,0.4,0.14855072463768113,1.0,0.0,1.0,0.3993998522782202,0.6126791411920776
qwen3_8b,MUSE-News,target_context,system_content_precision,50,0.5455626869105129,0.4055171571949097,0.05734878634800236,0.3333333333333333,0.25,1.0,0.0,1.0,0.43315906566842827,0.6579663081525975
qwen3_8b,MUSE-News,target_context,system_content_recall,50,0.9,0.30304576336566325,0.04285714285714286,1.0,1.0,1.0,0.0,1.0,0.8160000000000001,0.984
qwen3_8b,MUSE-News,target_context,system_content_f1,50,0.6129134199134199,0.3672367596336126,0.05193512060758033,0.5,0.4,1.0,0.0,1.0,0.5111205835225624,0.7147062563042773
qwen3_8b,MUSE-News,target_context,target_positive_content,50,0.0,0.0,0.0,0.0,0.0,0.0,0.0,0.0,0.0,0.0
qwen3_8b,MUSE-News,target_context,system_positive_content,50,0.0,0.0,0.0,0.0,0.0,0.0,0.0,0.0,0.0,0.0
qwen3_8b,MUSE-News,target_context_comm,chain_length,170,4.0,0.0,0.0,4.0,4.0,4.0,4.0,4.0,4.0,4.0
qwen3_8b,MUSE-News,target_context_comm,target_agent_position,170,2.0,0.0,0.0,2.0,2.0,2.0,2.0,2.0,2.0,2.0
qwen3_8b,MUSE-News,target_context_comm,peer_evidence,170,1.0,0.0,0.0,1.0,1.0,1.0,1.0,1.0,1.0,1.0
qwen3_8b,MUSE-News,target_context_comm,target_exact,170,0.0,0.0,0.0,0.0,0.0,0.0,0.0,0.0,0.0,0.0
qwen3_8b,MUSE-News,target_context_comm,target_token_f1,170,0.14345407691729337,0.10263175678454534,0.007871496419764484,0.1176470588235294,0.0869565217391304,0.1818181818181818,0.0,0.3529411764705882,0.12802594393455496,0.15888220990003177
qwen3_8b,MUSE-News,target_context_comm,target_semantic,170,0.2273313904509825,0.1122777877723154,0.00861131322466013,0.2041241526603698,0.1443375647068023,0.2886751294136047,0.0,0.4330126941204071,0.21045321653064863,0.24420956437131636
qwen3_8b,MUSE-News,target_context_comm,target_positive,170,0.0,0.0,0.0,0.0,0.0,0.0,0.0,0.0,0.0,0.0
qwen3_8b,MUSE-News,target_context_comm,system_exact,170,0.0,0.0,0.0,0.0,0.0,0.0,0.0,0.0,0.0,0.0
qwen3_8b,MUSE-News,target_context_comm,system_token_f1,170,0.2181417588747362,0.13381624279793908,0.010263237316511836,0.19090909090909086,0.0869565217391304,0.3529411764705882,0.0,0.3529411764705882,0.198025813734373,0.23825770401509938
qwen3_8b,MUSE-News,target_context_comm,system_semantic,170,0.3190940310849863,0.11780418979934264,0.009035168911562632,0.2950932383537292,0.2041241526603698,0.4330126941204071,0.0,0.4330126941204071,0.3013851000183235,0.33680296215164907
qwen3_8b,MUSE-News,target_context_comm,system_positive,170,0.0,0.0,0.0,0.0,0.0,0.0,0.0,0.0,0.0,0.0
qwen3_8b,MUSE-News,target_context_comm,target_content_precision,170,0.3864769544181309,0.315401834349955,0.02419021643646534,0.3333333333333333,0.2,0.3333333333333333,0.0,1.0,0.33906413020265885,0.43388977863360295
qwen3_8b,MUSE-News,target_context_comm,target_content_recall,170,0.7529411764705882,0.3521435857723098,0.027008180133453262,1.0,0.3333333333333333,1.0,0.0,1.0,0.7000051434090199,0.8058772095321566
qwen3_8b,MUSE-News,target_context_comm,target_content_f1,170,0.4504782515012694,0.29675663370186,0.022760194825753022,0.3333333333333333,0.3333333333333333,0.5,0.0,1.0,0.4058682696427935,0.49508823335974533
qwen3_8b,MUSE-News,target_context_comm,system_content_precision,170,0.6140627748684014,0.3991810365504139,0.030615787924596998,0.75,0.25,1.0,0.0,1.0,0.5540558305361913,0.6740697192006115
qwen3_8b,MUSE-News,target_context_comm,system_content_recall,170,0.9705882352941176,0.1694568625436561,0.012996748069090559,1.0,1.0,1.0,0.0,1.0,0.9451146090787002,0.9960618615095351
qwen3_8b,MUSE-News,target_context_comm,system_content_f1,170,0.6754609116373822,0.351118626259785,0.026929569327344003,0.8333333333333333,0.4,1.0,0.0,1.0,0.6226789557557879,0.7282428675189765
qwen3_8b,MUSE-News,target_context_comm,target_positive_content,170,0.0,0.0,0.0,0.0,0.0,0.0,0.0,0.0,0.0,0.0
qwen3_8b,MUSE-News,target_context_comm,system_positive_content,170,0.0,0.0,0.0,0.0,0.0,0.0,0.0,0.0,0.0,0.0
qwen3_8b,MUSE-News,target_context_memory,chain_length,820,3.9878048780487805,0.5949297870357704,0.020775849356076265,4.0,4.0,4.0,1.0,8.0,3.947084213310871,4.02852554278669
qwen3_8b,MUSE-News,target_context_memory,target_agent_position,820,2.024390243902439,0.26956346731032627,0.009413564610111209,2.0,2.0,2.0,1.0,4.0,2.0059396572666213,2.042840830538257
qwen3_8b,MUSE-News,target_context_memory,peer_evidence,820,0.9176829268292683,0.2441466101126912,0.00852596945560734,1.0,1.0,1.0,0.0,1.0,0.900972026696278,0.9343938269622587
qwen3_8b,MUSE-News,target_context_memory,target_exact,820,0.0,0.0,0.0,0.0,0.0,0.0,0.0,0.0,0.0,0.0
qwen3_8b,MUSE-News,target_context_memory,target_token_f1,820,0.14150384072032787,0.13567976592572267,0.004738142952272481,0.0869565217391304,0.0327868852459016,0.3529411764705882,0.0,0.3529411764705882,0.13221708053387382,0.15079060090678192
qwen3_8b,MUSE-News,target_context_memory,target_semantic,820,0.2233170760659183,0.15285810415778875,0.005338036544885069,0.2041241526603698,0.1601281464099884,0.4330126941204071,0.0,0.4330126941204071,0.21285452443794356,0.23377962769389304
qwen3_8b,MUSE-News,target_context_memory,target_positive,820,0.0,0.0,0.0,0.0,0.0,0.0,0.0,0.0,0.0,0.0
qwen3_8b,MUSE-News,target_context_memory,system_exact,820,0.0,0.0,0.0,0.0,0.0,0.0,0.0,0.0,0.0,0.0
qwen3_8b,MUSE-News,target_context_memory,system_token_f1,820,0.16881894078462484,0.1394698659991111,0.00487049898803513,0.0952380952380952,0.0769230769230769,0.3529411764705882,0.0,0.3529411764705882,0.15927276276807598,0.1783651188011737
qwen3_8b,MUSE-News,target_context_memory,system_semantic,820,0.2574747028692466,0.14716317598847933,0.005139161026601205,0.2041241526603698,0.1856953352689743,0.4330126941204071,0.0,0.4330126941204071,0.24740194725710826,0.267547458481385
qwen3_8b,MUSE-News,target_context_memory,system_positive,820,0.0,0.0,0.0,0.0,0.0,0.0,0.0,0.0,0.0,0.0
qwen3_8b,MUSE-News,target_context_memory,target_content_precision,820,0.4051148129997887,0.3918144039110611,0.013682752500519169,0.25,0.0454545454545454,1.0,0.0,1.0,0.37829661809877113,0.43193300790080624
qwen3_8b,MUSE-News,target_context_memory,target_content_recall,820,0.774390243902439,0.41334405898381255,0.014434600668533108,1.0,1.0,1.0,0.0,1.0,0.7460984265921141,0.802682061212764
qwen3_8b,MUSE-News,target_context_memory,target_content_f1,820,0.47113609523433675,0.37494486315142317,0.013093642583406626,0.4,0.0869565217391304,1.0,0.0,1.0,0.44547255577085976,0.49679963469781374
qwen3_8b,MUSE-News,target_context_memory,system_content_precision,820,0.4830460780878983,0.4019488656126867,0.014036663254705761,0.25,0.25,1.0,0.0,1.0,0.455534218108675,0.5105579380671216
qwen3_8b,MUSE-News,target_context_memory,system_content_recall,820,0.85,0.351547541003594,0.012276572652010403,1.0,1.0,1.0,0.0,1.0,0.8259379176020596,0.8740620823979404
qwen3_8b,MUSE-News,target_context_memory,system_content_f1,820,0.5493449267491282,0.372698999093081,0.013015213608480316,0.4,0.3333333333333333,1.0,0.0,1.0,0.5238351080765067,0.5748547454217496
qwen3_8b,MUSE-News,target_context_memory,target_positive_content,820,0.0,0.0,0.0,0.0,0.0,0.0,0.0,0.0,0.0,0.0
qwen3_8b,MUSE-News,target_context_memory,system_positive_content,820,0.0,0.0,0.0,0.0,0.0,0.0,0.0,0.0,0.0,0.0
qwen3_8b,MUSE-News,target_memory,chain_length,50,4.0,0.0,0.0,4.0,4.0,4.0,4.0,4.0,4.0,4.0
qwen3_8b,MUSE-News,target_memory,target_agent_position,50,2.0,0.0,0.0,2.0,2.0,2.0,2.0,2.0,2.0,2.0
qwen3_8b,MUSE-News,target_memory,peer_evidence,50,1.0,0.0,0.0,1.0,1.0,1.0,1.0,1.0,1.0,1.0
qwen3_8b,MUSE-News,target_memory,target_exact,50,0.0,0.0,0.0,0.0,0.0,0.0,0.0,0.0,0.0,0.0
qwen3_8b,MUSE-News,target_memory,target_token_f1,50,0.22193080798629897,0.1355114728384326,0.019164216274526465,0.276470588235294,0.0869565217391304,0.3529411764705882,0.0256410256410256,0.3529411764705882,0.1843689440882271,0.25949267188437086
qwen3_8b,MUSE-News,target_memory,target_semantic,50,0.32547982096672057,0.1124938632965712,0.01590903471577559,0.3746202290058136,0.2041241526603698,0.4330126941204071,0.1601281464099884,0.4330126941204071,0.2942981129238004,0.3566615290096407
qwen3_8b,MUSE-News,target_memory,target_positive,50,0.0,0.0,0.0,0.0,0.0,0.0,0.0,0.0,0.0,0.0
qwen3_8b,MUSE-News,target_memory,system_exact,50,0.0,0.0,0.0,0.0,0.0,0.0,0.0,0.0,0.0,0.0
qwen3_8b,MUSE-News,target_memory,system_token_f1,50,0.22302771955142092,0.13419571917011333,0.018978140606278542,0.276470588235294,0.0869565217391304,0.3529411764705882,0.03125,0.3529411764705882,0.18583056396311498,0.26022487513972686
qwen3_8b,MUSE-News,target_memory,system_semantic,50,0.3228357082605362,0.11365331242683892,0.01607300558426622,0.36726202070713043,0.2041241526603698,0.4330126941204071,0.1767766922712326,0.4330126941204071,0.2913326173153744,0.354338799205698
qwen3_8b,MUSE-News,target_memory,system_positive,50,0.0,0.0,0.0,0.0,0.0,0.0,0.0,0.0,0.0,0.0
qwen3_8b,MUSE-News,target_memory,target_content_precision,50,0.6246410256410256,0.3981346333210008,0.05630473980929985,1.0,0.25,1.0,0.0333333333333333,1.0,0.5142837356147979,0.7349983156672534
qwen3_8b,MUSE-News,target_memory,target_content_recall,50,1.0,0.0,0.0,1.0,1.0,1.0,1.0,1.0,1.0,1.0
qwen3_8b,MUSE-News,target_memory,target_content_f1,50,0.6885178358081583,0.336730449439959,0.04762087684619778,1.0,0.4,1.0,0.064516129032258,1.0,0.5951809171896106,0.7818547544267059
qwen3_8b,MUSE-News,target_memory,system_content_precision,50,0.6385281385281385,0.3852166706123605,0.054477864003220945,1.0,0.25,1.0,0.0454545454545454,1.0,0.5317515250818254,0.7453047519744516
qwen3_8b,MUSE-News,target_memory,system_content_recall,50,1.0,0.0,0.0,1.0,1.0,1.0,1.0,1.0,1.0,1.0
qwen3_8b,MUSE-News,target_memory,system_content_f1,50,0.7059675686632206,0.32053617653027117,0.0453306608080326,1.0,0.4,1.0,0.0869565217391304,1.0,0.6171194734794767,0.7948156638469646
qwen3_8b,MUSE-News,target_memory,target_positive_content,50,0.0,0.0,0.0,0.0,0.0,0.0,0.0,0.0,0.0,0.0
qwen3_8b,MUSE-News,target_memory,system_positive_content,50,0.0,0.0,0.0,0.0,0.0,0.0,0.0,0.0,0.0,0.0
qwen3_8b,MUSE-News,target_memory_comm,chain_length,50,4.0,0.0,0.0,4.0,4.0,4.0,4.0,4.0,4.0,4.0
qwen3_8b,MUSE-News,target_memory_comm,target_agent_position,50,2.0,0.0,0.0,2.0,2.0,2.0,2.0,2.0,2.0,2.0
qwen3_8b,MUSE-News,target_memory_comm,peer_evidence,50,1.0,0.0,0.0,1.0,1.0,1.0,1.0,1.0,1.0,1.0
qwen3_8b,MUSE-News,target_memory_comm,target_exact,50,0.0,0.0,0.0,0.0,0.0,0.0,0.0,0.0,0.0,0.0
qwen3_8b,MUSE-News,target_memory_comm,target_token_f1,50,0.19840139622159306,0.13098370842899903,0.01852389369102135,0.1176470588235294,0.0869565217391304,0.3529411764705882,0.0256410256410256,0.3529411764705882,0.1620945645871912,0.2347082278559949
qwen3_8b,MUSE-News,target_memory_comm,target_semantic,50,0.2966123080253601,0.11820666099625113,0.016716946314373708,0.2501583471894264,0.1981181390583515,0.4330126941204071,0.1443375647068023,0.4330126941204071,0.26384709324918765,0.32937752280153254
qwen3_8b,MUSE-News,target_memory_comm,target_positive,50,0.0,0.0,0.0,0.0,0.0,0.0,0.0,0.0,0.0,0.0
qwen3_8b,MUSE-News,target_memory_comm,system_exact,50,0.0,0.0,0.0,0.0,0.0,0.0,0.0,0.0,0.0,0.0
qwen3_8b,MUSE-News,target_memory_comm,system_token_f1,50,0.22302771955142092,0.13419571917011333,0.018978140606278542,0.276470588235294,0.0869565217391304,0.3529411764705882,0.03125,0.3529411764705882,0.18583056396311498,0.26022487513972686
qwen3_8b,MUSE-News,target_memory_comm,system_semantic,50,0.3228357082605362,0.11365331242683892,0.01607300558426622,0.36726202070713043,0.2041241526603698,0.4330126941204071,0.1767766922712326,0.4330126941204071,0.2913326173153744,0.354338799205698
qwen3_8b,MUSE-News,target_memory_comm,system_positive,50,0.0,0.0,0.0,0.0,0.0,0.0,0.0,0.0,0.0,0.0
qwen3_8b,MUSE-News,target_memory_comm,target_content_precision,50,0.557974358974359,0.38504319831436407,0.05445333131556869,0.3333333333333333,0.25,1.0,0.0333333333333333,1.0,0.45124582959584436,0.6647028883528736
qwen3_8b,MUSE-News,target_memory_comm,target_content_recall,50,0.9333333333333335,0.20203050891044214,0.028571428571428567,1.0,1.0,1.0,0.3333333333333333,1.0,0.8773333333333335,0.9893333333333334
qwen3_8b,MUSE-News,target_memory_comm,target_content_f1,50,0.6218511691414916,0.3344027457576603,0.04729168983452852,0.4,0.4,1.0,0.064516129032258,1.0,0.5291594570658158,0.7145428812171675
qwen3_8b,MUSE-News,target_memory_comm,system_content_precision,50,0.6385281385281385,0.3852166706123605,0.054477864003220945,1.0,0.25,1.0,0.0454545454545454,1.0,0.5317515250818254,0.7453047519744516
qwen3_8b,MUSE-News,target_memory_comm,system_content_recall,50,1.0,0.0,0.0,1.0,1.0,1.0,1.0,1.0,1.0,1.0
qwen3_8b,MUSE-News,target_memory_comm,system_content_f1,50,0.7059675686632206,0.32053617653027117,0.0453306608080326,1.0,0.4,1.0,0.0869565217391304,1.0,0.6171194734794767,0.7948156638469646
qwen3_8b,MUSE-News,target_memory_comm,target_positive_content,50,0.0,0.0,0.0,0.0,0.0,0.0,0.0,0.0,0.0,0.0
qwen3_8b,MUSE-News,target_memory_comm,system_positive_content,50,0.0,0.0,0.0,0.0,0.0,0.0,0.0,0.0,0.0,0.0
qwen3_8b,RWKU,communication,chain_length,750,4.0,0.0,0.0,4.0,4.0,4.0,4.0,4.0,4.0,4.0
qwen3_8b,RWKU,communication,target_agent_position,750,2.0,0.0,0.0,2.0,2.0,2.0,2.0,2.0,2.0,2.0
qwen3_8b,RWKU,communication,peer_evidence,750,1.0,0.0,0.0,1.0,1.0,1.0,1.0,1.0,1.0,1.0
qwen3_8b,RWKU,communication,target_exact,750,0.084,0.2775729255024031,0.010135530176691145,0.0,0.0,0.0,0.0,1.0,0.06413436085368536,0.10386563914631465
qwen3_8b,RWKU,communication,target_token_f1,750,0.26297598049073456,0.25629619108225565,0.009358613683893721,0.1818181818181818,0.1111111111111111,0.2666666666666667,0.0,1.0,0.24463309767030286,0.28131886331116623
qwen3_8b,RWKU,communication,target_semantic,750,0.38999377661570905,0.23256373973922262,0.008492027087528857,0.3162277638912201,0.2581988871097564,0.4472135901451111,0.0,1.0,0.37334940352415247,0.40663814970726564
qwen3_8b,RWKU,communication,target_positive,750,0.15466666666666667,0.36182792616531556,0.013212087806403802,0.0,0.0,0.0,0.0,1.0,0.12877097456611522,0.18056235876721813
qwen3_8b,RWKU,communication,system_exact,750,0.05466666666666667,0.22748014971327424,0.008306400625507509,0.0,0.0,0.0,0.0,1.0,0.03838612144067195,0.07094721189266139
qwen3_8b,RWKU,communication,system_token_f1,750,0.24126098609554197,0.22084835543848416,0.008064241737438433,0.1818181818181818,0.1111111111111111,0.2666666666666667,0.0,1.0,0.22545507229016265,0.2570668999009213
qwen3_8b,RWKU,communication,system_semantic,750,0.37198563059419393,0.20511408610934612,0.0074897074549430615,0.3162277638912201,0.2581988871097564,0.4444444477558136,0.0,1.0,0.35730580398250555,0.3866654572058823
qwen3_8b,RWKU,communication,system_positive,750,0.11466666666666667,0.3188318688112097,0.011642093773295158,0.0,0.0,0.0,0.0,1.0,0.09184816287100817,0.13748517046232517
qwen3_8b,RWKU,communication,target_content_precision,750,0.5971285713209249,0.41785878500192025,0.015258045493150206,0.6666666666666666,0.125,1.0,0.0,1.0,0.5672228021543505,0.6270343404874993
qwen3_8b,RWKU,communication,target_content_recall,750,0.8486666666666667,0.3572137891287894,0.013043603343848777,1.0,1.0,1.0,0.0,1.0,0.823101204112723,0.8742321292206103
qwen3_8b,RWKU,communication,target_content_f1,750,0.6449628620737037,0.39828514598723164,0.014543317251762996,0.8,0.2222222222222222,1.0,0.0,1.0,0.6164579602602482,0.6734677638871591
qwen3_8b,RWKU,communication,system_content_precision,750,0.6069061752504225,0.4183367725648141,0.015275499131177133,0.6666666666666666,0.13571428571428568,1.0,0.0,1.0,0.5769661969533153,0.6368461535475296
qwen3_8b,RWKU,communication,system_content_recall,750,0.8506666666666667,0.35665458389292853,0.013023184055718376,1.0,1.0,1.0,0.0,1.0,0.8251412259174586,0.8761921074158747
qwen3_8b,RWKU,communication,system_content_f1,750,0.6531015801174371,0.3982688191843367,0.01454272108121383,0.8,0.2389705882352941,1.0,0.0,1.0,0.624597846798258,0.6816053134366162
qwen3_8b,RWKU,communication,target_positive_content,750,0.196,0.39723342322035854,0.014504913766185788,0.0,0.0,0.0,0.0,1.0,0.16757036901827588,0.22442963098172414
qwen3_8b,RWKU,communication,system_positive_content,750,0.168,0.37411577996982415,0.01366077678720747,0.0,0.0,0.0,0.0,1.0,0.14122487749707335,0.19477512250292667
qwen3_8b,RWKU,full_inference,chain_length,1905,3.9921259842519685,0.47791668088436845,0.010949762491402571,4.0,4.0,4.0,1.0,8.0,3.9706644497688193,4.013587518735117
qwen3_8b,RWKU,full_inference,target_agent_position,1905,2.015748031496063,0.21684274674211002,0.004968181002629498,2.0,2.0,2.0,1.0,4.0,2.0060103967309093,2.0254856662612166
qwen3_8b,RWKU,full_inference,peer_evidence,1905,0.9468503937007874,0.20002770601450906,0.00458292409569379,1.0,1.0,1.0,0.0,1.0,0.9378678624732275,0.9558329249283473
qwen3_8b,RWKU,full_inference,target_exact,1905,0.029396325459317585,0.1689590687067592,0.003871096672508074,0.0,0.0,0.0,0.0,1.0,0.02180897598120176,0.03698367493743341
qwen3_8b,RWKU,full_inference,target_token_f1,1905,0.16644079608958542,0.1767111479916086,0.004048708022726169,0.1428571428571428,0.0909090909090909,0.1818181818181818,0.0,1.0,0.15850532836504214,0.1743762638141287
qwen3_8b,RWKU,full_inference,target_semantic,1905,0.27907301855134214,0.18311883416988003,0.0041955173821351804,0.2773500978946686,0.2425356209278106,0.3015113472938537,0.0,1.0,0.2708498044823572,0.2872962326203271
qwen3_8b,RWKU,full_inference,target_positive,1905,0.03989501312335958,0.19576393535003184,0.004485234941995614,0.0,0.0,0.0,0.0,1.0,0.031103952637048175,0.048686073609670984
qwen3_8b,RWKU,full_inference,system_exact,1905,0.010498687664041995,0.10195058287261914,0.0023358353306469556,0.0,0.0,0.0,0.0,1.0,0.005920450415973962,0.015076924912110028
qwen3_8b,RWKU,full_inference,system_token_f1,1905,0.1719169012365307,0.13396771526641885,0.003069394148303544,0.1538461538461538,0.125,0.1999999999999999,0.0,1.0,0.16590088870585576,0.17793291376720563
qwen3_8b,RWKU,full_inference,system_semantic,1905,0.2916844087440198,0.14038640327801938,0.0032164555756288727,0.2886751294136047,0.2425356209278106,0.3086067140102386,0.0,1.0,0.2853801558157872,0.2979886616722524
qwen3_8b,RWKU,full_inference,system_positive,1905,0.030446194225721784,0.17185670564961222,0.003937485726457482,0.0,0.0,0.0,0.0,1.0,0.02272872220186512,0.03816366624957845
qwen3_8b,RWKU,full_inference,target_content_precision,1905,0.6285416475636552,0.4404148178219993,0.010090540560169335,1.0,0.0909090909090909,1.0,0.0,1.0,0.6087641880657233,0.648319107061587
qwen3_8b,RWKU,full_inference,target_content_recall,1905,0.8146981627296588,0.3862720795704192,0.008850052106424783,1.0,1.0,1.0,0.0,1.0,0.7973520606010662,0.8320442648582513
qwen3_8b,RWKU,full_inference,target_content_f1,1905,0.6582657153997294,0.42296864191260086,0.009690823433247451,1.0,0.1666666666666666,1.0,0.0,1.0,0.6392717014705644,0.6772597293288944
qwen3_8b,RWKU,full_inference,system_content_precision,1905,0.7216163175087013,0.40214014842215917,0.00921361251783845,1.0,0.3333333333333333,1.0,0.0,1.0,0.7035576369737379,0.7396749980436647
qwen3_8b,RWKU,full_inference,system_content_recall,1905,0.8858267716535433,0.3170714560023869,0.007264565718034331,1.0,1.0,1.0,0.0,1.0,0.871588222846196,0.9000653204608906
qwen3_8b,RWKU,full_inference,system_content_f1,1905,0.7504355444467543,0.3794462914807791,0.008693663427419273,1.0,0.5,1.0,0.0,1.0,0.7333959641290125,0.7674751247644961
qwen3_8b,RWKU,full_inference,target_positive_content,1905,0.07979002624671916,0.27103900228899996,0.0062098956150252625,0.0,0.0,0.0,0.0,1.0,0.06761863084126965,0.09196142165216867
qwen3_8b,RWKU,full_inference,system_positive_content,1905,0.06561679790026247,0.24767606871032172,0.005674617010990021,0.0,0.0,0.0,0.0,1.0,0.054494548558722024,0.0767390472418029
qwen3_8b,RWKU,global_context,chain_length,750,4.0,0.0,0.0,4.0,4.0,4.0,4.0,4.0,4.0,4.0
qwen3_8b,RWKU,global_context,target_agent_position,750,2.0,0.0,0.0,2.0,2.0,2.0,2.0,2.0,2.0,2.0
qwen3_8b,RWKU,global_context,peer_evidence,750,1.0,0.0,0.0,1.0,1.0,1.0,1.0,1.0,1.0,1.0
qwen3_8b,RWKU,global_context,target_exact,750,0.07066666666666667,0.2564382374928125,0.009363800485445363,0.0,0.0,0.0,0.0,1.0,0.05231361771519376,0.08901971561813958
qwen3_8b,RWKU,global_context,target_token_f1,750,0.24354067809798008,0.25057475112976774,0.009149696235667793,0.1666666666666666,0.1081081081081081,0.2666666666666667,0.0,1.0,0.2256072734760712,0.261474082719889
qwen3_8b,RWKU,global_context,target_semantic,750,0.36272386795282363,0.24303966835764299,0.008874553915203707,0.3086067140102386,0.2425356209278106,0.457911841571331,0.0,1.0,0.34532974227902435,0.3801179936266229
qwen3_8b,RWKU,global_context,target_positive,750,0.128,0.3343127577982962,0.012207375913859198,0.0,0.0,0.0,0.0,1.0,0.10407354320883597,0.15192645679116404
qwen3_8b,RWKU,global_context,system_exact,750,0.04666666666666667,0.21106465029549917,0.007706991337252288,0.0,0.0,0.0,0.0,1.0,0.03156096364565218,0.061772369687681156
qwen3_8b,RWKU,global_context,system_token_f1,750,0.22448772216645113,0.2191448896824473,0.008002039962737168,0.1666666666666666,0.1111111111111111,0.2666666666666667,0.0,1.0,0.20880372383948628,0.24017172049341598
qwen3_8b,RWKU,global_context,system_semantic,750,0.3435299475193024,0.2197349764065072,0.00802358688338063,0.2886751294136047,0.2425356209278106,0.4264014363288879,0.0,1.0,0.3278037172278763,0.35925617781072844
qwen3_8b,RWKU,global_context,system_positive,750,0.08933333333333333,0.28541461810471336,0.010421868305178258,0.0,0.0,0.0,0.0,1.0,0.06890647145518394,0.10976019521148273
qwen3_8b,RWKU,global_context,target_content_precision,750,0.4996640356731943,0.4233307466803555,0.015457853282822393,0.4,0.0625,1.0,0.0,1.0,0.4693666432388624,0.5299614281075262
qwen3_8b,RWKU,global_context,target_content_recall,750,0.7686666666666667,0.42157069556287396,0.01539358530286194,1.0,1.0,1.0,0.0,1.0,0.7384952394730573,0.7988380938602762
qwen3_8b,RWKU,global_context,target_content_f1,750,0.5516842967133592,0.4104067681143938,0.014985936309936361,0.5714285714285715,0.1176470588235294,1.0,0.0,1.0,0.5223118615458839,0.5810567318808344
qwen3_8b,RWKU,global_context,system_content_precision,750,0.5027776778616285,0.4221317762147214,0.015414073071501711,0.4,0.059742647058823525,1.0,0.0,1.0,0.4725660946414852,0.5329892610817719
qwen3_8b,RWKU,global_context,system_content_recall,750,0.7676666666666667,0.42151487353002337,0.01539154697042207,1.0,1.0,1.0,0.0,1.0,0.7374992346046395,0.7978340987286939
qwen3_8b,RWKU,global_context,system_content_f1,750,0.5551939884370063,0.40971542764782354,0.014960692125372583,0.5714285714285715,0.11274509803921567,1.0,0.0,1.0,0.525871031871276,0.5845169450027365
qwen3_8b,RWKU,global_context,target_positive_content,750,0.18533333333333332,0.388827044905601,0.014197956230858122,0.0,0.0,0.0,0.0,1.0,0.1575053391208514,0.21316132754581524
qwen3_8b,RWKU,global_context,system_positive_content,750,0.15866666666666668,0.36560878262353624,0.013350145164327573,0.0,0.0,0.0,0.0,1.0,0.13250038214458465,0.1848329511887487
qwen3_8b,RWKU,none,chain_length,750,4.0,0.0,0.0,4.0,4.0,4.0,4.0,4.0,4.0,4.0
qwen3_8b,RWKU,none,target_agent_position,750,2.0,0.0,0.0,2.0,2.0,2.0,2.0,2.0,2.0,2.0
qwen3_8b,RWKU,none,peer_evidence,750,1.0,0.0,0.0,1.0,1.0,1.0,1.0,1.0,1.0,1.0
qwen3_8b,RWKU,none,target_exact,750,0.08666666666666667,0.28153372303360474,0.010280158053594472,0.0,0.0,0.0,0.0,1.0,0.0665175568816215,0.10681577645171184
qwen3_8b,RWKU,none,target_token_f1,750,0.26961258091945545,0.26039655794291466,0.009508337912135692,0.1818181818181818,0.1111111111111111,0.3333333333333333,0.0,1.0,0.2509762386116695,0.2882489232272414
qwen3_8b,RWKU,none,target_semantic,750,0.3980340497555832,0.23490000808925443,0.008577335545908709,0.3162277638912201,0.2581988871097564,0.45306520909070963,0.0,1.0,0.3812224720856021,0.4148456274255643
qwen3_8b,RWKU,none,target_positive,750,0.16533333333333333,0.3717290216132826,0.013573624694461352,0.0,0.0,0.0,0.0,1.0,0.13872902893218908,0.19193763773447758
qwen3_8b,RWKU,none,system_exact,750,0.056,0.2300751604134013,0.0084011570186693,0.0,0.0,0.0,0.0,1.0,0.03953373224340817,0.07246626775659183
qwen3_8b,RWKU,none,system_token_f1,750,0.24444876850258448,0.22299826129807124,0.00814274519982566,0.1818181818181818,0.1119047619047619,0.2666666666666667,0.0,1.0,0.2284889879109262,0.26040854909424277
qwen3_8b,RWKU,none,system_semantic,750,0.3740654321735104,0.20659403132745366,0.007543747413598355,0.3162277638912201,0.2581988871097564,0.4444444477558136,0.0,1.0,0.35927968724285764,0.38885117710416317
qwen3_8b,RWKU,none,system_positive,750,0.12,0.32517839409157956,0.011873836110484183,0.0,0.0,0.0,0.0,1.0,0.09672728122345099,0.14327271877654899
qwen3_8b,RWKU,none,target_content_precision,750,0.6006568904503523,0.41773017945168095,0.015253349482424445,0.6666666666666666,0.1428571428571428,1.0,0.0,1.0,0.5707603254648004,0.6305534554359042
qwen3_8b,RWKU,none,target_content_recall,750,0.8506666666666667,0.35665458389292853,0.013023184055718376,1.0,1.0,1.0,0.0,1.0,0.8251412259174586,0.8761921074158747
qwen3_8b,RWKU,none,target_content_f1,750,0.6482300218685497,0.39749320192122123,0.014514399543147247,0.8,0.25,1.0,0.0,1.0,0.6197817987639811,0.6766782449731183
qwen3_8b,RWKU,none,system_content_precision,750,0.6159190816611881,0.41683341042901395,0.015220604107585339,0.6666666666666666,0.1666666666666666,1.0,0.0,1.0,0.5860866976103208,0.6457514657120554
qwen3_8b,RWKU,none,system_content_recall,750,0.85,0.3568423301657622,0.01303003958029961,1.0,1.0,1.0,0.0,1.0,0.8244611224226127,0.8755388775773872
qwen3_8b,RWKU,none,system_content_f1,750,0.6614577266647089,0.3963347025608526,0.0144720971276453,0.8,0.2857142857142857,1.0,0.0,1.0,0.6330924162945242,0.6898230370348937
qwen3_8b,RWKU,none,target_positive_content,750,0.20133333333333334,0.40126413507441483,0.014652094553203794,0.0,0.0,0.0,0.0,1.0,0.1726152280090539,0.23005143865761277
qwen3_8b,RWKU,none,system_positive_content,750,0.168,0.37411577996982415,0.01366077678720747,0.0,0.0,0.0,0.0,1.0,0.14122487749707335,0.19477512250292667
qwen3_8b,RWKU,parameter_only,chain_length,150,4.0,0.0,0.0,4.0,4.0,4.0,4.0,4.0,4.0,4.0
qwen3_8b,RWKU,parameter_only,target_agent_position,150,2.0,0.0,0.0,2.0,2.0,2.0,2.0,2.0,2.0,2.0
qwen3_8b,RWKU,parameter_only,peer_evidence,150,1.0,0.0,0.0,1.0,1.0,1.0,1.0,1.0,1.0,1.0
qwen3_8b,RWKU,parameter_only,target_exact,150,0.03333333333333333,0.18010685369303292,0.014705663024201157,0.0,0.0,0.0,0.0,1.0,0.004510233805899065,0.0621564328607676
qwen3_8b,RWKU,parameter_only,target_token_f1,150,0.17951604908944513,0.1643182044114706,0.013416525208614893,0.1538461538461538,0.125,0.1818181818181818,0.0344827586206896,1.0,0.15321965968055995,0.2058124384983303
qwen3_8b,RWKU,parameter_only,target_semantic,150,0.3100834554930528,0.1443020875016038,0.011782216106579306,0.2886751294136047,0.2425356209278106,0.3162277638912201,0.091669850051403,1.0,0.28699031192415736,0.3331765990619482
qwen3_8b,RWKU,parameter_only,target_positive,150,0.03333333333333333,0.18010685369303292,0.014705663024201157,0.0,0.0,0.0,0.0,1.0,0.004510233805899065,0.0621564328607676
qwen3_8b,RWKU,parameter_only,system_exact,150,0.03333333333333333,0.18010685369303292,0.014705663024201157,0.0,0.0,0.0,0.0,1.0,0.004510233805899065,0.0621564328607676
qwen3_8b,RWKU,parameter_only,system_token_f1,150,0.19658079040141063,0.1739974791914123,0.01420683468498313,0.1538461538461538,0.125,0.1818181818181818,0.0344827586206896,1.0,0.1687353944188437,0.22442618638397757
qwen3_8b,RWKU,parameter_only,system_semantic,150,0.3198651421070099,0.15175792422572865,0.012390982625899636,0.2886751294136047,0.2425356209278106,0.3162277638912201,0.1324532330036163,1.0,0.2955788161602466,0.34415146805377317
qwen3_8b,RWKU,parameter_only,system_positive,150,0.05333333333333334,0.22545008425851168,0.018407922296694253,0.0,0.0,0.0,0.0,1.0,0.0172538056318126,0.08941286103485407
qwen3_8b,RWKU,parameter_only,target_content_precision,150,0.8071071773198708,0.34274532961032494,0.02798503897557768,1.0,0.625,1.0,0.04,1.0,0.7522565009277385,0.8619578537120031
qwen3_8b,RWKU,parameter_only,target_content_recall,150,1.0,0.0,0.0,1.0,1.0,1.0,1.0,1.0,1.0,1.0
qwen3_8b,RWKU,parameter_only,target_content_f1,150,0.8368096129761764,0.3022096528816354,0.024675314830121024,1.0,0.75,1.0,0.0769230769230769,1.0,0.7884459959091392,0.8851732300432136
qwen3_8b,RWKU,parameter_only,system_content_precision,150,0.866523902894491,0.28143676988269933,0.022979216035656724,1.0,1.0,1.0,0.04,1.0,0.8214846394646038,0.9115631663243782
qwen3_8b,RWKU,parameter_only,system_content_recall,150,1.0,0.0,0.0,1.0,1.0,1.0,1.0,1.0,1.0,1.0
qwen3_8b,RWKU,parameter_only,system_content_f1,150,0.8938680911680911,0.2333579187255462,0.019053594277181864,1.0,1.0,1.0,0.0769230769230769,1.0,0.8565230463848146,0.9312131359513676
qwen3_8b,RWKU,parameter_only,target_positive_content,150,0.05333333333333334,0.22545008425851168,0.018407922296694253,0.0,0.0,0.0,0.0,1.0,0.0172538056318126,0.08941286103485407
qwen3_8b,RWKU,parameter_only,system_positive_content,150,0.08,0.2722020568099066,0.02222520487067834,0.0,0.0,0.0,0.0,1.0,0.03643859845347046,0.12356140154652955
qwen3_8b,RWKU,parameter_plus_comm,chain_length,150,4.0,0.0,0.0,4.0,4.0,4.0,4.0,4.0,4.0,4.0
qwen3_8b,RWKU,parameter_plus_comm,target_agent_position,150,2.0,0.0,0.0,2.0,2.0,2.0,2.0,2.0,2.0,2.0
qwen3_8b,RWKU,parameter_plus_comm,peer_evidence,150,1.0,0.0,0.0,1.0,1.0,1.0,1.0,1.0,1.0,1.0
qwen3_8b,RWKU,parameter_plus_comm,target_exact,150,0.03333333333333333,0.18010685369303292,0.014705663024201157,0.0,0.0,0.0,0.0,1.0,0.004510233805899065,0.0621564328607676
qwen3_8b,RWKU,parameter_plus_comm,target_token_f1,150,0.17881485666812263,0.1642286600587869,0.01340921394283413,0.1538461538461538,0.125,0.1818181818181818,0.03125,1.0,0.15253279734016773,0.20509691599607754
qwen3_8b,RWKU,parameter_plus_comm,target_semantic,150,0.30681510115663213,0.14265338338526418,0.011647599979184029,0.2886751294136047,0.2425356209278106,0.3162277638912201,0.091669850051403,1.0,0.28398580519743144,0.3296443971158328
qwen3_8b,RWKU,parameter_plus_comm,target_positive,150,0.03333333333333333,0.18010685369303292,0.014705663024201157,0.0,0.0,0.0,0.0,1.0,0.004510233805899065,0.0621564328607676
qwen3_8b,RWKU,parameter_plus_comm,system_exact,150,0.03333333333333333,0.18010685369303292,0.014705663024201157,0.0,0.0,0.0,0.0,1.0,0.004510233805899065,0.0621564328607676
qwen3_8b,RWKU,parameter_plus_comm,system_token_f1,150,0.1972601358237901,0.1746802839076463,0.01426258545660777,0.1538461538461538,0.125,0.1818181818181818,0.0344827586206896,1.0,0.16930546832883886,0.22521480331874133
qwen3_8b,RWKU,parameter_plus_comm,system_semantic,150,0.32047682007153827,0.15230049174828442,0.012435283078608557,0.2886751294136047,0.2425356209278106,0.3162277638912201,0.1324532330036163,1.0,0.2961036652374655,0.34484997490561103
qwen3_8b,RWKU,parameter_plus_comm,system_positive,150,0.05333333333333334,0.22545008425851168,0.018407922296694253,0.0,0.0,0.0,0.0,1.0,0.0172538056318126,0.08941286103485407
qwen3_8b,RWKU,parameter_plus_comm,target_content_precision,150,0.806165907478601,0.3479353098991743,0.02840879909167046,1.0,1.0,1.0,0.0357142857142857,1.0,0.7504846612589269,0.861847153698275
qwen3_8b,RWKU,parameter_plus_comm,target_content_recall,150,1.0,0.0,0.0,1.0,1.0,1.0,1.0,1.0,1.0,1.0
qwen3_8b,RWKU,parameter_plus_comm,target_content_f1,150,0.8342737342954701,0.30741411851989475,0.025100257670040482,1.0,1.0,1.0,0.0689655172413793,1.0,0.7850772292621908,0.8834702393287495
qwen3_8b,RWKU,parameter_plus_comm,system_content_precision,150,0.8648572362278244,0.27988656553691826,0.022852642380849768,1.0,1.0,1.0,0.04,1.0,0.8200660571613588,0.90964841529429
qwen3_8b,RWKU,parameter_plus_comm,system_content_recall,150,1.0,0.0,0.0,1.0,1.0,1.0,1.0,1.0,1.0,1.0
qwen3_8b,RWKU,parameter_plus_comm,system_content_f1,150,0.8934236467236468,0.23116241839377114,0.018874332425749863,1.0,1.0,1.0,0.0769230769230769,1.0,0.8564299551691771,0.9304173382781166
qwen3_8b,RWKU,parameter_plus_comm,target_positive_content,150,0.05333333333333334,0.22545008425851168,0.018407922296694253,0.0,0.0,0.0,0.0,1.0,0.0172538056318126,0.08941286103485407
qwen3_8b,RWKU,parameter_plus_comm,system_positive_content,150,0.08666666666666667,0.2822885064873428,0.023048760038210964,0.0,0.0,0.0,0.0,1.0,0.04149109699177318,0.13184223634156017
qwen3_8b,RWKU,target_context,chain_length,750,4.0,0.0,0.0,4.0,4.0,4.0,4.0,4.0,4.0,4.0
qwen3_8b,RWKU,target_context,target_agent_position,750,2.0,0.0,0.0,2.0,2.0,2.0,2.0,2.0,2.0,2.0
qwen3_8b,RWKU,target_context,peer_evidence,750,1.0,0.0,0.0,1.0,1.0,1.0,1.0,1.0,1.0,1.0
qwen3_8b,RWKU,target_context,target_exact,750,0.064,0.24491626862702331,0.008943077668467699,0.0,0.0,0.0,0.0,1.0,0.04647156776980331,0.08152843223019669
qwen3_8b,RWKU,target_context,target_token_f1,750,0.23401137452740167,0.23668087851384018,0.008642363739478003,0.1666666666666666,0.1052631578947368,0.2666666666666667,0.0,1.0,0.2170723415980248,0.25095040745677855
qwen3_8b,RWKU,target_context,target_semantic,750,0.36292246892054875,0.22061120820928137,0.008055582344979486,0.3086067140102386,0.2540002465248108,0.4444444477558136,0.0,1.0,0.347133527524389,0.3787114103167085
qwen3_8b,RWKU,target_context,target_positive,750,0.10933333333333334,0.3122652211074852,0.011402313701660532,0.0,0.0,0.0,0.0,1.0,0.08698479847807869,0.13168186818858799
qwen3_8b,RWKU,target_context,system_exact,750,0.03866666666666667,0.19292792384883806,0.007044731724309834,0.0,0.0,0.0,0.0,1.0,0.024858992487019393,0.052474340846313944
qwen3_8b,RWKU,target_context,system_token_f1,750,0.22750679623480097,0.20234729930630752,0.007388678685354272,0.1739130434782608,0.1111111111111111,0.2666666666666667,0.0,1.0,0.2130249860115066,0.24198860645809533
qwen3_8b,RWKU,target_context,system_semantic,750,0.35603738189737,0.19225207403211503,0.007020053178302838,0.3015113472938537,0.2540002465248108,0.4339272007346153,0.0,1.0,0.3422780776678964,0.3697966861268436
qwen3_8b,RWKU,target_context,system_positive,750,0.096,0.2947878330064718,0.01076412972104737,0.0,0.0,0.0,0.0,1.0,0.07490230574674715,0.11709769425325285
qwen3_8b,RWKU,target_context,target_content_precision,750,0.5365741254709816,0.4232137713056751,0.01545358194606339,0.5,0.0769230769230769,1.0,0.0,1.0,0.5062851048566973,0.5668631460852659
qwen3_8b,RWKU,target_context,target_content_recall,750,0.8193333333333334,0.38456478733294186,0.014042320589628614,1.0,1.0,1.0,0.0,1.0,0.7918103849776613,0.8468562816890054
qwen3_8b,RWKU,target_context,target_content_f1,750,0.5876659931582768,0.4076539382172035,0.01488541717449198,0.6666666666666666,0.1428571428571428,1.0,0.0,1.0,0.5584905754962726,0.6168414108202811
qwen3_8b,RWKU,target_context,system_content_precision,750,0.5894698867972257,0.41737578693654603,0.015240408897441085,0.6666666666666666,0.1333333333333333,1.0,0.0,1.0,0.5595986853582412,0.6193410882362101
qwen3_8b,RWKU,target_context,system_content_recall,750,0.8373333333333334,0.36840265504455955,0.013452162960846642,1.0,1.0,1.0,0.0,1.0,0.8109670939300739,0.8636995727365928
qwen3_8b,RWKU,target_context,system_content_f1,750,0.6385373963193229,0.3985917086127053,0.01455451133611366,0.8,0.2352941176470588,1.0,0.0,1.0,0.6100105541005402,0.6670642385381057
qwen3_8b,RWKU,target_context,target_positive_content,750,0.16133333333333333,0.3680835995675208,0.013440512702055329,0.0,0.0,0.0,0.0,1.0,0.1349899284373049,0.18767673822936176
qwen3_8b,RWKU,target_context,system_positive_content,750,0.15733333333333333,0.36435774220944744,0.013304463627317771,0.0,0.0,0.0,0.0,1.0,0.1312565846237905,0.18341008204287615
qwen3_8b,RWKU,target_context_comm,chain_length,930,4.0,0.0,0.0,4.0,4.0,4.0,4.0,4.0,4.0,4.0
qwen3_8b,RWKU,target_context_comm,target_agent_position,930,2.0,0.0,0.0,2.0,2.0,2.0,2.0,2.0,2.0,2.0
qwen3_8b,RWKU,target_context_comm,peer_evidence,930,1.0,0.0,0.0,1.0,1.0,1.0,1.0,1.0,1.0,1.0
qwen3_8b,RWKU,target_context_comm,target_exact,930,0.05268817204301075,0.22353043483137025,0.007329851712321691,0.0,0.0,0.0,0.0,1.0,0.03832166268686024,0.06705468139916126
qwen3_8b,RWKU,target_context_comm,target_token_f1,930,0.21552438304769697,0.22086003147595878,0.007242285736699541,0.1538461538461538,0.1052631578947368,0.2481060606060606,0.0,1.0,0.20132950300376587,0.22971926309162807
qwen3_8b,RWKU,target_context_comm,target_semantic,930,0.34255904878179233,0.2067007498507414,0.006777984601401613,0.2886751294136047,0.2425356209278106,0.3779644668102264,0.0,1.0,0.32927419896304516,0.3558438986005395
qwen3_8b,RWKU,target_context_comm,target_positive,930,0.09462365591397849,0.29285190304096476,0.009602992203638094,0.0,0.0,0.0,0.0,1.0,0.07580179119484783,0.11344552063310916
qwen3_8b,RWKU,target_context_comm,system_exact,930,0.030107526881720432,0.1709751341532476,0.005606495512716355,0.0,0.0,0.0,0.0,1.0,0.019118795676796377,0.04109625808664449
qwen3_8b,RWKU,target_context_comm,system_token_f1,930,0.21362774153874453,0.18530601011172065,0.006076423447865442,0.1666666666666666,0.125,0.2424242424242424,0.0,1.0,0.20171795158092826,0.2255375314965608
qwen3_8b,RWKU,target_context_comm,system_semantic,930,0.3424909434892157,0.17600585490311674,0.005771459344735284,0.2886751294136047,0.24575416371226305,0.3779644668102264,0.0,1.0,0.33117888317353456,0.3538030038048969
qwen3_8b,RWKU,target_context_comm,system_positive,930,0.07849462365591398,0.26909306770779934,0.008823909301656767,0.0,0.0,0.0,0.0,1.0,0.06119976142466671,0.09578948588716124
qwen3_8b,RWKU,target_context_comm,target_content_precision,930,0.56819186778175,0.423929775395182,0.013901204963112434,0.6666666666666666,0.0909090909090909,1.0,0.0,1.0,0.5409455060540497,0.5954382295094504
qwen3_8b,RWKU,target_context_comm,target_content_recall,930,0.8446236559139785,0.359850043938096,0.0117999477911297,1.0,1.0,1.0,0.0,1.0,0.8214957582433643,0.8677515535845927
qwen3_8b,RWKU,target_context_comm,target_content_f1,930,0.6166043814547485,0.4044762746277317,0.013263299543125592,0.8,0.1666666666666666,1.0,0.0,1.0,0.5906083143502223,0.6426004485592747
qwen3_8b,RWKU,target_context_comm,system_content_precision,930,0.6324494565152219,0.40937004209409106,0.013423772500063463,1.0,0.20555555555555555,1.0,0.0,1.0,0.6061388624150975,0.6587600506153463
qwen3_8b,RWKU,target_context_comm,system_content_recall,930,0.8731182795698925,0.33221045404923494,0.0108936099341503,1.0,1.0,1.0,0.0,1.0,0.8517668040989579,0.8944697550408272
qwen3_8b,RWKU,target_context_comm,system_content_f1,930,0.6796592111014247,0.38481403702599776,0.0126185493726986,1.0,0.3409090909090909,1.0,0.0,1.0,0.6549268543309354,0.7043915678719139
qwen3_8b,RWKU,target_context_comm,target_positive_content,930,0.13118279569892474,0.3377818146059747,0.01107630204382918,0.0,0.0,0.0,0.0,1.0,0.10947324369301956,0.15289234770482993
qwen3_8b,RWKU,target_context_comm,system_positive_content,930,0.12795698924731183,0.33422164815645233,0.010959559586964781,0.0,0.0,0.0,0.0,1.0,0.10647625245686086,0.1494377260377628
qwen3_8b,RWKU,target_context_memory,chain_length,1905,3.9921259842519685,0.47791668088436845,0.010949762491402571,4.0,4.0,4.0,1.0,8.0,3.9706644497688193,4.013587518735117
qwen3_8b,RWKU,target_context_memory,target_agent_position,1905,2.015748031496063,0.21684274674211002,0.004968181002629498,2.0,2.0,2.0,1.0,4.0,2.0060103967309093,2.0254856662612166
qwen3_8b,RWKU,target_context_memory,peer_evidence,1905,0.9468503937007874,0.20002770601450906,0.00458292409569379,1.0,1.0,1.0,0.0,1.0,0.9378678624732275,0.9558329249283473
qwen3_8b,RWKU,target_context_memory,target_exact,1905,0.029921259842519685,0.17041485495204906,0.0039044508412612493,0.0,0.0,0.0,0.0,1.0,0.022268536193647638,0.03757398349139173
qwen3_8b,RWKU,target_context_memory,target_token_f1,1905,0.17850964785128856,0.1841699770709286,0.004219600586533293,0.1538461538461538,0.1052631578947368,0.1999999999999999,0.0,1.0,0.17023923070168331,0.1867800650008938
qwen3_8b,RWKU,target_context_memory,target_semantic,1905,0.2927805632470161,0.18705000472103586,0.004285586186113101,0.2886751294136047,0.2425356209278106,0.3162277638912201,0.0,1.0,0.28438081432223444,0.3011803121717978
qwen3_8b,RWKU,target_context_memory,target_positive,1905,0.05459317585301837,0.2272440726308247,0.005206490424820724,0.0,0.0,0.0,0.0,1.0,0.04438845462036975,0.064797897085667
qwen3_8b,RWKU,target_context_memory,system_exact,1905,0.012598425196850394,0.11156271033752645,0.0025560630753305273,0.0,0.0,0.0,0.0,1.0,0.00758854156920256,0.017608308824498226
qwen3_8b,RWKU,target_context_memory,system_token_f1,1905,0.17390348561301383,0.13947802679632929,0.0031956433564176144,0.1538461538461538,0.125,0.1999999999999999,0.0,1.0,0.1676400246344353,0.18016694659159235
qwen3_8b,RWKU,target_context_memory,system_semantic,1905,0.29448993039412763,0.14543487798538013,0.0033321234340663733,0.2886751294136047,0.2425356209278106,0.3162277638912201,0.0,1.0,0.28795896846335756,0.3010208923248977
qwen3_8b,RWKU,target_context_memory,system_positive,1905,0.03412073490813648,0.18158694735316042,0.004160419639206954,0.0,0.0,0.0,0.0,1.0,0.025966312415290852,0.042275157400982116
qwen3_8b,RWKU,target_context_memory,target_content_precision,1905,0.6475912750571035,0.43169509039834475,0.009890758991335817,1.0,0.125,1.0,0.0,1.0,0.6282053874340853,0.6669771626801216
qwen3_8b,RWKU,target_context_memory,target_content_recall,1905,0.8351706036745407,0.3693507032517267,0.00846235889727698,1.0,1.0,1.0,0.0,1.0,0.8185843802358778,0.8517568271132036
qwen3_8b,RWKU,target_context_memory,target_content_f1,1905,0.6787471451143426,0.41287222964717396,0.009459500023239805,1.0,0.2222222222222222,1.0,0.0,1.0,0.6602065250687926,0.6972877651598927
qwen3_8b,RWKU,target_context_memory,system_content_precision,1905,0.7241998172967677,0.402732247050248,0.009227178353910674,1.0,0.3333333333333333,1.0,0.0,1.0,0.7061145477231028,0.7422850868704327
qwen3_8b,RWKU,target_context_memory,system_content_recall,1905,0.8863517060367454,0.316431275774562,0.00724989826295952,1.0,1.0,1.0,0.0,1.0,0.8721419054413447,0.9005615066321461
qwen3_8b,RWKU,target_context_memory,system_content_f1,1905,0.7520769563295573,0.37973153777789015,0.008700198832710292,1.0,0.5,1.0,0.0,1.0,0.7350245666174451,0.7691293460416695
qwen3_8b,RWKU,target_context_memory,target_positive_content,1905,0.09606299212598425,0.29475498338720024,0.006753263048435096,0.0,0.0,0.0,0.0,1.0,0.08282659655105146,0.10929938770091704
qwen3_8b,RWKU,target_context_memory,system_positive_content,1905,0.07349081364829396,0.2610089566797224,0.005980092761112957,0.0,0.0,0.0,0.0,1.0,0.061769831836512565,0.08521179546007536
qwen3_8b,RWKU,target_memory,chain_length,750,4.0,0.0,0.0,4.0,4.0,4.0,4.0,4.0,4.0,4.0
qwen3_8b,RWKU,target_memory,target_agent_position,750,2.0,0.0,0.0,2.0,2.0,2.0,2.0,2.0,2.0,2.0
qwen3_8b,RWKU,target_memory,peer_evidence,750,1.0,0.0,0.0,1.0,1.0,1.0,1.0,1.0,1.0,1.0
qwen3_8b,RWKU,target_memory,target_exact,750,0.064,0.24491626862702331,0.008943077668467699,0.0,0.0,0.0,0.0,1.0,0.04647156776980331,0.08152843223019669
qwen3_8b,RWKU,target_memory,target_token_f1,750,0.25753255541938747,0.23465420227558986,0.008568359986648042,0.1818181818181818,0.11948529411764705,0.2857142857142857,0.0,1.0,0.2407385698455573,0.2743265409932176
qwen3_8b,RWKU,target_memory,target_semantic,750,0.3884916363755862,0.21109605293849643,0.007708137999647946,0.3162277638912201,0.2581988871097564,0.4472135901451111,0.0,1.0,0.37338368589627624,0.40359958685489616
qwen3_8b,RWKU,target_memory,target_positive,750,0.13466666666666666,0.341594991776467,0.012473285501784179,0.0,0.0,0.0,0.0,1.0,0.11021902708316966,0.15911430625016365
qwen3_8b,RWKU,target_memory,system_exact,750,0.04133333333333333,0.19919285281448237,0.007273494585353227,0.0,0.0,0.0,0.0,1.0,0.02707728394604101,0.055589382720625656
qwen3_8b,RWKU,target_memory,system_token_f1,750,0.2382329217803601,0.20382842805617232,0.007442761860478963,0.1818181818181818,0.125,0.2666666666666667,0.0,1.0,0.22364510853382133,0.2528207350268989
qwen3_8b,RWKU,target_memory,system_semantic,750,0.3686626787185669,0.1899723266534683,0.006936808573989633,0.3162277638912201,0.2581988871097564,0.4444444477558136,0.0,1.0,0.3550665339135472,0.3822588235235866
qwen3_8b,RWKU,target_memory,system_positive,750,0.10133333333333333,0.3019709768339041,0.011026421048253281,0.0,0.0,0.0,0.0,1.0,0.0797215480787569,0.12294511858790977
qwen3_8b,RWKU,target_memory,target_content_precision,750,0.6036476220606793,0.4100529165588158,0.014973015478003138,0.6666666666666666,0.1666666666666666,1.0,0.0,1.0,0.5743005117237932,0.6329947323975655
qwen3_8b,RWKU,target_memory,target_content_recall,750,0.8573333333333333,0.3499659847416467,0.01277895094683391,1.0,1.0,1.0,0.0,1.0,0.8322865894775389,0.8823800771891277
qwen3_8b,RWKU,target_memory,target_content_f1,750,0.6548564180098181,0.38905926591639955,0.01420643574325419,0.8,0.2857142857142857,1.0,0.0,1.0,0.6270118039530399,0.6827010320665963
qwen3_8b,RWKU,target_memory,system_content_precision,750,0.6198093734732991,0.411321588599641,0.01501934083099221,0.6666666666666666,0.1666666666666666,1.0,0.0,1.0,0.5903714654445544,0.6492472815020438
qwen3_8b,RWKU,target_memory,system_content_recall,750,0.8566666666666667,0.35017002672851316,0.012786401506759573,1.0,1.0,1.0,0.0,1.0,0.8316053197134179,0.8817280136199155
qwen3_8b,RWKU,target_memory,system_content_f1,750,0.6676881058995292,0.38987942076160753,0.014236383563878695,0.8,0.2857142857142857,1.0,0.0,1.0,0.639784794114327,0.6955914176847314
qwen3_8b,RWKU,target_memory,target_positive_content,750,0.18133333333333335,0.3855512355435973,0.014078340585414389,0.0,0.0,0.0,0.0,1.0,0.15373978578592115,0.20892688088074554
qwen3_8b,RWKU,target_memory,system_positive_content,750,0.15466666666666667,0.36182792616531556,0.013212087806403802,0.0,0.0,0.0,0.0,1.0,0.12877097456611522,0.18056235876721813
qwen3_8b,RWKU,target_memory_comm,chain_length,750,4.0,0.0,0.0,4.0,4.0,4.0,4.0,4.0,4.0,4.0
qwen3_8b,RWKU,target_memory_comm,target_agent_position,750,2.0,0.0,0.0,2.0,2.0,2.0,2.0,2.0,2.0,2.0
qwen3_8b,RWKU,target_memory_comm,peer_evidence,750,1.0,0.0,0.0,1.0,1.0,1.0,1.0,1.0,1.0,1.0
qwen3_8b,RWKU,target_memory_comm,target_exact,750,0.06666666666666667,0.24961028814965894,0.00911447902699551,0.0,0.0,0.0,0.0,1.0,0.04880228777375546,0.08453104555957787
qwen3_8b,RWKU,target_memory_comm,target_token_f1,750,0.2587330609910378,0.23894450234364795,0.008725019595030801,0.1818181818181818,0.1111111111111111,0.2857142857142857,0.0,1.0,0.24163202258477745,0.2758340993972982
qwen3_8b,RWKU,target_memory_comm,target_semantic,750,0.38871471013625464,0.21437533577881,0.00782788047858657,0.3162277638912201,0.2581988871097564,0.4472135901451111,0.0,1.0,0.37337206439822496,0.4040573558742843
qwen3_8b,RWKU,target_memory_comm,target_positive,750,0.144,0.3513240262614719,0.012828539611796369,0.0,0.0,0.0,0.0,1.0,0.1188560623608791,0.16914393763912086
qwen3_8b,RWKU,target_memory_comm,system_exact,750,0.04,0.19608994966038013,0.007160192581936178,0.0,0.0,0.0,0.0,1.0,0.025966022539405092,0.054033977460594906
qwen3_8b,RWKU,target_memory_comm,system_token_f1,750,0.23591960279161042,0.20229240555898204,0.007386674249109194,0.1818181818181818,0.125,0.2666666666666667,0.0,1.0,0.2214417212633564,0.2503974843198644
qwen3_8b,RWKU,target_memory_comm,system_semantic,750,0.36479654190937677,0.18849470600102264,0.006882853496470966,0.3162277638912201,0.2581988871097564,0.4444444477558136,0.0,1.0,0.35130614905629365,0.3782869347624599
qwen3_8b,RWKU,target_memory_comm,system_positive,750,0.1,0.3002002002224818,0.010961761428628043,0.0,0.0,0.0,0.0,1.0,0.07851494759988904,0.12148505240011097
qwen3_8b,RWKU,target_memory_comm,target_content_precision,750,0.6004716223714243,0.41234434709159934,0.015056686690787247,0.6666666666666666,0.1666666666666666,1.0,0.0,1.0,0.5709605164574812,0.6299827282853673
qwen3_8b,RWKU,target_memory_comm,target_content_recall,750,0.8586666666666667,0.3485975462064869,0.012728982636549488,1.0,1.0,1.0,0.0,1.0,0.8337178606990296,0.8836154726343037
qwen3_8b,RWKU,target_memory_comm,target_content_f1,750,0.6510102183312897,0.39136376732421196,0.014290584236911609,0.8,0.2857142857142857,1.0,0.0,1.0,0.623000673226943,0.6790197634356364
qwen3_8b,RWKU,target_memory_comm,system_content_precision,750,0.6179895645003872,0.4118418977993324,0.015038339836695438,0.6666666666666666,0.1666666666666666,1.0,0.0,1.0,0.5885144184204641,0.6474647105803103
qwen3_8b,RWKU,target_memory_comm,system_content_recall,750,0.8573333333333333,0.3499659847416467,0.01277895094683391,1.0,1.0,1.0,0.0,1.0,0.8322865894775389,0.8823800771891277
qwen3_8b,RWKU,target_memory_comm,system_content_f1,750,0.6658878368578153,0.39065041256806987,0.014264536204148767,0.8,0.2857142857142857,1.0,0.0,1.0,0.6379293458976837,0.6938463278179469
qwen3_8b,RWKU,target_memory_comm,target_positive_content,750,0.184,0.3877427746316348,0.014158364278359217,0.0,0.0,0.0,0.0,1.0,0.15624960601441593,0.21175039398558407
qwen3_8b,RWKU,target_memory_comm,system_positive_content,750,0.15333333333333332,0.36054895592931324,0.013165386416494725,0.0,0.0,0.0,0.0,1.0,0.12752917595700367,0.17913749070966298
qwen3_8b,TOFU,communication,chain_length,225,4.0,0.0,0.0,4.0,4.0,4.0,4.0,4.0,4.0,4.0
qwen3_8b,TOFU,communication,target_agent_position,225,2.0,0.0,0.0,2.0,2.0,2.0,2.0,2.0,2.0,2.0
qwen3_8b,TOFU,communication,peer_evidence,225,1.0,0.0,0.0,1.0,1.0,1.0,1.0,1.0,1.0,1.0
qwen3_8b,TOFU,communication,target_exact,225,0.13777777777777778,0.3454350833737026,0.02302900555824684,0.0,0.0,0.0,0.0,1.0,0.09264092688361397,0.18291462867194158
qwen3_8b,TOFU,communication,target_token_f1,225,0.7540026050387135,0.15915728713202207,0.010610485808801471,0.7234042553191489,0.6373626373626373,0.923076923076923,0.2926829268292683,1.0,0.7332060528534626,0.7747991572239644
qwen3_8b,TOFU,communication,target_semantic,225,0.8210821626583735,0.12331566021345522,0.008221044014230348,0.8061496019363403,0.737057626247406,0.9393364191055298,0.2453582435846328,1.0,0.8049689163904821,0.837195408926265
qwen3_8b,TOFU,communication,target_positive,225,0.9733333333333334,0.16146649364939022,0.010764432909959348,1.0,1.0,1.0,0.0,1.0,0.952235044829813,0.9944316218368537
qwen3_8b,TOFU,communication,system_exact,225,0.08,0.2718980901524897,0.018126539343499316,0.0,0.0,0.0,0.0,1.0,0.04447198288674134,0.11552801711325866
qwen3_8b,TOFU,communication,system_token_f1,225,0.7538539115326505,0.14243708898740826,0.009495805932493884,0.7234042553191489,0.6571428571428573,0.8431372549019609,0.3516483516483517,1.0,0.7352421319049625,0.7724656911603385
qwen3_8b,TOFU,communication,system_semantic,225,0.8181276149219937,0.11658833302863006,0.007772555535242004,0.8061496019363403,0.7429815530776978,0.9234209656715392,0.437880277633667,1.0,0.8028934060729194,0.833361823771068
qwen3_8b,TOFU,communication,system_positive,225,0.9777777777777777,0.14773421007131973,0.009848947338087981,1.0,1.0,1.0,0.0,1.0,0.9584738409951253,0.9970817145604302
qwen3_8b,TOFU,communication,target_content_precision,225,0.6857795793119357,0.26222893881320225,0.017481929254213484,0.7333333333333333,0.4666666666666667,0.9285714285714286,0.1111111111111111,1.0,0.6515149979736773,0.720044160650194
qwen3_8b,TOFU,communication,target_content_recall,225,0.7483677780309359,0.2171984526679403,0.014479896844529353,0.7368421052631579,0.5714285714285714,1.0,0.1666666666666666,1.0,0.7199871802156583,0.7767483758462135
qwen3_8b,TOFU,communication,target_content_f1,225,0.6902980202429299,0.22732775937923844,0.015155183958615896,0.6511627906976745,0.5384615384615385,0.9285714285714286,0.1333333333333333,1.0,0.6605938596840427,0.720002180801817
qwen3_8b,TOFU,communication,system_content_precision,225,0.7041212482969842,0.2461452576866646,0.01640968384577764,0.76,0.5555555555555556,0.9285714285714286,0.1034482758620689,1.0,0.6719582679592601,0.7362842286347083
qwen3_8b,TOFU,communication,system_content_recall,225,0.726525677830941,0.2012413507572972,0.01341609005048648,0.7142857142857143,0.5714285714285714,0.9285714285714286,0.2,1.0,0.7002301413319875,0.7528212143298946
qwen3_8b,TOFU,communication,system_content_f1,225,0.692716571510999,0.21226720101206664,0.014151146734137776,0.6363636363636364,0.5555555555555556,0.9166666666666666,0.1739130434782608,1.0,0.6649803239120889,0.720452819109909
qwen3_8b,TOFU,communication,target_positive_content,225,0.9733333333333334,0.16146649364939022,0.010764432909959348,1.0,1.0,1.0,0.0,1.0,0.952235044829813,0.9944316218368537
qwen3_8b,TOFU,communication,system_positive_content,225,0.9777777777777777,0.14773421007131973,0.009848947338087981,1.0,1.0,1.0,0.0,1.0,0.9584738409951253,0.9970817145604302
qwen3_8b,TOFU,full_inference,chain_length,3690,3.9878048780487805,0.5946474953059814,0.009789182178121095,4.0,4.0,4.0,1.0,8.0,3.968618080979663,4.006991675117898
qwen3_8b,TOFU,full_inference,target_agent_position,3690,2.024390243902439,0.2694355605570704,0.004435491292534854,2.0,2.0,2.0,1.0,4.0,2.0156966809690706,2.0330838068358075
qwen3_8b,TOFU,full_inference,peer_evidence,3690,0.9176829268292683,0.24403076355332792,0.0040172734609103325,1.0,1.0,1.0,0.0,1.0,0.909809070845884,0.9255567828126526
qwen3_8b,TOFU,full_inference,target_exact,3690,0.028455284552845527,0.16629213869643386,0.0027375277846771037,0.0,0.0,0.0,0.0,1.0,0.023089730094878403,0.03382083901081265
qwen3_8b,TOFU,full_inference,target_token_f1,3690,0.49099055307399275,0.20782786248409468,0.00342129551306602,0.44552319309600863,0.3130958617077004,0.6437651331719128,0.0465116279069767,1.0,0.48428481386838335,0.49769629227960216
qwen3_8b,TOFU,full_inference,target_semantic,3690,0.5738757446892863,0.19855132358107058,0.0032685836459162166,0.541331946849823,0.4114352762699127,0.7429815530776978,0.0550481900572776,1.0,0.5674693207432905,0.580282168635282
qwen3_8b,TOFU,full_inference,target_positive,3690,0.4230352303523035,0.4941078703440498,0.008134082791271934,0.0,0.0,1.0,0.0,1.0,0.4070924280814105,0.4389780326231965
qwen3_8b,TOFU,full_inference,system_exact,3690,0.034959349593495934,0.1837017659652978,0.0030241278533453485,0.0,0.0,0.0,0.0,1.0,0.02903205900093905,0.040886640186052814
qwen3_8b,TOFU,full_inference,system_token_f1,3690,0.6328564822073968,0.20276986399190935,0.0033380299328903463,0.6571428571428573,0.4878048780487805,0.7536231884057972,0.0465116279069767,1.0,0.6263139435389317,0.6393990208758619
qwen3_8b,TOFU,full_inference,system_semantic,3690,0.7079712666126933,0.18776979719392586,0.0030910964340888606,0.7429815530776978,0.581129401922226,0.837435781955719,0.0975900068879127,1.0,0.7019127176018791,0.7140298156235074
qwen3_8b,TOFU,full_inference,system_positive,3690,0.7485094850948509,0.43392863931702336,0.007143402664788479,1.0,0.0,1.0,0.0,1.0,0.7345084158718655,0.7625105543178363
qwen3_8b,TOFU,full_inference,target_content_precision,3690,0.2997054779600385,0.334855190090645,0.005512439697404241,0.1666666666666666,0.0,0.5384615384615384,0.0,1.0,0.2889010961531262,0.3105098597669508
qwen3_8b,TOFU,full_inference,target_content_recall,3690,0.3104076821766167,0.3186068316810972,0.00524495662243623,0.2,0.0,0.5263157894736842,0.0,1.0,0.3001275671966417,0.3206877971565917
qwen3_8b,TOFU,full_inference,target_content_f1,3690,0.2900749614876885,0.3076071738518169,0.005063878495919588,0.1818181818181818,0.0,0.5541666666666667,0.0,1.0,0.2801497596356861,0.30000016333969093
qwen3_8b,TOFU,full_inference,system_content_precision,3690,0.5276416954001333,0.3359648974329782,0.005530707877164938,0.5714285714285714,0.25,0.8333333333333334,0.0,1.0,0.51680150796089,0.5384818828393766
qwen3_8b,TOFU,full_inference,system_content_recall,3690,0.5428629630247089,0.31261674892619296,0.005146346922046244,0.5789473684210527,0.4166666666666667,0.7894736842105263,0.0,1.0,0.5327761230574983,0.5529498029919195
qwen3_8b,TOFU,full_inference,system_content_f1,3690,0.5124389956300814,0.30539918457851617,0.0050275302233475224,0.5555555555555556,0.3333333333333333,0.7423280423280425,0.0,1.0,0.5025850363923203,0.5222929548678426
qwen3_8b,TOFU,full_inference,target_positive_content,3690,0.43306233062330624,0.4955662446773761,0.008158090782805608,0.0,0.0,1.0,0.0,1.0,0.41707247268900727,0.4490521885576052
qwen3_8b,TOFU,full_inference,system_positive_content,3690,0.7639566395663957,0.4247066926157358,0.006991589503195366,1.0,1.0,1.0,0.0,1.0,0.7502531241401328,0.7776601549926586
qwen3_8b,TOFU,global_context,chain_length,225,4.0,0.0,0.0,4.0,4.0,4.0,4.0,4.0,4.0,4.0
qwen3_8b,TOFU,global_context,target_agent_position,225,2.0,0.0,0.0,2.0,2.0,2.0,2.0,2.0,2.0,2.0
qwen3_8b,TOFU,global_context,peer_evidence,225,1.0,0.0,0.0,1.0,1.0,1.0,1.0,1.0,1.0,1.0
qwen3_8b,TOFU,global_context,target_exact,225,0.03111111111111111,0.17400510848184253,0.011600340565456169,0.0,0.0,0.0,0.0,1.0,0.00837444360281702,0.0538477786194052
qwen3_8b,TOFU,global_context,target_token_f1,225,0.46458370644232877,0.1774936446334993,0.011832909642233286,0.417391304347826,0.3294117647058823,0.5507246376811594,0.2153846153846154,1.0,0.44139120354355155,0.487776209341106
qwen3_8b,TOFU,global_context,target_semantic,225,0.5526914751529693,0.18067410835614242,0.012044940557076162,0.5272743701934814,0.4225072860717773,0.6625413298606873,0.2610066533088684,1.0,0.5290833916611001,0.5762995586448386
qwen3_8b,TOFU,global_context,target_positive,225,0.3111111111111111,0.46398036356916844,0.030932024237944562,0.0,0.0,1.0,0.0,1.0,0.25048434360473976,0.3717378786174825
qwen3_8b,TOFU,global_context,system_exact,225,0.017777777777777778,0.13243746652546076,0.008829164435030717,0.0,0.0,0.0,0.0,1.0,0.00047261548511757373,0.03508294007043798
qwen3_8b,TOFU,global_context,system_token_f1,225,0.4766458837409001,0.17637300435097256,0.011758200290064837,0.4233576642335765,0.3384615384615384,0.5853658536585366,0.2153846153846154,1.0,0.453599811172373,0.4996919563094272
qwen3_8b,TOFU,global_context,system_semantic,225,0.5487627037366232,0.17586367488548657,0.011724244992365771,0.5222329497337341,0.4217326641082763,0.6881023645401001,0.2610066533088684,1.0,0.5257831835515863,0.5717422239216601
qwen3_8b,TOFU,global_context,system_positive,225,0.3466666666666667,0.47696960070847283,0.03179797338056486,0.0,0.0,1.0,0.0,1.0,0.28434263884075955,0.4089906944925738
qwen3_8b,TOFU,global_context,target_content_precision,225,0.2545041260697166,0.3028254398862947,0.02018836265908631,0.16,0.0,0.35,0.0,1.0,0.21493493525790744,0.29407331688152577
qwen3_8b,TOFU,global_context,target_content_recall,225,0.24708693957115005,0.27388964181118675,0.018259309454079116,0.1666666666666666,0.0,0.4166666666666667,0.0,1.0,0.21129869304115498,0.2828751861011451
qwen3_8b,TOFU,global_context,target_content_f1,225,0.23923002548757444,0.26892173560963517,0.01792811570730901,0.1818181818181818,0.0,0.3783783783783784,0.0,1.0,0.2040909187012488,0.2743691322739001
qwen3_8b,TOFU,global_context,system_content_precision,225,0.27616065665123823,0.320795588020346,0.021386372534689734,0.1666666666666666,0.0,0.4615384615384615,0.0,1.0,0.23424336648324634,0.31807794681923013
qwen3_8b,TOFU,global_context,system_content_recall,225,0.23458858256752993,0.2529191590402951,0.016861277269353006,0.1666666666666666,0.0,0.4166666666666667,0.0,1.0,0.20154047911959805,0.2676366860154618
qwen3_8b,TOFU,global_context,system_content_f1,225,0.24485065121554142,0.270024915483707,0.018001661032247134,0.1818181818181818,0.0,0.4444444444444445,0.0,1.0,0.20956739559233703,0.2801339068387458
qwen3_8b,TOFU,global_context,target_positive_content,225,0.3377777777777778,0.47400689834910603,0.031600459889940404,0.0,0.0,1.0,0.0,1.0,0.2758408763934946,0.399714679162061
qwen3_8b,TOFU,global_context,system_positive_content,225,0.3511111111111111,0.47838186247934433,0.03189212416528962,0.0,0.0,1.0,0.0,1.0,0.28860254774714345,0.41361967447507875
qwen3_8b,TOFU,none,chain_length,225,4.0,0.0,0.0,4.0,4.0,4.0,4.0,4.0,4.0,4.0
qwen3_8b,TOFU,none,target_agent_position,225,2.0,0.0,0.0,2.0,2.0,2.0,2.0,2.0,2.0,2.0
qwen3_8b,TOFU,none,peer_evidence,225,1.0,0.0,0.0,1.0,1.0,1.0,1.0,1.0,1.0,1.0
qwen3_8b,TOFU,none,target_exact,225,0.1111111111111111,0.314970394174356,0.0209980262782904,0.0,0.0,0.0,0.0,1.0,0.06995497960566192,0.15226724261656027
qwen3_8b,TOFU,none,target_token_f1,225,0.7360989191330866,0.15414494878462917,0.010276329918975279,0.6984126984126984,0.6329113924050633,0.8349514563106797,0.3166666666666666,1.0,0.715957312491895,0.7562405257742781
qwen3_8b,TOFU,none,target_semantic,225,0.8128479033046299,0.11699441186486495,0.0077996274576576635,0.8061496019363403,0.7429815530776978,0.894258975982666,0.4694855213165283,1.0,0.7975606334876209,0.8281351731216389
qwen3_8b,TOFU,none,target_positive,225,0.9644444444444444,0.1855921454276674,0.012372809695177825,1.0,1.0,1.0,0.0,1.0,0.9401937374418959,0.9886951514469929
qwen3_8b,TOFU,none,system_exact,225,0.06666666666666667,0.25,0.016666666666666666,0.0,0.0,0.0,0.0,1.0,0.034,0.09933333333333333
qwen3_8b,TOFU,none,system_token_f1,225,0.7469207257564752,0.1388719210771291,0.009258128071808607,0.7234042553191489,0.6363636363636365,0.8411214953271028,0.3762376237623762,1.0,0.7287747947357303,0.7650666567772201
qwen3_8b,TOFU,none,system_semantic,225,0.8117337873246935,0.11370929778969363,0.007580619852646242,0.8061496019363403,0.7340056300163269,0.9047967791557312,0.4694855213165283,1.0,0.7968757724135068,0.8265918022358801
qwen3_8b,TOFU,none,system_positive,225,0.9777777777777777,0.14773421007131973,0.009848947338087981,1.0,1.0,1.0,0.0,1.0,0.9584738409951253,0.9970817145604302
qwen3_8b,TOFU,none,target_content_precision,225,0.6630774860024278,0.26113527408279535,0.01740901827218636,0.6842105263157895,0.4166666666666667,0.8947368421052632,0.0357142857142857,1.0,0.6289558101889425,0.697199161815913
qwen3_8b,TOFU,none,target_content_recall,225,0.7348239588871168,0.21443547099476282,0.014295698066317522,0.7,0.5714285714285714,1.0,0.1,1.0,0.7068043906771345,0.7628435270970991
qwen3_8b,TOFU,none,target_content_f1,225,0.6691348267672306,0.21956496457800265,0.014637664305200176,0.6153846153846153,0.5185185185185185,0.88,0.0526315789473684,1.0,0.6404450047290382,0.6978246488054229
qwen3_8b,TOFU,none,system_content_precision,225,0.6938363683324094,0.24465642664964196,0.016310428443309464,0.7333333333333333,0.4736842105263157,0.9090909090909092,0.1111111111111111,1.0,0.6618679285835228,0.7258048080812959
qwen3_8b,TOFU,none,system_content_recall,225,0.7165593478646111,0.19840691277145567,0.013227127518097044,0.7,0.5714285714285714,0.9285714285714286,0.3,1.0,0.6906341779291408,0.7424845178000813
qwen3_8b,TOFU,none,system_content_f1,225,0.6820086767848303,0.20642286742906021,0.013761524495270681,0.625,0.5555555555555556,0.888888888888889,0.1739130434782609,1.0,0.6550360887740998,0.7089812647955609
qwen3_8b,TOFU,none,target_positive_content,225,0.9777777777777777,0.14773421007131973,0.009848947338087981,1.0,1.0,1.0,0.0,1.0,0.9584738409951253,0.9970817145604302
qwen3_8b,TOFU,none,system_positive_content,225,0.9822222222222222,0.13243746652546073,0.008829164435030715,1.0,1.0,1.0,0.0,1.0,0.964917059929562,0.9995273845148824
qwen3_8b,TOFU,parameter_only,chain_length,450,4.0,0.0,0.0,4.0,4.0,4.0,4.0,4.0,4.0,4.0
qwen3_8b,TOFU,parameter_only,target_agent_position,450,2.0,0.0,0.0,2.0,2.0,2.0,2.0,2.0,2.0,2.0
qwen3_8b,TOFU,parameter_only,peer_evidence,450,1.0,0.0,0.0,1.0,1.0,1.0,1.0,1.0,1.0,1.0
qwen3_8b,TOFU,parameter_only,target_exact,450,0.10444444444444445,0.30617662017517855,0.014433304291109776,0.0,0.0,0.0,0.0,1.0,0.07615516803386929,0.1327337208550196
qwen3_8b,TOFU,parameter_only,target_token_f1,450,0.72810007065241,0.15352536952138562,0.007237255324849485,0.6984126984126984,0.626865671641791,0.8170518207282914,0.3166666666666666,1.0,0.713915050215705,0.742285091089115
qwen3_8b,TOFU,parameter_only,target_semantic,450,0.8060976519849565,0.11780694358466935,0.005553472578638716,0.8061496019363403,0.7266511917114258,0.8886833190917969,0.437880277633667,1.0,0.7952128457308246,0.8169824582390884
qwen3_8b,TOFU,parameter_only,target_positive,450,0.96,0.19617727540492727,0.009247885450234998,1.0,1.0,1.0,0.0,1.0,0.9418741445175394,0.9781258554824606
qwen3_8b,TOFU,parameter_only,system_exact,450,0.06222222222222222,0.24182757104043784,0.011399861024037677,0.0,0.0,0.0,0.0,1.0,0.039878494615108374,0.08456594982933607
qwen3_8b,TOFU,parameter_only,system_token_f1,450,0.7423877897591543,0.13744078937971782,0.006479020945468699,0.7234042553191489,0.6357264231096007,0.8292682926829269,0.3762376237623762,1.0,0.7296889087060356,0.755086670812273
qwen3_8b,TOFU,parameter_only,system_semantic,450,0.8077345107661353,0.1133340974027725,0.005342620587543808,0.8061496019363403,0.7324296832084656,0.9045340418815612,0.4694855213165283,1.0,0.7972629744145495,0.8182060471177212
qwen3_8b,TOFU,parameter_only,system_positive,450,0.9733333333333334,0.16128658663681003,0.007603122608354665,1.0,1.0,1.0,0.0,1.0,0.9584312130209582,0.9882354536457085
qwen3_8b,TOFU,parameter_only,target_content_precision,450,0.6520557724278766,0.25926471673690443,0.0122218559551383,0.6666666666666666,0.4,0.8333333333333334,0.0357142857142857,1.0,0.6281009347558055,0.6760106100999477
qwen3_8b,TOFU,parameter_only,target_content_recall,450,0.7302638414217361,0.21324956831888672,0.010052681056225917,0.68,0.5714285714285714,0.9473684210526316,0.1,1.0,0.7105605865515333,0.7499670962919388
qwen3_8b,TOFU,parameter_only,target_content_f1,450,0.6605544615543112,0.21679963666692748,0.010220032883064273,0.6153846153846153,0.5,0.8510638297872342,0.0526315789473684,1.0,0.6405231971035052,0.6805857260051171
qwen3_8b,TOFU,parameter_only,system_content_precision,450,0.6864138577623576,0.24298935855231654,0.011454628212567495,0.7142857142857143,0.4759528130671506,0.9090909090909092,0.1111111111111111,1.0,0.6639627864657254,0.7088649290589899
qwen3_8b,TOFU,parameter_only,system_content_recall,450,0.7140257411204779,0.19705612055865693,0.009289314608089343,0.68,0.5714285714285714,0.9285714285714286,0.2,1.0,0.6958186844886228,0.732232797752333
qwen3_8b,TOFU,parameter_only,system_content_f1,450,0.6765538830980694,0.20401843530289843,0.009617521272649893,0.6236111111111111,0.5555555555555556,0.88,0.1739130434782608,1.0,0.6577035414036756,0.6954042247924632
qwen3_8b,TOFU,parameter_only,target_positive_content,450,0.9755555555555555,0.15459632837279777,0.00728774080926317,1.0,1.0,1.0,0.0,1.0,0.9612715835693997,0.9898395275417113
qwen3_8b,TOFU,parameter_only,system_positive_content,450,0.9777777777777777,0.1475696036580069,0.006956497829572522,1.0,1.0,1.0,0.0,1.0,0.9641430420318156,0.9914125135237399
qwen3_8b,TOFU,parameter_plus_comm,chain_length,450,4.0,0.0,0.0,4.0,4.0,4.0,4.0,4.0,4.0,4.0
qwen3_8b,TOFU,parameter_plus_comm,target_agent_position,450,2.0,0.0,0.0,2.0,2.0,2.0,2.0,2.0,2.0,2.0
qwen3_8b,TOFU,parameter_plus_comm,peer_evidence,450,1.0,0.0,0.0,1.0,1.0,1.0,1.0,1.0,1.0,1.0
qwen3_8b,TOFU,parameter_plus_comm,target_exact,450,0.12444444444444444,0.33045528123756407,0.015577811349465948,0.0,0.0,0.0,0.0,1.0,0.09391193419949118,0.1549769546893977
qwen3_8b,TOFU,parameter_plus_comm,target_token_f1,450,0.7436081306978951,0.15698073403302934,0.0074001427700264594,0.7234042553191489,0.6252717391304348,0.8653846153846154,0.2926829268292683,1.0,0.7291038508686433,0.758112410527147
qwen3_8b,TOFU,parameter_plus_comm,target_semantic,450,0.8131555084387462,0.12411370653194655,0.0058507762351291,0.8061496019363403,0.7302150726318359,0.9139803051948547,0.2453582435846328,1.0,0.8016879870178931,0.8246230298595992
qwen3_8b,TOFU,parameter_plus_comm,target_positive,450,0.9755555555555555,0.15459632837279777,0.00728774080926317,1.0,1.0,1.0,0.0,1.0,0.9612715835693997,0.9898395275417113
qwen3_8b,TOFU,parameter_plus_comm,system_exact,450,0.06888888888888889,0.25354697356702716,0.01195231895723808,0.0,0.0,0.0,0.0,1.0,0.04546234373270225,0.09231543404507553
qwen3_8b,TOFU,parameter_plus_comm,system_token_f1,450,0.7461728322865515,0.139485771982851,0.006575422349874299,0.7234042553191489,0.6460772833723653,0.8292682926829269,0.3516483516483517,1.0,0.7332850044807979,0.7590606600923051
qwen3_8b,TOFU,parameter_plus_comm,system_semantic,450,0.812517642709944,0.11416052966306818,0.005381578977906901,0.8061496019363403,0.7429815530776978,0.9047967791557312,0.437880277633667,1.0,0.8019697479132465,0.8230655375066415
qwen3_8b,TOFU,parameter_plus_comm,system_positive,450,0.9755555555555555,0.15459632837279777,0.00728774080926317,1.0,1.0,1.0,0.0,1.0,0.9612715835693997,0.9898395275417113
qwen3_8b,TOFU,parameter_plus_comm,target_content_precision,450,0.6722528188863311,0.26085423872807956,0.012296786740391972,0.7089947089947091,0.4097222222222222,0.9090909090909092,0.0,1.0,0.6481511168751629,0.6963545208974994
qwen3_8b,TOFU,parameter_plus_comm,target_content_recall,450,0.7425041897673477,0.21840292302773412,0.010295612526924958,0.7368421052631579,0.5714285714285714,1.0,0.0,1.0,0.7223247892145748,0.7626835903201206
qwen3_8b,TOFU,parameter_plus_comm,target_content_f1,450,0.6800075877739455,0.22450335269733065,0.010583189539426512,0.6363636363636364,0.5185185185185186,0.896551724137931,0.0,1.0,0.6592645362766696,0.7007506392712215
qwen3_8b,TOFU,parameter_plus_comm,system_content_precision,450,0.6935395569110459,0.24243017574736053,0.011428268082347008,0.7142857142857143,0.5035714285714286,0.9090909090909092,0.1034482758620689,1.0,0.6711401514696457,0.715938962352446
qwen3_8b,TOFU,parameter_plus_comm,system_content_recall,450,0.7241564213564213,0.1978390126683816,0.009326220496070927,0.7071428571428571,0.5714285714285714,0.9285714285714286,0.2,1.0,0.7058770291841223,0.7424358135287203
qwen3_8b,TOFU,parameter_plus_comm,system_content_f1,450,0.6850129276114237,0.20590723280554837,0.009706560040810693,0.6363636363636364,0.5555555555555556,0.888888888888889,0.1739130434782608,1.0,0.6659880699314348,0.7040377852914127
qwen3_8b,TOFU,parameter_plus_comm,target_positive_content,450,0.9755555555555555,0.15459632837279777,0.00728774080926317,1.0,1.0,1.0,0.0,1.0,0.9612715835693997,0.9898395275417113
qwen3_8b,TOFU,parameter_plus_comm,system_positive_content,450,0.9777777777777777,0.1475696036580069,0.006956497829572522,1.0,1.0,1.0,0.0,1.0,0.9641430420318156,0.9914125135237399
qwen3_8b,TOFU,target_context,chain_length,225,4.0,0.0,0.0,4.0,4.0,4.0,4.0,4.0,4.0,4.0
qwen3_8b,TOFU,target_context,target_agent_position,225,2.0,0.0,0.0,2.0,2.0,2.0,2.0,2.0,2.0,2.0
qwen3_8b,TOFU,target_context,peer_evidence,225,1.0,0.0,0.0,1.0,1.0,1.0,1.0,1.0,1.0,1.0
qwen3_8b,TOFU,target_context,target_exact,225,0.03111111111111111,0.17400510848184253,0.011600340565456169,0.0,0.0,0.0,0.0,1.0,0.00837444360281702,0.0538477786194052
qwen3_8b,TOFU,target_context,target_token_f1,225,0.5690504524333071,0.18056614216204067,0.012037742810802712,0.5846153846153845,0.4222222222222222,0.7012987012987013,0.2153846153846154,1.0,0.5454564765241338,0.5926444283424804
qwen3_8b,TOFU,target_context,target_semantic,225,0.6598107443915473,0.17690191461641763,0.011793460974427843,0.6893587708473206,0.5294142961502075,0.8055696487426758,0.2610066533088684,1.0,0.6366955608816687,0.6829259279014259
qwen3_8b,TOFU,target_context,target_positive,225,0.6355555555555555,0.48234710547356885,0.032156473698237924,1.0,0.0,1.0,0.0,1.0,0.5725288671070092,0.6985822440041018
qwen3_8b,TOFU,target_context,system_exact,225,0.02666666666666667,0.16146649364939025,0.01076443290995935,0.0,0.0,0.0,0.0,1.0,0.0055683781631463425,0.047764955170186994
qwen3_8b,TOFU,target_context,system_token_f1,225,0.6572547172234815,0.1711022968398792,0.01140681978932528,0.6666666666666666,0.5609756097560975,0.7317073170731708,0.2153846153846154,1.0,0.6348973504364039,0.6796120840105591
qwen3_8b,TOFU,target_context,system_semantic,225,0.7336425567997826,0.16062875149157707,0.010708583432771805,0.7699905037879944,0.6766649484634399,0.8219529390335083,0.2610066533088684,1.0,0.7126537332715499,0.7546313803280154
qwen3_8b,TOFU,target_context,system_positive,225,0.84,0.3674234614174767,0.024494897427831782,1.0,1.0,1.0,0.0,1.0,0.7919900010414497,0.8880099989585503
qwen3_8b,TOFU,target_context,target_content_precision,225,0.4124372015529276,0.3070878640733846,0.020472524271558976,0.375,0.1515151515151515,0.6470588235294118,0.0,1.0,0.37231105398067205,0.4525633491251832
qwen3_8b,TOFU,target_context,target_content_recall,225,0.4684852940431887,0.3068260465986703,0.020455069773244686,0.48,0.2142857142857142,0.68,0.0,1.0,0.4283933572876292,0.5085772307987483
qwen3_8b,TOFU,target_context,target_content_f1,225,0.4152429662281215,0.27910408743576465,0.01860693916238431,0.4444444444444445,0.1874999999999999,0.5714285714285714,0.0,1.0,0.37877336546984824,0.4517125669863948
qwen3_8b,TOFU,target_context,system_content_precision,225,0.5603621496929333,0.2998722848455003,0.01999148565636669,0.5714285714285714,0.32,0.8333333333333334,0.0,1.0,0.5211788378064546,0.599545461579412
qwen3_8b,TOFU,target_context,system_content_recall,225,0.5790704640388851,0.27485794160811655,0.018323862773874437,0.6,0.4166666666666667,0.76,0.0,1.0,0.5431556930020912,0.6149852350756789
qwen3_8b,TOFU,target_context,system_content_f1,225,0.5439189831549103,0.26218511949336654,0.017479007966224435,0.5555555555555556,0.4137931034482758,0.7111111111111111,0.0,1.0,0.5096601275411103,0.5781778387687102
qwen3_8b,TOFU,target_context,target_positive_content,225,0.6666666666666666,0.472455591261534,0.031497039417435604,1.0,0.0,1.0,0.0,1.0,0.6049324694084929,0.7284008639248404
qwen3_8b,TOFU,target_context,system_positive_content,225,0.8355555555555556,0.37150487616702016,0.02476699174446801,1.0,1.0,1.0,0.0,1.0,0.7870122517363983,0.8840988593747129
qwen3_8b,TOFU,target_context_comm,chain_length,765,4.0,0.0,0.0,4.0,4.0,4.0,4.0,4.0,4.0,4.0
qwen3_8b,TOFU,target_context_comm,target_agent_position,765,2.0,0.0,0.0,2.0,2.0,2.0,2.0,2.0,2.0,2.0
qwen3_8b,TOFU,target_context_comm,peer_evidence,765,1.0,0.0,0.0,1.0,1.0,1.0,1.0,1.0,1.0,1.0
qwen3_8b,TOFU,target_context_comm,target_exact,765,0.011764705882352941,0.10789585369624449,0.003900982823176844,0.0,0.0,0.0,0.0,1.0,0.0041187795489263275,0.019410632215779555
qwen3_8b,TOFU,target_context_comm,target_token_f1,765,0.5490359787396069,0.17916609323506694,0.006477763771843851,0.5405405405405405,0.3999999999999999,0.6571428571428573,0.2153846153846154,1.0,0.5363395617467929,0.5617323957324208
qwen3_8b,TOFU,target_context_comm,target_semantic,765,0.6401688492376041,0.16980676188815816,0.006139376432850281,0.6766649484634399,0.5,0.7734307050704956,0.2610066533088684,1.0,0.6281356714292176,0.6522020270459906
qwen3_8b,TOFU,target_context_comm,target_positive,765,0.5947712418300654,0.4912574486430489,0.017761450540160262,1.0,0.0,1.0,0.0,1.0,0.5599587987713512,0.6295836848887795
qwen3_8b,TOFU,target_context_comm,system_exact,765,0.0196078431372549,0.13873909726958567,0.005016122648006382,0.0,0.0,0.0,0.0,1.0,0.009776242747162394,0.02943944352734741
qwen3_8b,TOFU,target_context_comm,system_token_f1,765,0.686051391443748,0.14955099023443588,0.005407027463131592,0.6808510638297872,0.6016260162601627,0.7536231884057972,0.2153846153846154,1.0,0.6754536176160101,0.696649165271486
qwen3_8b,TOFU,target_context_comm,system_semantic,765,0.7636744820214565,0.1294070684608711,0.004678722434364492,0.771869421005249,0.6972522735595703,0.837435781955719,0.2610066533088684,1.0,0.754504186050102,0.7728447779928109
qwen3_8b,TOFU,target_context_comm,system_positive,765,0.9241830065359478,0.26487825510030133,0.009576693524185862,1.0,1.0,1.0,0.0,1.0,0.9054126872285435,0.942953325843352
qwen3_8b,TOFU,target_context_comm,target_content_precision,765,0.3786240361407371,0.3003033010382728,0.010857488763114374,0.32,0.1333333333333333,0.5714285714285714,0.0,1.0,0.35734335816503293,0.39990471411644124
qwen3_8b,TOFU,target_context_comm,target_content_recall,765,0.4418296245664667,0.30054111552513013,0.010866086964032686,0.4166666666666667,0.1666666666666666,0.6428571428571429,0.0,1.0,0.42053209411696263,0.46312715501597074
qwen3_8b,TOFU,target_context_comm,target_content_f1,765,0.3875554052571955,0.27663791273384014,0.010001864843224899,0.4,0.1612903225806451,0.5581395348837208,0.0,1.0,0.3679517501644747,0.40715906034991634
qwen3_8b,TOFU,target_context_comm,system_content_precision,765,0.600498435973788,0.26244634038951614,0.00948876746225477,0.5769230769230769,0.3888888888888889,0.8333333333333334,0.0,1.0,0.5819004517477687,0.6190964201998074
qwen3_8b,TOFU,target_context_comm,system_content_recall,765,0.6446751578887802,0.22054238782471655,0.007973726859872564,0.6363636363636364,0.56,0.8,0.0,1.0,0.6290466532434299,0.6603036625341304
qwen3_8b,TOFU,target_context_comm,system_content_f1,765,0.5942043916057387,0.2178268077358395,0.00787554485455201,0.5714285714285714,0.4705882352941176,0.7272727272727272,0.0,1.0,0.5787683236908168,0.6096404595206606
qwen3_8b,TOFU,target_context_comm,target_positive_content,765,0.6,0.49021845755301224,0.017723885738021736,1.0,0.0,1.0,0.0,1.0,0.5652611839534774,0.6347388160465226
qwen3_8b,TOFU,target_context_comm,system_positive_content,765,0.930718954248366,0.2540975834294064,0.009186917517325886,1.0,1.0,1.0,0.0,1.0,0.9127125959144073,0.9487253125823247
qwen3_8b,TOFU,target_context_memory,chain_length,3690,3.9878048780487805,0.5946474953059814,0.009789182178121095,4.0,4.0,4.0,1.0,8.0,3.968618080979663,4.006991675117898
qwen3_8b,TOFU,target_context_memory,target_agent_position,3690,2.024390243902439,0.2694355605570704,0.004435491292534854,2.0,2.0,2.0,1.0,4.0,2.0156966809690706,2.0330838068358075
qwen3_8b,TOFU,target_context_memory,peer_evidence,3690,0.9176829268292683,0.24403076355332792,0.0040172734609103325,1.0,1.0,1.0,0.0,1.0,0.909809070845884,0.9255567828126526
qwen3_8b,TOFU,target_context_memory,target_exact,3690,0.028455284552845527,0.16629213869643386,0.0027375277846771037,0.0,0.0,0.0,0.0,1.0,0.023089730094878403,0.03382083901081265
qwen3_8b,TOFU,target_context_memory,target_token_f1,3690,0.5672394430933223,0.19990288959388897,0.0032908333417943233,0.5714285714285715,0.3890117994100295,0.7234042553191489,0.1538461538461538,1.0,0.5607894097434054,0.5736894764432392
qwen3_8b,TOFU,target_context_memory,target_semantic,3690,0.6544638194406258,0.19247930299107044,0.0031686250717794027,0.6954271495342255,0.5000034868717194,0.8061496019363403,0.2144225090742111,1.0,0.6482533142999382,0.6606743245813135
qwen3_8b,TOFU,target_context_memory,target_positive,3690,0.6306233062330623,0.48270145606649406,0.007946308575045464,1.0,0.0,1.0,0.0,1.0,0.6150485414259732,0.6461980710401514
qwen3_8b,TOFU,target_context_memory,system_exact,3690,0.026829268292682926,0.16160611469767494,0.002660385708107363,0.0,0.0,0.0,0.0,1.0,0.021614912304792497,0.032043624280573356
qwen3_8b,TOFU,target_context_memory,system_token_f1,3690,0.6380294324824071,0.19328387629192156,0.003181870086144814,0.6595088520845231,0.5208333333333334,0.7432364096080911,0.1538461538461538,1.0,0.6317929671135633,0.6442658978512509
qwen3_8b,TOFU,target_context_memory,system_semantic,3690,0.7140923538626371,0.17942893704938975,0.002953787860317639,0.7553994655609131,0.6082558482885361,0.8287754058837891,0.2144225090742111,1.0,0.7083029296564146,0.7198817780688597
qwen3_8b,TOFU,target_context_memory,system_positive,3690,0.7753387533875339,0.4174156073436526,0.006871562491279824,1.0,1.0,1.0,0.0,1.0,0.7618704909046254,0.7888070158704423
qwen3_8b,TOFU,target_context_memory,target_content_precision,3690,0.41726150047384586,0.32980086099655487,0.005429234523446909,0.3809523809523809,0.1,0.7142857142857143,0.0,1.0,0.4066202008078899,0.4279028001398018
qwen3_8b,TOFU,target_context_memory,target_content_recall,3690,0.4585235248752579,0.3216041467400387,0.0052942989023395635,0.48,0.1666666666666666,0.7,0.0,1.0,0.4481466990266723,0.46890035072384345
qwen3_8b,TOFU,target_context_memory,target_content_f1,3690,0.41577443483861104,0.30346133147948234,0.004995628975682942,0.4444444444444445,0.1176470588235294,0.6153846153846153,0.0,1.0,0.40598300204627247,0.4255658676309496
qwen3_8b,TOFU,target_context_memory,system_content_precision,3690,0.5351702198330118,0.3275033371835924,0.005391412318962405,0.5714285714285714,0.2727272727272727,0.8333333333333334,0.0,1.0,0.5246030516878455,0.5457373879781782
qwen3_8b,TOFU,target_context_memory,system_content_recall,3690,0.5441978276561075,0.30092753697443536,0.004953917245275225,0.5714285714285714,0.4166666666666667,0.76,0.0,1.0,0.5344881498553681,0.5539075054568469
qwen3_8b,TOFU,target_context_memory,system_content_f1,3690,0.5169933024166736,0.2939605468891863,0.00483922554016248,0.5555555555555556,0.3448275862068965,0.7346938775510204,0.0,1.0,0.5075084203579552,0.5264781844753921
qwen3_8b,TOFU,target_context_memory,target_positive_content,3690,0.6479674796747967,0.4776687753646938,0.007863459780384541,1.0,0.0,1.0,0.0,1.0,0.632555098505243,0.6633798608443504
qwen3_8b,TOFU,target_context_memory,system_positive_content,3690,0.7764227642276422,0.4166983461125921,0.0068597548221723615,1.0,1.0,1.0,0.0,1.0,0.7629776447761843,0.7898678836791001
qwen3_8b,TOFU,target_memory,chain_length,225,4.0,0.0,0.0,4.0,4.0,4.0,4.0,4.0,4.0,4.0
qwen3_8b,TOFU,target_memory,target_agent_position,225,2.0,0.0,0.0,2.0,2.0,2.0,2.0,2.0,2.0,2.0
qwen3_8b,TOFU,target_memory,peer_evidence,225,1.0,0.0,0.0,1.0,1.0,1.0,1.0,1.0,1.0,1.0
qwen3_8b,TOFU,target_memory,target_exact,225,0.08888888888888889,0.2852178226359747,0.01901452150906498,0.0,0.0,0.0,0.0,1.0,0.05162042673112153,0.12615735104665626
qwen3_8b,TOFU,target_memory,target_token_f1,225,0.7143340807647784,0.16089482815688608,0.010726321877125739,0.6984126984126984,0.6133333333333333,0.792079207920792,0.2441860465116278,1.0,0.693310489885612,0.7353576716439449
qwen3_8b,TOFU,target_memory,target_semantic,225,0.7992912985218896,0.11848049932106758,0.007898699954737838,0.8045379519462585,0.7197633385658264,0.8723732233047485,0.4504426121711731,1.0,0.7838098466106035,0.8147727504331758
qwen3_8b,TOFU,target_memory,target_positive,225,0.9511111111111111,0.21611651766199919,0.014407767844133279,1.0,1.0,1.0,0.0,1.0,0.9228718861366099,0.9793503360856124
qwen3_8b,TOFU,target_memory,system_exact,225,0.06222222222222222,0.2420973174388992,0.01613982116259328,0.0,0.0,0.0,0.0,1.0,0.030588172743539387,0.09385627170090505
qwen3_8b,TOFU,target_memory,system_token_f1,225,0.7406585196770432,0.1455930737702687,0.009706204918017913,0.7234042553191489,0.634920634920635,0.8333333333333334,0.3275862068965517,1.0,0.7216343580377281,0.7596826813163583
qwen3_8b,TOFU,target_memory,system_semantic,225,0.8069811718993717,0.11581130291599313,0.007720753527732876,0.8061496019363403,0.7276514172554016,0.9048240184783936,0.4540766179561615,1.0,0.7918484949850152,0.8221138488137282
qwen3_8b,TOFU,target_memory,system_positive,225,0.9733333333333334,0.16146649364939022,0.010764432909959348,1.0,1.0,1.0,0.0,1.0,0.952235044829813,0.9944316218368537
qwen3_8b,TOFU,target_memory,target_content_precision,225,0.6377262968699553,0.26561860846736735,0.017707907231157824,0.6666666666666666,0.3809523809523809,0.8333333333333334,0.0303030303030303,1.0,0.603018798696886,0.6724337950430246
qwen3_8b,TOFU,target_memory,target_content_recall,225,0.7269670641249589,0.21361420798232203,0.014240947198821468,0.6666666666666666,0.5714285714285714,0.9473684210526316,0.1,1.0,0.6990548076152688,0.754879320634649
qwen3_8b,TOFU,target_memory,target_content_f1,225,0.6479952440381163,0.22227120032933514,0.014818080021955676,0.6153846153846153,0.4705882352941176,0.8333333333333333,0.0465116279069767,1.0,0.6189518071950831,0.6770386808811494
qwen3_8b,TOFU,target_memory,system_content_precision,225,0.6839327833352339,0.2484767095719599,0.016565113971463992,0.7142857142857143,0.4615384615384615,0.9090909090909092,0.0833333333333333,1.0,0.6514651599511645,0.7164004067193033
qwen3_8b,TOFU,target_memory,system_content_recall,225,0.7134035391509076,0.19500398700113047,0.013000265800075366,0.6666666666666666,0.5714285714285714,0.9285714285714286,0.3,1.0,0.6879230181827599,0.7388840601190553
qwen3_8b,TOFU,target_memory,system_content_f1,225,0.6734562393657845,0.20921614526854468,0.013947743017902978,0.6153846153846153,0.5555555555555556,0.888888888888889,0.1379310344827586,1.0,0.6461186630506947,0.7007938156808743
qwen3_8b,TOFU,target_memory,target_positive_content,225,0.96,0.19639610121239318,0.013093073414159545,1.0,1.0,1.0,0.0,1.0,0.9343375761082473,0.9856624238917526
qwen3_8b,TOFU,target_memory,system_positive_content,225,0.9733333333333334,0.16146649364939022,0.010764432909959348,1.0,1.0,1.0,0.0,1.0,0.952235044829813,0.9944316218368537
qwen3_8b,TOFU,target_memory_comm,chain_length,225,4.0,0.0,0.0,4.0,4.0,4.0,4.0,4.0,4.0,4.0
qwen3_8b,TOFU,target_memory_comm,target_agent_position,225,2.0,0.0,0.0,2.0,2.0,2.0,2.0,2.0,2.0,2.0
qwen3_8b,TOFU,target_memory_comm,peer_evidence,225,1.0,0.0,0.0,1.0,1.0,1.0,1.0,1.0,1.0,1.0
qwen3_8b,TOFU,target_memory_comm,target_exact,225,0.10222222222222223,0.30361577640587073,0.02024105176039138,0.0,0.0,0.0,0.0,1.0,0.06254976077185512,0.14189468367258934
qwen3_8b,TOFU,target_memory_comm,target_token_f1,225,0.7278963501948554,0.15806691005460732,0.010537794003640489,0.7234042553191489,0.6153846153846153,0.8073394495412846,0.3333333333333333,1.0,0.7072422739477201,0.7485504264419908
qwen3_8b,TOFU,target_memory_comm,target_semantic,225,0.8085510961214701,0.11427707211333903,0.007618471474222602,0.8061496019363403,0.7299588918685913,0.881989598274231,0.5243040919303894,1.0,0.7936188920319939,0.8234833002109464
qwen3_8b,TOFU,target_memory_comm,target_positive,225,0.9511111111111111,0.21611651766199919,0.014407767844133279,1.0,1.0,1.0,0.0,1.0,0.9228718861366099,0.9793503360856124
qwen3_8b,TOFU,target_memory_comm,system_exact,225,0.05333333333333334,0.22519832529192066,0.015013221686128043,0.0,0.0,0.0,0.0,1.0,0.023907418828522372,0.0827592478381443
qwen3_8b,TOFU,target_memory_comm,system_token_f1,225,0.7458171237195624,0.14022471794970054,0.009348314529980035,0.7234042553191489,0.6571428571428573,0.8292682926829269,0.3275862068965517,1.0,0.7274944272408016,0.7641398201983233
qwen3_8b,TOFU,target_memory_comm,system_semantic,225,0.8145653194851346,0.10947126239875851,0.007298084159917234,0.8061496019363403,0.7429815530776978,0.9106678366661072,0.4844899773597717,1.0,0.8002610745316968,0.8288695644385723
qwen3_8b,TOFU,target_memory_comm,system_positive,225,0.9733333333333334,0.16146649364939022,0.010764432909959348,1.0,1.0,1.0,0.0,1.0,0.952235044829813,0.9944316218368537
qwen3_8b,TOFU,target_memory_comm,target_content_precision,225,0.6508321514624968,0.26333218143669,0.017555478762446,0.6923076923076923,0.3846153846153846,0.85,0.125,1.0,0.6164234130881027,0.685240889836891
qwen3_8b,TOFU,target_memory_comm,target_content_recall,225,0.749201093643199,0.21090676400979427,0.014060450933986285,0.72,0.5714285714285714,1.0,0.24,1.0,0.7216426098125859,0.7767595774738121
qwen3_8b,TOFU,target_memory_comm,target_content_f1,225,0.6641704271214871,0.21968582195302053,0.014645721463534702,0.6363636363636364,0.4705882352941176,0.88,0.2,1.0,0.6354648130529591,0.6928760411900151
qwen3_8b,TOFU,target_memory_comm,system_content_precision,225,0.6999177655402988,0.23952213188074334,0.01596814212538289,0.7333333333333333,0.5185185185185185,0.9285714285714286,0.1034482758620689,1.0,0.6686202069745484,0.7312153241060493
qwen3_8b,TOFU,target_memory_comm,system_content_recall,225,0.7230924685451001,0.19479596277638492,0.012986397518425662,0.7,0.5714285714285714,0.9285714285714286,0.3,1.0,0.6976391294089859,0.7485458076812144
qwen3_8b,TOFU,target_memory_comm,system_content_f1,225,0.6872008299797389,0.2040821724444137,0.013605478162960915,0.6363636363636364,0.5555555555555556,0.896551724137931,0.1764705882352941,1.0,0.6605340927803355,0.7138675671791422
qwen3_8b,TOFU,target_memory_comm,target_positive_content,225,0.9733333333333334,0.16146649364939022,0.010764432909959348,1.0,1.0,1.0,0.0,1.0,0.952235044829813,0.9944316218368537
qwen3_8b,TOFU,target_memory_comm,system_positive_content,225,0.9777777777777777,0.14773421007131973,0.009848947338087981,1.0,1.0,1.0,0.0,1.0,0.9584738409951253,0.9970817145604302
qwen3_8b,WMDP,full_inference,chain_length,30,4.0,0.0,0.0,4.0,4.0,4.0,4.0,4.0,4.0,4.0
qwen3_8b,WMDP,full_inference,target_agent_position,30,2.0,0.0,0.0,2.0,2.0,2.0,2.0,2.0,2.0,2.0
qwen3_8b,WMDP,full_inference,peer_evidence,30,1.0,0.0,0.0,1.0,1.0,1.0,1.0,1.0,1.0,1.0
qwen3_8b,WMDP,full_inference,target_exact,30,0.0,0.0,0.0,0.0,0.0,0.0,0.0,0.0,0.0,0.0
qwen3_8b,WMDP,full_inference,target_token_f1,30,0.11442368444359624,0.10431217246453156,0.01904470996039773,0.1363636363636363,0.0,0.2222222222222222,0.0,0.3529411764705882,0.07709605292121668,0.1517513159659758
qwen3_8b,WMDP,full_inference,target_semantic,30,0.20756734957297643,0.1631071012321711,0.029779146211379594,0.24456604570150375,0.0,0.3333333432674408,0.0,0.4588314592838287,0.14920022299867242,0.26593447614728044
qwen3_8b,WMDP,full_inference,target_positive,30,0.0,0.0,0.0,0.0,0.0,0.0,0.0,0.0,0.0,0.0
qwen3_8b,WMDP,full_inference,system_exact,30,0.0,0.0,0.0,0.0,0.0,0.0,0.0,0.0,0.0,0.0
qwen3_8b,WMDP,full_inference,system_token_f1,30,0.12640666227754893,0.12474368513076411,0.02277497675081376,0.1395348837209302,0.0,0.21929824561403505,0.0,0.375,0.08176770784595397,0.1710456167091439
qwen3_8b,WMDP,full_inference,system_semantic,30,0.238396322230498,0.1928084901453245,0.03520185311036892,0.29330745339393616,0.0,0.35486376285552973,0.0,0.6154574751853943,0.1694006901341749,0.3073919543268211
qwen3_8b,WMDP,full_inference,system_positive,30,0.0,0.0,0.0,0.0,0.0,0.0,0.0,0.0,0.0,0.0
qwen3_8b,WMDP,full_inference,target_content_precision,30,0.34584263651013936,0.4426473897317865,0.08081598679229338,0.1114551083591331,0.0,1.0,0.0,1.0,0.18744330239724435,0.5042419706230343
qwen3_8b,WMDP,full_inference,target_content_recall,30,0.6666666666666666,0.4794633014853841,0.08753762190648169,1.0,0.0,1.0,0.0,1.0,0.4950929277299625,0.8382404056033708
qwen3_8b,WMDP,full_inference,target_content_f1,30,0.37751815242397485,0.4315502351514374,0.07878993282970038,0.20050125313283204,0.0,1.0,0.0,1.0,0.2230898840777621,0.5319464207701876
qwen3_8b,WMDP,full_inference,system_content_precision,30,0.28646881213184744,0.3798129617435561,0.0693440422599308,0.11437908496732024,0.0,0.5833333333333333,0.0,1.0,0.15055448930238308,0.4223831349613118
qwen3_8b,WMDP,full_inference,system_content_recall,30,0.6666666666666666,0.4794633014853841,0.08753762190648169,1.0,0.0,1.0,0.0,1.0,0.4950929277299625,0.8382404056033708
qwen3_8b,WMDP,full_inference,system_content_f1,30,0.3361363413803222,0.38725739827699,0.07070320419902322,0.20526315789473676,0.0,0.7250000000000001,0.0,1.0,0.19755806115023672,0.4747146216104077
qwen3_8b,WMDP,full_inference,target_positive_content,30,0.0,0.0,0.0,0.0,0.0,0.0,0.0,0.0,0.0,0.0
qwen3_8b,WMDP,full_inference,system_positive_content,30,0.06666666666666667,0.2537081317024625,0.046320555585310084,0.0,0.0,0.0,0.0,1.0,-0.0241216222805411,0.15745495561387443
qwen3_8b,WMDP,none,chain_length,30,4.0,0.0,0.0,4.0,4.0,4.0,4.0,4.0,4.0,4.0
qwen3_8b,WMDP,none,target_agent_position,30,2.0,0.0,0.0,2.0,2.0,2.0,2.0,2.0,2.0,2.0
qwen3_8b,WMDP,none,peer_evidence,30,1.0,0.0,0.0,1.0,1.0,1.0,1.0,1.0,1.0,1.0
qwen3_8b,WMDP,none,target_exact,30,0.0,0.0,0.0,0.0,0.0,0.0,0.0,0.0,0.0,0.0
qwen3_8b,WMDP,none,target_token_f1,30,0.232643646231618,0.12071210913760189,0.022038915046230012,0.2222222222222222,0.1644787644787645,0.22863247863247857,0.0519480519480519,0.5454545454545454,0.1894473727410072,0.2758399197222288
qwen3_8b,WMDP,none,target_semantic,30,0.34680885771910347,0.10972136113393315,0.02003228817774193,0.3333333432674408,0.2788062170147895,0.42475952208042145,0.1856953352689743,0.6123724579811096,0.30754557289072926,0.3860721425474777
qwen3_8b,WMDP,none,target_positive,30,0.06666666666666667,0.2537081317024624,0.04632055558531008,0.0,0.0,0.0,0.0,1.0,-0.024121622280541086,0.1574549556138744
qwen3_8b,WMDP,none,system_exact,30,0.0,0.0,0.0,0.0,0.0,0.0,0.0,0.0,0.0,0.0
qwen3_8b,WMDP,none,system_token_f1,30,0.23168836167877246,0.11968621117707724,0.021851612561337382,0.2222222222222222,0.1644787644787645,0.22863247863247857,0.0519480519480519,0.5454545454545454,0.1888592010585512,0.27451752229899373
qwen3_8b,WMDP,none,system_semantic,30,0.34695510963598886,0.1095862860250872,0.0200076269497178,0.3333333432674408,0.2788062170147895,0.4297805279493332,0.1856953352689743,0.6123724579811096,0.307740160814542,0.38617005845743574
qwen3_8b,WMDP,none,system_positive,30,0.06666666666666667,0.2537081317024624,0.04632055558531008,0.0,0.0,0.0,0.0,1.0,-0.024121622280541086,0.1574549556138744
qwen3_8b,WMDP,none,target_content_precision,30,0.5943769612030482,0.4108537054591597,0.07501128077152174,0.6666666666666666,0.1538461538461538,1.0,0.0606060606060606,1.0,0.4473548508908656,0.7413990715152308
qwen3_8b,WMDP,none,target_content_recall,30,1.0,0.0,0.0,1.0,1.0,1.0,1.0,1.0,1.0,1.0
qwen3_8b,WMDP,none,target_content_f1,30,0.6556505941407901,0.36304091383252757,0.06628189926778821,0.8,0.2666666666666667,1.0,0.1142857142857143,1.0,0.5257380715759252,0.7855631167056549
qwen3_8b,WMDP,none,system_content_precision,30,0.5835833104093974,0.403592993853678,0.07368566226156777,0.6666666666666666,0.1538461538461538,1.0,0.0606060606060606,1.0,0.4391594123767245,0.7280072084420702
qwen3_8b,WMDP,none,system_content_recall,30,1.0,0.0,0.0,1.0,1.0,1.0,1.0,1.0,1.0,1.0
qwen3_8b,WMDP,none,system_content_f1,30,0.6494741235525548,0.35772899873581787,0.0653120806937815,0.8,0.2666666666666667,1.0,0.1142857142857143,1.0,0.5214624453927431,0.7774858017123666
qwen3_8b,WMDP,none,target_positive_content,30,0.1,0.3051285766293646,0.05570860145311555,0.0,0.0,0.0,0.0,1.0,-0.009188858848106468,0.20918885884810648
qwen3_8b,WMDP,none,system_positive_content,30,0.1,0.3051285766293646,0.05570860145311555,0.0,0.0,0.0,0.0,1.0,-0.009188858848106468,0.20918885884810648
qwen3_8b,WMDP,target_context_memory,chain_length,30,4.0,0.0,0.0,4.0,4.0,4.0,4.0,4.0,4.0,4.0
qwen3_8b,WMDP,target_context_memory,target_agent_position,30,2.0,0.0,0.0,2.0,2.0,2.0,2.0,2.0,2.0,2.0
qwen3_8b,WMDP,target_context_memory,peer_evidence,30,1.0,0.0,0.0,1.0,1.0,1.0,1.0,1.0,1.0,1.0
qwen3_8b,WMDP,target_context_memory,target_exact,30,0.0,0.0,0.0,0.0,0.0,0.0,0.0,0.0,0.0,0.0
qwen3_8b,WMDP,target_context_memory,target_token_f1,30,0.12070398318354673,0.10518134684765508,0.019203398765745193,0.13794926004228325,0.0,0.2222222222222222,0.0,0.3529411764705882,0.08306532160268615,0.15834264476440732
qwen3_8b,WMDP,target_context_memory,target_semantic,30,0.2080730845530828,0.16396186374107355,0.029935203780524788,0.26341230422258377,0.0,0.3333333432674408,0.0,0.4588314592838287,0.1494000851432542,0.2667460839629114
qwen3_8b,WMDP,target_context_memory,target_positive,30,0.0,0.0,0.0,0.0,0.0,0.0,0.0,0.0,0.0,0.0
qwen3_8b,WMDP,target_context_memory,system_exact,30,0.0,0.0,0.0,0.0,0.0,0.0,0.0,0.0,0.0,0.0
qwen3_8b,WMDP,target_context_memory,system_token_f1,30,0.1264432990242058,0.12471690336607338,0.022770087091930125,0.1395348837209302,0.0,0.21929824561403505,0.0,0.375,0.08181392832402276,0.17107266972438886
qwen3_8b,WMDP,target_context_memory,system_semantic,30,0.2386996512611707,0.19289745453335488,0.03521809571108188,0.2978573888540268,0.0,0.35486376285552973,0.0,0.6154574751853943,0.16967218366745024,0.3077271188548912
qwen3_8b,WMDP,target_context_memory,system_positive,30,0.0,0.0,0.0,0.0,0.0,0.0,0.0,0.0,0.0,0.0
qwen3_8b,WMDP,target_context_memory,target_content_precision,30,0.37773465257122457,0.45442251984065263,0.08296582158502144,0.1176470588235294,0.0,1.0,0.0,1.0,0.21512164226458255,0.5403476628778666
qwen3_8b,WMDP,target_context_memory,target_content_recall,30,0.6666666666666666,0.4794633014853841,0.08753762190648169,1.0,0.0,1.0,0.0,1.0,0.4950929277299625,0.8382404056033708
qwen3_8b,WMDP,target_context_memory,target_content_f1,30,0.40806112964845526,0.44238714115313565,0.08076847211993146,0.2105263157894736,0.0,1.0,0.0,1.0,0.2497549242933896,0.5663673350035209
qwen3_8b,WMDP,target_context_memory,system_content_precision,30,0.28650986303496734,0.37978485298477804,0.06933891032618204,0.11437908496732024,0.0,0.5833333333333333,0.0,1.0,0.15060559879565052,0.4224141272742842
qwen3_8b,WMDP,target_context_memory,system_content_recall,30,0.6666666666666666,0.4794633014853841,0.08753762190648169,1.0,0.0,1.0,0.0,1.0,0.4950929277299625,0.8382404056033708
qwen3_8b,WMDP,target_context_memory,system_content_f1,30,0.3362129697328127,0.38720246199217734,0.07069317425155075,0.20526315789473676,0.0,0.7250000000000001,0.0,1.0,0.19765434819977326,0.4747715912658522
qwen3_8b,WMDP,target_context_memory,target_positive_content,30,0.0,0.0,0.0,0.0,0.0,0.0,0.0,0.0,0.0,0.0
qwen3_8b,WMDP,target_context_memory,system_positive_content,30,0.06666666666666667,0.2537081317024625,0.046320555585310084,0.0,0.0,0.0,0.0,1.0,-0.0241216222805411,0.15745495561387443
