run_id,path,size_bytes
AU000001,/home/tahiti/AgentUnlearn/outputs/full_plan/raw/AU000001.json,392227
AU000002,/home/tahiti/AgentUnlearn/outputs/full_plan/raw/AU000002.json,322962
AU000003,/home/tahiti/AgentUnlearn/outputs/full_plan/raw/AU000003.json,376053
AU000004,/home/tahiti/AgentUnlearn/outputs/full_plan/raw/AU000004.json,376237
AU000005,/home/tahiti/AgentUnlearn/outputs/full_plan/raw/AU000005.json,392214
AU000006,/home/tahiti/AgentUnlearn/outputs/full_plan/raw/AU000006.json,359734
AU000007,/home/tahiti/AgentUnlearn/outputs/full_plan/raw/AU000007.json,376047
AU000008,/home/tahiti/AgentUnlearn/outputs/full_plan/raw/AU000008.json,376238
AU000009,/home/tahiti/AgentUnlearn/outputs/full_plan/raw/AU000009.json,359735
AU000010,/home/tahiti/AgentUnlearn/outputs/full_plan/raw/AU000010.json,457185
AU000011,/home/tahiti/AgentUnlearn/outputs/full_plan/raw/AU000011.json,386364
AU000012,/home/tahiti/AgentUnlearn/outputs/full_plan/raw/AU000012.json,434746
AU000013,/home/tahiti/AgentUnlearn/outputs/full_plan/raw/AU000013.json,442272
AU000014,/home/tahiti/AgentUnlearn/outputs/full_plan/raw/AU000014.json,454328
AU000015,/home/tahiti/AgentUnlearn/outputs/full_plan/raw/AU000015.json,419746
AU000016,/home/tahiti/AgentUnlearn/outputs/full_plan/raw/AU000016.json,445186
AU000017,/home/tahiti/AgentUnlearn/outputs/full_plan/raw/AU000017.json,439331
AU000018,/home/tahiti/AgentUnlearn/outputs/full_plan/raw/AU000018.json,432423
AU000019,/home/tahiti/AgentUnlearn/outputs/full_plan/raw/AU000019.json,1399421
AU000020,/home/tahiti/AgentUnlearn/outputs/full_plan/raw/AU000020.json,1212087
AU000021,/home/tahiti/AgentUnlearn/outputs/full_plan/raw/AU000021.json,1377427
AU000022,/home/tahiti/AgentUnlearn/outputs/full_plan/raw/AU000022.json,1354241
AU000023,/home/tahiti/AgentUnlearn/outputs/full_plan/raw/AU000023.json,1411131
AU000024,/home/tahiti/AgentUnlearn/outputs/full_plan/raw/AU000024.json,1323092
AU000025,/home/tahiti/AgentUnlearn/outputs/full_plan/raw/AU000025.json,1390505
AU000026,/home/tahiti/AgentUnlearn/outputs/full_plan/raw/AU000026.json,1360996
AU000027,/home/tahiti/AgentUnlearn/outputs/full_plan/raw/AU000027.json,1336134
AU000028,/home/tahiti/AgentUnlearn/outputs/full_plan/raw/AU000028.json,568139
AU000029,/home/tahiti/AgentUnlearn/outputs/full_plan/raw/AU000029.json,490281
AU000030,/home/tahiti/AgentUnlearn/outputs/full_plan/raw/AU000030.json,547013
AU000031,/home/tahiti/AgentUnlearn/outputs/full_plan/raw/AU000031.json,551889
AU000032,/home/tahiti/AgentUnlearn/outputs/full_plan/raw/AU000032.json,570137
AU000033,/home/tahiti/AgentUnlearn/outputs/full_plan/raw/AU000033.json,532844
AU000034,/home/tahiti/AgentUnlearn/outputs/full_plan/raw/AU000034.json,557925
AU000035,/home/tahiti/AgentUnlearn/outputs/full_plan/raw/AU000035.json,553959
AU000036,/home/tahiti/AgentUnlearn/outputs/full_plan/raw/AU000036.json,543711
AU000037,/home/tahiti/AgentUnlearn/outputs/full_plan/raw/AU000037.json,422360
AU000038,/home/tahiti/AgentUnlearn/outputs/full_plan/raw/AU000038.json,354016
AU000039,/home/tahiti/AgentUnlearn/outputs/full_plan/raw/AU000039.json,408607
AU000040,/home/tahiti/AgentUnlearn/outputs/full_plan/raw/AU000040.json,407048
AU000041,/home/tahiti/AgentUnlearn/outputs/full_plan/raw/AU000041.json,422366
AU000042,/home/tahiti/AgentUnlearn/outputs/full_plan/raw/AU000042.json,395584
AU000043,/home/tahiti/AgentUnlearn/outputs/full_plan/raw/AU000043.json,408603
AU000044,/home/tahiti/AgentUnlearn/outputs/full_plan/raw/AU000044.json,407039
AU000045,/home/tahiti/AgentUnlearn/outputs/full_plan/raw/AU000045.json,395582
AU000046,/home/tahiti/AgentUnlearn/outputs/full_plan/raw/AU000046.json,389617
AU000047,/home/tahiti/AgentUnlearn/outputs/full_plan/raw/AU000047.json,327490
AU000048,/home/tahiti/AgentUnlearn/outputs/full_plan/raw/AU000048.json,374562
AU000049,/home/tahiti/AgentUnlearn/outputs/full_plan/raw/AU000049.json,369714
AU000050,/home/tahiti/AgentUnlearn/outputs/full_plan/raw/AU000050.json,389634
AU000051,/home/tahiti/AgentUnlearn/outputs/full_plan/raw/AU000051.json,355333
AU000052,/home/tahiti/AgentUnlearn/outputs/full_plan/raw/AU000052.json,374586
AU000053,/home/tahiti/AgentUnlearn/outputs/full_plan/raw/AU000053.json,369720
AU000054,/home/tahiti/AgentUnlearn/outputs/full_plan/raw/AU000054.json,355328
AU000055,/home/tahiti/AgentUnlearn/outputs/full_plan/raw/AU000055.json,426602
AU000056,/home/tahiti/AgentUnlearn/outputs/full_plan/raw/AU000056.json,374982
AU000057,/home/tahiti/AgentUnlearn/outputs/full_plan/raw/AU000057.json,411656
AU000058,/home/tahiti/AgentUnlearn/outputs/full_plan/raw/AU000058.json,408039
AU000059,/home/tahiti/AgentUnlearn/outputs/full_plan/raw/AU000059.json,426086
AU000060,/home/tahiti/AgentUnlearn/outputs/full_plan/raw/AU000060.json,394102
AU000061,/home/tahiti/AgentUnlearn/outputs/full_plan/raw/AU000061.json,411940
AU000062,/home/tahiti/AgentUnlearn/outputs/full_plan/raw/AU000062.json,408788
AU000063,/home/tahiti/AgentUnlearn/outputs/full_plan/raw/AU000063.json,394454
AU000064,/home/tahiti/AgentUnlearn/outputs/full_plan/raw/AU000064.json,1338960
AU000065,/home/tahiti/AgentUnlearn/outputs/full_plan/raw/AU000065.json,1155754
AU000066,/home/tahiti/AgentUnlearn/outputs/full_plan/raw/AU000066.json,1334011
AU000067,/home/tahiti/AgentUnlearn/outputs/full_plan/raw/AU000067.json,1298514
AU000068,/home/tahiti/AgentUnlearn/outputs/full_plan/raw/AU000068.json,1355989
AU000069,/home/tahiti/AgentUnlearn/outputs/full_plan/raw/AU000069.json,1260327
AU000070,/home/tahiti/AgentUnlearn/outputs/full_plan/raw/AU000070.json,1348940
AU000071,/home/tahiti/AgentUnlearn/outputs/full_plan/raw/AU000071.json,1311105
AU000072,/home/tahiti/AgentUnlearn/outputs/full_plan/raw/AU000072.json,1275393
AU000073,/home/tahiti/AgentUnlearn/outputs/full_plan/raw/AU000073.json,544023
AU000074,/home/tahiti/AgentUnlearn/outputs/full_plan/raw/AU000074.json,467571
AU000075,/home/tahiti/AgentUnlearn/outputs/full_plan/raw/AU000075.json,528174
AU000076,/home/tahiti/AgentUnlearn/outputs/full_plan/raw/AU000076.json,525299
AU000077,/home/tahiti/AgentUnlearn/outputs/full_plan/raw/AU000077.json,547290
AU000078,/home/tahiti/AgentUnlearn/outputs/full_plan/raw/AU000078.json,509492
AU000079,/home/tahiti/AgentUnlearn/outputs/full_plan/raw/AU000079.json,534957
AU000080,/home/tahiti/AgentUnlearn/outputs/full_plan/raw/AU000080.json,529364
AU000081,/home/tahiti/AgentUnlearn/outputs/full_plan/raw/AU000081.json,514037
AU000082,/home/tahiti/AgentUnlearn/outputs/full_plan/raw/AU000082.json,414098
AU000083,/home/tahiti/AgentUnlearn/outputs/full_plan/raw/AU000083.json,352939
AU000084,/home/tahiti/AgentUnlearn/outputs/full_plan/raw/AU000084.json,399625
AU000085,/home/tahiti/AgentUnlearn/outputs/full_plan/raw/AU000085.json,393655
AU000086,/home/tahiti/AgentUnlearn/outputs/full_plan/raw/AU000086.json,414107
AU000087,/home/tahiti/AgentUnlearn/outputs/full_plan/raw/AU000087.json,381498
AU000088,/home/tahiti/AgentUnlearn/outputs/full_plan/raw/AU000088.json,399629
AU000089,/home/tahiti/AgentUnlearn/outputs/full_plan/raw/AU000089.json,393663
AU000090,/home/tahiti/AgentUnlearn/outputs/full_plan/raw/AU000090.json,381488
AU000091,/home/tahiti/AgentUnlearn/outputs/full_plan/raw/AU000091.json,364898
AU000092,/home/tahiti/AgentUnlearn/outputs/full_plan/raw/AU000092.json,297978
AU000093,/home/tahiti/AgentUnlearn/outputs/full_plan/raw/AU000093.json,348064
AU000094,/home/tahiti/AgentUnlearn/outputs/full_plan/raw/AU000094.json,347825
AU000095,/home/tahiti/AgentUnlearn/outputs/full_plan/raw/AU000095.json,364910
AU000096,/home/tahiti/AgentUnlearn/outputs/full_plan/raw/AU000096.json,331379
AU000097,/home/tahiti/AgentUnlearn/outputs/full_plan/raw/AU000097.json,348067
AU000098,/home/tahiti/AgentUnlearn/outputs/full_plan/raw/AU000098.json,347824
AU000099,/home/tahiti/AgentUnlearn/outputs/full_plan/raw/AU000099.json,331371
AU000100,/home/tahiti/AgentUnlearn/outputs/full_plan/raw/AU000100.json,411611
AU000101,/home/tahiti/AgentUnlearn/outputs/full_plan/raw/AU000101.json,352648
AU000102,/home/tahiti/AgentUnlearn/outputs/full_plan/raw/AU000102.json,397414
AU000103,/home/tahiti/AgentUnlearn/outputs/full_plan/raw/AU000103.json,394715
AU000104,/home/tahiti/AgentUnlearn/outputs/full_plan/raw/AU000104.json,412289
AU000105,/home/tahiti/AgentUnlearn/outputs/full_plan/raw/AU000105.json,380335
AU000106,/home/tahiti/AgentUnlearn/outputs/full_plan/raw/AU000106.json,397055
AU000107,/home/tahiti/AgentUnlearn/outputs/full_plan/raw/AU000107.json,395371
AU000108,/home/tahiti/AgentUnlearn/outputs/full_plan/raw/AU000108.json,379896
AU000109,/home/tahiti/AgentUnlearn/outputs/full_plan/raw/AU000109.json,1301912
AU000110,/home/tahiti/AgentUnlearn/outputs/full_plan/raw/AU000110.json,1085514
AU000111,/home/tahiti/AgentUnlearn/outputs/full_plan/raw/AU000111.json,1265978
AU000112,/home/tahiti/AgentUnlearn/outputs/full_plan/raw/AU000112.json,1261442
AU000113,/home/tahiti/AgentUnlearn/outputs/full_plan/raw/AU000113.json,1301252
AU000114,/home/tahiti/AgentUnlearn/outputs/full_plan/raw/AU000114.json,1223092
AU000115,/home/tahiti/AgentUnlearn/outputs/full_plan/raw/AU000115.json,1271343
AU000116,/home/tahiti/AgentUnlearn/outputs/full_plan/raw/AU000116.json,1259766
AU000117,/home/tahiti/AgentUnlearn/outputs/full_plan/raw/AU000117.json,1228186
AU000118,/home/tahiti/AgentUnlearn/outputs/full_plan/raw/AU000118.json,530038
AU000119,/home/tahiti/AgentUnlearn/outputs/full_plan/raw/AU000119.json,450774
AU000120,/home/tahiti/AgentUnlearn/outputs/full_plan/raw/AU000120.json,514034
AU000121,/home/tahiti/AgentUnlearn/outputs/full_plan/raw/AU000121.json,513217
AU000122,/home/tahiti/AgentUnlearn/outputs/full_plan/raw/AU000122.json,531577
AU000123,/home/tahiti/AgentUnlearn/outputs/full_plan/raw/AU000123.json,496307
AU000124,/home/tahiti/AgentUnlearn/outputs/full_plan/raw/AU000124.json,514676
AU000125,/home/tahiti/AgentUnlearn/outputs/full_plan/raw/AU000125.json,514799
AU000126,/home/tahiti/AgentUnlearn/outputs/full_plan/raw/AU000126.json,495900
AU000127,/home/tahiti/AgentUnlearn/outputs/full_plan/raw/AU000127.json,392780
AU000128,/home/tahiti/AgentUnlearn/outputs/full_plan/raw/AU000128.json,326281
AU000129,/home/tahiti/AgentUnlearn/outputs/full_plan/raw/AU000129.json,378551
AU000130,/home/tahiti/AgentUnlearn/outputs/full_plan/raw/AU000130.json,375702
AU000131,/home/tahiti/AgentUnlearn/outputs/full_plan/raw/AU000131.json,392784
AU000132,/home/tahiti/AgentUnlearn/outputs/full_plan/raw/AU000132.json,361094
AU000133,/home/tahiti/AgentUnlearn/outputs/full_plan/raw/AU000133.json,378561
AU000134,/home/tahiti/AgentUnlearn/outputs/full_plan/raw/AU000134.json,375709
AU000135,/home/tahiti/AgentUnlearn/outputs/full_plan/raw/AU000135.json,361091
AU000136,/home/tahiti/AgentUnlearn/outputs/full_plan/raw/AU000136.json,1906785
AU000137,/home/tahiti/AgentUnlearn/outputs/full_plan/raw/AU000137.json,1492181
AU000138,/home/tahiti/AgentUnlearn/outputs/full_plan/raw/AU000138.json,1803543
AU000139,/home/tahiti/AgentUnlearn/outputs/full_plan/raw/AU000139.json,1801302
AU000140,/home/tahiti/AgentUnlearn/outputs/full_plan/raw/AU000140.json,1906797
AU000141,/home/tahiti/AgentUnlearn/outputs/full_plan/raw/AU000141.json,1698358
AU000142,/home/tahiti/AgentUnlearn/outputs/full_plan/raw/AU000142.json,1803545
AU000143,/home/tahiti/AgentUnlearn/outputs/full_plan/raw/AU000143.json,1801317
AU000144,/home/tahiti/AgentUnlearn/outputs/full_plan/raw/AU000144.json,1698343
AU000145,/home/tahiti/AgentUnlearn/outputs/full_plan/raw/AU000145.json,1921141
AU000146,/home/tahiti/AgentUnlearn/outputs/full_plan/raw/AU000146.json,1510260
AU000147,/home/tahiti/AgentUnlearn/outputs/full_plan/raw/AU000147.json,1817089
AU000148,/home/tahiti/AgentUnlearn/outputs/full_plan/raw/AU000148.json,1815933
AU000149,/home/tahiti/AgentUnlearn/outputs/full_plan/raw/AU000149.json,1921701
AU000150,/home/tahiti/AgentUnlearn/outputs/full_plan/raw/AU000150.json,1711899
AU000151,/home/tahiti/AgentUnlearn/outputs/full_plan/raw/AU000151.json,1817605
AU000152,/home/tahiti/AgentUnlearn/outputs/full_plan/raw/AU000152.json,1816493
AU000153,/home/tahiti/AgentUnlearn/outputs/full_plan/raw/AU000153.json,1712968
AU000154,/home/tahiti/AgentUnlearn/outputs/full_plan/raw/AU000154.json,5829868
AU000155,/home/tahiti/AgentUnlearn/outputs/full_plan/raw/AU000155.json,4540934
AU000156,/home/tahiti/AgentUnlearn/outputs/full_plan/raw/AU000156.json,5538378
AU000157,/home/tahiti/AgentUnlearn/outputs/full_plan/raw/AU000157.json,5514134
AU000158,/home/tahiti/AgentUnlearn/outputs/full_plan/raw/AU000158.json,5834419
AU000159,/home/tahiti/AgentUnlearn/outputs/full_plan/raw/AU000159.json,5226977
AU000160,/home/tahiti/AgentUnlearn/outputs/full_plan/raw/AU000160.json,5540652
AU000161,/home/tahiti/AgentUnlearn/outputs/full_plan/raw/AU000161.json,5517854
AU000162,/home/tahiti/AgentUnlearn/outputs/full_plan/raw/AU000162.json,5231499
AU000163,/home/tahiti/AgentUnlearn/outputs/full_plan/raw/AU000163.json,2405415
AU000164,/home/tahiti/AgentUnlearn/outputs/full_plan/raw/AU000164.json,1885806
AU000165,/home/tahiti/AgentUnlearn/outputs/full_plan/raw/AU000165.json,2301375
AU000166,/home/tahiti/AgentUnlearn/outputs/full_plan/raw/AU000166.json,2300205
AU000167,/home/tahiti/AgentUnlearn/outputs/full_plan/raw/AU000167.json,2405985
AU000168,/home/tahiti/AgentUnlearn/outputs/full_plan/raw/AU000168.json,2196177
AU000169,/home/tahiti/AgentUnlearn/outputs/full_plan/raw/AU000169.json,2302428
AU000170,/home/tahiti/AgentUnlearn/outputs/full_plan/raw/AU000170.json,2300775
AU000171,/home/tahiti/AgentUnlearn/outputs/full_plan/raw/AU000171.json,2199428
AU000172,/home/tahiti/AgentUnlearn/outputs/full_plan/raw/AU000172.json,1916139
AU000173,/home/tahiti/AgentUnlearn/outputs/full_plan/raw/AU000173.json,1505283
AU000174,/home/tahiti/AgentUnlearn/outputs/full_plan/raw/AU000174.json,1813869
AU000175,/home/tahiti/AgentUnlearn/outputs/full_plan/raw/AU000175.json,1810929
AU000176,/home/tahiti/AgentUnlearn/outputs/full_plan/raw/AU000176.json,1916143
AU000177,/home/tahiti/AgentUnlearn/outputs/full_plan/raw/AU000177.json,1707942
AU000178,/home/tahiti/AgentUnlearn/outputs/full_plan/raw/AU000178.json,1813870
AU000179,/home/tahiti/AgentUnlearn/outputs/full_plan/raw/AU000179.json,1810935
AU000180,/home/tahiti/AgentUnlearn/outputs/full_plan/raw/AU000180.json,1707937
AU000181,/home/tahiti/AgentUnlearn/outputs/full_plan/raw/AU000181.json,2712385
AU000182,/home/tahiti/AgentUnlearn/outputs/full_plan/raw/AU000182.json,2072198
AU000183,/home/tahiti/AgentUnlearn/outputs/full_plan/raw/AU000183.json,2550499
AU000184,/home/tahiti/AgentUnlearn/outputs/full_plan/raw/AU000184.json,2555580
AU000185,/home/tahiti/AgentUnlearn/outputs/full_plan/raw/AU000185.json,2712401
AU000186,/home/tahiti/AgentUnlearn/outputs/full_plan/raw/AU000186.json,2391858
AU000187,/home/tahiti/AgentUnlearn/outputs/full_plan/raw/AU000187.json,2550499
AU000188,/home/tahiti/AgentUnlearn/outputs/full_plan/raw/AU000188.json,2555583
AU000189,/home/tahiti/AgentUnlearn/outputs/full_plan/raw/AU000189.json,2391868
AU000190,/home/tahiti/AgentUnlearn/outputs/full_plan/raw/AU000190.json,2734755
AU000191,/home/tahiti/AgentUnlearn/outputs/full_plan/raw/AU000191.json,2099118
AU000192,/home/tahiti/AgentUnlearn/outputs/full_plan/raw/AU000192.json,2573029
AU000193,/home/tahiti/AgentUnlearn/outputs/full_plan/raw/AU000193.json,2576487
AU000194,/home/tahiti/AgentUnlearn/outputs/full_plan/raw/AU000194.json,2735082
AU000195,/home/tahiti/AgentUnlearn/outputs/full_plan/raw/AU000195.json,2414408
AU000196,/home/tahiti/AgentUnlearn/outputs/full_plan/raw/AU000196.json,2584997
AU000197,/home/tahiti/AgentUnlearn/outputs/full_plan/raw/AU000197.json,2578091
AU000198,/home/tahiti/AgentUnlearn/outputs/full_plan/raw/AU000198.json,2421134
AU000199,/home/tahiti/AgentUnlearn/outputs/full_plan/raw/AU000199.json,8204907
AU000200,/home/tahiti/AgentUnlearn/outputs/full_plan/raw/AU000200.json,6337474
AU000201,/home/tahiti/AgentUnlearn/outputs/full_plan/raw/AU000201.json,7775772
AU000202,/home/tahiti/AgentUnlearn/outputs/full_plan/raw/AU000202.json,7759790
AU000203,/home/tahiti/AgentUnlearn/outputs/full_plan/raw/AU000203.json,8211776
AU000204,/home/tahiti/AgentUnlearn/outputs/full_plan/raw/AU000204.json,7293727
AU000205,/home/tahiti/AgentUnlearn/outputs/full_plan/raw/AU000205.json,7790364
AU000206,/home/tahiti/AgentUnlearn/outputs/full_plan/raw/AU000206.json,7761202
AU000207,/home/tahiti/AgentUnlearn/outputs/full_plan/raw/AU000207.json,7312503
AU000208,/home/tahiti/AgentUnlearn/outputs/full_plan/raw/AU000208.json,3411396
AU000209,/home/tahiti/AgentUnlearn/outputs/full_plan/raw/AU000209.json,2630284
AU000210,/home/tahiti/AgentUnlearn/outputs/full_plan/raw/AU000210.json,3255790
AU000211,/home/tahiti/AgentUnlearn/outputs/full_plan/raw/AU000211.json,3251142
AU000212,/home/tahiti/AgentUnlearn/outputs/full_plan/raw/AU000212.json,3413071
AU000213,/home/tahiti/AgentUnlearn/outputs/full_plan/raw/AU000213.json,3095128
AU000214,/home/tahiti/AgentUnlearn/outputs/full_plan/raw/AU000214.json,3260901
AU000215,/home/tahiti/AgentUnlearn/outputs/full_plan/raw/AU000215.json,3255104
AU000216,/home/tahiti/AgentUnlearn/outputs/full_plan/raw/AU000216.json,3098607
AU000217,/home/tahiti/AgentUnlearn/outputs/full_plan/raw/AU000217.json,2717649
AU000218,/home/tahiti/AgentUnlearn/outputs/full_plan/raw/AU000218.json,2092931
AU000219,/home/tahiti/AgentUnlearn/outputs/full_plan/raw/AU000219.json,2563402
AU000220,/home/tahiti/AgentUnlearn/outputs/full_plan/raw/AU000220.json,2566055
AU000221,/home/tahiti/AgentUnlearn/outputs/full_plan/raw/AU000221.json,2717665
AU000222,/home/tahiti/AgentUnlearn/outputs/full_plan/raw/AU000222.json,2401297
AU000223,/home/tahiti/AgentUnlearn/outputs/full_plan/raw/AU000223.json,2563406
AU000224,/home/tahiti/AgentUnlearn/outputs/full_plan/raw/AU000224.json,2566060
AU000225,/home/tahiti/AgentUnlearn/outputs/full_plan/raw/AU000225.json,2401294
AU000226,/home/tahiti/AgentUnlearn/outputs/full_plan/raw/AU000226.json,1035036
AU000227,/home/tahiti/AgentUnlearn/outputs/full_plan/raw/AU000227.json,637844
AU000228,/home/tahiti/AgentUnlearn/outputs/full_plan/raw/AU000228.json,935686
AU000229,/home/tahiti/AgentUnlearn/outputs/full_plan/raw/AU000229.json,919951
AU000230,/home/tahiti/AgentUnlearn/outputs/full_plan/raw/AU000230.json,1035047
AU000231,/home/tahiti/AgentUnlearn/outputs/full_plan/raw/AU000231.json,819399
AU000232,/home/tahiti/AgentUnlearn/outputs/full_plan/raw/AU000232.json,935693
AU000233,/home/tahiti/AgentUnlearn/outputs/full_plan/raw/AU000233.json,919953
AU000234,/home/tahiti/AgentUnlearn/outputs/full_plan/raw/AU000234.json,819400
AU000235,/home/tahiti/AgentUnlearn/outputs/full_plan/raw/AU000235.json,1054731
AU000236,/home/tahiti/AgentUnlearn/outputs/full_plan/raw/AU000236.json,660023
AU000237,/home/tahiti/AgentUnlearn/outputs/full_plan/raw/AU000237.json,956839
AU000238,/home/tahiti/AgentUnlearn/outputs/full_plan/raw/AU000238.json,942351
AU000239,/home/tahiti/AgentUnlearn/outputs/full_plan/raw/AU000239.json,1054854
AU000240,/home/tahiti/AgentUnlearn/outputs/full_plan/raw/AU000240.json,841746
AU000241,/home/tahiti/AgentUnlearn/outputs/full_plan/raw/AU000241.json,957456
AU000242,/home/tahiti/AgentUnlearn/outputs/full_plan/raw/AU000242.json,942502
AU000243,/home/tahiti/AgentUnlearn/outputs/full_plan/raw/AU000243.json,841868
AU000244,/home/tahiti/AgentUnlearn/outputs/full_plan/raw/AU000244.json,3230952
AU000245,/home/tahiti/AgentUnlearn/outputs/full_plan/raw/AU000245.json,2023512
AU000246,/home/tahiti/AgentUnlearn/outputs/full_plan/raw/AU000246.json,2925053
AU000247,/home/tahiti/AgentUnlearn/outputs/full_plan/raw/AU000247.json,2876941
AU000248,/home/tahiti/AgentUnlearn/outputs/full_plan/raw/AU000248.json,3230937
AU000249,/home/tahiti/AgentUnlearn/outputs/full_plan/raw/AU000249.json,2573132
AU000250,/home/tahiti/AgentUnlearn/outputs/full_plan/raw/AU000250.json,2924145
AU000251,/home/tahiti/AgentUnlearn/outputs/full_plan/raw/AU000251.json,2877723
AU000252,/home/tahiti/AgentUnlearn/outputs/full_plan/raw/AU000252.json,2574726
AU000253,/home/tahiti/AgentUnlearn/outputs/full_plan/raw/AU000253.json,1317863
AU000254,/home/tahiti/AgentUnlearn/outputs/full_plan/raw/AU000254.json,826836
AU000255,/home/tahiti/AgentUnlearn/outputs/full_plan/raw/AU000255.json,1218561
AU000256,/home/tahiti/AgentUnlearn/outputs/full_plan/raw/AU000256.json,1204016
AU000257,/home/tahiti/AgentUnlearn/outputs/full_plan/raw/AU000257.json,1317378
AU000258,/home/tahiti/AgentUnlearn/outputs/full_plan/raw/AU000258.json,1103653
AU000259,/home/tahiti/AgentUnlearn/outputs/full_plan/raw/AU000259.json,1220341
AU000260,/home/tahiti/AgentUnlearn/outputs/full_plan/raw/AU000260.json,1203935
AU000261,/home/tahiti/AgentUnlearn/outputs/full_plan/raw/AU000261.json,1105441
AU000262,/home/tahiti/AgentUnlearn/outputs/full_plan/raw/AU000262.json,1058817
AU000263,/home/tahiti/AgentUnlearn/outputs/full_plan/raw/AU000263.json,655132
AU000264,/home/tahiti/AgentUnlearn/outputs/full_plan/raw/AU000264.json,957736
AU000265,/home/tahiti/AgentUnlearn/outputs/full_plan/raw/AU000265.json,938851
AU000266,/home/tahiti/AgentUnlearn/outputs/full_plan/raw/AU000266.json,1058834
AU000267,/home/tahiti/AgentUnlearn/outputs/full_plan/raw/AU000267.json,838909
AU000268,/home/tahiti/AgentUnlearn/outputs/full_plan/raw/AU000268.json,957746
AU000269,/home/tahiti/AgentUnlearn/outputs/full_plan/raw/AU000269.json,938851
AU000270,/home/tahiti/AgentUnlearn/outputs/full_plan/raw/AU000270.json,838905
AU000271,/home/tahiti/AgentUnlearn/outputs/full_plan/raw/AU000271.json,909884
AU000272,/home/tahiti/AgentUnlearn/outputs/full_plan/raw/AU000272.json,563417
AU000273,/home/tahiti/AgentUnlearn/outputs/full_plan/raw/AU000273.json,823013
AU000274,/home/tahiti/AgentUnlearn/outputs/full_plan/raw/AU000274.json,814717
AU000275,/home/tahiti/AgentUnlearn/outputs/full_plan/raw/AU000275.json,909898
AU000276,/home/tahiti/AgentUnlearn/outputs/full_plan/raw/AU000276.json,728392
AU000277,/home/tahiti/AgentUnlearn/outputs/full_plan/raw/AU000277.json,823023
AU000278,/home/tahiti/AgentUnlearn/outputs/full_plan/raw/AU000278.json,814713
AU000279,/home/tahiti/AgentUnlearn/outputs/full_plan/raw/AU000279.json,728385
AU000280,/home/tahiti/AgentUnlearn/outputs/full_plan/raw/AU000280.json,926973
AU000281,/home/tahiti/AgentUnlearn/outputs/full_plan/raw/AU000281.json,579282
AU000282,/home/tahiti/AgentUnlearn/outputs/full_plan/raw/AU000282.json,839732
AU000283,/home/tahiti/AgentUnlearn/outputs/full_plan/raw/AU000283.json,832227
AU000284,/home/tahiti/AgentUnlearn/outputs/full_plan/raw/AU000284.json,928552
AU000285,/home/tahiti/AgentUnlearn/outputs/full_plan/raw/AU000285.json,745663
AU000286,/home/tahiti/AgentUnlearn/outputs/full_plan/raw/AU000286.json,842035
AU000287,/home/tahiti/AgentUnlearn/outputs/full_plan/raw/AU000287.json,833444
AU000288,/home/tahiti/AgentUnlearn/outputs/full_plan/raw/AU000288.json,746655
AU000289,/home/tahiti/AgentUnlearn/outputs/full_plan/raw/AU000289.json,2825291
AU000290,/home/tahiti/AgentUnlearn/outputs/full_plan/raw/AU000290.json,1805074
AU000291,/home/tahiti/AgentUnlearn/outputs/full_plan/raw/AU000291.json,2571071
AU000292,/home/tahiti/AgentUnlearn/outputs/full_plan/raw/AU000292.json,2540523
AU000293,/home/tahiti/AgentUnlearn/outputs/full_plan/raw/AU000293.json,2835381
AU000294,/home/tahiti/AgentUnlearn/outputs/full_plan/raw/AU000294.json,2297039
AU000295,/home/tahiti/AgentUnlearn/outputs/full_plan/raw/AU000295.json,2575737
AU000296,/home/tahiti/AgentUnlearn/outputs/full_plan/raw/AU000296.json,2545171
AU000297,/home/tahiti/AgentUnlearn/outputs/full_plan/raw/AU000297.json,2314881
AU000298,/home/tahiti/AgentUnlearn/outputs/full_plan/raw/AU000298.json,1164966
AU000299,/home/tahiti/AgentUnlearn/outputs/full_plan/raw/AU000299.json,727064
AU000300,/home/tahiti/AgentUnlearn/outputs/full_plan/raw/AU000300.json,1074789
AU000301,/home/tahiti/AgentUnlearn/outputs/full_plan/raw/AU000301.json,1069181
AU000302,/home/tahiti/AgentUnlearn/outputs/full_plan/raw/AU000302.json,1163607
AU000303,/home/tahiti/AgentUnlearn/outputs/full_plan/raw/AU000303.json,982817
AU000304,/home/tahiti/AgentUnlearn/outputs/full_plan/raw/AU000304.json,1077515
AU000305,/home/tahiti/AgentUnlearn/outputs/full_plan/raw/AU000305.json,1069359
AU000306,/home/tahiti/AgentUnlearn/outputs/full_plan/raw/AU000306.json,981586
AU000307,/home/tahiti/AgentUnlearn/outputs/full_plan/raw/AU000307.json,922052
AU000308,/home/tahiti/AgentUnlearn/outputs/full_plan/raw/AU000308.json,574256
AU000309,/home/tahiti/AgentUnlearn/outputs/full_plan/raw/AU000309.json,834789
AU000310,/home/tahiti/AgentUnlearn/outputs/full_plan/raw/AU000310.json,826736
AU000311,/home/tahiti/AgentUnlearn/outputs/full_plan/raw/AU000311.json,922057
AU000312,/home/tahiti/AgentUnlearn/outputs/full_plan/raw/AU000312.json,739868
AU000313,/home/tahiti/AgentUnlearn/outputs/full_plan/raw/AU000313.json,834807
AU000314,/home/tahiti/AgentUnlearn/outputs/full_plan/raw/AU000314.json,826734
AU000315,/home/tahiti/AgentUnlearn/outputs/full_plan/raw/AU000315.json,739862
AU000316,/home/tahiti/AgentUnlearn/outputs/full_plan/raw/AU000316.json,1108737
AU000317,/home/tahiti/AgentUnlearn/outputs/full_plan/raw/AU000317.json,691557
AU000318,/home/tahiti/AgentUnlearn/outputs/full_plan/raw/AU000318.json,1005700
AU000319,/home/tahiti/AgentUnlearn/outputs/full_plan/raw/AU000319.json,989466
AU000320,/home/tahiti/AgentUnlearn/outputs/full_plan/raw/AU000320.json,1108743
AU000321,/home/tahiti/AgentUnlearn/outputs/full_plan/raw/AU000321.json,883899
AU000322,/home/tahiti/AgentUnlearn/outputs/full_plan/raw/AU000322.json,1005708
AU000323,/home/tahiti/AgentUnlearn/outputs/full_plan/raw/AU000323.json,989480
AU000324,/home/tahiti/AgentUnlearn/outputs/full_plan/raw/AU000324.json,883893
AU000325,/home/tahiti/AgentUnlearn/outputs/full_plan/raw/AU000325.json,1147417
AU000326,/home/tahiti/AgentUnlearn/outputs/full_plan/raw/AU000326.json,727912
AU000327,/home/tahiti/AgentUnlearn/outputs/full_plan/raw/AU000327.json,1041772
AU000328,/home/tahiti/AgentUnlearn/outputs/full_plan/raw/AU000328.json,1027886
AU000329,/home/tahiti/AgentUnlearn/outputs/full_plan/raw/AU000329.json,1148889
AU000330,/home/tahiti/AgentUnlearn/outputs/full_plan/raw/AU000330.json,918707
AU000331,/home/tahiti/AgentUnlearn/outputs/full_plan/raw/AU000331.json,1044854
AU000332,/home/tahiti/AgentUnlearn/outputs/full_plan/raw/AU000332.json,1029366
AU000333,/home/tahiti/AgentUnlearn/outputs/full_plan/raw/AU000333.json,918262
AU000334,/home/tahiti/AgentUnlearn/outputs/full_plan/raw/AU000334.json,3489402
AU000335,/home/tahiti/AgentUnlearn/outputs/full_plan/raw/AU000335.json,2206833
AU000336,/home/tahiti/AgentUnlearn/outputs/full_plan/raw/AU000336.json,3205456
AU000337,/home/tahiti/AgentUnlearn/outputs/full_plan/raw/AU000337.json,3133545
AU000338,/home/tahiti/AgentUnlearn/outputs/full_plan/raw/AU000338.json,3513275
AU000339,/home/tahiti/AgentUnlearn/outputs/full_plan/raw/AU000339.json,2855130
AU000340,/home/tahiti/AgentUnlearn/outputs/full_plan/raw/AU000340.json,3232471
AU000341,/home/tahiti/AgentUnlearn/outputs/full_plan/raw/AU000341.json,3156500
AU000342,/home/tahiti/AgentUnlearn/outputs/full_plan/raw/AU000342.json,2864933
AU000343,/home/tahiti/AgentUnlearn/outputs/full_plan/raw/AU000343.json,1429353
AU000344,/home/tahiti/AgentUnlearn/outputs/full_plan/raw/AU000344.json,890139
AU000345,/home/tahiti/AgentUnlearn/outputs/full_plan/raw/AU000345.json,1320170
AU000346,/home/tahiti/AgentUnlearn/outputs/full_plan/raw/AU000346.json,1308104
AU000347,/home/tahiti/AgentUnlearn/outputs/full_plan/raw/AU000347.json,1433613
AU000348,/home/tahiti/AgentUnlearn/outputs/full_plan/raw/AU000348.json,1203359
AU000349,/home/tahiti/AgentUnlearn/outputs/full_plan/raw/AU000349.json,1326851
AU000350,/home/tahiti/AgentUnlearn/outputs/full_plan/raw/AU000350.json,1318577
AU000351,/home/tahiti/AgentUnlearn/outputs/full_plan/raw/AU000351.json,1208840
AU000352,/home/tahiti/AgentUnlearn/outputs/full_plan/raw/AU000352.json,1138263
AU000353,/home/tahiti/AgentUnlearn/outputs/full_plan/raw/AU000353.json,705201
AU000354,/home/tahiti/AgentUnlearn/outputs/full_plan/raw/AU000354.json,1028880
AU000355,/home/tahiti/AgentUnlearn/outputs/full_plan/raw/AU000355.json,1015077
AU000356,/home/tahiti/AgentUnlearn/outputs/full_plan/raw/AU000356.json,1138272
AU000357,/home/tahiti/AgentUnlearn/outputs/full_plan/raw/AU000357.json,908727
AU000358,/home/tahiti/AgentUnlearn/outputs/full_plan/raw/AU000358.json,1028886
AU000359,/home/tahiti/AgentUnlearn/outputs/full_plan/raw/AU000359.json,1015081
AU000360,/home/tahiti/AgentUnlearn/outputs/full_plan/raw/AU000360.json,908719
AU000361,/home/tahiti/AgentUnlearn/outputs/full_plan/raw/AU000361.json,1032772
AU000362,/home/tahiti/AgentUnlearn/outputs/full_plan/raw/AU000362.json,578532
AU000363,/home/tahiti/AgentUnlearn/outputs/full_plan/raw/AU000363.json,918912
AU000364,/home/tahiti/AgentUnlearn/outputs/full_plan/raw/AU000364.json,938421
AU000365,/home/tahiti/AgentUnlearn/outputs/full_plan/raw/AU000365.json,1032782
AU000366,/home/tahiti/AgentUnlearn/outputs/full_plan/raw/AU000366.json,822913
AU000367,/home/tahiti/AgentUnlearn/outputs/full_plan/raw/AU000367.json,918922
AU000368,/home/tahiti/AgentUnlearn/outputs/full_plan/raw/AU000368.json,938428
AU000369,/home/tahiti/AgentUnlearn/outputs/full_plan/raw/AU000369.json,822901
AU000370,/home/tahiti/AgentUnlearn/outputs/full_plan/raw/AU000370.json,1061214
AU000371,/home/tahiti/AgentUnlearn/outputs/full_plan/raw/AU000371.json,604513
AU000372,/home/tahiti/AgentUnlearn/outputs/full_plan/raw/AU000372.json,948322
AU000373,/home/tahiti/AgentUnlearn/outputs/full_plan/raw/AU000373.json,966899
AU000374,/home/tahiti/AgentUnlearn/outputs/full_plan/raw/AU000374.json,1063659
AU000375,/home/tahiti/AgentUnlearn/outputs/full_plan/raw/AU000375.json,852272
AU000376,/home/tahiti/AgentUnlearn/outputs/full_plan/raw/AU000376.json,949206
AU000377,/home/tahiti/AgentUnlearn/outputs/full_plan/raw/AU000377.json,971558
AU000378,/home/tahiti/AgentUnlearn/outputs/full_plan/raw/AU000378.json,853651
AU000379,/home/tahiti/AgentUnlearn/outputs/full_plan/raw/AU000379.json,3215942
AU000380,/home/tahiti/AgentUnlearn/outputs/full_plan/raw/AU000380.json,1832613
AU000381,/home/tahiti/AgentUnlearn/outputs/full_plan/raw/AU000381.json,2943228
AU000382,/home/tahiti/AgentUnlearn/outputs/full_plan/raw/AU000382.json,2937342
AU000383,/home/tahiti/AgentUnlearn/outputs/full_plan/raw/AU000383.json,3240330
AU000384,/home/tahiti/AgentUnlearn/outputs/full_plan/raw/AU000384.json,2657982
AU000385,/home/tahiti/AgentUnlearn/outputs/full_plan/raw/AU000385.json,2958293
AU000386,/home/tahiti/AgentUnlearn/outputs/full_plan/raw/AU000386.json,2962829
AU000387,/home/tahiti/AgentUnlearn/outputs/full_plan/raw/AU000387.json,2670310
AU000388,/home/tahiti/AgentUnlearn/outputs/full_plan/raw/AU000388.json,1331835
AU000389,/home/tahiti/AgentUnlearn/outputs/full_plan/raw/AU000389.json,760264
AU000390,/home/tahiti/AgentUnlearn/outputs/full_plan/raw/AU000390.json,1215945
AU000391,/home/tahiti/AgentUnlearn/outputs/full_plan/raw/AU000391.json,1235653
AU000392,/home/tahiti/AgentUnlearn/outputs/full_plan/raw/AU000392.json,1333905
AU000393,/home/tahiti/AgentUnlearn/outputs/full_plan/raw/AU000393.json,1120701
AU000394,/home/tahiti/AgentUnlearn/outputs/full_plan/raw/AU000394.json,1216606
AU000395,/home/tahiti/AgentUnlearn/outputs/full_plan/raw/AU000395.json,1238197
AU000396,/home/tahiti/AgentUnlearn/outputs/full_plan/raw/AU000396.json,1122905
AU000397,/home/tahiti/AgentUnlearn/outputs/full_plan/raw/AU000397.json,1056274
AU000398,/home/tahiti/AgentUnlearn/outputs/full_plan/raw/AU000398.json,594333
AU000399,/home/tahiti/AgentUnlearn/outputs/full_plan/raw/AU000399.json,941223
AU000400,/home/tahiti/AgentUnlearn/outputs/full_plan/raw/AU000400.json,962792
AU000401,/home/tahiti/AgentUnlearn/outputs/full_plan/raw/AU000401.json,1056274
AU000402,/home/tahiti/AgentUnlearn/outputs/full_plan/raw/AU000402.json,847170
AU000403,/home/tahiti/AgentUnlearn/outputs/full_plan/raw/AU000403.json,941230
AU000404,/home/tahiti/AgentUnlearn/outputs/full_plan/raw/AU000404.json,962794
AU000405,/home/tahiti/AgentUnlearn/outputs/full_plan/raw/AU000405.json,847163
AU000406,/home/tahiti/AgentUnlearn/outputs/full_plan/raw/AU000406.json,1171444
AU000407,/home/tahiti/AgentUnlearn/outputs/full_plan/raw/AU000407.json,684586
AU000408,/home/tahiti/AgentUnlearn/outputs/full_plan/raw/AU000408.json,1050195
AU000409,/home/tahiti/AgentUnlearn/outputs/full_plan/raw/AU000409.json,1053550
AU000410,/home/tahiti/AgentUnlearn/outputs/full_plan/raw/AU000410.json,1171452
AU000411,/home/tahiti/AgentUnlearn/outputs/full_plan/raw/AU000411.json,931948
AU000412,/home/tahiti/AgentUnlearn/outputs/full_plan/raw/AU000412.json,1050190
AU000413,/home/tahiti/AgentUnlearn/outputs/full_plan/raw/AU000413.json,1053557
AU000414,/home/tahiti/AgentUnlearn/outputs/full_plan/raw/AU000414.json,931935
AU000415,/home/tahiti/AgentUnlearn/outputs/full_plan/raw/AU000415.json,1192116
AU000416,/home/tahiti/AgentUnlearn/outputs/full_plan/raw/AU000416.json,704319
AU000417,/home/tahiti/AgentUnlearn/outputs/full_plan/raw/AU000417.json,1070002
AU000418,/home/tahiti/AgentUnlearn/outputs/full_plan/raw/AU000418.json,1072766
AU000419,/home/tahiti/AgentUnlearn/outputs/full_plan/raw/AU000419.json,1193908
AU000420,/home/tahiti/AgentUnlearn/outputs/full_plan/raw/AU000420.json,951800
AU000421,/home/tahiti/AgentUnlearn/outputs/full_plan/raw/AU000421.json,1071644
AU000422,/home/tahiti/AgentUnlearn/outputs/full_plan/raw/AU000422.json,1074758
AU000423,/home/tahiti/AgentUnlearn/outputs/full_plan/raw/AU000423.json,954784
AU000424,/home/tahiti/AgentUnlearn/outputs/full_plan/raw/AU000424.json,3644072
AU000425,/home/tahiti/AgentUnlearn/outputs/full_plan/raw/AU000425.json,2177459
AU000426,/home/tahiti/AgentUnlearn/outputs/full_plan/raw/AU000426.json,3279194
AU000427,/home/tahiti/AgentUnlearn/outputs/full_plan/raw/AU000427.json,3295422
AU000428,/home/tahiti/AgentUnlearn/outputs/full_plan/raw/AU000428.json,3665725
AU000429,/home/tahiti/AgentUnlearn/outputs/full_plan/raw/AU000429.json,2932873
AU000430,/home/tahiti/AgentUnlearn/outputs/full_plan/raw/AU000430.json,3295236
AU000431,/home/tahiti/AgentUnlearn/outputs/full_plan/raw/AU000431.json,3318912
AU000432,/home/tahiti/AgentUnlearn/outputs/full_plan/raw/AU000432.json,2951571
AU000433,/home/tahiti/AgentUnlearn/outputs/full_plan/raw/AU000433.json,1494503
AU000434,/home/tahiti/AgentUnlearn/outputs/full_plan/raw/AU000434.json,886846
AU000435,/home/tahiti/AgentUnlearn/outputs/full_plan/raw/AU000435.json,1374321
AU000436,/home/tahiti/AgentUnlearn/outputs/full_plan/raw/AU000436.json,1376455
AU000437,/home/tahiti/AgentUnlearn/outputs/full_plan/raw/AU000437.json,1495296
AU000438,/home/tahiti/AgentUnlearn/outputs/full_plan/raw/AU000438.json,1254293
AU000439,/home/tahiti/AgentUnlearn/outputs/full_plan/raw/AU000439.json,1375830
AU000440,/home/tahiti/AgentUnlearn/outputs/full_plan/raw/AU000440.json,1378157
AU000441,/home/tahiti/AgentUnlearn/outputs/full_plan/raw/AU000441.json,1256113
AU000442,/home/tahiti/AgentUnlearn/outputs/full_plan/raw/AU000442.json,1185176
AU000443,/home/tahiti/AgentUnlearn/outputs/full_plan/raw/AU000443.json,697345
AU000444,/home/tahiti/AgentUnlearn/outputs/full_plan/raw/AU000444.json,1063507
AU000445,/home/tahiti/AgentUnlearn/outputs/full_plan/raw/AU000445.json,1067470
AU000446,/home/tahiti/AgentUnlearn/outputs/full_plan/raw/AU000446.json,1185187
AU000447,/home/tahiti/AgentUnlearn/outputs/full_plan/raw/AU000447.json,946585
AU000448,/home/tahiti/AgentUnlearn/outputs/full_plan/raw/AU000448.json,1063517
AU000449,/home/tahiti/AgentUnlearn/outputs/full_plan/raw/AU000449.json,1067481
AU000450,/home/tahiti/AgentUnlearn/outputs/full_plan/raw/AU000450.json,946582
AU000451,/home/tahiti/AgentUnlearn/outputs/full_plan/raw/AU000451.json,928656
AU000452,/home/tahiti/AgentUnlearn/outputs/full_plan/raw/AU000452.json,569166
AU000453,/home/tahiti/AgentUnlearn/outputs/full_plan/raw/AU000453.json,839025
AU000454,/home/tahiti/AgentUnlearn/outputs/full_plan/raw/AU000454.json,835755
AU000455,/home/tahiti/AgentUnlearn/outputs/full_plan/raw/AU000455.json,928664
AU000456,/home/tahiti/AgentUnlearn/outputs/full_plan/raw/AU000456.json,744222
AU000457,/home/tahiti/AgentUnlearn/outputs/full_plan/raw/AU000457.json,839027
AU000458,/home/tahiti/AgentUnlearn/outputs/full_plan/raw/AU000458.json,835772
AU000459,/home/tahiti/AgentUnlearn/outputs/full_plan/raw/AU000459.json,744214
AU000460,/home/tahiti/AgentUnlearn/outputs/full_plan/raw/AU000460.json,946916
AU000461,/home/tahiti/AgentUnlearn/outputs/full_plan/raw/AU000461.json,588905
AU000462,/home/tahiti/AgentUnlearn/outputs/full_plan/raw/AU000462.json,857839
AU000463,/home/tahiti/AgentUnlearn/outputs/full_plan/raw/AU000463.json,850996
AU000464,/home/tahiti/AgentUnlearn/outputs/full_plan/raw/AU000464.json,947204
AU000465,/home/tahiti/AgentUnlearn/outputs/full_plan/raw/AU000465.json,761085
AU000466,/home/tahiti/AgentUnlearn/outputs/full_plan/raw/AU000466.json,858193
AU000467,/home/tahiti/AgentUnlearn/outputs/full_plan/raw/AU000467.json,851553
AU000468,/home/tahiti/AgentUnlearn/outputs/full_plan/raw/AU000468.json,761406
AU000469,/home/tahiti/AgentUnlearn/outputs/full_plan/raw/AU000469.json,2904472
AU000470,/home/tahiti/AgentUnlearn/outputs/full_plan/raw/AU000470.json,1823794
AU000471,/home/tahiti/AgentUnlearn/outputs/full_plan/raw/AU000471.json,2629579
AU000472,/home/tahiti/AgentUnlearn/outputs/full_plan/raw/AU000472.json,2612724
AU000473,/home/tahiti/AgentUnlearn/outputs/full_plan/raw/AU000473.json,2905812
AU000474,/home/tahiti/AgentUnlearn/outputs/full_plan/raw/AU000474.json,2374876
AU000475,/home/tahiti/AgentUnlearn/outputs/full_plan/raw/AU000475.json,2632608
AU000476,/home/tahiti/AgentUnlearn/outputs/full_plan/raw/AU000476.json,2615279
AU000477,/home/tahiti/AgentUnlearn/outputs/full_plan/raw/AU000477.json,2379393
AU000478,/home/tahiti/AgentUnlearn/outputs/full_plan/raw/AU000478.json,1189893
AU000479,/home/tahiti/AgentUnlearn/outputs/full_plan/raw/AU000479.json,743192
AU000480,/home/tahiti/AgentUnlearn/outputs/full_plan/raw/AU000480.json,1100324
AU000481,/home/tahiti/AgentUnlearn/outputs/full_plan/raw/AU000481.json,1093964
AU000482,/home/tahiti/AgentUnlearn/outputs/full_plan/raw/AU000482.json,1189895
AU000483,/home/tahiti/AgentUnlearn/outputs/full_plan/raw/AU000483.json,1004595
AU000484,/home/tahiti/AgentUnlearn/outputs/full_plan/raw/AU000484.json,1100322
AU000485,/home/tahiti/AgentUnlearn/outputs/full_plan/raw/AU000485.json,1093966
AU000486,/home/tahiti/AgentUnlearn/outputs/full_plan/raw/AU000486.json,1004584
AU000487,/home/tahiti/AgentUnlearn/outputs/full_plan/raw/AU000487.json,947236
AU000488,/home/tahiti/AgentUnlearn/outputs/full_plan/raw/AU000488.json,582564
AU000489,/home/tahiti/AgentUnlearn/outputs/full_plan/raw/AU000489.json,856250
AU000490,/home/tahiti/AgentUnlearn/outputs/full_plan/raw/AU000490.json,849713
AU000491,/home/tahiti/AgentUnlearn/outputs/full_plan/raw/AU000491.json,947237
AU000492,/home/tahiti/AgentUnlearn/outputs/full_plan/raw/AU000492.json,766750
AU000493,/home/tahiti/AgentUnlearn/outputs/full_plan/raw/AU000493.json,856258
AU000494,/home/tahiti/AgentUnlearn/outputs/full_plan/raw/AU000494.json,849718
AU000495,/home/tahiti/AgentUnlearn/outputs/full_plan/raw/AU000495.json,766735
AU000496,/home/tahiti/AgentUnlearn/outputs/full_plan/raw/AU000496.json,994405
AU000497,/home/tahiti/AgentUnlearn/outputs/full_plan/raw/AU000497.json,567228
AU000498,/home/tahiti/AgentUnlearn/outputs/full_plan/raw/AU000498.json,887805
AU000499,/home/tahiti/AgentUnlearn/outputs/full_plan/raw/AU000499.json,898117
AU000500,/home/tahiti/AgentUnlearn/outputs/full_plan/raw/AU000500.json,994419
AU000501,/home/tahiti/AgentUnlearn/outputs/full_plan/raw/AU000501.json,794974
AU000502,/home/tahiti/AgentUnlearn/outputs/full_plan/raw/AU000502.json,887805
AU000503,/home/tahiti/AgentUnlearn/outputs/full_plan/raw/AU000503.json,898117
AU000504,/home/tahiti/AgentUnlearn/outputs/full_plan/raw/AU000504.json,794972
AU000505,/home/tahiti/AgentUnlearn/outputs/full_plan/raw/AU000505.json,1014199
AU000506,/home/tahiti/AgentUnlearn/outputs/full_plan/raw/AU000506.json,585114
AU000507,/home/tahiti/AgentUnlearn/outputs/full_plan/raw/AU000507.json,906476
AU000508,/home/tahiti/AgentUnlearn/outputs/full_plan/raw/AU000508.json,916784
AU000509,/home/tahiti/AgentUnlearn/outputs/full_plan/raw/AU000509.json,1015677
AU000510,/home/tahiti/AgentUnlearn/outputs/full_plan/raw/AU000510.json,811351
AU000511,/home/tahiti/AgentUnlearn/outputs/full_plan/raw/AU000511.json,908948
AU000512,/home/tahiti/AgentUnlearn/outputs/full_plan/raw/AU000512.json,919988
AU000513,/home/tahiti/AgentUnlearn/outputs/full_plan/raw/AU000513.json,820123
AU000514,/home/tahiti/AgentUnlearn/outputs/full_plan/raw/AU000514.json,3120039
AU000515,/home/tahiti/AgentUnlearn/outputs/full_plan/raw/AU000515.json,1850486
AU000516,/home/tahiti/AgentUnlearn/outputs/full_plan/raw/AU000516.json,2836026
AU000517,/home/tahiti/AgentUnlearn/outputs/full_plan/raw/AU000517.json,2827999
AU000518,/home/tahiti/AgentUnlearn/outputs/full_plan/raw/AU000518.json,3134114
AU000519,/home/tahiti/AgentUnlearn/outputs/full_plan/raw/AU000519.json,2523282
AU000520,/home/tahiti/AgentUnlearn/outputs/full_plan/raw/AU000520.json,2841583
AU000521,/home/tahiti/AgentUnlearn/outputs/full_plan/raw/AU000521.json,2846426
AU000522,/home/tahiti/AgentUnlearn/outputs/full_plan/raw/AU000522.json,2546791
AU000523,/home/tahiti/AgentUnlearn/outputs/full_plan/raw/AU000523.json,1266963
AU000524,/home/tahiti/AgentUnlearn/outputs/full_plan/raw/AU000524.json,731371
AU000525,/home/tahiti/AgentUnlearn/outputs/full_plan/raw/AU000525.json,1160953
AU000526,/home/tahiti/AgentUnlearn/outputs/full_plan/raw/AU000526.json,1169915
AU000527,/home/tahiti/AgentUnlearn/outputs/full_plan/raw/AU000527.json,1269401
AU000528,/home/tahiti/AgentUnlearn/outputs/full_plan/raw/AU000528.json,1069575
AU000529,/home/tahiti/AgentUnlearn/outputs/full_plan/raw/AU000529.json,1163445
AU000530,/home/tahiti/AgentUnlearn/outputs/full_plan/raw/AU000530.json,1173514
AU000531,/home/tahiti/AgentUnlearn/outputs/full_plan/raw/AU000531.json,1070853
AU000532,/home/tahiti/AgentUnlearn/outputs/full_plan/raw/AU000532.json,1008592
AU000533,/home/tahiti/AgentUnlearn/outputs/full_plan/raw/AU000533.json,580604
AU000534,/home/tahiti/AgentUnlearn/outputs/full_plan/raw/AU000534.json,901902
AU000535,/home/tahiti/AgentUnlearn/outputs/full_plan/raw/AU000535.json,911544
AU000536,/home/tahiti/AgentUnlearn/outputs/full_plan/raw/AU000536.json,1008605
AU000537,/home/tahiti/AgentUnlearn/outputs/full_plan/raw/AU000537.json,809909
AU000538,/home/tahiti/AgentUnlearn/outputs/full_plan/raw/AU000538.json,901905
AU000539,/home/tahiti/AgentUnlearn/outputs/full_plan/raw/AU000539.json,911543
AU000540,/home/tahiti/AgentUnlearn/outputs/full_plan/raw/AU000540.json,809906
AU000541,/home/tahiti/AgentUnlearn/outputs/full_plan/raw/AU000541.json,881290
AU000542,/home/tahiti/AgentUnlearn/outputs/full_plan/raw/AU000542.json,554362
AU000543,/home/tahiti/AgentUnlearn/outputs/full_plan/raw/AU000543.json,798932
AU000544,/home/tahiti/AgentUnlearn/outputs/full_plan/raw/AU000544.json,791757
AU000545,/home/tahiti/AgentUnlearn/outputs/full_plan/raw/AU000545.json,881292
AU000546,/home/tahiti/AgentUnlearn/outputs/full_plan/raw/AU000546.json,709617
AU000547,/home/tahiti/AgentUnlearn/outputs/full_plan/raw/AU000547.json,798930
AU000548,/home/tahiti/AgentUnlearn/outputs/full_plan/raw/AU000548.json,791764
AU000549,/home/tahiti/AgentUnlearn/outputs/full_plan/raw/AU000549.json,709612
AU000550,/home/tahiti/AgentUnlearn/outputs/full_plan/raw/AU000550.json,905271
AU000551,/home/tahiti/AgentUnlearn/outputs/full_plan/raw/AU000551.json,577881
AU000552,/home/tahiti/AgentUnlearn/outputs/full_plan/raw/AU000552.json,822413
AU000553,/home/tahiti/AgentUnlearn/outputs/full_plan/raw/AU000553.json,815077
AU000554,/home/tahiti/AgentUnlearn/outputs/full_plan/raw/AU000554.json,907174
AU000555,/home/tahiti/AgentUnlearn/outputs/full_plan/raw/AU000555.json,733291
AU000556,/home/tahiti/AgentUnlearn/outputs/full_plan/raw/AU000556.json,826377
AU000557,/home/tahiti/AgentUnlearn/outputs/full_plan/raw/AU000557.json,818405
AU000558,/home/tahiti/AgentUnlearn/outputs/full_plan/raw/AU000558.json,736730
AU000559,/home/tahiti/AgentUnlearn/outputs/full_plan/raw/AU000559.json,2765515
AU000560,/home/tahiti/AgentUnlearn/outputs/full_plan/raw/AU000560.json,1786697
AU000561,/home/tahiti/AgentUnlearn/outputs/full_plan/raw/AU000561.json,2576261
AU000562,/home/tahiti/AgentUnlearn/outputs/full_plan/raw/AU000562.json,2503984
AU000563,/home/tahiti/AgentUnlearn/outputs/full_plan/raw/AU000563.json,2791614
AU000564,/home/tahiti/AgentUnlearn/outputs/full_plan/raw/AU000564.json,2282728
AU000565,/home/tahiti/AgentUnlearn/outputs/full_plan/raw/AU000565.json,2595941
AU000566,/home/tahiti/AgentUnlearn/outputs/full_plan/raw/AU000566.json,2516079
AU000567,/home/tahiti/AgentUnlearn/outputs/full_plan/raw/AU000567.json,2306657
AU000568,/home/tahiti/AgentUnlearn/outputs/full_plan/raw/AU000568.json,1133755
AU000569,/home/tahiti/AgentUnlearn/outputs/full_plan/raw/AU000569.json,715305
AU000570,/home/tahiti/AgentUnlearn/outputs/full_plan/raw/AU000570.json,1057978
AU000571,/home/tahiti/AgentUnlearn/outputs/full_plan/raw/AU000571.json,1051460
AU000572,/home/tahiti/AgentUnlearn/outputs/full_plan/raw/AU000572.json,1139247
AU000573,/home/tahiti/AgentUnlearn/outputs/full_plan/raw/AU000573.json,968850
AU000574,/home/tahiti/AgentUnlearn/outputs/full_plan/raw/AU000574.json,1055507
AU000575,/home/tahiti/AgentUnlearn/outputs/full_plan/raw/AU000575.json,1048711
AU000576,/home/tahiti/AgentUnlearn/outputs/full_plan/raw/AU000576.json,964363
AU000577,/home/tahiti/AgentUnlearn/outputs/full_plan/raw/AU000577.json,898205
AU000578,/home/tahiti/AgentUnlearn/outputs/full_plan/raw/AU000578.json,567484
AU000579,/home/tahiti/AgentUnlearn/outputs/full_plan/raw/AU000579.json,814868
AU000580,/home/tahiti/AgentUnlearn/outputs/full_plan/raw/AU000580.json,807128
AU000581,/home/tahiti/AgentUnlearn/outputs/full_plan/raw/AU000581.json,898211
AU000582,/home/tahiti/AgentUnlearn/outputs/full_plan/raw/AU000582.json,725179
AU000583,/home/tahiti/AgentUnlearn/outputs/full_plan/raw/AU000583.json,814869
AU000584,/home/tahiti/AgentUnlearn/outputs/full_plan/raw/AU000584.json,807141
AU000585,/home/tahiti/AgentUnlearn/outputs/full_plan/raw/AU000585.json,725168
AU000586,/home/tahiti/AgentUnlearn/outputs/full_plan/raw/AU000586.json,924779
AU000587,/home/tahiti/AgentUnlearn/outputs/full_plan/raw/AU000587.json,498484
AU000588,/home/tahiti/AgentUnlearn/outputs/full_plan/raw/AU000588.json,818180
AU000589,/home/tahiti/AgentUnlearn/outputs/full_plan/raw/AU000589.json,840073
AU000590,/home/tahiti/AgentUnlearn/outputs/full_plan/raw/AU000590.json,924786
AU000591,/home/tahiti/AgentUnlearn/outputs/full_plan/raw/AU000591.json,733908
AU000592,/home/tahiti/AgentUnlearn/outputs/full_plan/raw/AU000592.json,818187
AU000593,/home/tahiti/AgentUnlearn/outputs/full_plan/raw/AU000593.json,840079
AU000594,/home/tahiti/AgentUnlearn/outputs/full_plan/raw/AU000594.json,733890
AU000595,/home/tahiti/AgentUnlearn/outputs/full_plan/raw/AU000595.json,943679
AU000596,/home/tahiti/AgentUnlearn/outputs/full_plan/raw/AU000596.json,519549
AU000597,/home/tahiti/AgentUnlearn/outputs/full_plan/raw/AU000597.json,839163
AU000598,/home/tahiti/AgentUnlearn/outputs/full_plan/raw/AU000598.json,859259
AU000599,/home/tahiti/AgentUnlearn/outputs/full_plan/raw/AU000599.json,943596
AU000600,/home/tahiti/AgentUnlearn/outputs/full_plan/raw/AU000600.json,754792
AU000601,/home/tahiti/AgentUnlearn/outputs/full_plan/raw/AU000601.json,839072
AU000602,/home/tahiti/AgentUnlearn/outputs/full_plan/raw/AU000602.json,859161
AU000603,/home/tahiti/AgentUnlearn/outputs/full_plan/raw/AU000603.json,755378
AU000604,/home/tahiti/AgentUnlearn/outputs/full_plan/raw/AU000604.json,2867625
AU000605,/home/tahiti/AgentUnlearn/outputs/full_plan/raw/AU000605.json,1636769
AU000606,/home/tahiti/AgentUnlearn/outputs/full_plan/raw/AU000606.json,2598170
AU000607,/home/tahiti/AgentUnlearn/outputs/full_plan/raw/AU000607.json,2614100
AU000608,/home/tahiti/AgentUnlearn/outputs/full_plan/raw/AU000608.json,2881316
AU000609,/home/tahiti/AgentUnlearn/outputs/full_plan/raw/AU000609.json,2331830
AU000610,/home/tahiti/AgentUnlearn/outputs/full_plan/raw/AU000610.json,2612922
AU000611,/home/tahiti/AgentUnlearn/outputs/full_plan/raw/AU000611.json,2635718
AU000612,/home/tahiti/AgentUnlearn/outputs/full_plan/raw/AU000612.json,2341225
AU000613,/home/tahiti/AgentUnlearn/outputs/full_plan/raw/AU000613.json,1177323
AU000614,/home/tahiti/AgentUnlearn/outputs/full_plan/raw/AU000614.json,650520
AU000615,/home/tahiti/AgentUnlearn/outputs/full_plan/raw/AU000615.json,1070372
AU000616,/home/tahiti/AgentUnlearn/outputs/full_plan/raw/AU000616.json,1093784
AU000617,/home/tahiti/AgentUnlearn/outputs/full_plan/raw/AU000617.json,1178039
AU000618,/home/tahiti/AgentUnlearn/outputs/full_plan/raw/AU000618.json,987111
AU000619,/home/tahiti/AgentUnlearn/outputs/full_plan/raw/AU000619.json,1072823
AU000620,/home/tahiti/AgentUnlearn/outputs/full_plan/raw/AU000620.json,1094481
AU000621,/home/tahiti/AgentUnlearn/outputs/full_plan/raw/AU000621.json,991325
AU000622,/home/tahiti/AgentUnlearn/outputs/full_plan/raw/AU000622.json,935424
AU000623,/home/tahiti/AgentUnlearn/outputs/full_plan/raw/AU000623.json,509214
AU000624,/home/tahiti/AgentUnlearn/outputs/full_plan/raw/AU000624.json,830353
AU000625,/home/tahiti/AgentUnlearn/outputs/full_plan/raw/AU000625.json,851025
AU000626,/home/tahiti/AgentUnlearn/outputs/full_plan/raw/AU000626.json,935428
AU000627,/home/tahiti/AgentUnlearn/outputs/full_plan/raw/AU000627.json,748203
AU000628,/home/tahiti/AgentUnlearn/outputs/full_plan/raw/AU000628.json,830365
AU000629,/home/tahiti/AgentUnlearn/outputs/full_plan/raw/AU000629.json,851032
AU000630,/home/tahiti/AgentUnlearn/outputs/full_plan/raw/AU000630.json,748193
AU000631,/home/tahiti/AgentUnlearn/outputs/full_plan/raw/AU000631.json,971843
AU000632,/home/tahiti/AgentUnlearn/outputs/full_plan/raw/AU000632.json,561379
AU000633,/home/tahiti/AgentUnlearn/outputs/full_plan/raw/AU000633.json,870525
AU000634,/home/tahiti/AgentUnlearn/outputs/full_plan/raw/AU000634.json,875393
AU000635,/home/tahiti/AgentUnlearn/outputs/full_plan/raw/AU000635.json,971857
AU000636,/home/tahiti/AgentUnlearn/outputs/full_plan/raw/AU000636.json,773079
AU000637,/home/tahiti/AgentUnlearn/outputs/full_plan/raw/AU000637.json,870535
AU000638,/home/tahiti/AgentUnlearn/outputs/full_plan/raw/AU000638.json,875399
AU000639,/home/tahiti/AgentUnlearn/outputs/full_plan/raw/AU000639.json,773074
AU000640,/home/tahiti/AgentUnlearn/outputs/full_plan/raw/AU000640.json,998902
AU000641,/home/tahiti/AgentUnlearn/outputs/full_plan/raw/AU000641.json,591356
AU000642,/home/tahiti/AgentUnlearn/outputs/full_plan/raw/AU000642.json,894798
AU000643,/home/tahiti/AgentUnlearn/outputs/full_plan/raw/AU000643.json,902979
AU000644,/home/tahiti/AgentUnlearn/outputs/full_plan/raw/AU000644.json,1000297
AU000645,/home/tahiti/AgentUnlearn/outputs/full_plan/raw/AU000645.json,798446
AU000646,/home/tahiti/AgentUnlearn/outputs/full_plan/raw/AU000646.json,896507
AU000647,/home/tahiti/AgentUnlearn/outputs/full_plan/raw/AU000647.json,904791
AU000648,/home/tahiti/AgentUnlearn/outputs/full_plan/raw/AU000648.json,800345
AU000649,/home/tahiti/AgentUnlearn/outputs/full_plan/raw/AU000649.json,3009046
AU000650,/home/tahiti/AgentUnlearn/outputs/full_plan/raw/AU000650.json,1859388
AU000651,/home/tahiti/AgentUnlearn/outputs/full_plan/raw/AU000651.json,2730743
AU000652,/home/tahiti/AgentUnlearn/outputs/full_plan/raw/AU000652.json,2728086
AU000653,/home/tahiti/AgentUnlearn/outputs/full_plan/raw/AU000653.json,3030947
AU000654,/home/tahiti/AgentUnlearn/outputs/full_plan/raw/AU000654.json,2420913
AU000655,/home/tahiti/AgentUnlearn/outputs/full_plan/raw/AU000655.json,2754713
AU000656,/home/tahiti/AgentUnlearn/outputs/full_plan/raw/AU000656.json,2743346
AU000657,/home/tahiti/AgentUnlearn/outputs/full_plan/raw/AU000657.json,2441013
AU000658,/home/tahiti/AgentUnlearn/outputs/full_plan/raw/AU000658.json,1242686
AU000659,/home/tahiti/AgentUnlearn/outputs/full_plan/raw/AU000659.json,744823
AU000660,/home/tahiti/AgentUnlearn/outputs/full_plan/raw/AU000660.json,1136937
AU000661,/home/tahiti/AgentUnlearn/outputs/full_plan/raw/AU000661.json,1148203
AU000662,/home/tahiti/AgentUnlearn/outputs/full_plan/raw/AU000662.json,1245398
AU000663,/home/tahiti/AgentUnlearn/outputs/full_plan/raw/AU000663.json,1044004
AU000664,/home/tahiti/AgentUnlearn/outputs/full_plan/raw/AU000664.json,1141189
AU000665,/home/tahiti/AgentUnlearn/outputs/full_plan/raw/AU000665.json,1149823
AU000666,/home/tahiti/AgentUnlearn/outputs/full_plan/raw/AU000666.json,1045321
AU000667,/home/tahiti/AgentUnlearn/outputs/full_plan/raw/AU000667.json,987581
AU000668,/home/tahiti/AgentUnlearn/outputs/full_plan/raw/AU000668.json,577457
AU000669,/home/tahiti/AgentUnlearn/outputs/full_plan/raw/AU000669.json,885722
AU000670,/home/tahiti/AgentUnlearn/outputs/full_plan/raw/AU000670.json,890416
AU000671,/home/tahiti/AgentUnlearn/outputs/full_plan/raw/AU000671.json,987592
AU000672,/home/tahiti/AgentUnlearn/outputs/full_plan/raw/AU000672.json,789530
AU000673,/home/tahiti/AgentUnlearn/outputs/full_plan/raw/AU000673.json,885729
AU000674,/home/tahiti/AgentUnlearn/outputs/full_plan/raw/AU000674.json,890437
AU000675,/home/tahiti/AgentUnlearn/outputs/full_plan/raw/AU000675.json,789531
AU000676,/home/tahiti/AgentUnlearn/outputs/full_plan/raw/AU000676.json,392667
AU000677,/home/tahiti/AgentUnlearn/outputs/full_plan/raw/AU000677.json,319337
AU000678,/home/tahiti/AgentUnlearn/outputs/full_plan/raw/AU000678.json,374462
AU000679,/home/tahiti/AgentUnlearn/outputs/full_plan/raw/AU000679.json,376448
AU000680,/home/tahiti/AgentUnlearn/outputs/full_plan/raw/AU000680.json,392673
AU000681,/home/tahiti/AgentUnlearn/outputs/full_plan/raw/AU000681.json,357515
AU000682,/home/tahiti/AgentUnlearn/outputs/full_plan/raw/AU000682.json,374468
AU000683,/home/tahiti/AgentUnlearn/outputs/full_plan/raw/AU000683.json,376462
AU000684,/home/tahiti/AgentUnlearn/outputs/full_plan/raw/AU000684.json,357497
AU000685,/home/tahiti/AgentUnlearn/outputs/full_plan/raw/AU000685.json,452805
AU000686,/home/tahiti/AgentUnlearn/outputs/full_plan/raw/AU000686.json,371698
AU000687,/home/tahiti/AgentUnlearn/outputs/full_plan/raw/AU000687.json,436084
AU000688,/home/tahiti/AgentUnlearn/outputs/full_plan/raw/AU000688.json,437583
AU000689,/home/tahiti/AgentUnlearn/outputs/full_plan/raw/AU000689.json,454947
AU000690,/home/tahiti/AgentUnlearn/outputs/full_plan/raw/AU000690.json,419886
AU000691,/home/tahiti/AgentUnlearn/outputs/full_plan/raw/AU000691.json,437552
AU000692,/home/tahiti/AgentUnlearn/outputs/full_plan/raw/AU000692.json,441656
AU000693,/home/tahiti/AgentUnlearn/outputs/full_plan/raw/AU000693.json,417033
AU000694,/home/tahiti/AgentUnlearn/outputs/full_plan/raw/AU000694.json,1356270
AU000695,/home/tahiti/AgentUnlearn/outputs/full_plan/raw/AU000695.json,1154249
AU000696,/home/tahiti/AgentUnlearn/outputs/full_plan/raw/AU000696.json,1324467
AU000697,/home/tahiti/AgentUnlearn/outputs/full_plan/raw/AU000697.json,1311090
AU000698,/home/tahiti/AgentUnlearn/outputs/full_plan/raw/AU000698.json,1371379
AU000699,/home/tahiti/AgentUnlearn/outputs/full_plan/raw/AU000699.json,1262943
AU000700,/home/tahiti/AgentUnlearn/outputs/full_plan/raw/AU000700.json,1338789
AU000701,/home/tahiti/AgentUnlearn/outputs/full_plan/raw/AU000701.json,1318992
AU000702,/home/tahiti/AgentUnlearn/outputs/full_plan/raw/AU000702.json,1264160
AU000703,/home/tahiti/AgentUnlearn/outputs/full_plan/raw/AU000703.json,615930
AU000704,/home/tahiti/AgentUnlearn/outputs/full_plan/raw/AU000704.json,515462
AU000705,/home/tahiti/AgentUnlearn/outputs/full_plan/raw/AU000705.json,599707
AU000706,/home/tahiti/AgentUnlearn/outputs/full_plan/raw/AU000706.json,603653
AU000707,/home/tahiti/AgentUnlearn/outputs/full_plan/raw/AU000707.json,612014
AU000708,/home/tahiti/AgentUnlearn/outputs/full_plan/raw/AU000708.json,584269
AU000709,/home/tahiti/AgentUnlearn/outputs/full_plan/raw/AU000709.json,598733
AU000710,/home/tahiti/AgentUnlearn/outputs/full_plan/raw/AU000710.json,604855
AU000711,/home/tahiti/AgentUnlearn/outputs/full_plan/raw/AU000711.json,581440
AU000712,/home/tahiti/AgentUnlearn/outputs/full_plan/raw/AU000712.json,421548
AU000713,/home/tahiti/AgentUnlearn/outputs/full_plan/raw/AU000713.json,349114
AU000714,/home/tahiti/AgentUnlearn/outputs/full_plan/raw/AU000714.json,403672
AU000715,/home/tahiti/AgentUnlearn/outputs/full_plan/raw/AU000715.json,405389
AU000716,/home/tahiti/AgentUnlearn/outputs/full_plan/raw/AU000716.json,421564
AU000717,/home/tahiti/AgentUnlearn/outputs/full_plan/raw/AU000717.json,386258
AU000718,/home/tahiti/AgentUnlearn/outputs/full_plan/raw/AU000718.json,403681
AU000719,/home/tahiti/AgentUnlearn/outputs/full_plan/raw/AU000719.json,405399
AU000720,/home/tahiti/AgentUnlearn/outputs/full_plan/raw/AU000720.json,386250
AU000721,/home/tahiti/AgentUnlearn/outputs/full_plan/raw/AU000721.json,387995
AU000722,/home/tahiti/AgentUnlearn/outputs/full_plan/raw/AU000722.json,323765
AU000723,/home/tahiti/AgentUnlearn/outputs/full_plan/raw/AU000723.json,371897
AU000724,/home/tahiti/AgentUnlearn/outputs/full_plan/raw/AU000724.json,369199
AU000725,/home/tahiti/AgentUnlearn/outputs/full_plan/raw/AU000725.json,387998
AU000726,/home/tahiti/AgentUnlearn/outputs/full_plan/raw/AU000726.json,354023
AU000727,/home/tahiti/AgentUnlearn/outputs/full_plan/raw/AU000727.json,371904
AU000728,/home/tahiti/AgentUnlearn/outputs/full_plan/raw/AU000728.json,369203
AU000729,/home/tahiti/AgentUnlearn/outputs/full_plan/raw/AU000729.json,354022
AU000730,/home/tahiti/AgentUnlearn/outputs/full_plan/raw/AU000730.json,433839
AU000731,/home/tahiti/AgentUnlearn/outputs/full_plan/raw/AU000731.json,376588
AU000732,/home/tahiti/AgentUnlearn/outputs/full_plan/raw/AU000732.json,423476
AU000733,/home/tahiti/AgentUnlearn/outputs/full_plan/raw/AU000733.json,414377
AU000734,/home/tahiti/AgentUnlearn/outputs/full_plan/raw/AU000734.json,434928
AU000735,/home/tahiti/AgentUnlearn/outputs/full_plan/raw/AU000735.json,400693
AU000736,/home/tahiti/AgentUnlearn/outputs/full_plan/raw/AU000736.json,422758
AU000737,/home/tahiti/AgentUnlearn/outputs/full_plan/raw/AU000737.json,417548
AU000738,/home/tahiti/AgentUnlearn/outputs/full_plan/raw/AU000738.json,398322
AU000739,/home/tahiti/AgentUnlearn/outputs/full_plan/raw/AU000739.json,1342733
AU000740,/home/tahiti/AgentUnlearn/outputs/full_plan/raw/AU000740.json,1134573
AU000741,/home/tahiti/AgentUnlearn/outputs/full_plan/raw/AU000741.json,1309016
AU000742,/home/tahiti/AgentUnlearn/outputs/full_plan/raw/AU000742.json,1315944
AU000743,/home/tahiti/AgentUnlearn/outputs/full_plan/raw/AU000743.json,1345375
AU000744,/home/tahiti/AgentUnlearn/outputs/full_plan/raw/AU000744.json,1250761
AU000745,/home/tahiti/AgentUnlearn/outputs/full_plan/raw/AU000745.json,1317048
AU000746,/home/tahiti/AgentUnlearn/outputs/full_plan/raw/AU000746.json,1308161
AU000747,/home/tahiti/AgentUnlearn/outputs/full_plan/raw/AU000747.json,1261488
AU000748,/home/tahiti/AgentUnlearn/outputs/full_plan/raw/AU000748.json,583147
AU000749,/home/tahiti/AgentUnlearn/outputs/full_plan/raw/AU000749.json,520812
AU000750,/home/tahiti/AgentUnlearn/outputs/full_plan/raw/AU000750.json,570004
AU000751,/home/tahiti/AgentUnlearn/outputs/full_plan/raw/AU000751.json,569735
AU000752,/home/tahiti/AgentUnlearn/outputs/full_plan/raw/AU000752.json,577951
AU000753,/home/tahiti/AgentUnlearn/outputs/full_plan/raw/AU000753.json,548666
AU000754,/home/tahiti/AgentUnlearn/outputs/full_plan/raw/AU000754.json,568863
AU000755,/home/tahiti/AgentUnlearn/outputs/full_plan/raw/AU000755.json,579773
AU000756,/home/tahiti/AgentUnlearn/outputs/full_plan/raw/AU000756.json,554368
AU000757,/home/tahiti/AgentUnlearn/outputs/full_plan/raw/AU000757.json,408692
AU000758,/home/tahiti/AgentUnlearn/outputs/full_plan/raw/AU000758.json,351129
AU000759,/home/tahiti/AgentUnlearn/outputs/full_plan/raw/AU000759.json,396402
AU000760,/home/tahiti/AgentUnlearn/outputs/full_plan/raw/AU000760.json,391392
AU000761,/home/tahiti/AgentUnlearn/outputs/full_plan/raw/AU000761.json,408690
AU000762,/home/tahiti/AgentUnlearn/outputs/full_plan/raw/AU000762.json,376943
AU000763,/home/tahiti/AgentUnlearn/outputs/full_plan/raw/AU000763.json,396411
AU000764,/home/tahiti/AgentUnlearn/outputs/full_plan/raw/AU000764.json,391408
AU000765,/home/tahiti/AgentUnlearn/outputs/full_plan/raw/AU000765.json,376935
AU000766,/home/tahiti/AgentUnlearn/outputs/full_plan/raw/AU000766.json,364153
AU000767,/home/tahiti/AgentUnlearn/outputs/full_plan/raw/AU000767.json,296036
AU000768,/home/tahiti/AgentUnlearn/outputs/full_plan/raw/AU000768.json,346724
AU000769,/home/tahiti/AgentUnlearn/outputs/full_plan/raw/AU000769.json,347032
AU000770,/home/tahiti/AgentUnlearn/outputs/full_plan/raw/AU000770.json,364164
AU000771,/home/tahiti/AgentUnlearn/outputs/full_plan/raw/AU000771.json,330890
AU000772,/home/tahiti/AgentUnlearn/outputs/full_plan/raw/AU000772.json,346717
AU000773,/home/tahiti/AgentUnlearn/outputs/full_plan/raw/AU000773.json,347031
AU000774,/home/tahiti/AgentUnlearn/outputs/full_plan/raw/AU000774.json,330888
AU000775,/home/tahiti/AgentUnlearn/outputs/full_plan/raw/AU000775.json,422668
AU000776,/home/tahiti/AgentUnlearn/outputs/full_plan/raw/AU000776.json,353250
AU000777,/home/tahiti/AgentUnlearn/outputs/full_plan/raw/AU000777.json,404349
AU000778,/home/tahiti/AgentUnlearn/outputs/full_plan/raw/AU000778.json,403944
AU000779,/home/tahiti/AgentUnlearn/outputs/full_plan/raw/AU000779.json,421986
AU000780,/home/tahiti/AgentUnlearn/outputs/full_plan/raw/AU000780.json,387735
AU000781,/home/tahiti/AgentUnlearn/outputs/full_plan/raw/AU000781.json,404957
AU000782,/home/tahiti/AgentUnlearn/outputs/full_plan/raw/AU000782.json,404700
AU000783,/home/tahiti/AgentUnlearn/outputs/full_plan/raw/AU000783.json,388122
AU000784,/home/tahiti/AgentUnlearn/outputs/full_plan/raw/AU000784.json,1272663
AU000785,/home/tahiti/AgentUnlearn/outputs/full_plan/raw/AU000785.json,1082306
AU000786,/home/tahiti/AgentUnlearn/outputs/full_plan/raw/AU000786.json,1221711
AU000787,/home/tahiti/AgentUnlearn/outputs/full_plan/raw/AU000787.json,1227464
AU000788,/home/tahiti/AgentUnlearn/outputs/full_plan/raw/AU000788.json,1277994
AU000789,/home/tahiti/AgentUnlearn/outputs/full_plan/raw/AU000789.json,1172593
AU000790,/home/tahiti/AgentUnlearn/outputs/full_plan/raw/AU000790.json,1235742
AU000791,/home/tahiti/AgentUnlearn/outputs/full_plan/raw/AU000791.json,1229786
AU000792,/home/tahiti/AgentUnlearn/outputs/full_plan/raw/AU000792.json,1185349
AU000793,/home/tahiti/AgentUnlearn/outputs/full_plan/raw/AU000793.json,591133
AU000794,/home/tahiti/AgentUnlearn/outputs/full_plan/raw/AU000794.json,486310
AU000795,/home/tahiti/AgentUnlearn/outputs/full_plan/raw/AU000795.json,574814
AU000796,/home/tahiti/AgentUnlearn/outputs/full_plan/raw/AU000796.json,582171
AU000797,/home/tahiti/AgentUnlearn/outputs/full_plan/raw/AU000797.json,578674
AU000798,/home/tahiti/AgentUnlearn/outputs/full_plan/raw/AU000798.json,558037
AU000799,/home/tahiti/AgentUnlearn/outputs/full_plan/raw/AU000799.json,564001
AU000800,/home/tahiti/AgentUnlearn/outputs/full_plan/raw/AU000800.json,575256
AU000801,/home/tahiti/AgentUnlearn/outputs/full_plan/raw/AU000801.json,548490
AU000802,/home/tahiti/AgentUnlearn/outputs/full_plan/raw/AU000802.json,391323
AU000803,/home/tahiti/AgentUnlearn/outputs/full_plan/raw/AU000803.json,323257
AU000804,/home/tahiti/AgentUnlearn/outputs/full_plan/raw/AU000804.json,374291
AU000805,/home/tahiti/AgentUnlearn/outputs/full_plan/raw/AU000805.json,373958
AU000806,/home/tahiti/AgentUnlearn/outputs/full_plan/raw/AU000806.json,391340
AU000807,/home/tahiti/AgentUnlearn/outputs/full_plan/raw/AU000807.json,358541
AU000808,/home/tahiti/AgentUnlearn/outputs/full_plan/raw/AU000808.json,374291
AU000809,/home/tahiti/AgentUnlearn/outputs/full_plan/raw/AU000809.json,373982
AU000810,/home/tahiti/AgentUnlearn/outputs/full_plan/raw/AU000810.json,358531
AU000811,/home/tahiti/AgentUnlearn/outputs/full_plan/raw/AU000811.json,1907027
AU000812,/home/tahiti/AgentUnlearn/outputs/full_plan/raw/AU000812.json,1493163
AU000813,/home/tahiti/AgentUnlearn/outputs/full_plan/raw/AU000813.json,1804164
AU000814,/home/tahiti/AgentUnlearn/outputs/full_plan/raw/AU000814.json,1801831
AU000815,/home/tahiti/AgentUnlearn/outputs/full_plan/raw/AU000815.json,1907039
AU000816,/home/tahiti/AgentUnlearn/outputs/full_plan/raw/AU000816.json,1699526
AU000817,/home/tahiti/AgentUnlearn/outputs/full_plan/raw/AU000817.json,1804163
AU000818,/home/tahiti/AgentUnlearn/outputs/full_plan/raw/AU000818.json,1801843
AU000819,/home/tahiti/AgentUnlearn/outputs/full_plan/raw/AU000819.json,1699512
AU000820,/home/tahiti/AgentUnlearn/outputs/full_plan/raw/AU000820.json,1922887
AU000821,/home/tahiti/AgentUnlearn/outputs/full_plan/raw/AU000821.json,1516493
AU000822,/home/tahiti/AgentUnlearn/outputs/full_plan/raw/AU000822.json,1818842
AU000823,/home/tahiti/AgentUnlearn/outputs/full_plan/raw/AU000823.json,1817676
AU000824,/home/tahiti/AgentUnlearn/outputs/full_plan/raw/AU000824.json,1923446
AU000825,/home/tahiti/AgentUnlearn/outputs/full_plan/raw/AU000825.json,1713639
AU000826,/home/tahiti/AgentUnlearn/outputs/full_plan/raw/AU000826.json,1819491
AU000827,/home/tahiti/AgentUnlearn/outputs/full_plan/raw/AU000827.json,1818231
AU000828,/home/tahiti/AgentUnlearn/outputs/full_plan/raw/AU000828.json,1714275
AU000829,/home/tahiti/AgentUnlearn/outputs/full_plan/raw/AU000829.json,5793250
AU000830,/home/tahiti/AgentUnlearn/outputs/full_plan/raw/AU000830.json,4579299
AU000831,/home/tahiti/AgentUnlearn/outputs/full_plan/raw/AU000831.json,5491009
AU000832,/home/tahiti/AgentUnlearn/outputs/full_plan/raw/AU000832.json,5482520
AU000833,/home/tahiti/AgentUnlearn/outputs/full_plan/raw/AU000833.json,5796375
AU000834,/home/tahiti/AgentUnlearn/outputs/full_plan/raw/AU000834.json,5175259
AU000835,/home/tahiti/AgentUnlearn/outputs/full_plan/raw/AU000835.json,5495524
AU000836,/home/tahiti/AgentUnlearn/outputs/full_plan/raw/AU000836.json,5485858
AU000837,/home/tahiti/AgentUnlearn/outputs/full_plan/raw/AU000837.json,5183489
AU000838,/home/tahiti/AgentUnlearn/outputs/full_plan/raw/AU000838.json,2409359
AU000839,/home/tahiti/AgentUnlearn/outputs/full_plan/raw/AU000839.json,1904411
AU000840,/home/tahiti/AgentUnlearn/outputs/full_plan/raw/AU000840.json,2301691
AU000841,/home/tahiti/AgentUnlearn/outputs/full_plan/raw/AU000841.json,2302229
AU000842,/home/tahiti/AgentUnlearn/outputs/full_plan/raw/AU000842.json,2409585
AU000843,/home/tahiti/AgentUnlearn/outputs/full_plan/raw/AU000843.json,2198176
AU000844,/home/tahiti/AgentUnlearn/outputs/full_plan/raw/AU000844.json,2301944
AU000845,/home/tahiti/AgentUnlearn/outputs/full_plan/raw/AU000845.json,2302442
AU000846,/home/tahiti/AgentUnlearn/outputs/full_plan/raw/AU000846.json,2198410
AU000847,/home/tahiti/AgentUnlearn/outputs/full_plan/raw/AU000847.json,1916612
AU000848,/home/tahiti/AgentUnlearn/outputs/full_plan/raw/AU000848.json,1507320
AU000849,/home/tahiti/AgentUnlearn/outputs/full_plan/raw/AU000849.json,1814833
AU000850,/home/tahiti/AgentUnlearn/outputs/full_plan/raw/AU000850.json,1811446
AU000851,/home/tahiti/AgentUnlearn/outputs/full_plan/raw/AU000851.json,1916611
AU000852,/home/tahiti/AgentUnlearn/outputs/full_plan/raw/AU000852.json,1709931
AU000853,/home/tahiti/AgentUnlearn/outputs/full_plan/raw/AU000853.json,1814830
AU000854,/home/tahiti/AgentUnlearn/outputs/full_plan/raw/AU000854.json,1811446
AU000855,/home/tahiti/AgentUnlearn/outputs/full_plan/raw/AU000855.json,1709924
AU000856,/home/tahiti/AgentUnlearn/outputs/full_plan/raw/AU000856.json,2702417
AU000857,/home/tahiti/AgentUnlearn/outputs/full_plan/raw/AU000857.json,2072234
AU000858,/home/tahiti/AgentUnlearn/outputs/full_plan/raw/AU000858.json,2545530
AU000859,/home/tahiti/AgentUnlearn/outputs/full_plan/raw/AU000859.json,2543632
AU000860,/home/tahiti/AgentUnlearn/outputs/full_plan/raw/AU000860.json,2702424
AU000861,/home/tahiti/AgentUnlearn/outputs/full_plan/raw/AU000861.json,2385547
AU000862,/home/tahiti/AgentUnlearn/outputs/full_plan/raw/AU000862.json,2545532
AU000863,/home/tahiti/AgentUnlearn/outputs/full_plan/raw/AU000863.json,2543651
AU000864,/home/tahiti/AgentUnlearn/outputs/full_plan/raw/AU000864.json,2385540
AU000865,/home/tahiti/AgentUnlearn/outputs/full_plan/raw/AU000865.json,2722806
AU000866,/home/tahiti/AgentUnlearn/outputs/full_plan/raw/AU000866.json,2100560
AU000867,/home/tahiti/AgentUnlearn/outputs/full_plan/raw/AU000867.json,2565211
AU000868,/home/tahiti/AgentUnlearn/outputs/full_plan/raw/AU000868.json,2564531
AU000869,/home/tahiti/AgentUnlearn/outputs/full_plan/raw/AU000869.json,2723338
AU000870,/home/tahiti/AgentUnlearn/outputs/full_plan/raw/AU000870.json,2405738
AU000871,/home/tahiti/AgentUnlearn/outputs/full_plan/raw/AU000871.json,2565769
AU000872,/home/tahiti/AgentUnlearn/outputs/full_plan/raw/AU000872.json,2565094
AU000873,/home/tahiti/AgentUnlearn/outputs/full_plan/raw/AU000873.json,2406281
AU000874,/home/tahiti/AgentUnlearn/outputs/full_plan/raw/AU000874.json,8234070
AU000875,/home/tahiti/AgentUnlearn/outputs/full_plan/raw/AU000875.json,6323023
AU000876,/home/tahiti/AgentUnlearn/outputs/full_plan/raw/AU000876.json,7754178
AU000877,/home/tahiti/AgentUnlearn/outputs/full_plan/raw/AU000877.json,7755492
AU000878,/home/tahiti/AgentUnlearn/outputs/full_plan/raw/AU000878.json,8224573
AU000879,/home/tahiti/AgentUnlearn/outputs/full_plan/raw/AU000879.json,7275900
AU000880,/home/tahiti/AgentUnlearn/outputs/full_plan/raw/AU000880.json,7764107
AU000881,/home/tahiti/AgentUnlearn/outputs/full_plan/raw/AU000881.json,7751104
AU000882,/home/tahiti/AgentUnlearn/outputs/full_plan/raw/AU000882.json,7279754
AU000883,/home/tahiti/AgentUnlearn/outputs/full_plan/raw/AU000883.json,3412324
AU000884,/home/tahiti/AgentUnlearn/outputs/full_plan/raw/AU000884.json,2621463
AU000885,/home/tahiti/AgentUnlearn/outputs/full_plan/raw/AU000885.json,3253092
AU000886,/home/tahiti/AgentUnlearn/outputs/full_plan/raw/AU000886.json,3253108
AU000887,/home/tahiti/AgentUnlearn/outputs/full_plan/raw/AU000887.json,3412845
AU000888,/home/tahiti/AgentUnlearn/outputs/full_plan/raw/AU000888.json,3094499
AU000889,/home/tahiti/AgentUnlearn/outputs/full_plan/raw/AU000889.json,3253623
AU000890,/home/tahiti/AgentUnlearn/outputs/full_plan/raw/AU000890.json,3253605
AU000891,/home/tahiti/AgentUnlearn/outputs/full_plan/raw/AU000891.json,3095037
AU000892,/home/tahiti/AgentUnlearn/outputs/full_plan/raw/AU000892.json,2713231
AU000893,/home/tahiti/AgentUnlearn/outputs/full_plan/raw/AU000893.json,2084952
AU000894,/home/tahiti/AgentUnlearn/outputs/full_plan/raw/AU000894.json,2557041
AU000895,/home/tahiti/AgentUnlearn/outputs/full_plan/raw/AU000895.json,2554373
AU000896,/home/tahiti/AgentUnlearn/outputs/full_plan/raw/AU000896.json,2713238
AU000897,/home/tahiti/AgentUnlearn/outputs/full_plan/raw/AU000897.json,2398488
AU000898,/home/tahiti/AgentUnlearn/outputs/full_plan/raw/AU000898.json,2557030
AU000899,/home/tahiti/AgentUnlearn/outputs/full_plan/raw/AU000899.json,2554401
AU000900,/home/tahiti/AgentUnlearn/outputs/full_plan/raw/AU000900.json,2398492
AU000901,/home/tahiti/AgentUnlearn/outputs/full_plan/raw/AU000901.json,1031919
AU000902,/home/tahiti/AgentUnlearn/outputs/full_plan/raw/AU000902.json,637702
AU000903,/home/tahiti/AgentUnlearn/outputs/full_plan/raw/AU000903.json,934057
AU000904,/home/tahiti/AgentUnlearn/outputs/full_plan/raw/AU000904.json,918493
AU000905,/home/tahiti/AgentUnlearn/outputs/full_plan/raw/AU000905.json,1031938
AU000906,/home/tahiti/AgentUnlearn/outputs/full_plan/raw/AU000906.json,821234
AU000907,/home/tahiti/AgentUnlearn/outputs/full_plan/raw/AU000907.json,934051
AU000908,/home/tahiti/AgentUnlearn/outputs/full_plan/raw/AU000908.json,918496
AU000909,/home/tahiti/AgentUnlearn/outputs/full_plan/raw/AU000909.json,821224
AU000910,/home/tahiti/AgentUnlearn/outputs/full_plan/raw/AU000910.json,1055391
AU000911,/home/tahiti/AgentUnlearn/outputs/full_plan/raw/AU000911.json,658726
AU000912,/home/tahiti/AgentUnlearn/outputs/full_plan/raw/AU000912.json,956067
AU000913,/home/tahiti/AgentUnlearn/outputs/full_plan/raw/AU000913.json,940397
AU000914,/home/tahiti/AgentUnlearn/outputs/full_plan/raw/AU000914.json,1055399
AU000915,/home/tahiti/AgentUnlearn/outputs/full_plan/raw/AU000915.json,841131
AU000916,/home/tahiti/AgentUnlearn/outputs/full_plan/raw/AU000916.json,956081
AU000917,/home/tahiti/AgentUnlearn/outputs/full_plan/raw/AU000917.json,940399
AU000918,/home/tahiti/AgentUnlearn/outputs/full_plan/raw/AU000918.json,841132
AU000919,/home/tahiti/AgentUnlearn/outputs/full_plan/raw/AU000919.json,3191709
AU000920,/home/tahiti/AgentUnlearn/outputs/full_plan/raw/AU000920.json,1999789
AU000921,/home/tahiti/AgentUnlearn/outputs/full_plan/raw/AU000921.json,2900698
AU000922,/home/tahiti/AgentUnlearn/outputs/full_plan/raw/AU000922.json,2845267
AU000923,/home/tahiti/AgentUnlearn/outputs/full_plan/raw/AU000923.json,3192000
AU000924,/home/tahiti/AgentUnlearn/outputs/full_plan/raw/AU000924.json,2554470
AU000925,/home/tahiti/AgentUnlearn/outputs/full_plan/raw/AU000925.json,2901632
AU000926,/home/tahiti/AgentUnlearn/outputs/full_plan/raw/AU000926.json,2846006
AU000927,/home/tahiti/AgentUnlearn/outputs/full_plan/raw/AU000927.json,2554458
AU000928,/home/tahiti/AgentUnlearn/outputs/full_plan/raw/AU000928.json,1326746
AU000929,/home/tahiti/AgentUnlearn/outputs/full_plan/raw/AU000929.json,834623
AU000930,/home/tahiti/AgentUnlearn/outputs/full_plan/raw/AU000930.json,1232103
AU000931,/home/tahiti/AgentUnlearn/outputs/full_plan/raw/AU000931.json,1211729
AU000932,/home/tahiti/AgentUnlearn/outputs/full_plan/raw/AU000932.json,1327510
AU000933,/home/tahiti/AgentUnlearn/outputs/full_plan/raw/AU000933.json,1111614
AU000934,/home/tahiti/AgentUnlearn/outputs/full_plan/raw/AU000934.json,1231223
AU000935,/home/tahiti/AgentUnlearn/outputs/full_plan/raw/AU000935.json,1212607
AU000936,/home/tahiti/AgentUnlearn/outputs/full_plan/raw/AU000936.json,1114926
AU000937,/home/tahiti/AgentUnlearn/outputs/full_plan/raw/AU000937.json,1048287
AU000938,/home/tahiti/AgentUnlearn/outputs/full_plan/raw/AU000938.json,652086
AU000939,/home/tahiti/AgentUnlearn/outputs/full_plan/raw/AU000939.json,949447
AU000940,/home/tahiti/AgentUnlearn/outputs/full_plan/raw/AU000940.json,934258
AU000941,/home/tahiti/AgentUnlearn/outputs/full_plan/raw/AU000941.json,1048292
AU000942,/home/tahiti/AgentUnlearn/outputs/full_plan/raw/AU000942.json,837424
AU000943,/home/tahiti/AgentUnlearn/outputs/full_plan/raw/AU000943.json,949453
AU000944,/home/tahiti/AgentUnlearn/outputs/full_plan/raw/AU000944.json,934259
AU000945,/home/tahiti/AgentUnlearn/outputs/full_plan/raw/AU000945.json,837411
AU000946,/home/tahiti/AgentUnlearn/outputs/full_plan/raw/AU000946.json,909370
AU000947,/home/tahiti/AgentUnlearn/outputs/full_plan/raw/AU000947.json,564332
AU000948,/home/tahiti/AgentUnlearn/outputs/full_plan/raw/AU000948.json,823214
AU000949,/home/tahiti/AgentUnlearn/outputs/full_plan/raw/AU000949.json,814616
AU000950,/home/tahiti/AgentUnlearn/outputs/full_plan/raw/AU000950.json,909377
AU000951,/home/tahiti/AgentUnlearn/outputs/full_plan/raw/AU000951.json,729352
AU000952,/home/tahiti/AgentUnlearn/outputs/full_plan/raw/AU000952.json,823217
AU000953,/home/tahiti/AgentUnlearn/outputs/full_plan/raw/AU000953.json,814620
AU000954,/home/tahiti/AgentUnlearn/outputs/full_plan/raw/AU000954.json,729343
AU000955,/home/tahiti/AgentUnlearn/outputs/full_plan/raw/AU000955.json,927029
AU000956,/home/tahiti/AgentUnlearn/outputs/full_plan/raw/AU000956.json,581948
AU000957,/home/tahiti/AgentUnlearn/outputs/full_plan/raw/AU000957.json,840695
AU000958,/home/tahiti/AgentUnlearn/outputs/full_plan/raw/AU000958.json,832971
AU000959,/home/tahiti/AgentUnlearn/outputs/full_plan/raw/AU000959.json,928463
AU000960,/home/tahiti/AgentUnlearn/outputs/full_plan/raw/AU000960.json,745915
AU000961,/home/tahiti/AgentUnlearn/outputs/full_plan/raw/AU000961.json,842243
AU000962,/home/tahiti/AgentUnlearn/outputs/full_plan/raw/AU000962.json,834394
AU000963,/home/tahiti/AgentUnlearn/outputs/full_plan/raw/AU000963.json,749383
AU000964,/home/tahiti/AgentUnlearn/outputs/full_plan/raw/AU000964.json,2801908
AU000965,/home/tahiti/AgentUnlearn/outputs/full_plan/raw/AU000965.json,1789162
AU000966,/home/tahiti/AgentUnlearn/outputs/full_plan/raw/AU000966.json,2565726
AU000967,/home/tahiti/AgentUnlearn/outputs/full_plan/raw/AU000967.json,2511858
AU000968,/home/tahiti/AgentUnlearn/outputs/full_plan/raw/AU000968.json,2806253
AU000969,/home/tahiti/AgentUnlearn/outputs/full_plan/raw/AU000969.json,2258738
AU000970,/home/tahiti/AgentUnlearn/outputs/full_plan/raw/AU000970.json,2564493
AU000971,/home/tahiti/AgentUnlearn/outputs/full_plan/raw/AU000971.json,2518504
AU000972,/home/tahiti/AgentUnlearn/outputs/full_plan/raw/AU000972.json,2263796
AU000973,/home/tahiti/AgentUnlearn/outputs/full_plan/raw/AU000973.json,1164336
AU000974,/home/tahiti/AgentUnlearn/outputs/full_plan/raw/AU000974.json,730688
AU000975,/home/tahiti/AgentUnlearn/outputs/full_plan/raw/AU000975.json,1078921
AU000976,/home/tahiti/AgentUnlearn/outputs/full_plan/raw/AU000976.json,1070521
AU000977,/home/tahiti/AgentUnlearn/outputs/full_plan/raw/AU000977.json,1165126
AU000978,/home/tahiti/AgentUnlearn/outputs/full_plan/raw/AU000978.json,985929
AU000979,/home/tahiti/AgentUnlearn/outputs/full_plan/raw/AU000979.json,1079273
AU000980,/home/tahiti/AgentUnlearn/outputs/full_plan/raw/AU000980.json,1071588
AU000981,/home/tahiti/AgentUnlearn/outputs/full_plan/raw/AU000981.json,985326
AU000982,/home/tahiti/AgentUnlearn/outputs/full_plan/raw/AU000982.json,919934
AU000983,/home/tahiti/AgentUnlearn/outputs/full_plan/raw/AU000983.json,574864
AU000984,/home/tahiti/AgentUnlearn/outputs/full_plan/raw/AU000984.json,833842
AU000985,/home/tahiti/AgentUnlearn/outputs/full_plan/raw/AU000985.json,825191
AU000986,/home/tahiti/AgentUnlearn/outputs/full_plan/raw/AU000986.json,919945
AU000987,/home/tahiti/AgentUnlearn/outputs/full_plan/raw/AU000987.json,741876
AU000988,/home/tahiti/AgentUnlearn/outputs/full_plan/raw/AU000988.json,833846
AU000989,/home/tahiti/AgentUnlearn/outputs/full_plan/raw/AU000989.json,825198
AU000990,/home/tahiti/AgentUnlearn/outputs/full_plan/raw/AU000990.json,741875
AU000991,/home/tahiti/AgentUnlearn/outputs/full_plan/raw/AU000991.json,1108277
AU000992,/home/tahiti/AgentUnlearn/outputs/full_plan/raw/AU000992.json,686678
AU000993,/home/tahiti/AgentUnlearn/outputs/full_plan/raw/AU000993.json,1003043
AU000994,/home/tahiti/AgentUnlearn/outputs/full_plan/raw/AU000994.json,991187
AU000995,/home/tahiti/AgentUnlearn/outputs/full_plan/raw/AU000995.json,1108278
AU000996,/home/tahiti/AgentUnlearn/outputs/full_plan/raw/AU000996.json,885519
AU000997,/home/tahiti/AgentUnlearn/outputs/full_plan/raw/AU000997.json,1003041
AU000998,/home/tahiti/AgentUnlearn/outputs/full_plan/raw/AU000998.json,991191
AU000999,/home/tahiti/AgentUnlearn/outputs/full_plan/raw/AU000999.json,885507
AU001000,/home/tahiti/AgentUnlearn/outputs/full_plan/raw/AU001000.json,1145213
AU001001,/home/tahiti/AgentUnlearn/outputs/full_plan/raw/AU001001.json,714372
AU001002,/home/tahiti/AgentUnlearn/outputs/full_plan/raw/AU001002.json,1040493
AU001003,/home/tahiti/AgentUnlearn/outputs/full_plan/raw/AU001003.json,1028605
AU001004,/home/tahiti/AgentUnlearn/outputs/full_plan/raw/AU001004.json,1146107
AU001005,/home/tahiti/AgentUnlearn/outputs/full_plan/raw/AU001005.json,923502
AU001006,/home/tahiti/AgentUnlearn/outputs/full_plan/raw/AU001006.json,1040726
AU001007,/home/tahiti/AgentUnlearn/outputs/full_plan/raw/AU001007.json,1030159
AU001008,/home/tahiti/AgentUnlearn/outputs/full_plan/raw/AU001008.json,926475
AU001009,/home/tahiti/AgentUnlearn/outputs/full_plan/raw/AU001009.json,3452518
AU001010,/home/tahiti/AgentUnlearn/outputs/full_plan/raw/AU001010.json,2200239
AU001011,/home/tahiti/AgentUnlearn/outputs/full_plan/raw/AU001011.json,3154229
AU001012,/home/tahiti/AgentUnlearn/outputs/full_plan/raw/AU001012.json,3127750
AU001013,/home/tahiti/AgentUnlearn/outputs/full_plan/raw/AU001013.json,3460076
AU001014,/home/tahiti/AgentUnlearn/outputs/full_plan/raw/AU001014.json,2791607
AU001015,/home/tahiti/AgentUnlearn/outputs/full_plan/raw/AU001015.json,3170046
AU001016,/home/tahiti/AgentUnlearn/outputs/full_plan/raw/AU001016.json,3128648
AU001017,/home/tahiti/AgentUnlearn/outputs/full_plan/raw/AU001017.json,2799514
AU001018,/home/tahiti/AgentUnlearn/outputs/full_plan/raw/AU001018.json,1436810
AU001019,/home/tahiti/AgentUnlearn/outputs/full_plan/raw/AU001019.json,902099
AU001020,/home/tahiti/AgentUnlearn/outputs/full_plan/raw/AU001020.json,1330535
AU001021,/home/tahiti/AgentUnlearn/outputs/full_plan/raw/AU001021.json,1317469
AU001022,/home/tahiti/AgentUnlearn/outputs/full_plan/raw/AU001022.json,1432533
AU001023,/home/tahiti/AgentUnlearn/outputs/full_plan/raw/AU001023.json,1211984
AU001024,/home/tahiti/AgentUnlearn/outputs/full_plan/raw/AU001024.json,1326971
AU001025,/home/tahiti/AgentUnlearn/outputs/full_plan/raw/AU001025.json,1316380
AU001026,/home/tahiti/AgentUnlearn/outputs/full_plan/raw/AU001026.json,1208520
AU001027,/home/tahiti/AgentUnlearn/outputs/full_plan/raw/AU001027.json,1131302
AU001028,/home/tahiti/AgentUnlearn/outputs/full_plan/raw/AU001028.json,702056
AU001029,/home/tahiti/AgentUnlearn/outputs/full_plan/raw/AU001029.json,1022962
AU001030,/home/tahiti/AgentUnlearn/outputs/full_plan/raw/AU001030.json,1011594
AU001031,/home/tahiti/AgentUnlearn/outputs/full_plan/raw/AU001031.json,1131307
AU001032,/home/tahiti/AgentUnlearn/outputs/full_plan/raw/AU001032.json,907470
AU001033,/home/tahiti/AgentUnlearn/outputs/full_plan/raw/AU001033.json,1022977
AU001034,/home/tahiti/AgentUnlearn/outputs/full_plan/raw/AU001034.json,1011597
AU001035,/home/tahiti/AgentUnlearn/outputs/full_plan/raw/AU001035.json,907479
AU001036,/home/tahiti/AgentUnlearn/outputs/full_plan/raw/AU001036.json,1044927
AU001037,/home/tahiti/AgentUnlearn/outputs/full_plan/raw/AU001037.json,579273
AU001038,/home/tahiti/AgentUnlearn/outputs/full_plan/raw/AU001038.json,925365
AU001039,/home/tahiti/AgentUnlearn/outputs/full_plan/raw/AU001039.json,943099
AU001040,/home/tahiti/AgentUnlearn/outputs/full_plan/raw/AU001040.json,1044932
AU001041,/home/tahiti/AgentUnlearn/outputs/full_plan/raw/AU001041.json,830779
AU001042,/home/tahiti/AgentUnlearn/outputs/full_plan/raw/AU001042.json,925365
AU001043,/home/tahiti/AgentUnlearn/outputs/full_plan/raw/AU001043.json,943103
AU001044,/home/tahiti/AgentUnlearn/outputs/full_plan/raw/AU001044.json,830771
AU001045,/home/tahiti/AgentUnlearn/outputs/full_plan/raw/AU001045.json,1064383
AU001046,/home/tahiti/AgentUnlearn/outputs/full_plan/raw/AU001046.json,611625
AU001047,/home/tahiti/AgentUnlearn/outputs/full_plan/raw/AU001047.json,955487
AU001048,/home/tahiti/AgentUnlearn/outputs/full_plan/raw/AU001048.json,971056
AU001049,/home/tahiti/AgentUnlearn/outputs/full_plan/raw/AU001049.json,1064455
AU001050,/home/tahiti/AgentUnlearn/outputs/full_plan/raw/AU001050.json,859802
AU001051,/home/tahiti/AgentUnlearn/outputs/full_plan/raw/AU001051.json,955611
AU001052,/home/tahiti/AgentUnlearn/outputs/full_plan/raw/AU001052.json,971720
AU001053,/home/tahiti/AgentUnlearn/outputs/full_plan/raw/AU001053.json,860966
AU001054,/home/tahiti/AgentUnlearn/outputs/full_plan/raw/AU001054.json,3239476
AU001055,/home/tahiti/AgentUnlearn/outputs/full_plan/raw/AU001055.json,1853000
AU001056,/home/tahiti/AgentUnlearn/outputs/full_plan/raw/AU001056.json,2898911
AU001057,/home/tahiti/AgentUnlearn/outputs/full_plan/raw/AU001057.json,2949228
AU001058,/home/tahiti/AgentUnlearn/outputs/full_plan/raw/AU001058.json,3245286
AU001059,/home/tahiti/AgentUnlearn/outputs/full_plan/raw/AU001059.json,2646840
AU001060,/home/tahiti/AgentUnlearn/outputs/full_plan/raw/AU001060.json,2909129
AU001061,/home/tahiti/AgentUnlearn/outputs/full_plan/raw/AU001061.json,2958209
AU001062,/home/tahiti/AgentUnlearn/outputs/full_plan/raw/AU001062.json,2657520
AU001063,/home/tahiti/AgentUnlearn/outputs/full_plan/raw/AU001063.json,1338215
AU001064,/home/tahiti/AgentUnlearn/outputs/full_plan/raw/AU001064.json,779674
AU001065,/home/tahiti/AgentUnlearn/outputs/full_plan/raw/AU001065.json,1214648
AU001066,/home/tahiti/AgentUnlearn/outputs/full_plan/raw/AU001066.json,1232027
AU001067,/home/tahiti/AgentUnlearn/outputs/full_plan/raw/AU001067.json,1339047
AU001068,/home/tahiti/AgentUnlearn/outputs/full_plan/raw/AU001068.json,1126139
AU001069,/home/tahiti/AgentUnlearn/outputs/full_plan/raw/AU001069.json,1215452
AU001070,/home/tahiti/AgentUnlearn/outputs/full_plan/raw/AU001070.json,1236035
AU001071,/home/tahiti/AgentUnlearn/outputs/full_plan/raw/AU001071.json,1126011
AU001072,/home/tahiti/AgentUnlearn/outputs/full_plan/raw/AU001072.json,1070215
AU001073,/home/tahiti/AgentUnlearn/outputs/full_plan/raw/AU001073.json,597259
AU001074,/home/tahiti/AgentUnlearn/outputs/full_plan/raw/AU001074.json,948920
AU001075,/home/tahiti/AgentUnlearn/outputs/full_plan/raw/AU001075.json,965565
AU001076,/home/tahiti/AgentUnlearn/outputs/full_plan/raw/AU001076.json,1070228
AU001077,/home/tahiti/AgentUnlearn/outputs/full_plan/raw/AU001077.json,854869
AU001078,/home/tahiti/AgentUnlearn/outputs/full_plan/raw/AU001078.json,948926
AU001079,/home/tahiti/AgentUnlearn/outputs/full_plan/raw/AU001079.json,965579
AU001080,/home/tahiti/AgentUnlearn/outputs/full_plan/raw/AU001080.json,854859
AU001081,/home/tahiti/AgentUnlearn/outputs/full_plan/raw/AU001081.json,1172681
AU001082,/home/tahiti/AgentUnlearn/outputs/full_plan/raw/AU001082.json,684828
AU001083,/home/tahiti/AgentUnlearn/outputs/full_plan/raw/AU001083.json,1050937
AU001084,/home/tahiti/AgentUnlearn/outputs/full_plan/raw/AU001084.json,1054571
AU001085,/home/tahiti/AgentUnlearn/outputs/full_plan/raw/AU001085.json,1172691
AU001086,/home/tahiti/AgentUnlearn/outputs/full_plan/raw/AU001086.json,932956
AU001087,/home/tahiti/AgentUnlearn/outputs/full_plan/raw/AU001087.json,1050930
AU001088,/home/tahiti/AgentUnlearn/outputs/full_plan/raw/AU001088.json,1054578
AU001089,/home/tahiti/AgentUnlearn/outputs/full_plan/raw/AU001089.json,932946
AU001090,/home/tahiti/AgentUnlearn/outputs/full_plan/raw/AU001090.json,1196317
AU001091,/home/tahiti/AgentUnlearn/outputs/full_plan/raw/AU001091.json,708893
AU001092,/home/tahiti/AgentUnlearn/outputs/full_plan/raw/AU001092.json,1074579
AU001093,/home/tahiti/AgentUnlearn/outputs/full_plan/raw/AU001093.json,1079677
AU001094,/home/tahiti/AgentUnlearn/outputs/full_plan/raw/AU001094.json,1198653
AU001095,/home/tahiti/AgentUnlearn/outputs/full_plan/raw/AU001095.json,958179
AU001096,/home/tahiti/AgentUnlearn/outputs/full_plan/raw/AU001096.json,1076574
AU001097,/home/tahiti/AgentUnlearn/outputs/full_plan/raw/AU001097.json,1082033
AU001098,/home/tahiti/AgentUnlearn/outputs/full_plan/raw/AU001098.json,961454
AU001099,/home/tahiti/AgentUnlearn/outputs/full_plan/raw/AU001099.json,3686943
AU001100,/home/tahiti/AgentUnlearn/outputs/full_plan/raw/AU001100.json,2244117
AU001101,/home/tahiti/AgentUnlearn/outputs/full_plan/raw/AU001101.json,3332914
AU001102,/home/tahiti/AgentUnlearn/outputs/full_plan/raw/AU001102.json,3337027
AU001103,/home/tahiti/AgentUnlearn/outputs/full_plan/raw/AU001103.json,3693539
AU001104,/home/tahiti/AgentUnlearn/outputs/full_plan/raw/AU001104.json,2964253
AU001105,/home/tahiti/AgentUnlearn/outputs/full_plan/raw/AU001105.json,3332703
AU001106,/home/tahiti/AgentUnlearn/outputs/full_plan/raw/AU001106.json,3344989
AU001107,/home/tahiti/AgentUnlearn/outputs/full_plan/raw/AU001107.json,2967802
AU001108,/home/tahiti/AgentUnlearn/outputs/full_plan/raw/AU001108.json,1503034
AU001109,/home/tahiti/AgentUnlearn/outputs/full_plan/raw/AU001109.json,912223
AU001110,/home/tahiti/AgentUnlearn/outputs/full_plan/raw/AU001110.json,1384342
AU001111,/home/tahiti/AgentUnlearn/outputs/full_plan/raw/AU001111.json,1387194
AU001112,/home/tahiti/AgentUnlearn/outputs/full_plan/raw/AU001112.json,1506209
AU001113,/home/tahiti/AgentUnlearn/outputs/full_plan/raw/AU001113.json,1267950
AU001114,/home/tahiti/AgentUnlearn/outputs/full_plan/raw/AU001114.json,1383642
AU001115,/home/tahiti/AgentUnlearn/outputs/full_plan/raw/AU001115.json,1388175
AU001116,/home/tahiti/AgentUnlearn/outputs/full_plan/raw/AU001116.json,1269371
AU001117,/home/tahiti/AgentUnlearn/outputs/full_plan/raw/AU001117.json,1187644
AU001118,/home/tahiti/AgentUnlearn/outputs/full_plan/raw/AU001118.json,700071
AU001119,/home/tahiti/AgentUnlearn/outputs/full_plan/raw/AU001119.json,1065810
AU001120,/home/tahiti/AgentUnlearn/outputs/full_plan/raw/AU001120.json,1070445
AU001121,/home/tahiti/AgentUnlearn/outputs/full_plan/raw/AU001121.json,1187654
AU001122,/home/tahiti/AgentUnlearn/outputs/full_plan/raw/AU001122.json,949082
AU001123,/home/tahiti/AgentUnlearn/outputs/full_plan/raw/AU001123.json,1065810
AU001124,/home/tahiti/AgentUnlearn/outputs/full_plan/raw/AU001124.json,1070442
AU001125,/home/tahiti/AgentUnlearn/outputs/full_plan/raw/AU001125.json,949071
AU001126,/home/tahiti/AgentUnlearn/outputs/full_plan/raw/AU001126.json,937293
AU001127,/home/tahiti/AgentUnlearn/outputs/full_plan/raw/AU001127.json,571250
AU001128,/home/tahiti/AgentUnlearn/outputs/full_plan/raw/AU001128.json,844384
AU001129,/home/tahiti/AgentUnlearn/outputs/full_plan/raw/AU001129.json,837463
AU001130,/home/tahiti/AgentUnlearn/outputs/full_plan/raw/AU001130.json,937302
AU001131,/home/tahiti/AgentUnlearn/outputs/full_plan/raw/AU001131.json,748885
AU001132,/home/tahiti/AgentUnlearn/outputs/full_plan/raw/AU001132.json,844396
AU001133,/home/tahiti/AgentUnlearn/outputs/full_plan/raw/AU001133.json,837478
AU001134,/home/tahiti/AgentUnlearn/outputs/full_plan/raw/AU001134.json,748881
AU001135,/home/tahiti/AgentUnlearn/outputs/full_plan/raw/AU001135.json,968742
AU001136,/home/tahiti/AgentUnlearn/outputs/full_plan/raw/AU001136.json,594990
AU001137,/home/tahiti/AgentUnlearn/outputs/full_plan/raw/AU001137.json,878121
AU001138,/home/tahiti/AgentUnlearn/outputs/full_plan/raw/AU001138.json,873304
AU001139,/home/tahiti/AgentUnlearn/outputs/full_plan/raw/AU001139.json,968763
AU001140,/home/tahiti/AgentUnlearn/outputs/full_plan/raw/AU001140.json,778587
AU001141,/home/tahiti/AgentUnlearn/outputs/full_plan/raw/AU001141.json,878130
AU001142,/home/tahiti/AgentUnlearn/outputs/full_plan/raw/AU001142.json,873301
AU001143,/home/tahiti/AgentUnlearn/outputs/full_plan/raw/AU001143.json,778574
AU001144,/home/tahiti/AgentUnlearn/outputs/full_plan/raw/AU001144.json,3000830
AU001145,/home/tahiti/AgentUnlearn/outputs/full_plan/raw/AU001145.json,1800570
AU001146,/home/tahiti/AgentUnlearn/outputs/full_plan/raw/AU001146.json,2704783
AU001147,/home/tahiti/AgentUnlearn/outputs/full_plan/raw/AU001147.json,2696737
AU001148,/home/tahiti/AgentUnlearn/outputs/full_plan/raw/AU001148.json,3001366
AU001149,/home/tahiti/AgentUnlearn/outputs/full_plan/raw/AU001149.json,2400255
AU001150,/home/tahiti/AgentUnlearn/outputs/full_plan/raw/AU001150.json,2706498
AU001151,/home/tahiti/AgentUnlearn/outputs/full_plan/raw/AU001151.json,2695853
AU001152,/home/tahiti/AgentUnlearn/outputs/full_plan/raw/AU001152.json,2406000
AU001153,/home/tahiti/AgentUnlearn/outputs/full_plan/raw/AU001153.json,1227925
AU001154,/home/tahiti/AgentUnlearn/outputs/full_plan/raw/AU001154.json,748572
AU001155,/home/tahiti/AgentUnlearn/outputs/full_plan/raw/AU001155.json,1136127
AU001156,/home/tahiti/AgentUnlearn/outputs/full_plan/raw/AU001156.json,1131188
AU001157,/home/tahiti/AgentUnlearn/outputs/full_plan/raw/AU001157.json,1227783
AU001158,/home/tahiti/AgentUnlearn/outputs/full_plan/raw/AU001158.json,1018199
AU001159,/home/tahiti/AgentUnlearn/outputs/full_plan/raw/AU001159.json,1136132
AU001160,/home/tahiti/AgentUnlearn/outputs/full_plan/raw/AU001160.json,1131211
AU001161,/home/tahiti/AgentUnlearn/outputs/full_plan/raw/AU001161.json,1018194
AU001162,/home/tahiti/AgentUnlearn/outputs/full_plan/raw/AU001162.json,957616
AU001163,/home/tahiti/AgentUnlearn/outputs/full_plan/raw/AU001163.json,586398
AU001164,/home/tahiti/AgentUnlearn/outputs/full_plan/raw/AU001164.json,862271
AU001165,/home/tahiti/AgentUnlearn/outputs/full_plan/raw/AU001165.json,854888
AU001166,/home/tahiti/AgentUnlearn/outputs/full_plan/raw/AU001166.json,957631
AU001167,/home/tahiti/AgentUnlearn/outputs/full_plan/raw/AU001167.json,766841
AU001168,/home/tahiti/AgentUnlearn/outputs/full_plan/raw/AU001168.json,862270
AU001169,/home/tahiti/AgentUnlearn/outputs/full_plan/raw/AU001169.json,854890
AU001170,/home/tahiti/AgentUnlearn/outputs/full_plan/raw/AU001170.json,766838
AU001171,/home/tahiti/AgentUnlearn/outputs/full_plan/raw/AU001171.json,999710
AU001172,/home/tahiti/AgentUnlearn/outputs/full_plan/raw/AU001172.json,568859
AU001173,/home/tahiti/AgentUnlearn/outputs/full_plan/raw/AU001173.json,891272
AU001174,/home/tahiti/AgentUnlearn/outputs/full_plan/raw/AU001174.json,903704
AU001175,/home/tahiti/AgentUnlearn/outputs/full_plan/raw/AU001175.json,999723
AU001176,/home/tahiti/AgentUnlearn/outputs/full_plan/raw/AU001176.json,795770
AU001177,/home/tahiti/AgentUnlearn/outputs/full_plan/raw/AU001177.json,891276
AU001178,/home/tahiti/AgentUnlearn/outputs/full_plan/raw/AU001178.json,903709
AU001179,/home/tahiti/AgentUnlearn/outputs/full_plan/raw/AU001179.json,795763
AU001180,/home/tahiti/AgentUnlearn/outputs/full_plan/raw/AU001180.json,1023239
AU001181,/home/tahiti/AgentUnlearn/outputs/full_plan/raw/AU001181.json,590195
AU001182,/home/tahiti/AgentUnlearn/outputs/full_plan/raw/AU001182.json,915817
AU001183,/home/tahiti/AgentUnlearn/outputs/full_plan/raw/AU001183.json,927106
AU001184,/home/tahiti/AgentUnlearn/outputs/full_plan/raw/AU001184.json,1036333
AU001185,/home/tahiti/AgentUnlearn/outputs/full_plan/raw/AU001185.json,821703
AU001186,/home/tahiti/AgentUnlearn/outputs/full_plan/raw/AU001186.json,920714
AU001187,/home/tahiti/AgentUnlearn/outputs/full_plan/raw/AU001187.json,937642
AU001188,/home/tahiti/AgentUnlearn/outputs/full_plan/raw/AU001188.json,827375
AU001189,/home/tahiti/AgentUnlearn/outputs/full_plan/raw/AU001189.json,3108695
AU001190,/home/tahiti/AgentUnlearn/outputs/full_plan/raw/AU001190.json,1837874
AU001191,/home/tahiti/AgentUnlearn/outputs/full_plan/raw/AU001191.json,2819944
AU001192,/home/tahiti/AgentUnlearn/outputs/full_plan/raw/AU001192.json,2834378
AU001193,/home/tahiti/AgentUnlearn/outputs/full_plan/raw/AU001193.json,3121896
AU001194,/home/tahiti/AgentUnlearn/outputs/full_plan/raw/AU001194.json,2549103
AU001195,/home/tahiti/AgentUnlearn/outputs/full_plan/raw/AU001195.json,2813013
AU001196,/home/tahiti/AgentUnlearn/outputs/full_plan/raw/AU001196.json,2844994
AU001197,/home/tahiti/AgentUnlearn/outputs/full_plan/raw/AU001197.json,2570820
AU001198,/home/tahiti/AgentUnlearn/outputs/full_plan/raw/AU001198.json,1284501
AU001199,/home/tahiti/AgentUnlearn/outputs/full_plan/raw/AU001199.json,741819
AU001200,/home/tahiti/AgentUnlearn/outputs/full_plan/raw/AU001200.json,1178531
AU001201,/home/tahiti/AgentUnlearn/outputs/full_plan/raw/AU001201.json,1188426
AU001202,/home/tahiti/AgentUnlearn/outputs/full_plan/raw/AU001202.json,1285163
AU001203,/home/tahiti/AgentUnlearn/outputs/full_plan/raw/AU001203.json,1081444
AU001204,/home/tahiti/AgentUnlearn/outputs/full_plan/raw/AU001204.json,1178749
AU001205,/home/tahiti/AgentUnlearn/outputs/full_plan/raw/AU001205.json,1189879
AU001206,/home/tahiti/AgentUnlearn/outputs/full_plan/raw/AU001206.json,1088789
AU001207,/home/tahiti/AgentUnlearn/outputs/full_plan/raw/AU001207.json,1019637
AU001208,/home/tahiti/AgentUnlearn/outputs/full_plan/raw/AU001208.json,583716
AU001209,/home/tahiti/AgentUnlearn/outputs/full_plan/raw/AU001209.json,909609
AU001210,/home/tahiti/AgentUnlearn/outputs/full_plan/raw/AU001210.json,923737
AU001211,/home/tahiti/AgentUnlearn/outputs/full_plan/raw/AU001211.json,1019640
AU001212,/home/tahiti/AgentUnlearn/outputs/full_plan/raw/AU001212.json,816865
AU001213,/home/tahiti/AgentUnlearn/outputs/full_plan/raw/AU001213.json,909609
AU001214,/home/tahiti/AgentUnlearn/outputs/full_plan/raw/AU001214.json,923745
AU001215,/home/tahiti/AgentUnlearn/outputs/full_plan/raw/AU001215.json,816863
AU001216,/home/tahiti/AgentUnlearn/outputs/full_plan/raw/AU001216.json,877923
AU001217,/home/tahiti/AgentUnlearn/outputs/full_plan/raw/AU001217.json,557127
AU001218,/home/tahiti/AgentUnlearn/outputs/full_plan/raw/AU001218.json,798621
AU001219,/home/tahiti/AgentUnlearn/outputs/full_plan/raw/AU001219.json,789466
AU001220,/home/tahiti/AgentUnlearn/outputs/full_plan/raw/AU001220.json,877930
AU001221,/home/tahiti/AgentUnlearn/outputs/full_plan/raw/AU001221.json,708967
AU001222,/home/tahiti/AgentUnlearn/outputs/full_plan/raw/AU001222.json,798629
AU001223,/home/tahiti/AgentUnlearn/outputs/full_plan/raw/AU001223.json,789474
AU001224,/home/tahiti/AgentUnlearn/outputs/full_plan/raw/AU001224.json,708966
AU001225,/home/tahiti/AgentUnlearn/outputs/full_plan/raw/AU001225.json,916954
AU001226,/home/tahiti/AgentUnlearn/outputs/full_plan/raw/AU001226.json,582201
AU001227,/home/tahiti/AgentUnlearn/outputs/full_plan/raw/AU001227.json,826569
AU001228,/home/tahiti/AgentUnlearn/outputs/full_plan/raw/AU001228.json,818482
AU001229,/home/tahiti/AgentUnlearn/outputs/full_plan/raw/AU001229.json,917663
AU001230,/home/tahiti/AgentUnlearn/outputs/full_plan/raw/AU001230.json,737446
AU001231,/home/tahiti/AgentUnlearn/outputs/full_plan/raw/AU001231.json,835550
AU001232,/home/tahiti/AgentUnlearn/outputs/full_plan/raw/AU001232.json,827229
AU001233,/home/tahiti/AgentUnlearn/outputs/full_plan/raw/AU001233.json,749045
AU001234,/home/tahiti/AgentUnlearn/outputs/full_plan/raw/AU001234.json,2842904
AU001235,/home/tahiti/AgentUnlearn/outputs/full_plan/raw/AU001235.json,1907092
AU001236,/home/tahiti/AgentUnlearn/outputs/full_plan/raw/AU001236.json,2629414
AU001237,/home/tahiti/AgentUnlearn/outputs/full_plan/raw/AU001237.json,2568330
AU001238,/home/tahiti/AgentUnlearn/outputs/full_plan/raw/AU001238.json,2851252
AU001239,/home/tahiti/AgentUnlearn/outputs/full_plan/raw/AU001239.json,2346031
AU001240,/home/tahiti/AgentUnlearn/outputs/full_plan/raw/AU001240.json,2636161
AU001241,/home/tahiti/AgentUnlearn/outputs/full_plan/raw/AU001241.json,2574391
AU001242,/home/tahiti/AgentUnlearn/outputs/full_plan/raw/AU001242.json,2355470
AU001243,/home/tahiti/AgentUnlearn/outputs/full_plan/raw/AU001243.json,1136467
AU001244,/home/tahiti/AgentUnlearn/outputs/full_plan/raw/AU001244.json,731014
AU001245,/home/tahiti/AgentUnlearn/outputs/full_plan/raw/AU001245.json,1055402
AU001246,/home/tahiti/AgentUnlearn/outputs/full_plan/raw/AU001246.json,1047343
AU001247,/home/tahiti/AgentUnlearn/outputs/full_plan/raw/AU001247.json,1140977
AU001248,/home/tahiti/AgentUnlearn/outputs/full_plan/raw/AU001248.json,968359
AU001249,/home/tahiti/AgentUnlearn/outputs/full_plan/raw/AU001249.json,1061235
AU001250,/home/tahiti/AgentUnlearn/outputs/full_plan/raw/AU001250.json,1048556
AU001251,/home/tahiti/AgentUnlearn/outputs/full_plan/raw/AU001251.json,972591
AU001252,/home/tahiti/AgentUnlearn/outputs/full_plan/raw/AU001252.json,896433
AU001253,/home/tahiti/AgentUnlearn/outputs/full_plan/raw/AU001253.json,574436
AU001254,/home/tahiti/AgentUnlearn/outputs/full_plan/raw/AU001254.json,816906
AU001255,/home/tahiti/AgentUnlearn/outputs/full_plan/raw/AU001255.json,807260
AU001256,/home/tahiti/AgentUnlearn/outputs/full_plan/raw/AU001256.json,896438
AU001257,/home/tahiti/AgentUnlearn/outputs/full_plan/raw/AU001257.json,726440
AU001258,/home/tahiti/AgentUnlearn/outputs/full_plan/raw/AU001258.json,816912
AU001259,/home/tahiti/AgentUnlearn/outputs/full_plan/raw/AU001259.json,807275
AU001260,/home/tahiti/AgentUnlearn/outputs/full_plan/raw/AU001260.json,726438
AU001261,/home/tahiti/AgentUnlearn/outputs/full_plan/raw/AU001261.json,924829
AU001262,/home/tahiti/AgentUnlearn/outputs/full_plan/raw/AU001262.json,497453
AU001263,/home/tahiti/AgentUnlearn/outputs/full_plan/raw/AU001263.json,817683
AU001264,/home/tahiti/AgentUnlearn/outputs/full_plan/raw/AU001264.json,840852
AU001265,/home/tahiti/AgentUnlearn/outputs/full_plan/raw/AU001265.json,924842
AU001266,/home/tahiti/AgentUnlearn/outputs/full_plan/raw/AU001266.json,734870
AU001267,/home/tahiti/AgentUnlearn/outputs/full_plan/raw/AU001267.json,817693
AU001268,/home/tahiti/AgentUnlearn/outputs/full_plan/raw/AU001268.json,840861
AU001269,/home/tahiti/AgentUnlearn/outputs/full_plan/raw/AU001269.json,734864
AU001270,/home/tahiti/AgentUnlearn/outputs/full_plan/raw/AU001270.json,950764
AU001271,/home/tahiti/AgentUnlearn/outputs/full_plan/raw/AU001271.json,519620
AU001272,/home/tahiti/AgentUnlearn/outputs/full_plan/raw/AU001272.json,847491
AU001273,/home/tahiti/AgentUnlearn/outputs/full_plan/raw/AU001273.json,868181
AU001274,/home/tahiti/AgentUnlearn/outputs/full_plan/raw/AU001274.json,951475
AU001275,/home/tahiti/AgentUnlearn/outputs/full_plan/raw/AU001275.json,763914
AU001276,/home/tahiti/AgentUnlearn/outputs/full_plan/raw/AU001276.json,847158
AU001277,/home/tahiti/AgentUnlearn/outputs/full_plan/raw/AU001277.json,867615
AU001278,/home/tahiti/AgentUnlearn/outputs/full_plan/raw/AU001278.json,764642
AU001279,/home/tahiti/AgentUnlearn/outputs/full_plan/raw/AU001279.json,2858761
AU001280,/home/tahiti/AgentUnlearn/outputs/full_plan/raw/AU001280.json,1595085
AU001281,/home/tahiti/AgentUnlearn/outputs/full_plan/raw/AU001281.json,2547937
AU001282,/home/tahiti/AgentUnlearn/outputs/full_plan/raw/AU001282.json,2614012
AU001283,/home/tahiti/AgentUnlearn/outputs/full_plan/raw/AU001283.json,2867391
AU001284,/home/tahiti/AgentUnlearn/outputs/full_plan/raw/AU001284.json,2295956
AU001285,/home/tahiti/AgentUnlearn/outputs/full_plan/raw/AU001285.json,2551726
AU001286,/home/tahiti/AgentUnlearn/outputs/full_plan/raw/AU001286.json,2624630
AU001287,/home/tahiti/AgentUnlearn/outputs/full_plan/raw/AU001287.json,2308365
AU001288,/home/tahiti/AgentUnlearn/outputs/full_plan/raw/AU001288.json,1193753
AU001289,/home/tahiti/AgentUnlearn/outputs/full_plan/raw/AU001289.json,653877
AU001290,/home/tahiti/AgentUnlearn/outputs/full_plan/raw/AU001290.json,1086043
AU001291,/home/tahiti/AgentUnlearn/outputs/full_plan/raw/AU001291.json,1112276
AU001292,/home/tahiti/AgentUnlearn/outputs/full_plan/raw/AU001292.json,1193532
AU001293,/home/tahiti/AgentUnlearn/outputs/full_plan/raw/AU001293.json,1004997
AU001294,/home/tahiti/AgentUnlearn/outputs/full_plan/raw/AU001294.json,1087867
AU001295,/home/tahiti/AgentUnlearn/outputs/full_plan/raw/AU001295.json,1109960
AU001296,/home/tahiti/AgentUnlearn/outputs/full_plan/raw/AU001296.json,1006707
AU001297,/home/tahiti/AgentUnlearn/outputs/full_plan/raw/AU001297.json,941155
AU001298,/home/tahiti/AgentUnlearn/outputs/full_plan/raw/AU001298.json,511806
AU001299,/home/tahiti/AgentUnlearn/outputs/full_plan/raw/AU001299.json,833404
AU001300,/home/tahiti/AgentUnlearn/outputs/full_plan/raw/AU001300.json,855668
AU001301,/home/tahiti/AgentUnlearn/outputs/full_plan/raw/AU001301.json,941160
AU001302,/home/tahiti/AgentUnlearn/outputs/full_plan/raw/AU001302.json,749609
AU001303,/home/tahiti/AgentUnlearn/outputs/full_plan/raw/AU001303.json,833411
AU001304,/home/tahiti/AgentUnlearn/outputs/full_plan/raw/AU001304.json,855667
AU001305,/home/tahiti/AgentUnlearn/outputs/full_plan/raw/AU001305.json,749611
AU001306,/home/tahiti/AgentUnlearn/outputs/full_plan/raw/AU001306.json,977762
AU001307,/home/tahiti/AgentUnlearn/outputs/full_plan/raw/AU001307.json,561200
AU001308,/home/tahiti/AgentUnlearn/outputs/full_plan/raw/AU001308.json,873397
AU001309,/home/tahiti/AgentUnlearn/outputs/full_plan/raw/AU001309.json,878246
AU001310,/home/tahiti/AgentUnlearn/outputs/full_plan/raw/AU001310.json,977773
AU001311,/home/tahiti/AgentUnlearn/outputs/full_plan/raw/AU001311.json,776564
AU001312,/home/tahiti/AgentUnlearn/outputs/full_plan/raw/AU001312.json,873397
AU001313,/home/tahiti/AgentUnlearn/outputs/full_plan/raw/AU001313.json,878251
AU001314,/home/tahiti/AgentUnlearn/outputs/full_plan/raw/AU001314.json,776554
AU001315,/home/tahiti/AgentUnlearn/outputs/full_plan/raw/AU001315.json,1012799
AU001316,/home/tahiti/AgentUnlearn/outputs/full_plan/raw/AU001316.json,600680
AU001317,/home/tahiti/AgentUnlearn/outputs/full_plan/raw/AU001317.json,909951
AU001318,/home/tahiti/AgentUnlearn/outputs/full_plan/raw/AU001318.json,915057
AU001319,/home/tahiti/AgentUnlearn/outputs/full_plan/raw/AU001319.json,1012844
AU001320,/home/tahiti/AgentUnlearn/outputs/full_plan/raw/AU001320.json,809021
AU001321,/home/tahiti/AgentUnlearn/outputs/full_plan/raw/AU001321.json,910023
AU001322,/home/tahiti/AgentUnlearn/outputs/full_plan/raw/AU001322.json,917381
AU001323,/home/tahiti/AgentUnlearn/outputs/full_plan/raw/AU001323.json,810816
AU001324,/home/tahiti/AgentUnlearn/outputs/full_plan/raw/AU001324.json,3075512
AU001325,/home/tahiti/AgentUnlearn/outputs/full_plan/raw/AU001325.json,1847706
AU001326,/home/tahiti/AgentUnlearn/outputs/full_plan/raw/AU001326.json,2766656
AU001327,/home/tahiti/AgentUnlearn/outputs/full_plan/raw/AU001327.json,2777924
AU001328,/home/tahiti/AgentUnlearn/outputs/full_plan/raw/AU001328.json,3093927
AU001329,/home/tahiti/AgentUnlearn/outputs/full_plan/raw/AU001329.json,2471200
AU001330,/home/tahiti/AgentUnlearn/outputs/full_plan/raw/AU001330.json,2788698
AU001331,/home/tahiti/AgentUnlearn/outputs/full_plan/raw/AU001331.json,2794637
AU001332,/home/tahiti/AgentUnlearn/outputs/full_plan/raw/AU001332.json,2482221
AU001333,/home/tahiti/AgentUnlearn/outputs/full_plan/raw/AU001333.json,1263041
AU001334,/home/tahiti/AgentUnlearn/outputs/full_plan/raw/AU001334.json,747660
AU001335,/home/tahiti/AgentUnlearn/outputs/full_plan/raw/AU001335.json,1159576
AU001336,/home/tahiti/AgentUnlearn/outputs/full_plan/raw/AU001336.json,1165794
AU001337,/home/tahiti/AgentUnlearn/outputs/full_plan/raw/AU001337.json,1263204
AU001338,/home/tahiti/AgentUnlearn/outputs/full_plan/raw/AU001338.json,1054914
AU001339,/home/tahiti/AgentUnlearn/outputs/full_plan/raw/AU001339.json,1160752
AU001340,/home/tahiti/AgentUnlearn/outputs/full_plan/raw/AU001340.json,1163453
AU001341,/home/tahiti/AgentUnlearn/outputs/full_plan/raw/AU001341.json,1063848
AU001342,/home/tahiti/AgentUnlearn/outputs/full_plan/raw/AU001342.json,993733
AU001343,/home/tahiti/AgentUnlearn/outputs/full_plan/raw/AU001343.json,581075
AU001344,/home/tahiti/AgentUnlearn/outputs/full_plan/raw/AU001344.json,890532
AU001345,/home/tahiti/AgentUnlearn/outputs/full_plan/raw/AU001345.json,896679
AU001346,/home/tahiti/AgentUnlearn/outputs/full_plan/raw/AU001346.json,993748
AU001347,/home/tahiti/AgentUnlearn/outputs/full_plan/raw/AU001347.json,792387
AU001348,/home/tahiti/AgentUnlearn/outputs/full_plan/raw/AU001348.json,890535
AU001349,/home/tahiti/AgentUnlearn/outputs/full_plan/raw/AU001349.json,896679
AU001350,/home/tahiti/AgentUnlearn/outputs/full_plan/raw/AU001350.json,792374
AU001351,/home/tahiti/AgentUnlearn/outputs/full_plan/raw/AU001351.json,397213
AU001352,/home/tahiti/AgentUnlearn/outputs/full_plan/raw/AU001352.json,330653
AU001353,/home/tahiti/AgentUnlearn/outputs/full_plan/raw/AU001353.json,382383
AU001354,/home/tahiti/AgentUnlearn/outputs/full_plan/raw/AU001354.json,379588
AU001355,/home/tahiti/AgentUnlearn/outputs/full_plan/raw/AU001355.json,397235
AU001356,/home/tahiti/AgentUnlearn/outputs/full_plan/raw/AU001356.json,366736
AU001357,/home/tahiti/AgentUnlearn/outputs/full_plan/raw/AU001357.json,382386
AU001358,/home/tahiti/AgentUnlearn/outputs/full_plan/raw/AU001358.json,379595
AU001359,/home/tahiti/AgentUnlearn/outputs/full_plan/raw/AU001359.json,366735
AU001360,/home/tahiti/AgentUnlearn/outputs/full_plan/raw/AU001360.json,465506
AU001361,/home/tahiti/AgentUnlearn/outputs/full_plan/raw/AU001361.json,427511
AU001362,/home/tahiti/AgentUnlearn/outputs/full_plan/raw/AU001362.json,449295
AU001363,/home/tahiti/AgentUnlearn/outputs/full_plan/raw/AU001363.json,449028
AU001364,/home/tahiti/AgentUnlearn/outputs/full_plan/raw/AU001364.json,469201
AU001365,/home/tahiti/AgentUnlearn/outputs/full_plan/raw/AU001365.json,433751
AU001366,/home/tahiti/AgentUnlearn/outputs/full_plan/raw/AU001366.json,464078
AU001367,/home/tahiti/AgentUnlearn/outputs/full_plan/raw/AU001367.json,451124
AU001368,/home/tahiti/AgentUnlearn/outputs/full_plan/raw/AU001368.json,457360
AU001369,/home/tahiti/AgentUnlearn/outputs/full_plan/raw/AU001369.json,1487722
AU001370,/home/tahiti/AgentUnlearn/outputs/full_plan/raw/AU001370.json,1384441
AU001371,/home/tahiti/AgentUnlearn/outputs/full_plan/raw/AU001371.json,1467586
AU001372,/home/tahiti/AgentUnlearn/outputs/full_plan/raw/AU001372.json,1418236
AU001373,/home/tahiti/AgentUnlearn/outputs/full_plan/raw/AU001373.json,1498728
AU001374,/home/tahiti/AgentUnlearn/outputs/full_plan/raw/AU001374.json,1407635
AU001375,/home/tahiti/AgentUnlearn/outputs/full_plan/raw/AU001375.json,1506369
AU001376,/home/tahiti/AgentUnlearn/outputs/full_plan/raw/AU001376.json,1443025
AU001377,/home/tahiti/AgentUnlearn/outputs/full_plan/raw/AU001377.json,1449112
AU001378,/home/tahiti/AgentUnlearn/outputs/full_plan/raw/AU001378.json,577719
AU001379,/home/tahiti/AgentUnlearn/outputs/full_plan/raw/AU001379.json,514055
AU001380,/home/tahiti/AgentUnlearn/outputs/full_plan/raw/AU001380.json,558641
AU001381,/home/tahiti/AgentUnlearn/outputs/full_plan/raw/AU001381.json,567950
AU001382,/home/tahiti/AgentUnlearn/outputs/full_plan/raw/AU001382.json,584921
AU001383,/home/tahiti/AgentUnlearn/outputs/full_plan/raw/AU001383.json,541172
AU001384,/home/tahiti/AgentUnlearn/outputs/full_plan/raw/AU001384.json,576948
AU001385,/home/tahiti/AgentUnlearn/outputs/full_plan/raw/AU001385.json,562854
AU001386,/home/tahiti/AgentUnlearn/outputs/full_plan/raw/AU001386.json,574581
AU001387,/home/tahiti/AgentUnlearn/outputs/full_plan/raw/AU001387.json,432534
AU001388,/home/tahiti/AgentUnlearn/outputs/full_plan/raw/AU001388.json,382624
AU001389,/home/tahiti/AgentUnlearn/outputs/full_plan/raw/AU001389.json,423432
AU001390,/home/tahiti/AgentUnlearn/outputs/full_plan/raw/AU001390.json,416527
AU001391,/home/tahiti/AgentUnlearn/outputs/full_plan/raw/AU001391.json,432541
AU001392,/home/tahiti/AgentUnlearn/outputs/full_plan/raw/AU001392.json,406097
AU001393,/home/tahiti/AgentUnlearn/outputs/full_plan/raw/AU001393.json,423434
AU001394,/home/tahiti/AgentUnlearn/outputs/full_plan/raw/AU001394.json,416535
AU001395,/home/tahiti/AgentUnlearn/outputs/full_plan/raw/AU001395.json,406075
AU001396,/home/tahiti/AgentUnlearn/outputs/full_plan/raw/AU001396.json,386718
AU001397,/home/tahiti/AgentUnlearn/outputs/full_plan/raw/AU001397.json,326429
AU001398,/home/tahiti/AgentUnlearn/outputs/full_plan/raw/AU001398.json,372581
AU001399,/home/tahiti/AgentUnlearn/outputs/full_plan/raw/AU001399.json,367865
AU001400,/home/tahiti/AgentUnlearn/outputs/full_plan/raw/AU001400.json,386723
AU001401,/home/tahiti/AgentUnlearn/outputs/full_plan/raw/AU001401.json,354387
AU001402,/home/tahiti/AgentUnlearn/outputs/full_plan/raw/AU001402.json,372587
AU001403,/home/tahiti/AgentUnlearn/outputs/full_plan/raw/AU001403.json,367864
AU001404,/home/tahiti/AgentUnlearn/outputs/full_plan/raw/AU001404.json,354371
AU001405,/home/tahiti/AgentUnlearn/outputs/full_plan/raw/AU001405.json,435113
AU001406,/home/tahiti/AgentUnlearn/outputs/full_plan/raw/AU001406.json,383573
AU001407,/home/tahiti/AgentUnlearn/outputs/full_plan/raw/AU001407.json,422355
AU001408,/home/tahiti/AgentUnlearn/outputs/full_plan/raw/AU001408.json,416866
AU001409,/home/tahiti/AgentUnlearn/outputs/full_plan/raw/AU001409.json,437250
AU001410,/home/tahiti/AgentUnlearn/outputs/full_plan/raw/AU001410.json,401606
AU001411,/home/tahiti/AgentUnlearn/outputs/full_plan/raw/AU001411.json,425900
AU001412,/home/tahiti/AgentUnlearn/outputs/full_plan/raw/AU001412.json,420612
AU001413,/home/tahiti/AgentUnlearn/outputs/full_plan/raw/AU001413.json,408137
AU001414,/home/tahiti/AgentUnlearn/outputs/full_plan/raw/AU001414.json,1350134
AU001415,/home/tahiti/AgentUnlearn/outputs/full_plan/raw/AU001415.json,1218967
AU001416,/home/tahiti/AgentUnlearn/outputs/full_plan/raw/AU001416.json,1356700
AU001417,/home/tahiti/AgentUnlearn/outputs/full_plan/raw/AU001417.json,1284486
AU001418,/home/tahiti/AgentUnlearn/outputs/full_plan/raw/AU001418.json,1387664
AU001419,/home/tahiti/AgentUnlearn/outputs/full_plan/raw/AU001419.json,1310265
AU001420,/home/tahiti/AgentUnlearn/outputs/full_plan/raw/AU001420.json,1388938
AU001421,/home/tahiti/AgentUnlearn/outputs/full_plan/raw/AU001421.json,1325287
AU001422,/home/tahiti/AgentUnlearn/outputs/full_plan/raw/AU001422.json,1347415
AU001423,/home/tahiti/AgentUnlearn/outputs/full_plan/raw/AU001423.json,538395
AU001424,/home/tahiti/AgentUnlearn/outputs/full_plan/raw/AU001424.json,473346
AU001425,/home/tahiti/AgentUnlearn/outputs/full_plan/raw/AU001425.json,533455
AU001426,/home/tahiti/AgentUnlearn/outputs/full_plan/raw/AU001426.json,517650
AU001427,/home/tahiti/AgentUnlearn/outputs/full_plan/raw/AU001427.json,540200
AU001428,/home/tahiti/AgentUnlearn/outputs/full_plan/raw/AU001428.json,515321
AU001429,/home/tahiti/AgentUnlearn/outputs/full_plan/raw/AU001429.json,536996
AU001430,/home/tahiti/AgentUnlearn/outputs/full_plan/raw/AU001430.json,520378
AU001431,/home/tahiti/AgentUnlearn/outputs/full_plan/raw/AU001431.json,514844
AU001432,/home/tahiti/AgentUnlearn/outputs/full_plan/raw/AU001432.json,414634
AU001433,/home/tahiti/AgentUnlearn/outputs/full_plan/raw/AU001433.json,359635
AU001434,/home/tahiti/AgentUnlearn/outputs/full_plan/raw/AU001434.json,402833
AU001435,/home/tahiti/AgentUnlearn/outputs/full_plan/raw/AU001435.json,395102
AU001436,/home/tahiti/AgentUnlearn/outputs/full_plan/raw/AU001436.json,414649
AU001437,/home/tahiti/AgentUnlearn/outputs/full_plan/raw/AU001437.json,383046
AU001438,/home/tahiti/AgentUnlearn/outputs/full_plan/raw/AU001438.json,402844
AU001439,/home/tahiti/AgentUnlearn/outputs/full_plan/raw/AU001439.json,395112
AU001440,/home/tahiti/AgentUnlearn/outputs/full_plan/raw/AU001440.json,383043
AU001441,/home/tahiti/AgentUnlearn/outputs/full_plan/raw/AU001441.json,364956
AU001442,/home/tahiti/AgentUnlearn/outputs/full_plan/raw/AU001442.json,303646
AU001443,/home/tahiti/AgentUnlearn/outputs/full_plan/raw/AU001443.json,350938
AU001444,/home/tahiti/AgentUnlearn/outputs/full_plan/raw/AU001444.json,346967
AU001445,/home/tahiti/AgentUnlearn/outputs/full_plan/raw/AU001445.json,364963
AU001446,/home/tahiti/AgentUnlearn/outputs/full_plan/raw/AU001446.json,334531
AU001447,/home/tahiti/AgentUnlearn/outputs/full_plan/raw/AU001447.json,350937
AU001448,/home/tahiti/AgentUnlearn/outputs/full_plan/raw/AU001448.json,346961
AU001449,/home/tahiti/AgentUnlearn/outputs/full_plan/raw/AU001449.json,334512
AU001450,/home/tahiti/AgentUnlearn/outputs/full_plan/raw/AU001450.json,441128
AU001451,/home/tahiti/AgentUnlearn/outputs/full_plan/raw/AU001451.json,377907
AU001452,/home/tahiti/AgentUnlearn/outputs/full_plan/raw/AU001452.json,418806
AU001453,/home/tahiti/AgentUnlearn/outputs/full_plan/raw/AU001453.json,425632
AU001454,/home/tahiti/AgentUnlearn/outputs/full_plan/raw/AU001454.json,442305
AU001455,/home/tahiti/AgentUnlearn/outputs/full_plan/raw/AU001455.json,401115
AU001456,/home/tahiti/AgentUnlearn/outputs/full_plan/raw/AU001456.json,421790
AU001457,/home/tahiti/AgentUnlearn/outputs/full_plan/raw/AU001457.json,427003
AU001458,/home/tahiti/AgentUnlearn/outputs/full_plan/raw/AU001458.json,407379
AU001459,/home/tahiti/AgentUnlearn/outputs/full_plan/raw/AU001459.json,1314571
AU001460,/home/tahiti/AgentUnlearn/outputs/full_plan/raw/AU001460.json,1155627
AU001461,/home/tahiti/AgentUnlearn/outputs/full_plan/raw/AU001461.json,1306130
AU001462,/home/tahiti/AgentUnlearn/outputs/full_plan/raw/AU001462.json,1267884
AU001463,/home/tahiti/AgentUnlearn/outputs/full_plan/raw/AU001463.json,1334271
AU001464,/home/tahiti/AgentUnlearn/outputs/full_plan/raw/AU001464.json,1281754
AU001465,/home/tahiti/AgentUnlearn/outputs/full_plan/raw/AU001465.json,1339865
AU001466,/home/tahiti/AgentUnlearn/outputs/full_plan/raw/AU001466.json,1280592
AU001467,/home/tahiti/AgentUnlearn/outputs/full_plan/raw/AU001467.json,1305172
AU001468,/home/tahiti/AgentUnlearn/outputs/full_plan/raw/AU001468.json,532821
AU001469,/home/tahiti/AgentUnlearn/outputs/full_plan/raw/AU001469.json,458965
AU001470,/home/tahiti/AgentUnlearn/outputs/full_plan/raw/AU001470.json,510042
AU001471,/home/tahiti/AgentUnlearn/outputs/full_plan/raw/AU001471.json,516755
AU001472,/home/tahiti/AgentUnlearn/outputs/full_plan/raw/AU001472.json,531235
AU001473,/home/tahiti/AgentUnlearn/outputs/full_plan/raw/AU001473.json,495163
AU001474,/home/tahiti/AgentUnlearn/outputs/full_plan/raw/AU001474.json,512367
AU001475,/home/tahiti/AgentUnlearn/outputs/full_plan/raw/AU001475.json,514627
AU001476,/home/tahiti/AgentUnlearn/outputs/full_plan/raw/AU001476.json,500903
AU001477,/home/tahiti/AgentUnlearn/outputs/full_plan/raw/AU001477.json,400889
AU001478,/home/tahiti/AgentUnlearn/outputs/full_plan/raw/AU001478.json,347442
AU001479,/home/tahiti/AgentUnlearn/outputs/full_plan/raw/AU001479.json,389370
AU001480,/home/tahiti/AgentUnlearn/outputs/full_plan/raw/AU001480.json,383769
AU001481,/home/tahiti/AgentUnlearn/outputs/full_plan/raw/AU001481.json,400910
AU001482,/home/tahiti/AgentUnlearn/outputs/full_plan/raw/AU001482.json,374082
AU001483,/home/tahiti/AgentUnlearn/outputs/full_plan/raw/AU001483.json,389370
AU001484,/home/tahiti/AgentUnlearn/outputs/full_plan/raw/AU001484.json,383764
AU001485,/home/tahiti/AgentUnlearn/outputs/full_plan/raw/AU001485.json,374073
AU001486,/home/tahiti/AgentUnlearn/outputs/full_plan/raw/AU001486.json,1907175
AU001487,/home/tahiti/AgentUnlearn/outputs/full_plan/raw/AU001487.json,1495193
AU001488,/home/tahiti/AgentUnlearn/outputs/full_plan/raw/AU001488.json,1805242
AU001489,/home/tahiti/AgentUnlearn/outputs/full_plan/raw/AU001489.json,1801949
AU001490,/home/tahiti/AgentUnlearn/outputs/full_plan/raw/AU001490.json,1907182
AU001491,/home/tahiti/AgentUnlearn/outputs/full_plan/raw/AU001491.json,1701414
AU001492,/home/tahiti/AgentUnlearn/outputs/full_plan/raw/AU001492.json,1805247
AU001493,/home/tahiti/AgentUnlearn/outputs/full_plan/raw/AU001493.json,1801961
AU001494,/home/tahiti/AgentUnlearn/outputs/full_plan/raw/AU001494.json,1701400
AU001495,/home/tahiti/AgentUnlearn/outputs/full_plan/raw/AU001495.json,1923305
AU001496,/home/tahiti/AgentUnlearn/outputs/full_plan/raw/AU001496.json,1515694
AU001497,/home/tahiti/AgentUnlearn/outputs/full_plan/raw/AU001497.json,1819254
AU001498,/home/tahiti/AgentUnlearn/outputs/full_plan/raw/AU001498.json,1817845
AU001499,/home/tahiti/AgentUnlearn/outputs/full_plan/raw/AU001499.json,1923313
AU001500,/home/tahiti/AgentUnlearn/outputs/full_plan/raw/AU001500.json,1714001
AU001501,/home/tahiti/AgentUnlearn/outputs/full_plan/raw/AU001501.json,1819254
AU001502,/home/tahiti/AgentUnlearn/outputs/full_plan/raw/AU001502.json,1817859
AU001503,/home/tahiti/AgentUnlearn/outputs/full_plan/raw/AU001503.json,1713996
AU001504,/home/tahiti/AgentUnlearn/outputs/full_plan/raw/AU001504.json,5769080
AU001505,/home/tahiti/AgentUnlearn/outputs/full_plan/raw/AU001505.json,4533205
AU001506,/home/tahiti/AgentUnlearn/outputs/full_plan/raw/AU001506.json,5459778
AU001507,/home/tahiti/AgentUnlearn/outputs/full_plan/raw/AU001507.json,5454563
AU001508,/home/tahiti/AgentUnlearn/outputs/full_plan/raw/AU001508.json,5769079
AU001509,/home/tahiti/AgentUnlearn/outputs/full_plan/raw/AU001509.json,5157200
AU001510,/home/tahiti/AgentUnlearn/outputs/full_plan/raw/AU001510.json,5459785
AU001511,/home/tahiti/AgentUnlearn/outputs/full_plan/raw/AU001511.json,5454536
AU001512,/home/tahiti/AgentUnlearn/outputs/full_plan/raw/AU001512.json,5158466
AU001513,/home/tahiti/AgentUnlearn/outputs/full_plan/raw/AU001513.json,2407772
AU001514,/home/tahiti/AgentUnlearn/outputs/full_plan/raw/AU001514.json,1889704
AU001515,/home/tahiti/AgentUnlearn/outputs/full_plan/raw/AU001515.json,2303726
AU001516,/home/tahiti/AgentUnlearn/outputs/full_plan/raw/AU001516.json,2302161
AU001517,/home/tahiti/AgentUnlearn/outputs/full_plan/raw/AU001517.json,2407782
AU001518,/home/tahiti/AgentUnlearn/outputs/full_plan/raw/AU001518.json,2198125
AU001519,/home/tahiti/AgentUnlearn/outputs/full_plan/raw/AU001519.json,2303730
AU001520,/home/tahiti/AgentUnlearn/outputs/full_plan/raw/AU001520.json,2302167
AU001521,/home/tahiti/AgentUnlearn/outputs/full_plan/raw/AU001521.json,2198119
AU001522,/home/tahiti/AgentUnlearn/outputs/full_plan/raw/AU001522.json,1917091
AU001523,/home/tahiti/AgentUnlearn/outputs/full_plan/raw/AU001523.json,1508918
AU001524,/home/tahiti/AgentUnlearn/outputs/full_plan/raw/AU001524.json,1815779
AU001525,/home/tahiti/AgentUnlearn/outputs/full_plan/raw/AU001525.json,1812189
AU001526,/home/tahiti/AgentUnlearn/outputs/full_plan/raw/AU001526.json,1917099
AU001527,/home/tahiti/AgentUnlearn/outputs/full_plan/raw/AU001527.json,1712514
AU001528,/home/tahiti/AgentUnlearn/outputs/full_plan/raw/AU001528.json,1815780
AU001529,/home/tahiti/AgentUnlearn/outputs/full_plan/raw/AU001529.json,1812191
AU001530,/home/tahiti/AgentUnlearn/outputs/full_plan/raw/AU001530.json,1712502
AU001531,/home/tahiti/AgentUnlearn/outputs/full_plan/raw/AU001531.json,2701357
AU001532,/home/tahiti/AgentUnlearn/outputs/full_plan/raw/AU001532.json,2071115
AU001533,/home/tahiti/AgentUnlearn/outputs/full_plan/raw/AU001533.json,2544433
AU001534,/home/tahiti/AgentUnlearn/outputs/full_plan/raw/AU001534.json,2544214
AU001535,/home/tahiti/AgentUnlearn/outputs/full_plan/raw/AU001535.json,2701362
AU001536,/home/tahiti/AgentUnlearn/outputs/full_plan/raw/AU001536.json,2386235
AU001537,/home/tahiti/AgentUnlearn/outputs/full_plan/raw/AU001537.json,2544433
AU001538,/home/tahiti/AgentUnlearn/outputs/full_plan/raw/AU001538.json,2544220
AU001539,/home/tahiti/AgentUnlearn/outputs/full_plan/raw/AU001539.json,2386232
AU001540,/home/tahiti/AgentUnlearn/outputs/full_plan/raw/AU001540.json,2718542
AU001541,/home/tahiti/AgentUnlearn/outputs/full_plan/raw/AU001541.json,2092136
AU001542,/home/tahiti/AgentUnlearn/outputs/full_plan/raw/AU001542.json,2560545
AU001543,/home/tahiti/AgentUnlearn/outputs/full_plan/raw/AU001543.json,2559856
AU001544,/home/tahiti/AgentUnlearn/outputs/full_plan/raw/AU001544.json,2720012
AU001545,/home/tahiti/AgentUnlearn/outputs/full_plan/raw/AU001545.json,2401662
AU001546,/home/tahiti/AgentUnlearn/outputs/full_plan/raw/AU001546.json,2563818
AU001547,/home/tahiti/AgentUnlearn/outputs/full_plan/raw/AU001547.json,2561303
AU001548,/home/tahiti/AgentUnlearn/outputs/full_plan/raw/AU001548.json,2404972
AU001549,/home/tahiti/AgentUnlearn/outputs/full_plan/raw/AU001549.json,8136819
AU001550,/home/tahiti/AgentUnlearn/outputs/full_plan/raw/AU001550.json,6286327
AU001551,/home/tahiti/AgentUnlearn/outputs/full_plan/raw/AU001551.json,7683501
AU001552,/home/tahiti/AgentUnlearn/outputs/full_plan/raw/AU001552.json,7663577
AU001553,/home/tahiti/AgentUnlearn/outputs/full_plan/raw/AU001553.json,8145178
AU001554,/home/tahiti/AgentUnlearn/outputs/full_plan/raw/AU001554.json,7194008
AU001555,/home/tahiti/AgentUnlearn/outputs/full_plan/raw/AU001555.json,7692094
AU001556,/home/tahiti/AgentUnlearn/outputs/full_plan/raw/AU001556.json,7671131
AU001557,/home/tahiti/AgentUnlearn/outputs/full_plan/raw/AU001557.json,7205605
AU001558,/home/tahiti/AgentUnlearn/outputs/full_plan/raw/AU001558.json,3397687
AU001559,/home/tahiti/AgentUnlearn/outputs/full_plan/raw/AU001559.json,2617619
AU001560,/home/tahiti/AgentUnlearn/outputs/full_plan/raw/AU001560.json,3239514
AU001561,/home/tahiti/AgentUnlearn/outputs/full_plan/raw/AU001561.json,3238818
AU001562,/home/tahiti/AgentUnlearn/outputs/full_plan/raw/AU001562.json,3398423
AU001563,/home/tahiti/AgentUnlearn/outputs/full_plan/raw/AU001563.json,3080624
AU001564,/home/tahiti/AgentUnlearn/outputs/full_plan/raw/AU001564.json,3246344
AU001565,/home/tahiti/AgentUnlearn/outputs/full_plan/raw/AU001565.json,3239547
AU001566,/home/tahiti/AgentUnlearn/outputs/full_plan/raw/AU001566.json,3083406
AU001567,/home/tahiti/AgentUnlearn/outputs/full_plan/raw/AU001567.json,2712271
AU001568,/home/tahiti/AgentUnlearn/outputs/full_plan/raw/AU001568.json,2083211
AU001569,/home/tahiti/AgentUnlearn/outputs/full_plan/raw/AU001569.json,2555570
AU001570,/home/tahiti/AgentUnlearn/outputs/full_plan/raw/AU001570.json,2555794
AU001571,/home/tahiti/AgentUnlearn/outputs/full_plan/raw/AU001571.json,2712278
AU001572,/home/tahiti/AgentUnlearn/outputs/full_plan/raw/AU001572.json,2398979
AU001573,/home/tahiti/AgentUnlearn/outputs/full_plan/raw/AU001573.json,2555574
AU001574,/home/tahiti/AgentUnlearn/outputs/full_plan/raw/AU001574.json,2555792
AU001575,/home/tahiti/AgentUnlearn/outputs/full_plan/raw/AU001575.json,2398972
AU001576,/home/tahiti/AgentUnlearn/outputs/full_plan/raw/AU001576.json,1034611
AU001577,/home/tahiti/AgentUnlearn/outputs/full_plan/raw/AU001577.json,636910
AU001578,/home/tahiti/AgentUnlearn/outputs/full_plan/raw/AU001578.json,935001
AU001579,/home/tahiti/AgentUnlearn/outputs/full_plan/raw/AU001579.json,919707
AU001580,/home/tahiti/AgentUnlearn/outputs/full_plan/raw/AU001580.json,1034610
AU001581,/home/tahiti/AgentUnlearn/outputs/full_plan/raw/AU001581.json,821349
AU001582,/home/tahiti/AgentUnlearn/outputs/full_plan/raw/AU001582.json,934999
AU001583,/home/tahiti/AgentUnlearn/outputs/full_plan/raw/AU001583.json,919702
AU001584,/home/tahiti/AgentUnlearn/outputs/full_plan/raw/AU001584.json,821357
AU001585,/home/tahiti/AgentUnlearn/outputs/full_plan/raw/AU001585.json,1054567
AU001586,/home/tahiti/AgentUnlearn/outputs/full_plan/raw/AU001586.json,658097
AU001587,/home/tahiti/AgentUnlearn/outputs/full_plan/raw/AU001587.json,955326
AU001588,/home/tahiti/AgentUnlearn/outputs/full_plan/raw/AU001588.json,939658
AU001589,/home/tahiti/AgentUnlearn/outputs/full_plan/raw/AU001589.json,1054561
AU001590,/home/tahiti/AgentUnlearn/outputs/full_plan/raw/AU001590.json,845201
AU001591,/home/tahiti/AgentUnlearn/outputs/full_plan/raw/AU001591.json,955329
AU001592,/home/tahiti/AgentUnlearn/outputs/full_plan/raw/AU001592.json,939665
AU001593,/home/tahiti/AgentUnlearn/outputs/full_plan/raw/AU001593.json,845181
AU001594,/home/tahiti/AgentUnlearn/outputs/full_plan/raw/AU001594.json,3201304
AU001595,/home/tahiti/AgentUnlearn/outputs/full_plan/raw/AU001595.json,2066914
AU001596,/home/tahiti/AgentUnlearn/outputs/full_plan/raw/AU001596.json,2922485
AU001597,/home/tahiti/AgentUnlearn/outputs/full_plan/raw/AU001597.json,2870197
AU001598,/home/tahiti/AgentUnlearn/outputs/full_plan/raw/AU001598.json,3201226
AU001599,/home/tahiti/AgentUnlearn/outputs/full_plan/raw/AU001599.json,2620492
AU001600,/home/tahiti/AgentUnlearn/outputs/full_plan/raw/AU001600.json,2923447
AU001601,/home/tahiti/AgentUnlearn/outputs/full_plan/raw/AU001601.json,2870711
AU001602,/home/tahiti/AgentUnlearn/outputs/full_plan/raw/AU001602.json,2623936
AU001603,/home/tahiti/AgentUnlearn/outputs/full_plan/raw/AU001603.json,1327518
AU001604,/home/tahiti/AgentUnlearn/outputs/full_plan/raw/AU001604.json,829634
AU001605,/home/tahiti/AgentUnlearn/outputs/full_plan/raw/AU001605.json,1226052
AU001606,/home/tahiti/AgentUnlearn/outputs/full_plan/raw/AU001606.json,1210629
AU001607,/home/tahiti/AgentUnlearn/outputs/full_plan/raw/AU001607.json,1327529
AU001608,/home/tahiti/AgentUnlearn/outputs/full_plan/raw/AU001608.json,1111182
AU001609,/home/tahiti/AgentUnlearn/outputs/full_plan/raw/AU001609.json,1226063
AU001610,/home/tahiti/AgentUnlearn/outputs/full_plan/raw/AU001610.json,1210640
AU001611,/home/tahiti/AgentUnlearn/outputs/full_plan/raw/AU001611.json,1111157
AU001612,/home/tahiti/AgentUnlearn/outputs/full_plan/raw/AU001612.json,1048822
AU001613,/home/tahiti/AgentUnlearn/outputs/full_plan/raw/AU001613.json,652053
AU001614,/home/tahiti/AgentUnlearn/outputs/full_plan/raw/AU001614.json,949859
AU001615,/home/tahiti/AgentUnlearn/outputs/full_plan/raw/AU001615.json,934597
AU001616,/home/tahiti/AgentUnlearn/outputs/full_plan/raw/AU001616.json,1048827
AU001617,/home/tahiti/AgentUnlearn/outputs/full_plan/raw/AU001617.json,839667
AU001618,/home/tahiti/AgentUnlearn/outputs/full_plan/raw/AU001618.json,949850
AU001619,/home/tahiti/AgentUnlearn/outputs/full_plan/raw/AU001619.json,934588
AU001620,/home/tahiti/AgentUnlearn/outputs/full_plan/raw/AU001620.json,839664
AU001621,/home/tahiti/AgentUnlearn/outputs/full_plan/raw/AU001621.json,910405
AU001622,/home/tahiti/AgentUnlearn/outputs/full_plan/raw/AU001622.json,564465
AU001623,/home/tahiti/AgentUnlearn/outputs/full_plan/raw/AU001623.json,823792
AU001624,/home/tahiti/AgentUnlearn/outputs/full_plan/raw/AU001624.json,815995
AU001625,/home/tahiti/AgentUnlearn/outputs/full_plan/raw/AU001625.json,910419
AU001626,/home/tahiti/AgentUnlearn/outputs/full_plan/raw/AU001626.json,729561
AU001627,/home/tahiti/AgentUnlearn/outputs/full_plan/raw/AU001627.json,823800
AU001628,/home/tahiti/AgentUnlearn/outputs/full_plan/raw/AU001628.json,815996
AU001629,/home/tahiti/AgentUnlearn/outputs/full_plan/raw/AU001629.json,729552
AU001630,/home/tahiti/AgentUnlearn/outputs/full_plan/raw/AU001630.json,941329
AU001631,/home/tahiti/AgentUnlearn/outputs/full_plan/raw/AU001631.json,582871
AU001632,/home/tahiti/AgentUnlearn/outputs/full_plan/raw/AU001632.json,843204
AU001633,/home/tahiti/AgentUnlearn/outputs/full_plan/raw/AU001633.json,834131
AU001634,/home/tahiti/AgentUnlearn/outputs/full_plan/raw/AU001634.json,930331
AU001635,/home/tahiti/AgentUnlearn/outputs/full_plan/raw/AU001635.json,747888
AU001636,/home/tahiti/AgentUnlearn/outputs/full_plan/raw/AU001636.json,843682
AU001637,/home/tahiti/AgentUnlearn/outputs/full_plan/raw/AU001637.json,835580
AU001638,/home/tahiti/AgentUnlearn/outputs/full_plan/raw/AU001638.json,752796
AU001639,/home/tahiti/AgentUnlearn/outputs/full_plan/raw/AU001639.json,2835814
AU001640,/home/tahiti/AgentUnlearn/outputs/full_plan/raw/AU001640.json,1781036
AU001641,/home/tahiti/AgentUnlearn/outputs/full_plan/raw/AU001641.json,2568299
AU001642,/home/tahiti/AgentUnlearn/outputs/full_plan/raw/AU001642.json,2552283
AU001643,/home/tahiti/AgentUnlearn/outputs/full_plan/raw/AU001643.json,2849873
AU001644,/home/tahiti/AgentUnlearn/outputs/full_plan/raw/AU001644.json,2310140
AU001645,/home/tahiti/AgentUnlearn/outputs/full_plan/raw/AU001645.json,2590388
AU001646,/home/tahiti/AgentUnlearn/outputs/full_plan/raw/AU001646.json,2571229
AU001647,/home/tahiti/AgentUnlearn/outputs/full_plan/raw/AU001647.json,2343671
AU001648,/home/tahiti/AgentUnlearn/outputs/full_plan/raw/AU001648.json,1164781
AU001649,/home/tahiti/AgentUnlearn/outputs/full_plan/raw/AU001649.json,729179
AU001650,/home/tahiti/AgentUnlearn/outputs/full_plan/raw/AU001650.json,1075341
AU001651,/home/tahiti/AgentUnlearn/outputs/full_plan/raw/AU001651.json,1068821
AU001652,/home/tahiti/AgentUnlearn/outputs/full_plan/raw/AU001652.json,1165059
AU001653,/home/tahiti/AgentUnlearn/outputs/full_plan/raw/AU001653.json,980430
AU001654,/home/tahiti/AgentUnlearn/outputs/full_plan/raw/AU001654.json,1076760
AU001655,/home/tahiti/AgentUnlearn/outputs/full_plan/raw/AU001655.json,1069101
AU001656,/home/tahiti/AgentUnlearn/outputs/full_plan/raw/AU001656.json,983779
AU001657,/home/tahiti/AgentUnlearn/outputs/full_plan/raw/AU001657.json,922441
AU001658,/home/tahiti/AgentUnlearn/outputs/full_plan/raw/AU001658.json,575494
AU001659,/home/tahiti/AgentUnlearn/outputs/full_plan/raw/AU001659.json,835406
AU001660,/home/tahiti/AgentUnlearn/outputs/full_plan/raw/AU001660.json,827759
AU001661,/home/tahiti/AgentUnlearn/outputs/full_plan/raw/AU001661.json,922445
AU001662,/home/tahiti/AgentUnlearn/outputs/full_plan/raw/AU001662.json,741372
AU001663,/home/tahiti/AgentUnlearn/outputs/full_plan/raw/AU001663.json,835418
AU001664,/home/tahiti/AgentUnlearn/outputs/full_plan/raw/AU001664.json,827764
AU001665,/home/tahiti/AgentUnlearn/outputs/full_plan/raw/AU001665.json,741365
AU001666,/home/tahiti/AgentUnlearn/outputs/full_plan/raw/AU001666.json,1110713
AU001667,/home/tahiti/AgentUnlearn/outputs/full_plan/raw/AU001667.json,690778
AU001668,/home/tahiti/AgentUnlearn/outputs/full_plan/raw/AU001668.json,1006308
AU001669,/home/tahiti/AgentUnlearn/outputs/full_plan/raw/AU001669.json,996787
AU001670,/home/tahiti/AgentUnlearn/outputs/full_plan/raw/AU001670.json,1110725
AU001671,/home/tahiti/AgentUnlearn/outputs/full_plan/raw/AU001671.json,888674
AU001672,/home/tahiti/AgentUnlearn/outputs/full_plan/raw/AU001672.json,1006318
AU001673,/home/tahiti/AgentUnlearn/outputs/full_plan/raw/AU001673.json,996792
AU001674,/home/tahiti/AgentUnlearn/outputs/full_plan/raw/AU001674.json,888659
AU001675,/home/tahiti/AgentUnlearn/outputs/full_plan/raw/AU001675.json,1145371
AU001676,/home/tahiti/AgentUnlearn/outputs/full_plan/raw/AU001676.json,738374
AU001677,/home/tahiti/AgentUnlearn/outputs/full_plan/raw/AU001677.json,1048747
AU001678,/home/tahiti/AgentUnlearn/outputs/full_plan/raw/AU001678.json,1033109
AU001679,/home/tahiti/AgentUnlearn/outputs/full_plan/raw/AU001679.json,1150598
AU001680,/home/tahiti/AgentUnlearn/outputs/full_plan/raw/AU001680.json,923187
AU001681,/home/tahiti/AgentUnlearn/outputs/full_plan/raw/AU001681.json,1059165
AU001682,/home/tahiti/AgentUnlearn/outputs/full_plan/raw/AU001682.json,1029222
AU001683,/home/tahiti/AgentUnlearn/outputs/full_plan/raw/AU001683.json,920943
AU001684,/home/tahiti/AgentUnlearn/outputs/full_plan/raw/AU001684.json,3526287
AU001685,/home/tahiti/AgentUnlearn/outputs/full_plan/raw/AU001685.json,2232957
AU001686,/home/tahiti/AgentUnlearn/outputs/full_plan/raw/AU001686.json,3220050
AU001687,/home/tahiti/AgentUnlearn/outputs/full_plan/raw/AU001687.json,3227010
AU001688,/home/tahiti/AgentUnlearn/outputs/full_plan/raw/AU001688.json,3553722
AU001689,/home/tahiti/AgentUnlearn/outputs/full_plan/raw/AU001689.json,2842183
AU001690,/home/tahiti/AgentUnlearn/outputs/full_plan/raw/AU001690.json,3238089
AU001691,/home/tahiti/AgentUnlearn/outputs/full_plan/raw/AU001691.json,3255130
AU001692,/home/tahiti/AgentUnlearn/outputs/full_plan/raw/AU001692.json,2870154
AU001693,/home/tahiti/AgentUnlearn/outputs/full_plan/raw/AU001693.json,1436242
AU001694,/home/tahiti/AgentUnlearn/outputs/full_plan/raw/AU001694.json,896539
AU001695,/home/tahiti/AgentUnlearn/outputs/full_plan/raw/AU001695.json,1320283
AU001696,/home/tahiti/AgentUnlearn/outputs/full_plan/raw/AU001696.json,1309389
AU001697,/home/tahiti/AgentUnlearn/outputs/full_plan/raw/AU001697.json,1431386
AU001698,/home/tahiti/AgentUnlearn/outputs/full_plan/raw/AU001698.json,1203149
AU001699,/home/tahiti/AgentUnlearn/outputs/full_plan/raw/AU001699.json,1329586
AU001700,/home/tahiti/AgentUnlearn/outputs/full_plan/raw/AU001700.json,1312313
AU001701,/home/tahiti/AgentUnlearn/outputs/full_plan/raw/AU001701.json,1218084
AU001702,/home/tahiti/AgentUnlearn/outputs/full_plan/raw/AU001702.json,1129241
AU001703,/home/tahiti/AgentUnlearn/outputs/full_plan/raw/AU001703.json,706457
AU001704,/home/tahiti/AgentUnlearn/outputs/full_plan/raw/AU001704.json,1023726
AU001705,/home/tahiti/AgentUnlearn/outputs/full_plan/raw/AU001705.json,1017141
AU001706,/home/tahiti/AgentUnlearn/outputs/full_plan/raw/AU001706.json,1129244
AU001707,/home/tahiti/AgentUnlearn/outputs/full_plan/raw/AU001707.json,907838
AU001708,/home/tahiti/AgentUnlearn/outputs/full_plan/raw/AU001708.json,1023738
AU001709,/home/tahiti/AgentUnlearn/outputs/full_plan/raw/AU001709.json,1017139
AU001710,/home/tahiti/AgentUnlearn/outputs/full_plan/raw/AU001710.json,907832
AU001711,/home/tahiti/AgentUnlearn/outputs/full_plan/raw/AU001711.json,1033246
AU001712,/home/tahiti/AgentUnlearn/outputs/full_plan/raw/AU001712.json,579730
AU001713,/home/tahiti/AgentUnlearn/outputs/full_plan/raw/AU001713.json,919747
AU001714,/home/tahiti/AgentUnlearn/outputs/full_plan/raw/AU001714.json,937715
AU001715,/home/tahiti/AgentUnlearn/outputs/full_plan/raw/AU001715.json,1033265
AU001716,/home/tahiti/AgentUnlearn/outputs/full_plan/raw/AU001716.json,824496
AU001717,/home/tahiti/AgentUnlearn/outputs/full_plan/raw/AU001717.json,919757
AU001718,/home/tahiti/AgentUnlearn/outputs/full_plan/raw/AU001718.json,937714
AU001719,/home/tahiti/AgentUnlearn/outputs/full_plan/raw/AU001719.json,824492
AU001720,/home/tahiti/AgentUnlearn/outputs/full_plan/raw/AU001720.json,1059409
AU001721,/home/tahiti/AgentUnlearn/outputs/full_plan/raw/AU001721.json,606311
AU001722,/home/tahiti/AgentUnlearn/outputs/full_plan/raw/AU001722.json,944982
AU001723,/home/tahiti/AgentUnlearn/outputs/full_plan/raw/AU001723.json,977961
AU001724,/home/tahiti/AgentUnlearn/outputs/full_plan/raw/AU001724.json,1060093
AU001725,/home/tahiti/AgentUnlearn/outputs/full_plan/raw/AU001725.json,851733
AU001726,/home/tahiti/AgentUnlearn/outputs/full_plan/raw/AU001726.json,945459
AU001727,/home/tahiti/AgentUnlearn/outputs/full_plan/raw/AU001727.json,978715
AU001728,/home/tahiti/AgentUnlearn/outputs/full_plan/raw/AU001728.json,853310
AU001729,/home/tahiti/AgentUnlearn/outputs/full_plan/raw/AU001729.json,3269466
AU001730,/home/tahiti/AgentUnlearn/outputs/full_plan/raw/AU001730.json,1841998
AU001731,/home/tahiti/AgentUnlearn/outputs/full_plan/raw/AU001731.json,2926154
AU001732,/home/tahiti/AgentUnlearn/outputs/full_plan/raw/AU001732.json,2978840
AU001733,/home/tahiti/AgentUnlearn/outputs/full_plan/raw/AU001733.json,3276044
AU001734,/home/tahiti/AgentUnlearn/outputs/full_plan/raw/AU001734.json,2648947
AU001735,/home/tahiti/AgentUnlearn/outputs/full_plan/raw/AU001735.json,2934525
AU001736,/home/tahiti/AgentUnlearn/outputs/full_plan/raw/AU001736.json,2993613
AU001737,/home/tahiti/AgentUnlearn/outputs/full_plan/raw/AU001737.json,2657255
AU001738,/home/tahiti/AgentUnlearn/outputs/full_plan/raw/AU001738.json,1330596
AU001739,/home/tahiti/AgentUnlearn/outputs/full_plan/raw/AU001739.json,763014
AU001740,/home/tahiti/AgentUnlearn/outputs/full_plan/raw/AU001740.json,1218115
AU001741,/home/tahiti/AgentUnlearn/outputs/full_plan/raw/AU001741.json,1236073
AU001742,/home/tahiti/AgentUnlearn/outputs/full_plan/raw/AU001742.json,1328481
AU001743,/home/tahiti/AgentUnlearn/outputs/full_plan/raw/AU001743.json,1126040
AU001744,/home/tahiti/AgentUnlearn/outputs/full_plan/raw/AU001744.json,1218709
AU001745,/home/tahiti/AgentUnlearn/outputs/full_plan/raw/AU001745.json,1237664
AU001746,/home/tahiti/AgentUnlearn/outputs/full_plan/raw/AU001746.json,1128754
AU001747,/home/tahiti/AgentUnlearn/outputs/full_plan/raw/AU001747.json,1049714
AU001748,/home/tahiti/AgentUnlearn/outputs/full_plan/raw/AU001748.json,595874
AU001749,/home/tahiti/AgentUnlearn/outputs/full_plan/raw/AU001749.json,935847
AU001750,/home/tahiti/AgentUnlearn/outputs/full_plan/raw/AU001750.json,954452
AU001751,/home/tahiti/AgentUnlearn/outputs/full_plan/raw/AU001751.json,1049722
AU001752,/home/tahiti/AgentUnlearn/outputs/full_plan/raw/AU001752.json,840632
AU001753,/home/tahiti/AgentUnlearn/outputs/full_plan/raw/AU001753.json,935852
AU001754,/home/tahiti/AgentUnlearn/outputs/full_plan/raw/AU001754.json,954457
AU001755,/home/tahiti/AgentUnlearn/outputs/full_plan/raw/AU001755.json,840628
AU001756,/home/tahiti/AgentUnlearn/outputs/full_plan/raw/AU001756.json,1181117
AU001757,/home/tahiti/AgentUnlearn/outputs/full_plan/raw/AU001757.json,686052
AU001758,/home/tahiti/AgentUnlearn/outputs/full_plan/raw/AU001758.json,1055764
AU001759,/home/tahiti/AgentUnlearn/outputs/full_plan/raw/AU001759.json,1059966
AU001760,/home/tahiti/AgentUnlearn/outputs/full_plan/raw/AU001760.json,1181125
AU001761,/home/tahiti/AgentUnlearn/outputs/full_plan/raw/AU001761.json,938592
AU001762,/home/tahiti/AgentUnlearn/outputs/full_plan/raw/AU001762.json,1055766
AU001763,/home/tahiti/AgentUnlearn/outputs/full_plan/raw/AU001763.json,1059961
AU001764,/home/tahiti/AgentUnlearn/outputs/full_plan/raw/AU001764.json,938599
AU001765,/home/tahiti/AgentUnlearn/outputs/full_plan/raw/AU001765.json,1217357
AU001766,/home/tahiti/AgentUnlearn/outputs/full_plan/raw/AU001766.json,715018
AU001767,/home/tahiti/AgentUnlearn/outputs/full_plan/raw/AU001767.json,1089389
AU001768,/home/tahiti/AgentUnlearn/outputs/full_plan/raw/AU001768.json,1098457
AU001769,/home/tahiti/AgentUnlearn/outputs/full_plan/raw/AU001769.json,1217989
AU001770,/home/tahiti/AgentUnlearn/outputs/full_plan/raw/AU001770.json,972189
AU001771,/home/tahiti/AgentUnlearn/outputs/full_plan/raw/AU001771.json,1091058
AU001772,/home/tahiti/AgentUnlearn/outputs/full_plan/raw/AU001772.json,1099434
AU001773,/home/tahiti/AgentUnlearn/outputs/full_plan/raw/AU001773.json,980271
AU001774,/home/tahiti/AgentUnlearn/outputs/full_plan/raw/AU001774.json,3678217
AU001775,/home/tahiti/AgentUnlearn/outputs/full_plan/raw/AU001775.json,2206472
AU001776,/home/tahiti/AgentUnlearn/outputs/full_plan/raw/AU001776.json,3325034
AU001777,/home/tahiti/AgentUnlearn/outputs/full_plan/raw/AU001777.json,3331247
AU001778,/home/tahiti/AgentUnlearn/outputs/full_plan/raw/AU001778.json,3691422
AU001779,/home/tahiti/AgentUnlearn/outputs/full_plan/raw/AU001779.json,2981202
AU001780,/home/tahiti/AgentUnlearn/outputs/full_plan/raw/AU001780.json,3339700
AU001781,/home/tahiti/AgentUnlearn/outputs/full_plan/raw/AU001781.json,3338081
AU001782,/home/tahiti/AgentUnlearn/outputs/full_plan/raw/AU001782.json,2991362
AU001783,/home/tahiti/AgentUnlearn/outputs/full_plan/raw/AU001783.json,1529582
AU001784,/home/tahiti/AgentUnlearn/outputs/full_plan/raw/AU001784.json,898802
AU001785,/home/tahiti/AgentUnlearn/outputs/full_plan/raw/AU001785.json,1399743
AU001786,/home/tahiti/AgentUnlearn/outputs/full_plan/raw/AU001786.json,1411717
AU001787,/home/tahiti/AgentUnlearn/outputs/full_plan/raw/AU001787.json,1534214
AU001788,/home/tahiti/AgentUnlearn/outputs/full_plan/raw/AU001788.json,1284771
AU001789,/home/tahiti/AgentUnlearn/outputs/full_plan/raw/AU001789.json,1402879
AU001790,/home/tahiti/AgentUnlearn/outputs/full_plan/raw/AU001790.json,1412572
AU001791,/home/tahiti/AgentUnlearn/outputs/full_plan/raw/AU001791.json,1285752
AU001792,/home/tahiti/AgentUnlearn/outputs/full_plan/raw/AU001792.json,1202026
AU001793,/home/tahiti/AgentUnlearn/outputs/full_plan/raw/AU001793.json,704062
AU001794,/home/tahiti/AgentUnlearn/outputs/full_plan/raw/AU001794.json,1076879
AU001795,/home/tahiti/AgentUnlearn/outputs/full_plan/raw/AU001795.json,1079499
AU001796,/home/tahiti/AgentUnlearn/outputs/full_plan/raw/AU001796.json,1202046
AU001797,/home/tahiti/AgentUnlearn/outputs/full_plan/raw/AU001797.json,960423
AU001798,/home/tahiti/AgentUnlearn/outputs/full_plan/raw/AU001798.json,1076890
AU001799,/home/tahiti/AgentUnlearn/outputs/full_plan/raw/AU001799.json,1079497
AU001800,/home/tahiti/AgentUnlearn/outputs/full_plan/raw/AU001800.json,960427
AU001801,/home/tahiti/AgentUnlearn/outputs/full_plan/raw/AU001801.json,928848
AU001802,/home/tahiti/AgentUnlearn/outputs/full_plan/raw/AU001802.json,571601
AU001803,/home/tahiti/AgentUnlearn/outputs/full_plan/raw/AU001803.json,840335
AU001804,/home/tahiti/AgentUnlearn/outputs/full_plan/raw/AU001804.json,832950
AU001805,/home/tahiti/AgentUnlearn/outputs/full_plan/raw/AU001805.json,928856
AU001806,/home/tahiti/AgentUnlearn/outputs/full_plan/raw/AU001806.json,745080
AU001807,/home/tahiti/AgentUnlearn/outputs/full_plan/raw/AU001807.json,840340
AU001808,/home/tahiti/AgentUnlearn/outputs/full_plan/raw/AU001808.json,832960
AU001809,/home/tahiti/AgentUnlearn/outputs/full_plan/raw/AU001809.json,745076
AU001810,/home/tahiti/AgentUnlearn/outputs/full_plan/raw/AU001810.json,957474
AU001811,/home/tahiti/AgentUnlearn/outputs/full_plan/raw/AU001811.json,601077
AU001812,/home/tahiti/AgentUnlearn/outputs/full_plan/raw/AU001812.json,866625
AU001813,/home/tahiti/AgentUnlearn/outputs/full_plan/raw/AU001813.json,860085
AU001814,/home/tahiti/AgentUnlearn/outputs/full_plan/raw/AU001814.json,957185
AU001815,/home/tahiti/AgentUnlearn/outputs/full_plan/raw/AU001815.json,769152
AU001816,/home/tahiti/AgentUnlearn/outputs/full_plan/raw/AU001816.json,868673
AU001817,/home/tahiti/AgentUnlearn/outputs/full_plan/raw/AU001817.json,860814
AU001818,/home/tahiti/AgentUnlearn/outputs/full_plan/raw/AU001818.json,771861
AU001819,/home/tahiti/AgentUnlearn/outputs/full_plan/raw/AU001819.json,2942119
AU001820,/home/tahiti/AgentUnlearn/outputs/full_plan/raw/AU001820.json,1825762
AU001821,/home/tahiti/AgentUnlearn/outputs/full_plan/raw/AU001821.json,2705020
AU001822,/home/tahiti/AgentUnlearn/outputs/full_plan/raw/AU001822.json,2651571
AU001823,/home/tahiti/AgentUnlearn/outputs/full_plan/raw/AU001823.json,2948200
AU001824,/home/tahiti/AgentUnlearn/outputs/full_plan/raw/AU001824.json,2384816
AU001825,/home/tahiti/AgentUnlearn/outputs/full_plan/raw/AU001825.json,2723396
AU001826,/home/tahiti/AgentUnlearn/outputs/full_plan/raw/AU001826.json,2669350
AU001827,/home/tahiti/AgentUnlearn/outputs/full_plan/raw/AU001827.json,2399353
AU001828,/home/tahiti/AgentUnlearn/outputs/full_plan/raw/AU001828.json,1190122
AU001829,/home/tahiti/AgentUnlearn/outputs/full_plan/raw/AU001829.json,749984
AU001830,/home/tahiti/AgentUnlearn/outputs/full_plan/raw/AU001830.json,1100171
AU001831,/home/tahiti/AgentUnlearn/outputs/full_plan/raw/AU001831.json,1094194
AU001832,/home/tahiti/AgentUnlearn/outputs/full_plan/raw/AU001832.json,1190812
AU001833,/home/tahiti/AgentUnlearn/outputs/full_plan/raw/AU001833.json,1004079
AU001834,/home/tahiti/AgentUnlearn/outputs/full_plan/raw/AU001834.json,1102380
AU001835,/home/tahiti/AgentUnlearn/outputs/full_plan/raw/AU001835.json,1094919
AU001836,/home/tahiti/AgentUnlearn/outputs/full_plan/raw/AU001836.json,1007152
AU001837,/home/tahiti/AgentUnlearn/outputs/full_plan/raw/AU001837.json,941238
AU001838,/home/tahiti/AgentUnlearn/outputs/full_plan/raw/AU001838.json,598127
AU001839,/home/tahiti/AgentUnlearn/outputs/full_plan/raw/AU001839.json,857208
AU001840,/home/tahiti/AgentUnlearn/outputs/full_plan/raw/AU001840.json,846372
AU001841,/home/tahiti/AgentUnlearn/outputs/full_plan/raw/AU001841.json,941243
AU001842,/home/tahiti/AgentUnlearn/outputs/full_plan/raw/AU001842.json,761763
AU001843,/home/tahiti/AgentUnlearn/outputs/full_plan/raw/AU001843.json,857203
AU001844,/home/tahiti/AgentUnlearn/outputs/full_plan/raw/AU001844.json,846383
AU001845,/home/tahiti/AgentUnlearn/outputs/full_plan/raw/AU001845.json,761755
AU001846,/home/tahiti/AgentUnlearn/outputs/full_plan/raw/AU001846.json,996341
AU001847,/home/tahiti/AgentUnlearn/outputs/full_plan/raw/AU001847.json,568850
AU001848,/home/tahiti/AgentUnlearn/outputs/full_plan/raw/AU001848.json,889575
AU001849,/home/tahiti/AgentUnlearn/outputs/full_plan/raw/AU001849.json,899881
AU001850,/home/tahiti/AgentUnlearn/outputs/full_plan/raw/AU001850.json,996348
AU001851,/home/tahiti/AgentUnlearn/outputs/full_plan/raw/AU001851.json,793262
AU001852,/home/tahiti/AgentUnlearn/outputs/full_plan/raw/AU001852.json,889591
AU001853,/home/tahiti/AgentUnlearn/outputs/full_plan/raw/AU001853.json,899894
AU001854,/home/tahiti/AgentUnlearn/outputs/full_plan/raw/AU001854.json,793249
AU001855,/home/tahiti/AgentUnlearn/outputs/full_plan/raw/AU001855.json,1040219
AU001856,/home/tahiti/AgentUnlearn/outputs/full_plan/raw/AU001856.json,592035
AU001857,/home/tahiti/AgentUnlearn/outputs/full_plan/raw/AU001857.json,927642
AU001858,/home/tahiti/AgentUnlearn/outputs/full_plan/raw/AU001858.json,937433
AU001859,/home/tahiti/AgentUnlearn/outputs/full_plan/raw/AU001859.json,1044111
AU001860,/home/tahiti/AgentUnlearn/outputs/full_plan/raw/AU001860.json,833639
AU001861,/home/tahiti/AgentUnlearn/outputs/full_plan/raw/AU001861.json,926894
AU001862,/home/tahiti/AgentUnlearn/outputs/full_plan/raw/AU001862.json,937277
AU001863,/home/tahiti/AgentUnlearn/outputs/full_plan/raw/AU001863.json,833901
AU001864,/home/tahiti/AgentUnlearn/outputs/full_plan/raw/AU001864.json,3099423
AU001865,/home/tahiti/AgentUnlearn/outputs/full_plan/raw/AU001865.json,1849568
AU001866,/home/tahiti/AgentUnlearn/outputs/full_plan/raw/AU001866.json,2792408
AU001867,/home/tahiti/AgentUnlearn/outputs/full_plan/raw/AU001867.json,2829823
AU001868,/home/tahiti/AgentUnlearn/outputs/full_plan/raw/AU001868.json,3148581
AU001869,/home/tahiti/AgentUnlearn/outputs/full_plan/raw/AU001869.json,2535111
AU001870,/home/tahiti/AgentUnlearn/outputs/full_plan/raw/AU001870.json,2844151
AU001871,/home/tahiti/AgentUnlearn/outputs/full_plan/raw/AU001871.json,2891599
AU001872,/home/tahiti/AgentUnlearn/outputs/full_plan/raw/AU001872.json,2579062
AU001873,/home/tahiti/AgentUnlearn/outputs/full_plan/raw/AU001873.json,1285730
AU001874,/home/tahiti/AgentUnlearn/outputs/full_plan/raw/AU001874.json,748989
AU001875,/home/tahiti/AgentUnlearn/outputs/full_plan/raw/AU001875.json,1181747
AU001876,/home/tahiti/AgentUnlearn/outputs/full_plan/raw/AU001876.json,1192612
AU001877,/home/tahiti/AgentUnlearn/outputs/full_plan/raw/AU001877.json,1287747
AU001878,/home/tahiti/AgentUnlearn/outputs/full_plan/raw/AU001878.json,1087672
AU001879,/home/tahiti/AgentUnlearn/outputs/full_plan/raw/AU001879.json,1181537
AU001880,/home/tahiti/AgentUnlearn/outputs/full_plan/raw/AU001880.json,1190817
AU001881,/home/tahiti/AgentUnlearn/outputs/full_plan/raw/AU001881.json,1089196
AU001882,/home/tahiti/AgentUnlearn/outputs/full_plan/raw/AU001882.json,1034558
AU001883,/home/tahiti/AgentUnlearn/outputs/full_plan/raw/AU001883.json,585335
AU001884,/home/tahiti/AgentUnlearn/outputs/full_plan/raw/AU001884.json,917987
AU001885,/home/tahiti/AgentUnlearn/outputs/full_plan/raw/AU001885.json,927227
AU001886,/home/tahiti/AgentUnlearn/outputs/full_plan/raw/AU001886.json,1034573
AU001887,/home/tahiti/AgentUnlearn/outputs/full_plan/raw/AU001887.json,822489
AU001888,/home/tahiti/AgentUnlearn/outputs/full_plan/raw/AU001888.json,918000
AU001889,/home/tahiti/AgentUnlearn/outputs/full_plan/raw/AU001889.json,927238
AU001890,/home/tahiti/AgentUnlearn/outputs/full_plan/raw/AU001890.json,822480
AU001891,/home/tahiti/AgentUnlearn/outputs/full_plan/raw/AU001891.json,879953
AU001892,/home/tahiti/AgentUnlearn/outputs/full_plan/raw/AU001892.json,559921
AU001893,/home/tahiti/AgentUnlearn/outputs/full_plan/raw/AU001893.json,801033
AU001894,/home/tahiti/AgentUnlearn/outputs/full_plan/raw/AU001894.json,791836
AU001895,/home/tahiti/AgentUnlearn/outputs/full_plan/raw/AU001895.json,879953
AU001896,/home/tahiti/AgentUnlearn/outputs/full_plan/raw/AU001896.json,710351
AU001897,/home/tahiti/AgentUnlearn/outputs/full_plan/raw/AU001897.json,801041
AU001898,/home/tahiti/AgentUnlearn/outputs/full_plan/raw/AU001898.json,791840
AU001899,/home/tahiti/AgentUnlearn/outputs/full_plan/raw/AU001899.json,710350
AU001900,/home/tahiti/AgentUnlearn/outputs/full_plan/raw/AU001900.json,922441
AU001901,/home/tahiti/AgentUnlearn/outputs/full_plan/raw/AU001901.json,597302
AU001902,/home/tahiti/AgentUnlearn/outputs/full_plan/raw/AU001902.json,842356
AU001903,/home/tahiti/AgentUnlearn/outputs/full_plan/raw/AU001903.json,833112
AU001904,/home/tahiti/AgentUnlearn/outputs/full_plan/raw/AU001904.json,926675
AU001905,/home/tahiti/AgentUnlearn/outputs/full_plan/raw/AU001905.json,751098
AU001906,/home/tahiti/AgentUnlearn/outputs/full_plan/raw/AU001906.json,847048
AU001907,/home/tahiti/AgentUnlearn/outputs/full_plan/raw/AU001907.json,838865
AU001908,/home/tahiti/AgentUnlearn/outputs/full_plan/raw/AU001908.json,754883
AU001909,/home/tahiti/AgentUnlearn/outputs/full_plan/raw/AU001909.json,2854128
AU001910,/home/tahiti/AgentUnlearn/outputs/full_plan/raw/AU001910.json,1908345
AU001911,/home/tahiti/AgentUnlearn/outputs/full_plan/raw/AU001911.json,2637923
AU001912,/home/tahiti/AgentUnlearn/outputs/full_plan/raw/AU001912.json,2575921
AU001913,/home/tahiti/AgentUnlearn/outputs/full_plan/raw/AU001913.json,2881748
AU001914,/home/tahiti/AgentUnlearn/outputs/full_plan/raw/AU001914.json,2357463
AU001915,/home/tahiti/AgentUnlearn/outputs/full_plan/raw/AU001915.json,2658428
AU001916,/home/tahiti/AgentUnlearn/outputs/full_plan/raw/AU001916.json,2602188
AU001917,/home/tahiti/AgentUnlearn/outputs/full_plan/raw/AU001917.json,2383587
AU001918,/home/tahiti/AgentUnlearn/outputs/full_plan/raw/AU001918.json,1132476
AU001919,/home/tahiti/AgentUnlearn/outputs/full_plan/raw/AU001919.json,730963
AU001920,/home/tahiti/AgentUnlearn/outputs/full_plan/raw/AU001920.json,1054221
AU001921,/home/tahiti/AgentUnlearn/outputs/full_plan/raw/AU001921.json,1043274
AU001922,/home/tahiti/AgentUnlearn/outputs/full_plan/raw/AU001922.json,1141623
AU001923,/home/tahiti/AgentUnlearn/outputs/full_plan/raw/AU001923.json,960513
AU001924,/home/tahiti/AgentUnlearn/outputs/full_plan/raw/AU001924.json,1059631
AU001925,/home/tahiti/AgentUnlearn/outputs/full_plan/raw/AU001925.json,1054427
AU001926,/home/tahiti/AgentUnlearn/outputs/full_plan/raw/AU001926.json,965842
AU001927,/home/tahiti/AgentUnlearn/outputs/full_plan/raw/AU001927.json,901648
AU001928,/home/tahiti/AgentUnlearn/outputs/full_plan/raw/AU001928.json,577957
AU001929,/home/tahiti/AgentUnlearn/outputs/full_plan/raw/AU001929.json,821864
AU001930,/home/tahiti/AgentUnlearn/outputs/full_plan/raw/AU001930.json,816218
AU001931,/home/tahiti/AgentUnlearn/outputs/full_plan/raw/AU001931.json,901651
AU001932,/home/tahiti/AgentUnlearn/outputs/full_plan/raw/AU001932.json,733833
AU001933,/home/tahiti/AgentUnlearn/outputs/full_plan/raw/AU001933.json,821864
AU001934,/home/tahiti/AgentUnlearn/outputs/full_plan/raw/AU001934.json,816234
AU001935,/home/tahiti/AgentUnlearn/outputs/full_plan/raw/AU001935.json,733819
AU001936,/home/tahiti/AgentUnlearn/outputs/full_plan/raw/AU001936.json,927155
AU001937,/home/tahiti/AgentUnlearn/outputs/full_plan/raw/AU001937.json,498885
AU001938,/home/tahiti/AgentUnlearn/outputs/full_plan/raw/AU001938.json,819565
AU001939,/home/tahiti/AgentUnlearn/outputs/full_plan/raw/AU001939.json,843157
AU001940,/home/tahiti/AgentUnlearn/outputs/full_plan/raw/AU001940.json,927161
AU001941,/home/tahiti/AgentUnlearn/outputs/full_plan/raw/AU001941.json,737492
AU001942,/home/tahiti/AgentUnlearn/outputs/full_plan/raw/AU001942.json,819580
AU001943,/home/tahiti/AgentUnlearn/outputs/full_plan/raw/AU001943.json,843169
AU001944,/home/tahiti/AgentUnlearn/outputs/full_plan/raw/AU001944.json,737483
AU001945,/home/tahiti/AgentUnlearn/outputs/full_plan/raw/AU001945.json,958308
AU001946,/home/tahiti/AgentUnlearn/outputs/full_plan/raw/AU001946.json,528277
AU001947,/home/tahiti/AgentUnlearn/outputs/full_plan/raw/AU001947.json,850788
AU001948,/home/tahiti/AgentUnlearn/outputs/full_plan/raw/AU001948.json,875869
AU001949,/home/tahiti/AgentUnlearn/outputs/full_plan/raw/AU001949.json,957482
AU001950,/home/tahiti/AgentUnlearn/outputs/full_plan/raw/AU001950.json,767656
AU001951,/home/tahiti/AgentUnlearn/outputs/full_plan/raw/AU001951.json,850553
AU001952,/home/tahiti/AgentUnlearn/outputs/full_plan/raw/AU001952.json,874931
AU001953,/home/tahiti/AgentUnlearn/outputs/full_plan/raw/AU001953.json,767216
AU001954,/home/tahiti/AgentUnlearn/outputs/full_plan/raw/AU001954.json,2914031
AU001955,/home/tahiti/AgentUnlearn/outputs/full_plan/raw/AU001955.json,1601048
AU001956,/home/tahiti/AgentUnlearn/outputs/full_plan/raw/AU001956.json,2609785
AU001957,/home/tahiti/AgentUnlearn/outputs/full_plan/raw/AU001957.json,2659429
AU001958,/home/tahiti/AgentUnlearn/outputs/full_plan/raw/AU001958.json,2913909
AU001959,/home/tahiti/AgentUnlearn/outputs/full_plan/raw/AU001959.json,2316615
AU001960,/home/tahiti/AgentUnlearn/outputs/full_plan/raw/AU001960.json,2610293
AU001961,/home/tahiti/AgentUnlearn/outputs/full_plan/raw/AU001961.json,2659214
AU001962,/home/tahiti/AgentUnlearn/outputs/full_plan/raw/AU001962.json,2316101
AU001963,/home/tahiti/AgentUnlearn/outputs/full_plan/raw/AU001963.json,1191794
AU001964,/home/tahiti/AgentUnlearn/outputs/full_plan/raw/AU001964.json,654630
AU001965,/home/tahiti/AgentUnlearn/outputs/full_plan/raw/AU001965.json,1085489
AU001966,/home/tahiti/AgentUnlearn/outputs/full_plan/raw/AU001966.json,1108238
AU001967,/home/tahiti/AgentUnlearn/outputs/full_plan/raw/AU001967.json,1191809
AU001968,/home/tahiti/AgentUnlearn/outputs/full_plan/raw/AU001968.json,1003397
AU001969,/home/tahiti/AgentUnlearn/outputs/full_plan/raw/AU001969.json,1085492
AU001970,/home/tahiti/AgentUnlearn/outputs/full_plan/raw/AU001970.json,1108240
AU001971,/home/tahiti/AgentUnlearn/outputs/full_plan/raw/AU001971.json,1003391
AU001972,/home/tahiti/AgentUnlearn/outputs/full_plan/raw/AU001972.json,941058
AU001973,/home/tahiti/AgentUnlearn/outputs/full_plan/raw/AU001973.json,512679
AU001974,/home/tahiti/AgentUnlearn/outputs/full_plan/raw/AU001974.json,833740
AU001975,/home/tahiti/AgentUnlearn/outputs/full_plan/raw/AU001975.json,857697
AU001976,/home/tahiti/AgentUnlearn/outputs/full_plan/raw/AU001976.json,941072
AU001977,/home/tahiti/AgentUnlearn/outputs/full_plan/raw/AU001977.json,752558
AU001978,/home/tahiti/AgentUnlearn/outputs/full_plan/raw/AU001978.json,833744
AU001979,/home/tahiti/AgentUnlearn/outputs/full_plan/raw/AU001979.json,857707
AU001980,/home/tahiti/AgentUnlearn/outputs/full_plan/raw/AU001980.json,752557
AU001981,/home/tahiti/AgentUnlearn/outputs/full_plan/raw/AU001981.json,973547
AU001982,/home/tahiti/AgentUnlearn/outputs/full_plan/raw/AU001982.json,556219
AU001983,/home/tahiti/AgentUnlearn/outputs/full_plan/raw/AU001983.json,868799
AU001984,/home/tahiti/AgentUnlearn/outputs/full_plan/raw/AU001984.json,877570
AU001985,/home/tahiti/AgentUnlearn/outputs/full_plan/raw/AU001985.json,973557
AU001986,/home/tahiti/AgentUnlearn/outputs/full_plan/raw/AU001986.json,773904
AU001987,/home/tahiti/AgentUnlearn/outputs/full_plan/raw/AU001987.json,868806
AU001988,/home/tahiti/AgentUnlearn/outputs/full_plan/raw/AU001988.json,877565
AU001989,/home/tahiti/AgentUnlearn/outputs/full_plan/raw/AU001989.json,773905
AU001990,/home/tahiti/AgentUnlearn/outputs/full_plan/raw/AU001990.json,1001450
AU001991,/home/tahiti/AgentUnlearn/outputs/full_plan/raw/AU001991.json,581221
AU001992,/home/tahiti/AgentUnlearn/outputs/full_plan/raw/AU001992.json,897746
AU001993,/home/tahiti/AgentUnlearn/outputs/full_plan/raw/AU001993.json,904628
AU001994,/home/tahiti/AgentUnlearn/outputs/full_plan/raw/AU001994.json,1002900
AU001995,/home/tahiti/AgentUnlearn/outputs/full_plan/raw/AU001995.json,802495
AU001996,/home/tahiti/AgentUnlearn/outputs/full_plan/raw/AU001996.json,901739
AU001997,/home/tahiti/AgentUnlearn/outputs/full_plan/raw/AU001997.json,906831
AU001998,/home/tahiti/AgentUnlearn/outputs/full_plan/raw/AU001998.json,803995
AU001999,/home/tahiti/AgentUnlearn/outputs/full_plan/raw/AU001999.json,3080202
AU002000,/home/tahiti/AgentUnlearn/outputs/full_plan/raw/AU002000.json,1852878
AU002001,/home/tahiti/AgentUnlearn/outputs/full_plan/raw/AU002001.json,2787215
AU002002,/home/tahiti/AgentUnlearn/outputs/full_plan/raw/AU002002.json,2789497
AU002003,/home/tahiti/AgentUnlearn/outputs/full_plan/raw/AU002003.json,3096376
AU002004,/home/tahiti/AgentUnlearn/outputs/full_plan/raw/AU002004.json,2473647
AU002005,/home/tahiti/AgentUnlearn/outputs/full_plan/raw/AU002005.json,2807986
AU002006,/home/tahiti/AgentUnlearn/outputs/full_plan/raw/AU002006.json,2805276
AU002007,/home/tahiti/AgentUnlearn/outputs/full_plan/raw/AU002007.json,2494028
AU002008,/home/tahiti/AgentUnlearn/outputs/full_plan/raw/AU002008.json,1254193
AU002009,/home/tahiti/AgentUnlearn/outputs/full_plan/raw/AU002009.json,729829
AU002010,/home/tahiti/AgentUnlearn/outputs/full_plan/raw/AU002010.json,1149199
AU002011,/home/tahiti/AgentUnlearn/outputs/full_plan/raw/AU002011.json,1160684
AU002012,/home/tahiti/AgentUnlearn/outputs/full_plan/raw/AU002012.json,1258508
AU002013,/home/tahiti/AgentUnlearn/outputs/full_plan/raw/AU002013.json,1053577
AU002014,/home/tahiti/AgentUnlearn/outputs/full_plan/raw/AU002014.json,1152561
AU002015,/home/tahiti/AgentUnlearn/outputs/full_plan/raw/AU002015.json,1163024
AU002016,/home/tahiti/AgentUnlearn/outputs/full_plan/raw/AU002016.json,1053947
AU002017,/home/tahiti/AgentUnlearn/outputs/full_plan/raw/AU002017.json,989458
AU002018,/home/tahiti/AgentUnlearn/outputs/full_plan/raw/AU002018.json,571434
AU002019,/home/tahiti/AgentUnlearn/outputs/full_plan/raw/AU002019.json,884644
AU002020,/home/tahiti/AgentUnlearn/outputs/full_plan/raw/AU002020.json,893363
AU002021,/home/tahiti/AgentUnlearn/outputs/full_plan/raw/AU002021.json,989449
AU002022,/home/tahiti/AgentUnlearn/outputs/full_plan/raw/AU002022.json,791098
AU002023,/home/tahiti/AgentUnlearn/outputs/full_plan/raw/AU002023.json,884653
AU002024,/home/tahiti/AgentUnlearn/outputs/full_plan/raw/AU002024.json,893373
AU002025,/home/tahiti/AgentUnlearn/outputs/full_plan/raw/AU002025.json,791084
AU002026,/home/tahiti/AgentUnlearn/outputs/full_plan/raw/AU002026.json,390967
AU002027,/home/tahiti/AgentUnlearn/outputs/full_plan/raw/AU002027.json,354316
AU002028,/home/tahiti/AgentUnlearn/outputs/full_plan/raw/AU002028.json,354308
AU002029,/home/tahiti/AgentUnlearn/outputs/full_plan/raw/AU002029.json,453652
AU002030,/home/tahiti/AgentUnlearn/outputs/full_plan/raw/AU002030.json,427196
AU002031,/home/tahiti/AgentUnlearn/outputs/full_plan/raw/AU002031.json,416421
AU002032,/home/tahiti/AgentUnlearn/outputs/full_plan/raw/AU002032.json,1362855
AU002033,/home/tahiti/AgentUnlearn/outputs/full_plan/raw/AU002033.json,1260007
AU002034,/home/tahiti/AgentUnlearn/outputs/full_plan/raw/AU002034.json,1267272
AU002035,/home/tahiti/AgentUnlearn/outputs/full_plan/raw/AU002035.json,566112
AU002036,/home/tahiti/AgentUnlearn/outputs/full_plan/raw/AU002036.json,530466
AU002037,/home/tahiti/AgentUnlearn/outputs/full_plan/raw/AU002037.json,528084
AU002038,/home/tahiti/AgentUnlearn/outputs/full_plan/raw/AU002038.json,419575
AU002039,/home/tahiti/AgentUnlearn/outputs/full_plan/raw/AU002039.json,382201
AU002040,/home/tahiti/AgentUnlearn/outputs/full_plan/raw/AU002040.json,382202
AU002041,/home/tahiti/AgentUnlearn/outputs/full_plan/raw/AU002041.json,386356
AU002042,/home/tahiti/AgentUnlearn/outputs/full_plan/raw/AU002042.json,351331
AU002043,/home/tahiti/AgentUnlearn/outputs/full_plan/raw/AU002043.json,351325
AU002044,/home/tahiti/AgentUnlearn/outputs/full_plan/raw/AU002044.json,424845
AU002045,/home/tahiti/AgentUnlearn/outputs/full_plan/raw/AU002045.json,394479
AU002046,/home/tahiti/AgentUnlearn/outputs/full_plan/raw/AU002046.json,395004
AU002047,/home/tahiti/AgentUnlearn/outputs/full_plan/raw/AU002047.json,1298312
AU002048,/home/tahiti/AgentUnlearn/outputs/full_plan/raw/AU002048.json,1192794
AU002049,/home/tahiti/AgentUnlearn/outputs/full_plan/raw/AU002049.json,1205610
AU002050,/home/tahiti/AgentUnlearn/outputs/full_plan/raw/AU002050.json,540118
AU002051,/home/tahiti/AgentUnlearn/outputs/full_plan/raw/AU002051.json,505654
AU002052,/home/tahiti/AgentUnlearn/outputs/full_plan/raw/AU002052.json,504877
AU002053,/home/tahiti/AgentUnlearn/outputs/full_plan/raw/AU002053.json,407192
AU002054,/home/tahiti/AgentUnlearn/outputs/full_plan/raw/AU002054.json,372604
AU002055,/home/tahiti/AgentUnlearn/outputs/full_plan/raw/AU002055.json,372605
AU002056,/home/tahiti/AgentUnlearn/outputs/full_plan/raw/AU002056.json,363101
AU002057,/home/tahiti/AgentUnlearn/outputs/full_plan/raw/AU002057.json,327970
AU002058,/home/tahiti/AgentUnlearn/outputs/full_plan/raw/AU002058.json,327963
AU002059,/home/tahiti/AgentUnlearn/outputs/full_plan/raw/AU002059.json,421201
AU002060,/home/tahiti/AgentUnlearn/outputs/full_plan/raw/AU002060.json,391102
AU002061,/home/tahiti/AgentUnlearn/outputs/full_plan/raw/AU002061.json,388522
AU002062,/home/tahiti/AgentUnlearn/outputs/full_plan/raw/AU002062.json,1248340
AU002063,/home/tahiti/AgentUnlearn/outputs/full_plan/raw/AU002063.json,1152178
AU002064,/home/tahiti/AgentUnlearn/outputs/full_plan/raw/AU002064.json,1157894
AU002065,/home/tahiti/AgentUnlearn/outputs/full_plan/raw/AU002065.json,527449
AU002066,/home/tahiti/AgentUnlearn/outputs/full_plan/raw/AU002066.json,495205
AU002067,/home/tahiti/AgentUnlearn/outputs/full_plan/raw/AU002067.json,496860
AU002068,/home/tahiti/AgentUnlearn/outputs/full_plan/raw/AU002068.json,389287
AU002069,/home/tahiti/AgentUnlearn/outputs/full_plan/raw/AU002069.json,354113
AU002070,/home/tahiti/AgentUnlearn/outputs/full_plan/raw/AU002070.json,354106
AU002071,/home/tahiti/AgentUnlearn/outputs/full_plan/raw/AU002071.json,1907032
AU002072,/home/tahiti/AgentUnlearn/outputs/full_plan/raw/AU002072.json,1698259
AU002073,/home/tahiti/AgentUnlearn/outputs/full_plan/raw/AU002073.json,1698249
AU002074,/home/tahiti/AgentUnlearn/outputs/full_plan/raw/AU002074.json,1922880
AU002075,/home/tahiti/AgentUnlearn/outputs/full_plan/raw/AU002075.json,1713635
AU002076,/home/tahiti/AgentUnlearn/outputs/full_plan/raw/AU002076.json,1713626
AU002077,/home/tahiti/AgentUnlearn/outputs/full_plan/raw/AU002077.json,5792728
AU002078,/home/tahiti/AgentUnlearn/outputs/full_plan/raw/AU002078.json,5162438
AU002079,/home/tahiti/AgentUnlearn/outputs/full_plan/raw/AU002079.json,5166296
AU002080,/home/tahiti/AgentUnlearn/outputs/full_plan/raw/AU002080.json,2407325
AU002081,/home/tahiti/AgentUnlearn/outputs/full_plan/raw/AU002081.json,2198078
AU002082,/home/tahiti/AgentUnlearn/outputs/full_plan/raw/AU002082.json,2198078
AU002083,/home/tahiti/AgentUnlearn/outputs/full_plan/raw/AU002083.json,1916822
AU002084,/home/tahiti/AgentUnlearn/outputs/full_plan/raw/AU002084.json,1708440
AU002085,/home/tahiti/AgentUnlearn/outputs/full_plan/raw/AU002085.json,1708433
AU002086,/home/tahiti/AgentUnlearn/outputs/full_plan/raw/AU002086.json,2703047
AU002087,/home/tahiti/AgentUnlearn/outputs/full_plan/raw/AU002087.json,2385136
AU002088,/home/tahiti/AgentUnlearn/outputs/full_plan/raw/AU002088.json,2385129
AU002089,/home/tahiti/AgentUnlearn/outputs/full_plan/raw/AU002089.json,2725880
AU002090,/home/tahiti/AgentUnlearn/outputs/full_plan/raw/AU002090.json,2410453
AU002091,/home/tahiti/AgentUnlearn/outputs/full_plan/raw/AU002091.json,2411092
AU002092,/home/tahiti/AgentUnlearn/outputs/full_plan/raw/AU002092.json,8159894
AU002093,/home/tahiti/AgentUnlearn/outputs/full_plan/raw/AU002093.json,7220828
AU002094,/home/tahiti/AgentUnlearn/outputs/full_plan/raw/AU002094.json,7224901
AU002095,/home/tahiti/AgentUnlearn/outputs/full_plan/raw/AU002095.json,3409481
AU002096,/home/tahiti/AgentUnlearn/outputs/full_plan/raw/AU002096.json,3089888
AU002097,/home/tahiti/AgentUnlearn/outputs/full_plan/raw/AU002097.json,3090493
AU002098,/home/tahiti/AgentUnlearn/outputs/full_plan/raw/AU002098.json,2714142
AU002099,/home/tahiti/AgentUnlearn/outputs/full_plan/raw/AU002099.json,2395683
AU002100,/home/tahiti/AgentUnlearn/outputs/full_plan/raw/AU002100.json,2395677
AU002101,/home/tahiti/AgentUnlearn/outputs/full_plan/raw/AU002101.json,1035049
AU002102,/home/tahiti/AgentUnlearn/outputs/full_plan/raw/AU002102.json,819431
AU002103,/home/tahiti/AgentUnlearn/outputs/full_plan/raw/AU002103.json,819415
AU002104,/home/tahiti/AgentUnlearn/outputs/full_plan/raw/AU002104.json,1054167
AU002105,/home/tahiti/AgentUnlearn/outputs/full_plan/raw/AU002105.json,839310
AU002106,/home/tahiti/AgentUnlearn/outputs/full_plan/raw/AU002106.json,843191
AU002107,/home/tahiti/AgentUnlearn/outputs/full_plan/raw/AU002107.json,3197809
AU002108,/home/tahiti/AgentUnlearn/outputs/full_plan/raw/AU002108.json,2545884
AU002109,/home/tahiti/AgentUnlearn/outputs/full_plan/raw/AU002109.json,2549159
AU002110,/home/tahiti/AgentUnlearn/outputs/full_plan/raw/AU002110.json,1317896
AU002111,/home/tahiti/AgentUnlearn/outputs/full_plan/raw/AU002111.json,1103268
AU002112,/home/tahiti/AgentUnlearn/outputs/full_plan/raw/AU002112.json,1101759
AU002113,/home/tahiti/AgentUnlearn/outputs/full_plan/raw/AU002113.json,1048307
AU002114,/home/tahiti/AgentUnlearn/outputs/full_plan/raw/AU002114.json,833012
AU002115,/home/tahiti/AgentUnlearn/outputs/full_plan/raw/AU002115.json,832997
AU002116,/home/tahiti/AgentUnlearn/outputs/full_plan/raw/AU002116.json,908918
AU002117,/home/tahiti/AgentUnlearn/outputs/full_plan/raw/AU002117.json,729995
AU002118,/home/tahiti/AgentUnlearn/outputs/full_plan/raw/AU002118.json,729981
AU002119,/home/tahiti/AgentUnlearn/outputs/full_plan/raw/AU002119.json,925020
AU002120,/home/tahiti/AgentUnlearn/outputs/full_plan/raw/AU002120.json,744468
AU002121,/home/tahiti/AgentUnlearn/outputs/full_plan/raw/AU002121.json,746543
AU002122,/home/tahiti/AgentUnlearn/outputs/full_plan/raw/AU002122.json,2789401
AU002123,/home/tahiti/AgentUnlearn/outputs/full_plan/raw/AU002123.json,2278420
AU002124,/home/tahiti/AgentUnlearn/outputs/full_plan/raw/AU002124.json,2283387
AU002125,/home/tahiti/AgentUnlearn/outputs/full_plan/raw/AU002125.json,1155494
AU002126,/home/tahiti/AgentUnlearn/outputs/full_plan/raw/AU002126.json,974382
AU002127,/home/tahiti/AgentUnlearn/outputs/full_plan/raw/AU002127.json,976566
AU002128,/home/tahiti/AgentUnlearn/outputs/full_plan/raw/AU002128.json,918002
AU002129,/home/tahiti/AgentUnlearn/outputs/full_plan/raw/AU002129.json,740570
AU002130,/home/tahiti/AgentUnlearn/outputs/full_plan/raw/AU002130.json,740572
AU002131,/home/tahiti/AgentUnlearn/outputs/full_plan/raw/AU002131.json,1106132
AU002132,/home/tahiti/AgentUnlearn/outputs/full_plan/raw/AU002132.json,883070
AU002133,/home/tahiti/AgentUnlearn/outputs/full_plan/raw/AU002133.json,883066
AU002134,/home/tahiti/AgentUnlearn/outputs/full_plan/raw/AU002134.json,1144143
AU002135,/home/tahiti/AgentUnlearn/outputs/full_plan/raw/AU002135.json,921303
AU002136,/home/tahiti/AgentUnlearn/outputs/full_plan/raw/AU002136.json,918972
AU002137,/home/tahiti/AgentUnlearn/outputs/full_plan/raw/AU002137.json,3372917
AU002138,/home/tahiti/AgentUnlearn/outputs/full_plan/raw/AU002138.json,2713993
AU002139,/home/tahiti/AgentUnlearn/outputs/full_plan/raw/AU002139.json,2723804
AU002140,/home/tahiti/AgentUnlearn/outputs/full_plan/raw/AU002140.json,1403420
AU002141,/home/tahiti/AgentUnlearn/outputs/full_plan/raw/AU002141.json,1184361
AU002142,/home/tahiti/AgentUnlearn/outputs/full_plan/raw/AU002142.json,1182669
AU002143,/home/tahiti/AgentUnlearn/outputs/full_plan/raw/AU002143.json,1118540
AU002144,/home/tahiti/AgentUnlearn/outputs/full_plan/raw/AU002144.json,895437
AU002145,/home/tahiti/AgentUnlearn/outputs/full_plan/raw/AU002145.json,895429
AU002146,/home/tahiti/AgentUnlearn/outputs/full_plan/raw/AU002146.json,1030618
AU002147,/home/tahiti/AgentUnlearn/outputs/full_plan/raw/AU002147.json,821296
AU002148,/home/tahiti/AgentUnlearn/outputs/full_plan/raw/AU002148.json,821289
AU002149,/home/tahiti/AgentUnlearn/outputs/full_plan/raw/AU002149.json,1057826
AU002150,/home/tahiti/AgentUnlearn/outputs/full_plan/raw/AU002150.json,849800
AU002151,/home/tahiti/AgentUnlearn/outputs/full_plan/raw/AU002151.json,849524
AU002152,/home/tahiti/AgentUnlearn/outputs/full_plan/raw/AU002152.json,3236003
AU002153,/home/tahiti/AgentUnlearn/outputs/full_plan/raw/AU002153.json,2609366
AU002154,/home/tahiti/AgentUnlearn/outputs/full_plan/raw/AU002154.json,2611765
AU002155,/home/tahiti/AgentUnlearn/outputs/full_plan/raw/AU002155.json,1311680
AU002156,/home/tahiti/AgentUnlearn/outputs/full_plan/raw/AU002156.json,1103136
AU002157,/home/tahiti/AgentUnlearn/outputs/full_plan/raw/AU002157.json,1103665
AU002158,/home/tahiti/AgentUnlearn/outputs/full_plan/raw/AU002158.json,1042970
AU002159,/home/tahiti/AgentUnlearn/outputs/full_plan/raw/AU002159.json,833411
AU002160,/home/tahiti/AgentUnlearn/outputs/full_plan/raw/AU002160.json,833394
AU002161,/home/tahiti/AgentUnlearn/outputs/full_plan/raw/AU002161.json,1173747
AU002162,/home/tahiti/AgentUnlearn/outputs/full_plan/raw/AU002162.json,933547
AU002163,/home/tahiti/AgentUnlearn/outputs/full_plan/raw/AU002163.json,933536
AU002164,/home/tahiti/AgentUnlearn/outputs/full_plan/raw/AU002164.json,1195519
AU002165,/home/tahiti/AgentUnlearn/outputs/full_plan/raw/AU002165.json,955313
AU002166,/home/tahiti/AgentUnlearn/outputs/full_plan/raw/AU002166.json,956287
AU002167,/home/tahiti/AgentUnlearn/outputs/full_plan/raw/AU002167.json,3579546
AU002168,/home/tahiti/AgentUnlearn/outputs/full_plan/raw/AU002168.json,2882317
AU002169,/home/tahiti/AgentUnlearn/outputs/full_plan/raw/AU002169.json,2892204
AU002170,/home/tahiti/AgentUnlearn/outputs/full_plan/raw/AU002170.json,1496734
AU002171,/home/tahiti/AgentUnlearn/outputs/full_plan/raw/AU002171.json,1248134
AU002172,/home/tahiti/AgentUnlearn/outputs/full_plan/raw/AU002172.json,1257603
AU002173,/home/tahiti/AgentUnlearn/outputs/full_plan/raw/AU002173.json,1185675
AU002174,/home/tahiti/AgentUnlearn/outputs/full_plan/raw/AU002174.json,945473
AU002175,/home/tahiti/AgentUnlearn/outputs/full_plan/raw/AU002175.json,945468
AU002176,/home/tahiti/AgentUnlearn/outputs/full_plan/raw/AU002176.json,928847
AU002177,/home/tahiti/AgentUnlearn/outputs/full_plan/raw/AU002177.json,744021
AU002178,/home/tahiti/AgentUnlearn/outputs/full_plan/raw/AU002178.json,744000
AU002179,/home/tahiti/AgentUnlearn/outputs/full_plan/raw/AU002179.json,949533
AU002180,/home/tahiti/AgentUnlearn/outputs/full_plan/raw/AU002180.json,763495
AU002181,/home/tahiti/AgentUnlearn/outputs/full_plan/raw/AU002181.json,763476
AU002182,/home/tahiti/AgentUnlearn/outputs/full_plan/raw/AU002182.json,2850321
AU002183,/home/tahiti/AgentUnlearn/outputs/full_plan/raw/AU002183.json,2323578
AU002184,/home/tahiti/AgentUnlearn/outputs/full_plan/raw/AU002184.json,2323643
AU002185,/home/tahiti/AgentUnlearn/outputs/full_plan/raw/AU002185.json,1183378
AU002186,/home/tahiti/AgentUnlearn/outputs/full_plan/raw/AU002186.json,997391
AU002187,/home/tahiti/AgentUnlearn/outputs/full_plan/raw/AU002187.json,1001334
AU002188,/home/tahiti/AgentUnlearn/outputs/full_plan/raw/AU002188.json,942256
AU002189,/home/tahiti/AgentUnlearn/outputs/full_plan/raw/AU002189.json,758780
AU002190,/home/tahiti/AgentUnlearn/outputs/full_plan/raw/AU002190.json,758766
AU002191,/home/tahiti/AgentUnlearn/outputs/full_plan/raw/AU002191.json,995715
AU002192,/home/tahiti/AgentUnlearn/outputs/full_plan/raw/AU002192.json,791313
AU002193,/home/tahiti/AgentUnlearn/outputs/full_plan/raw/AU002193.json,791308
AU002194,/home/tahiti/AgentUnlearn/outputs/full_plan/raw/AU002194.json,1019721
AU002195,/home/tahiti/AgentUnlearn/outputs/full_plan/raw/AU002195.json,816174
AU002196,/home/tahiti/AgentUnlearn/outputs/full_plan/raw/AU002196.json,818000
AU002197,/home/tahiti/AgentUnlearn/outputs/full_plan/raw/AU002197.json,3071716
AU002198,/home/tahiti/AgentUnlearn/outputs/full_plan/raw/AU002198.json,2467141
AU002199,/home/tahiti/AgentUnlearn/outputs/full_plan/raw/AU002199.json,2474330
AU002200,/home/tahiti/AgentUnlearn/outputs/full_plan/raw/AU002200.json,1263332
AU002201,/home/tahiti/AgentUnlearn/outputs/full_plan/raw/AU002201.json,1057401
AU002202,/home/tahiti/AgentUnlearn/outputs/full_plan/raw/AU002202.json,1061117
AU002203,/home/tahiti/AgentUnlearn/outputs/full_plan/raw/AU002203.json,1008225
AU002204,/home/tahiti/AgentUnlearn/outputs/full_plan/raw/AU002204.json,803387
AU002205,/home/tahiti/AgentUnlearn/outputs/full_plan/raw/AU002205.json,803385
AU002206,/home/tahiti/AgentUnlearn/outputs/full_plan/raw/AU002206.json,878449
AU002207,/home/tahiti/AgentUnlearn/outputs/full_plan/raw/AU002207.json,708263
AU002208,/home/tahiti/AgentUnlearn/outputs/full_plan/raw/AU002208.json,708249
AU002209,/home/tahiti/AgentUnlearn/outputs/full_plan/raw/AU002209.json,905588
AU002210,/home/tahiti/AgentUnlearn/outputs/full_plan/raw/AU002210.json,734559
AU002211,/home/tahiti/AgentUnlearn/outputs/full_plan/raw/AU002211.json,733549
AU002212,/home/tahiti/AgentUnlearn/outputs/full_plan/raw/AU002212.json,2745692
AU002213,/home/tahiti/AgentUnlearn/outputs/full_plan/raw/AU002213.json,2247491
AU002214,/home/tahiti/AgentUnlearn/outputs/full_plan/raw/AU002214.json,2246652
AU002215,/home/tahiti/AgentUnlearn/outputs/full_plan/raw/AU002215.json,1122010
AU002216,/home/tahiti/AgentUnlearn/outputs/full_plan/raw/AU002216.json,953517
AU002217,/home/tahiti/AgentUnlearn/outputs/full_plan/raw/AU002217.json,953548
AU002218,/home/tahiti/AgentUnlearn/outputs/full_plan/raw/AU002218.json,891209
AU002219,/home/tahiti/AgentUnlearn/outputs/full_plan/raw/AU002219.json,720562
AU002220,/home/tahiti/AgentUnlearn/outputs/full_plan/raw/AU002220.json,720555
AU002221,/home/tahiti/AgentUnlearn/outputs/full_plan/raw/AU002221.json,922585
AU002222,/home/tahiti/AgentUnlearn/outputs/full_plan/raw/AU002222.json,733077
AU002223,/home/tahiti/AgentUnlearn/outputs/full_plan/raw/AU002223.json,733075
AU002224,/home/tahiti/AgentUnlearn/outputs/full_plan/raw/AU002224.json,943895
AU002225,/home/tahiti/AgentUnlearn/outputs/full_plan/raw/AU002225.json,754734
AU002226,/home/tahiti/AgentUnlearn/outputs/full_plan/raw/AU002226.json,757014
AU002227,/home/tahiti/AgentUnlearn/outputs/full_plan/raw/AU002227.json,2813401
AU002228,/home/tahiti/AgentUnlearn/outputs/full_plan/raw/AU002228.json,2267961
AU002229,/home/tahiti/AgentUnlearn/outputs/full_plan/raw/AU002229.json,2271028
AU002230,/home/tahiti/AgentUnlearn/outputs/full_plan/raw/AU002230.json,1174260
AU002231,/home/tahiti/AgentUnlearn/outputs/full_plan/raw/AU002231.json,983799
AU002232,/home/tahiti/AgentUnlearn/outputs/full_plan/raw/AU002232.json,984451
AU002233,/home/tahiti/AgentUnlearn/outputs/full_plan/raw/AU002233.json,933643
AU002234,/home/tahiti/AgentUnlearn/outputs/full_plan/raw/AU002234.json,743146
AU002235,/home/tahiti/AgentUnlearn/outputs/full_plan/raw/AU002235.json,743147
AU002236,/home/tahiti/AgentUnlearn/outputs/full_plan/raw/AU002236.json,972373
AU002237,/home/tahiti/AgentUnlearn/outputs/full_plan/raw/AU002237.json,771672
AU002238,/home/tahiti/AgentUnlearn/outputs/full_plan/raw/AU002238.json,771669
AU002239,/home/tahiti/AgentUnlearn/outputs/full_plan/raw/AU002239.json,1002677
AU002240,/home/tahiti/AgentUnlearn/outputs/full_plan/raw/AU002240.json,803033
AU002241,/home/tahiti/AgentUnlearn/outputs/full_plan/raw/AU002241.json,805099
AU002242,/home/tahiti/AgentUnlearn/outputs/full_plan/raw/AU002242.json,3044147
AU002243,/home/tahiti/AgentUnlearn/outputs/full_plan/raw/AU002243.json,2431214
AU002244,/home/tahiti/AgentUnlearn/outputs/full_plan/raw/AU002244.json,2438082
AU002245,/home/tahiti/AgentUnlearn/outputs/full_plan/raw/AU002245.json,1241869
AU002246,/home/tahiti/AgentUnlearn/outputs/full_plan/raw/AU002246.json,1042963
AU002247,/home/tahiti/AgentUnlearn/outputs/full_plan/raw/AU002247.json,1045037
AU002248,/home/tahiti/AgentUnlearn/outputs/full_plan/raw/AU002248.json,987203
AU002249,/home/tahiti/AgentUnlearn/outputs/full_plan/raw/AU002249.json,785638
AU002250,/home/tahiti/AgentUnlearn/outputs/full_plan/raw/AU002250.json,785630
AU002251,/home/tahiti/AgentUnlearn/outputs/full_plan/raw/AU002251.json,391531
AU002252,/home/tahiti/AgentUnlearn/outputs/full_plan/raw/AU002252.json,361292
AU002253,/home/tahiti/AgentUnlearn/outputs/full_plan/raw/AU002253.json,361278
AU002254,/home/tahiti/AgentUnlearn/outputs/full_plan/raw/AU002254.json,1488968
AU002255,/home/tahiti/AgentUnlearn/outputs/full_plan/raw/AU002255.json,1384852
AU002256,/home/tahiti/AgentUnlearn/outputs/full_plan/raw/AU002256.json,1404562
AU002257,/home/tahiti/AgentUnlearn/outputs/full_plan/raw/AU002257.json,578374
AU002258,/home/tahiti/AgentUnlearn/outputs/full_plan/raw/AU002258.json,544945
AU002259,/home/tahiti/AgentUnlearn/outputs/full_plan/raw/AU002259.json,564231
AU002260,/home/tahiti/AgentUnlearn/outputs/full_plan/raw/AU002260.json,384144
AU002261,/home/tahiti/AgentUnlearn/outputs/full_plan/raw/AU002261.json,348773
AU002262,/home/tahiti/AgentUnlearn/outputs/full_plan/raw/AU002262.json,348761
AU002263,/home/tahiti/AgentUnlearn/outputs/full_plan/raw/AU002263.json,1351802
AU002264,/home/tahiti/AgentUnlearn/outputs/full_plan/raw/AU002264.json,1270224
AU002265,/home/tahiti/AgentUnlearn/outputs/full_plan/raw/AU002265.json,1263253
AU002266,/home/tahiti/AgentUnlearn/outputs/full_plan/raw/AU002266.json,532902
AU002267,/home/tahiti/AgentUnlearn/outputs/full_plan/raw/AU002267.json,497202
AU002268,/home/tahiti/AgentUnlearn/outputs/full_plan/raw/AU002268.json,500626
AU002269,/home/tahiti/AgentUnlearn/outputs/full_plan/raw/AU002269.json,364384
AU002270,/home/tahiti/AgentUnlearn/outputs/full_plan/raw/AU002270.json,332330
AU002271,/home/tahiti/AgentUnlearn/outputs/full_plan/raw/AU002271.json,332304
AU002272,/home/tahiti/AgentUnlearn/outputs/full_plan/raw/AU002272.json,1350938
AU002273,/home/tahiti/AgentUnlearn/outputs/full_plan/raw/AU002273.json,1262363
AU002274,/home/tahiti/AgentUnlearn/outputs/full_plan/raw/AU002274.json,1268505
AU002275,/home/tahiti/AgentUnlearn/outputs/full_plan/raw/AU002275.json,531454
AU002276,/home/tahiti/AgentUnlearn/outputs/full_plan/raw/AU002276.json,496459
AU002277,/home/tahiti/AgentUnlearn/outputs/full_plan/raw/AU002277.json,503332
AU002278,/home/tahiti/AgentUnlearn/outputs/full_plan/raw/AU002278.json,1910581
AU002279,/home/tahiti/AgentUnlearn/outputs/full_plan/raw/AU002279.json,1700086
AU002280,/home/tahiti/AgentUnlearn/outputs/full_plan/raw/AU002280.json,1700075
AU002281,/home/tahiti/AgentUnlearn/outputs/full_plan/raw/AU002281.json,5784893
AU002282,/home/tahiti/AgentUnlearn/outputs/full_plan/raw/AU002282.json,5186096
AU002283,/home/tahiti/AgentUnlearn/outputs/full_plan/raw/AU002283.json,5195706
AU002284,/home/tahiti/AgentUnlearn/outputs/full_plan/raw/AU002284.json,2420284
AU002285,/home/tahiti/AgentUnlearn/outputs/full_plan/raw/AU002285.json,2211033
AU002286,/home/tahiti/AgentUnlearn/outputs/full_plan/raw/AU002286.json,2202384
AU002287,/home/tahiti/AgentUnlearn/outputs/full_plan/raw/AU002287.json,2702696
AU002288,/home/tahiti/AgentUnlearn/outputs/full_plan/raw/AU002288.json,2386996
AU002289,/home/tahiti/AgentUnlearn/outputs/full_plan/raw/AU002289.json,2386989
AU002290,/home/tahiti/AgentUnlearn/outputs/full_plan/raw/AU002290.json,8191100
AU002291,/home/tahiti/AgentUnlearn/outputs/full_plan/raw/AU002291.json,7331433
AU002292,/home/tahiti/AgentUnlearn/outputs/full_plan/raw/AU002292.json,7311531
AU002293,/home/tahiti/AgentUnlearn/outputs/full_plan/raw/AU002293.json,3399224
AU002294,/home/tahiti/AgentUnlearn/outputs/full_plan/raw/AU002294.json,3082549
AU002295,/home/tahiti/AgentUnlearn/outputs/full_plan/raw/AU002295.json,3087845
AU002296,/home/tahiti/AgentUnlearn/outputs/full_plan/raw/AU002296.json,1034734
AU002297,/home/tahiti/AgentUnlearn/outputs/full_plan/raw/AU002297.json,822082
AU002298,/home/tahiti/AgentUnlearn/outputs/full_plan/raw/AU002298.json,822080
AU002299,/home/tahiti/AgentUnlearn/outputs/full_plan/raw/AU002299.json,3302033
AU002300,/home/tahiti/AgentUnlearn/outputs/full_plan/raw/AU002300.json,2691694
AU002301,/home/tahiti/AgentUnlearn/outputs/full_plan/raw/AU002301.json,2703288
AU002302,/home/tahiti/AgentUnlearn/outputs/full_plan/raw/AU002302.json,1318412
AU002303,/home/tahiti/AgentUnlearn/outputs/full_plan/raw/AU002303.json,1124299
AU002304,/home/tahiti/AgentUnlearn/outputs/full_plan/raw/AU002304.json,1123680
AU002305,/home/tahiti/AgentUnlearn/outputs/full_plan/raw/AU002305.json,908963
AU002306,/home/tahiti/AgentUnlearn/outputs/full_plan/raw/AU002306.json,727379
AU002307,/home/tahiti/AgentUnlearn/outputs/full_plan/raw/AU002307.json,727378
AU002308,/home/tahiti/AgentUnlearn/outputs/full_plan/raw/AU002308.json,2882222
AU002309,/home/tahiti/AgentUnlearn/outputs/full_plan/raw/AU002309.json,2437054
AU002310,/home/tahiti/AgentUnlearn/outputs/full_plan/raw/AU002310.json,2441917
AU002311,/home/tahiti/AgentUnlearn/outputs/full_plan/raw/AU002311.json,1163886
AU002312,/home/tahiti/AgentUnlearn/outputs/full_plan/raw/AU002312.json,989714
AU002313,/home/tahiti/AgentUnlearn/outputs/full_plan/raw/AU002313.json,991226
AU002314,/home/tahiti/AgentUnlearn/outputs/full_plan/raw/AU002314.json,1113081
AU002315,/home/tahiti/AgentUnlearn/outputs/full_plan/raw/AU002315.json,888799
AU002316,/home/tahiti/AgentUnlearn/outputs/full_plan/raw/AU002316.json,888796
AU002317,/home/tahiti/AgentUnlearn/outputs/full_plan/raw/AU002317.json,3522352
AU002318,/home/tahiti/AgentUnlearn/outputs/full_plan/raw/AU002318.json,2895848
AU002319,/home/tahiti/AgentUnlearn/outputs/full_plan/raw/AU002319.json,2896464
AU002320,/home/tahiti/AgentUnlearn/outputs/full_plan/raw/AU002320.json,1454008
AU002321,/home/tahiti/AgentUnlearn/outputs/full_plan/raw/AU002321.json,1226443
AU002322,/home/tahiti/AgentUnlearn/outputs/full_plan/raw/AU002322.json,1226555
AU002323,/home/tahiti/AgentUnlearn/outputs/full_plan/raw/AU002323.json,1033491
AU002324,/home/tahiti/AgentUnlearn/outputs/full_plan/raw/AU002324.json,825125
AU002325,/home/tahiti/AgentUnlearn/outputs/full_plan/raw/AU002325.json,825118
AU002326,/home/tahiti/AgentUnlearn/outputs/full_plan/raw/AU002326.json,3358482
AU002327,/home/tahiti/AgentUnlearn/outputs/full_plan/raw/AU002327.json,2754586
AU002328,/home/tahiti/AgentUnlearn/outputs/full_plan/raw/AU002328.json,2769955
AU002329,/home/tahiti/AgentUnlearn/outputs/full_plan/raw/AU002329.json,1332078
AU002330,/home/tahiti/AgentUnlearn/outputs/full_plan/raw/AU002330.json,1136420
AU002331,/home/tahiti/AgentUnlearn/outputs/full_plan/raw/AU002331.json,1136987
AU002332,/home/tahiti/AgentUnlearn/outputs/full_plan/raw/AU002332.json,1176770
AU002333,/home/tahiti/AgentUnlearn/outputs/full_plan/raw/AU002333.json,936980
AU002334,/home/tahiti/AgentUnlearn/outputs/full_plan/raw/AU002334.json,936986
AU002335,/home/tahiti/AgentUnlearn/outputs/full_plan/raw/AU002335.json,3818259
AU002336,/home/tahiti/AgentUnlearn/outputs/full_plan/raw/AU002336.json,3115577
AU002337,/home/tahiti/AgentUnlearn/outputs/full_plan/raw/AU002337.json,3124407
AU002338,/home/tahiti/AgentUnlearn/outputs/full_plan/raw/AU002338.json,1525608
AU002339,/home/tahiti/AgentUnlearn/outputs/full_plan/raw/AU002339.json,1302769
AU002340,/home/tahiti/AgentUnlearn/outputs/full_plan/raw/AU002340.json,1303867
AU002341,/home/tahiti/AgentUnlearn/outputs/full_plan/raw/AU002341.json,932544
AU002342,/home/tahiti/AgentUnlearn/outputs/full_plan/raw/AU002342.json,745258
AU002343,/home/tahiti/AgentUnlearn/outputs/full_plan/raw/AU002343.json,745243
AU002344,/home/tahiti/AgentUnlearn/outputs/full_plan/raw/AU002344.json,2993634
AU002345,/home/tahiti/AgentUnlearn/outputs/full_plan/raw/AU002345.json,2521911
AU002346,/home/tahiti/AgentUnlearn/outputs/full_plan/raw/AU002346.json,2522560
AU002347,/home/tahiti/AgentUnlearn/outputs/full_plan/raw/AU002347.json,1208787
AU002348,/home/tahiti/AgentUnlearn/outputs/full_plan/raw/AU002348.json,1023410
AU002349,/home/tahiti/AgentUnlearn/outputs/full_plan/raw/AU002349.json,1022830
AU002350,/home/tahiti/AgentUnlearn/outputs/full_plan/raw/AU002350.json,994534
AU002351,/home/tahiti/AgentUnlearn/outputs/full_plan/raw/AU002351.json,791988
AU002352,/home/tahiti/AgentUnlearn/outputs/full_plan/raw/AU002352.json,792004
AU002353,/home/tahiti/AgentUnlearn/outputs/full_plan/raw/AU002353.json,3145823
AU002354,/home/tahiti/AgentUnlearn/outputs/full_plan/raw/AU002354.json,2625746
AU002355,/home/tahiti/AgentUnlearn/outputs/full_plan/raw/AU002355.json,2637597
AU002356,/home/tahiti/AgentUnlearn/outputs/full_plan/raw/AU002356.json,1270888
AU002357,/home/tahiti/AgentUnlearn/outputs/full_plan/raw/AU002357.json,1075292
AU002358,/home/tahiti/AgentUnlearn/outputs/full_plan/raw/AU002358.json,1083734
AU002359,/home/tahiti/AgentUnlearn/outputs/full_plan/raw/AU002359.json,885620
AU002360,/home/tahiti/AgentUnlearn/outputs/full_plan/raw/AU002360.json,714084
AU002361,/home/tahiti/AgentUnlearn/outputs/full_plan/raw/AU002361.json,714073
AU002362,/home/tahiti/AgentUnlearn/outputs/full_plan/raw/AU002362.json,3023042
AU002363,/home/tahiti/AgentUnlearn/outputs/full_plan/raw/AU002363.json,2481640
AU002364,/home/tahiti/AgentUnlearn/outputs/full_plan/raw/AU002364.json,2485908
AU002365,/home/tahiti/AgentUnlearn/outputs/full_plan/raw/AU002365.json,1143170
AU002366,/home/tahiti/AgentUnlearn/outputs/full_plan/raw/AU002366.json,976086
AU002367,/home/tahiti/AgentUnlearn/outputs/full_plan/raw/AU002367.json,976255
AU002368,/home/tahiti/AgentUnlearn/outputs/full_plan/raw/AU002368.json,935565
AU002369,/home/tahiti/AgentUnlearn/outputs/full_plan/raw/AU002369.json,742937
AU002370,/home/tahiti/AgentUnlearn/outputs/full_plan/raw/AU002370.json,742937
AU002371,/home/tahiti/AgentUnlearn/outputs/full_plan/raw/AU002371.json,3009175
AU002372,/home/tahiti/AgentUnlearn/outputs/full_plan/raw/AU002372.json,2428090
AU002373,/home/tahiti/AgentUnlearn/outputs/full_plan/raw/AU002373.json,2438824
AU002374,/home/tahiti/AgentUnlearn/outputs/full_plan/raw/AU002374.json,1210456
AU002375,/home/tahiti/AgentUnlearn/outputs/full_plan/raw/AU002375.json,1028700
AU002376,/home/tahiti/AgentUnlearn/outputs/full_plan/raw/AU002376.json,1025494
AU002377,/home/tahiti/AgentUnlearn/outputs/full_plan/raw/AU002377.json,975635
AU002378,/home/tahiti/AgentUnlearn/outputs/full_plan/raw/AU002378.json,774836
AU002379,/home/tahiti/AgentUnlearn/outputs/full_plan/raw/AU002379.json,774828
AU002380,/home/tahiti/AgentUnlearn/outputs/full_plan/raw/AU002380.json,3155309
AU002381,/home/tahiti/AgentUnlearn/outputs/full_plan/raw/AU002381.json,2602458
AU002382,/home/tahiti/AgentUnlearn/outputs/full_plan/raw/AU002382.json,2620758
AU002383,/home/tahiti/AgentUnlearn/outputs/full_plan/raw/AU002383.json,1257230
AU002384,/home/tahiti/AgentUnlearn/outputs/full_plan/raw/AU002384.json,1069949
AU002385,/home/tahiti/AgentUnlearn/outputs/full_plan/raw/AU002385.json,1070814
AU002386,/home/tahiti/AgentUnlearn/outputs/full_plan/raw/AU002386.json,395647
AU002387,/home/tahiti/AgentUnlearn/outputs/full_plan/raw/AU002387.json,361781
AU002388,/home/tahiti/AgentUnlearn/outputs/full_plan/raw/AU002388.json,361774
AU002389,/home/tahiti/AgentUnlearn/outputs/full_plan/raw/AU002389.json,1408450
AU002390,/home/tahiti/AgentUnlearn/outputs/full_plan/raw/AU002390.json,1316863
AU002391,/home/tahiti/AgentUnlearn/outputs/full_plan/raw/AU002391.json,1328377
AU002392,/home/tahiti/AgentUnlearn/outputs/full_plan/raw/AU002392.json,573013
AU002393,/home/tahiti/AgentUnlearn/outputs/full_plan/raw/AU002393.json,539186
AU002394,/home/tahiti/AgentUnlearn/outputs/full_plan/raw/AU002394.json,563439
AU002395,/home/tahiti/AgentUnlearn/outputs/full_plan/raw/AU002395.json,386268
AU002396,/home/tahiti/AgentUnlearn/outputs/full_plan/raw/AU002396.json,351042
AU002397,/home/tahiti/AgentUnlearn/outputs/full_plan/raw/AU002397.json,351031
AU002398,/home/tahiti/AgentUnlearn/outputs/full_plan/raw/AU002398.json,1294938
AU002399,/home/tahiti/AgentUnlearn/outputs/full_plan/raw/AU002399.json,1205243
AU002400,/home/tahiti/AgentUnlearn/outputs/full_plan/raw/AU002400.json,1219086
AU002401,/home/tahiti/AgentUnlearn/outputs/full_plan/raw/AU002401.json,545387
AU002402,/home/tahiti/AgentUnlearn/outputs/full_plan/raw/AU002402.json,510694
AU002403,/home/tahiti/AgentUnlearn/outputs/full_plan/raw/AU002403.json,513781
AU002404,/home/tahiti/AgentUnlearn/outputs/full_plan/raw/AU002404.json,367387
AU002405,/home/tahiti/AgentUnlearn/outputs/full_plan/raw/AU002405.json,333081
AU002406,/home/tahiti/AgentUnlearn/outputs/full_plan/raw/AU002406.json,333064
AU002407,/home/tahiti/AgentUnlearn/outputs/full_plan/raw/AU002407.json,1283607
AU002408,/home/tahiti/AgentUnlearn/outputs/full_plan/raw/AU002408.json,1195444
AU002409,/home/tahiti/AgentUnlearn/outputs/full_plan/raw/AU002409.json,1204321
AU002410,/home/tahiti/AgentUnlearn/outputs/full_plan/raw/AU002410.json,541809
AU002411,/home/tahiti/AgentUnlearn/outputs/full_plan/raw/AU002411.json,513516
AU002412,/home/tahiti/AgentUnlearn/outputs/full_plan/raw/AU002412.json,512784
AU002413,/home/tahiti/AgentUnlearn/outputs/full_plan/raw/AU002413.json,1906721
AU002414,/home/tahiti/AgentUnlearn/outputs/full_plan/raw/AU002414.json,1699337
AU002415,/home/tahiti/AgentUnlearn/outputs/full_plan/raw/AU002415.json,1699331
AU002416,/home/tahiti/AgentUnlearn/outputs/full_plan/raw/AU002416.json,5797530
AU002417,/home/tahiti/AgentUnlearn/outputs/full_plan/raw/AU002417.json,5167081
AU002418,/home/tahiti/AgentUnlearn/outputs/full_plan/raw/AU002418.json,5167341
AU002419,/home/tahiti/AgentUnlearn/outputs/full_plan/raw/AU002419.json,2407284
AU002420,/home/tahiti/AgentUnlearn/outputs/full_plan/raw/AU002420.json,2196376
AU002421,/home/tahiti/AgentUnlearn/outputs/full_plan/raw/AU002421.json,2196375
AU002422,/home/tahiti/AgentUnlearn/outputs/full_plan/raw/AU002422.json,2698614
AU002423,/home/tahiti/AgentUnlearn/outputs/full_plan/raw/AU002423.json,2382679
AU002424,/home/tahiti/AgentUnlearn/outputs/full_plan/raw/AU002424.json,2382672
AU002425,/home/tahiti/AgentUnlearn/outputs/full_plan/raw/AU002425.json,8145754
AU002426,/home/tahiti/AgentUnlearn/outputs/full_plan/raw/AU002426.json,7199820
AU002427,/home/tahiti/AgentUnlearn/outputs/full_plan/raw/AU002427.json,7210050
AU002428,/home/tahiti/AgentUnlearn/outputs/full_plan/raw/AU002428.json,3392801
AU002429,/home/tahiti/AgentUnlearn/outputs/full_plan/raw/AU002429.json,3076787
AU002430,/home/tahiti/AgentUnlearn/outputs/full_plan/raw/AU002430.json,3082014
AU002431,/home/tahiti/AgentUnlearn/outputs/full_plan/raw/AU002431.json,1032421
AU002432,/home/tahiti/AgentUnlearn/outputs/full_plan/raw/AU002432.json,818986
AU002433,/home/tahiti/AgentUnlearn/outputs/full_plan/raw/AU002433.json,818984
AU002434,/home/tahiti/AgentUnlearn/outputs/full_plan/raw/AU002434.json,3179376
AU002435,/home/tahiti/AgentUnlearn/outputs/full_plan/raw/AU002435.json,2537259
AU002436,/home/tahiti/AgentUnlearn/outputs/full_plan/raw/AU002436.json,2539409
AU002437,/home/tahiti/AgentUnlearn/outputs/full_plan/raw/AU002437.json,1319375
AU002438,/home/tahiti/AgentUnlearn/outputs/full_plan/raw/AU002438.json,1102014
AU002439,/home/tahiti/AgentUnlearn/outputs/full_plan/raw/AU002439.json,1102000
AU002440,/home/tahiti/AgentUnlearn/outputs/full_plan/raw/AU002440.json,908519
AU002441,/home/tahiti/AgentUnlearn/outputs/full_plan/raw/AU002441.json,727781
AU002442,/home/tahiti/AgentUnlearn/outputs/full_plan/raw/AU002442.json,727766
AU002443,/home/tahiti/AgentUnlearn/outputs/full_plan/raw/AU002443.json,2816992
AU002444,/home/tahiti/AgentUnlearn/outputs/full_plan/raw/AU002444.json,2272514
AU002445,/home/tahiti/AgentUnlearn/outputs/full_plan/raw/AU002445.json,2268874
AU002446,/home/tahiti/AgentUnlearn/outputs/full_plan/raw/AU002446.json,1156461
AU002447,/home/tahiti/AgentUnlearn/outputs/full_plan/raw/AU002447.json,976885
AU002448,/home/tahiti/AgentUnlearn/outputs/full_plan/raw/AU002448.json,978169
AU002449,/home/tahiti/AgentUnlearn/outputs/full_plan/raw/AU002449.json,1110609
AU002450,/home/tahiti/AgentUnlearn/outputs/full_plan/raw/AU002450.json,885450
AU002451,/home/tahiti/AgentUnlearn/outputs/full_plan/raw/AU002451.json,885441
AU002452,/home/tahiti/AgentUnlearn/outputs/full_plan/raw/AU002452.json,3457179
AU002453,/home/tahiti/AgentUnlearn/outputs/full_plan/raw/AU002453.json,2770155
AU002454,/home/tahiti/AgentUnlearn/outputs/full_plan/raw/AU002454.json,2786371
AU002455,/home/tahiti/AgentUnlearn/outputs/full_plan/raw/AU002455.json,1428706
AU002456,/home/tahiti/AgentUnlearn/outputs/full_plan/raw/AU002456.json,1199535
AU002457,/home/tahiti/AgentUnlearn/outputs/full_plan/raw/AU002457.json,1206416
AU002458,/home/tahiti/AgentUnlearn/outputs/full_plan/raw/AU002458.json,1028830
AU002459,/home/tahiti/AgentUnlearn/outputs/full_plan/raw/AU002459.json,820082
AU002460,/home/tahiti/AgentUnlearn/outputs/full_plan/raw/AU002460.json,820073
AU002461,/home/tahiti/AgentUnlearn/outputs/full_plan/raw/AU002461.json,3234379
AU002462,/home/tahiti/AgentUnlearn/outputs/full_plan/raw/AU002462.json,2588286
AU002463,/home/tahiti/AgentUnlearn/outputs/full_plan/raw/AU002463.json,2588661
AU002464,/home/tahiti/AgentUnlearn/outputs/full_plan/raw/AU002464.json,1312706
AU002465,/home/tahiti/AgentUnlearn/outputs/full_plan/raw/AU002465.json,1098304
AU002466,/home/tahiti/AgentUnlearn/outputs/full_plan/raw/AU002466.json,1101808
AU002467,/home/tahiti/AgentUnlearn/outputs/full_plan/raw/AU002467.json,1169600
AU002468,/home/tahiti/AgentUnlearn/outputs/full_plan/raw/AU002468.json,931637
AU002469,/home/tahiti/AgentUnlearn/outputs/full_plan/raw/AU002469.json,931621
AU002470,/home/tahiti/AgentUnlearn/outputs/full_plan/raw/AU002470.json,3641485
AU002471,/home/tahiti/AgentUnlearn/outputs/full_plan/raw/AU002471.json,2915227
AU002472,/home/tahiti/AgentUnlearn/outputs/full_plan/raw/AU002472.json,2930961
AU002473,/home/tahiti/AgentUnlearn/outputs/full_plan/raw/AU002473.json,1485204
AU002474,/home/tahiti/AgentUnlearn/outputs/full_plan/raw/AU002474.json,1242913
AU002475,/home/tahiti/AgentUnlearn/outputs/full_plan/raw/AU002475.json,1258945
AU002476,/home/tahiti/AgentUnlearn/outputs/full_plan/raw/AU002476.json,929217
AU002477,/home/tahiti/AgentUnlearn/outputs/full_plan/raw/AU002477.json,743835
AU002478,/home/tahiti/AgentUnlearn/outputs/full_plan/raw/AU002478.json,743828
AU002479,/home/tahiti/AgentUnlearn/outputs/full_plan/raw/AU002479.json,2855721
AU002480,/home/tahiti/AgentUnlearn/outputs/full_plan/raw/AU002480.json,2299404
AU002481,/home/tahiti/AgentUnlearn/outputs/full_plan/raw/AU002481.json,2300758
AU002482,/home/tahiti/AgentUnlearn/outputs/full_plan/raw/AU002482.json,1192322
AU002483,/home/tahiti/AgentUnlearn/outputs/full_plan/raw/AU002483.json,1001511
AU002484,/home/tahiti/AgentUnlearn/outputs/full_plan/raw/AU002484.json,1001503
AU002485,/home/tahiti/AgentUnlearn/outputs/full_plan/raw/AU002485.json,996281
AU002486,/home/tahiti/AgentUnlearn/outputs/full_plan/raw/AU002486.json,792240
AU002487,/home/tahiti/AgentUnlearn/outputs/full_plan/raw/AU002487.json,792229
AU002488,/home/tahiti/AgentUnlearn/outputs/full_plan/raw/AU002488.json,3055552
AU002489,/home/tahiti/AgentUnlearn/outputs/full_plan/raw/AU002489.json,2439769
AU002490,/home/tahiti/AgentUnlearn/outputs/full_plan/raw/AU002490.json,2452964
AU002491,/home/tahiti/AgentUnlearn/outputs/full_plan/raw/AU002491.json,1276707
AU002492,/home/tahiti/AgentUnlearn/outputs/full_plan/raw/AU002492.json,1070546
AU002493,/home/tahiti/AgentUnlearn/outputs/full_plan/raw/AU002493.json,1073216
AU002494,/home/tahiti/AgentUnlearn/outputs/full_plan/raw/AU002494.json,878498
AU002495,/home/tahiti/AgentUnlearn/outputs/full_plan/raw/AU002495.json,707359
AU002496,/home/tahiti/AgentUnlearn/outputs/full_plan/raw/AU002496.json,707352
AU002497,/home/tahiti/AgentUnlearn/outputs/full_plan/raw/AU002497.json,2719171
AU002498,/home/tahiti/AgentUnlearn/outputs/full_plan/raw/AU002498.json,2211906
AU002499,/home/tahiti/AgentUnlearn/outputs/full_plan/raw/AU002499.json,2227181
AU002500,/home/tahiti/AgentUnlearn/outputs/full_plan/raw/AU002500.json,1127777
AU002501,/home/tahiti/AgentUnlearn/outputs/full_plan/raw/AU002501.json,958896
AU002502,/home/tahiti/AgentUnlearn/outputs/full_plan/raw/AU002502.json,957278
AU002503,/home/tahiti/AgentUnlearn/outputs/full_plan/raw/AU002503.json,928550
AU002504,/home/tahiti/AgentUnlearn/outputs/full_plan/raw/AU002504.json,735974
AU002505,/home/tahiti/AgentUnlearn/outputs/full_plan/raw/AU002505.json,735968
AU002506,/home/tahiti/AgentUnlearn/outputs/full_plan/raw/AU002506.json,2885903
AU002507,/home/tahiti/AgentUnlearn/outputs/full_plan/raw/AU002507.json,2294963
AU002508,/home/tahiti/AgentUnlearn/outputs/full_plan/raw/AU002508.json,2295394
AU002509,/home/tahiti/AgentUnlearn/outputs/full_plan/raw/AU002509.json,1195604
AU002510,/home/tahiti/AgentUnlearn/outputs/full_plan/raw/AU002510.json,1004597
AU002511,/home/tahiti/AgentUnlearn/outputs/full_plan/raw/AU002511.json,1007113
AU002512,/home/tahiti/AgentUnlearn/outputs/full_plan/raw/AU002512.json,970520
AU002513,/home/tahiti/AgentUnlearn/outputs/full_plan/raw/AU002513.json,770288
AU002514,/home/tahiti/AgentUnlearn/outputs/full_plan/raw/AU002514.json,770277
AU002515,/home/tahiti/AgentUnlearn/outputs/full_plan/raw/AU002515.json,3036756
AU002516,/home/tahiti/AgentUnlearn/outputs/full_plan/raw/AU002516.json,2415599
AU002517,/home/tahiti/AgentUnlearn/outputs/full_plan/raw/AU002517.json,2429018
AU002518,/home/tahiti/AgentUnlearn/outputs/full_plan/raw/AU002518.json,1244757
AU002519,/home/tahiti/AgentUnlearn/outputs/full_plan/raw/AU002519.json,1043383
AU002520,/home/tahiti/AgentUnlearn/outputs/full_plan/raw/AU002520.json,1046749
AU002521,/home/tahiti/AgentUnlearn/outputs/full_plan/raw/AU002521.json,396711
AU002522,/home/tahiti/AgentUnlearn/outputs/full_plan/raw/AU002522.json,358311
AU002523,/home/tahiti/AgentUnlearn/outputs/full_plan/raw/AU002523.json,358298
AU002524,/home/tahiti/AgentUnlearn/outputs/full_plan/raw/AU002524.json,1351437
AU002525,/home/tahiti/AgentUnlearn/outputs/full_plan/raw/AU002525.json,1264401
AU002526,/home/tahiti/AgentUnlearn/outputs/full_plan/raw/AU002526.json,1274468
AU002527,/home/tahiti/AgentUnlearn/outputs/full_plan/raw/AU002527.json,577567
AU002528,/home/tahiti/AgentUnlearn/outputs/full_plan/raw/AU002528.json,542599
AU002529,/home/tahiti/AgentUnlearn/outputs/full_plan/raw/AU002529.json,535497
AU002530,/home/tahiti/AgentUnlearn/outputs/full_plan/raw/AU002530.json,386210
AU002531,/home/tahiti/AgentUnlearn/outputs/full_plan/raw/AU002531.json,352370
AU002532,/home/tahiti/AgentUnlearn/outputs/full_plan/raw/AU002532.json,352372
AU002533,/home/tahiti/AgentUnlearn/outputs/full_plan/raw/AU002533.json,1318279
AU002534,/home/tahiti/AgentUnlearn/outputs/full_plan/raw/AU002534.json,1216875
AU002535,/home/tahiti/AgentUnlearn/outputs/full_plan/raw/AU002535.json,1232899
AU002536,/home/tahiti/AgentUnlearn/outputs/full_plan/raw/AU002536.json,537801
AU002537,/home/tahiti/AgentUnlearn/outputs/full_plan/raw/AU002537.json,511771
AU002538,/home/tahiti/AgentUnlearn/outputs/full_plan/raw/AU002538.json,506614
AU002539,/home/tahiti/AgentUnlearn/outputs/full_plan/raw/AU002539.json,364744
AU002540,/home/tahiti/AgentUnlearn/outputs/full_plan/raw/AU002540.json,331747
AU002541,/home/tahiti/AgentUnlearn/outputs/full_plan/raw/AU002541.json,331734
AU002542,/home/tahiti/AgentUnlearn/outputs/full_plan/raw/AU002542.json,1245848
AU002543,/home/tahiti/AgentUnlearn/outputs/full_plan/raw/AU002543.json,1158945
AU002544,/home/tahiti/AgentUnlearn/outputs/full_plan/raw/AU002544.json,1169845
AU002545,/home/tahiti/AgentUnlearn/outputs/full_plan/raw/AU002545.json,527770
AU002546,/home/tahiti/AgentUnlearn/outputs/full_plan/raw/AU002546.json,493434
AU002547,/home/tahiti/AgentUnlearn/outputs/full_plan/raw/AU002547.json,499250
AU002548,/home/tahiti/AgentUnlearn/outputs/full_plan/raw/AU002548.json,1907806
AU002549,/home/tahiti/AgentUnlearn/outputs/full_plan/raw/AU002549.json,1699775
AU002550,/home/tahiti/AgentUnlearn/outputs/full_plan/raw/AU002550.json,1699774
AU002551,/home/tahiti/AgentUnlearn/outputs/full_plan/raw/AU002551.json,5782891
AU002552,/home/tahiti/AgentUnlearn/outputs/full_plan/raw/AU002552.json,5166723
AU002553,/home/tahiti/AgentUnlearn/outputs/full_plan/raw/AU002553.json,5166128
AU002554,/home/tahiti/AgentUnlearn/outputs/full_plan/raw/AU002554.json,2409817
AU002555,/home/tahiti/AgentUnlearn/outputs/full_plan/raw/AU002555.json,2201193
AU002556,/home/tahiti/AgentUnlearn/outputs/full_plan/raw/AU002556.json,2201198
AU002557,/home/tahiti/AgentUnlearn/outputs/full_plan/raw/AU002557.json,2707118
AU002558,/home/tahiti/AgentUnlearn/outputs/full_plan/raw/AU002558.json,2390963
AU002559,/home/tahiti/AgentUnlearn/outputs/full_plan/raw/AU002559.json,2390955
AU002560,/home/tahiti/AgentUnlearn/outputs/full_plan/raw/AU002560.json,8229823
AU002561,/home/tahiti/AgentUnlearn/outputs/full_plan/raw/AU002561.json,7285977
AU002562,/home/tahiti/AgentUnlearn/outputs/full_plan/raw/AU002562.json,7299646
AU002563,/home/tahiti/AgentUnlearn/outputs/full_plan/raw/AU002563.json,3431136
AU002564,/home/tahiti/AgentUnlearn/outputs/full_plan/raw/AU002564.json,3114073
AU002565,/home/tahiti/AgentUnlearn/outputs/full_plan/raw/AU002565.json,3115553
AU002566,/home/tahiti/AgentUnlearn/outputs/full_plan/raw/AU002566.json,1035306
AU002567,/home/tahiti/AgentUnlearn/outputs/full_plan/raw/AU002567.json,822357
AU002568,/home/tahiti/AgentUnlearn/outputs/full_plan/raw/AU002568.json,822350
AU002569,/home/tahiti/AgentUnlearn/outputs/full_plan/raw/AU002569.json,3168325
AU002570,/home/tahiti/AgentUnlearn/outputs/full_plan/raw/AU002570.json,2528467
AU002571,/home/tahiti/AgentUnlearn/outputs/full_plan/raw/AU002571.json,2528469
AU002572,/home/tahiti/AgentUnlearn/outputs/full_plan/raw/AU002572.json,1327542
AU002573,/home/tahiti/AgentUnlearn/outputs/full_plan/raw/AU002573.json,1114506
AU002574,/home/tahiti/AgentUnlearn/outputs/full_plan/raw/AU002574.json,1114505
AU002575,/home/tahiti/AgentUnlearn/outputs/full_plan/raw/AU002575.json,909781
AU002576,/home/tahiti/AgentUnlearn/outputs/full_plan/raw/AU002576.json,728736
AU002577,/home/tahiti/AgentUnlearn/outputs/full_plan/raw/AU002577.json,728734
AU002578,/home/tahiti/AgentUnlearn/outputs/full_plan/raw/AU002578.json,2780809
AU002579,/home/tahiti/AgentUnlearn/outputs/full_plan/raw/AU002579.json,2255905
AU002580,/home/tahiti/AgentUnlearn/outputs/full_plan/raw/AU002580.json,2264125
AU002581,/home/tahiti/AgentUnlearn/outputs/full_plan/raw/AU002581.json,1161045
AU002582,/home/tahiti/AgentUnlearn/outputs/full_plan/raw/AU002582.json,978941
AU002583,/home/tahiti/AgentUnlearn/outputs/full_plan/raw/AU002583.json,981374
AU002584,/home/tahiti/AgentUnlearn/outputs/full_plan/raw/AU002584.json,1105872
AU002585,/home/tahiti/AgentUnlearn/outputs/full_plan/raw/AU002585.json,884659
AU002586,/home/tahiti/AgentUnlearn/outputs/full_plan/raw/AU002586.json,884652
AU002587,/home/tahiti/AgentUnlearn/outputs/full_plan/raw/AU002587.json,3398113
AU002588,/home/tahiti/AgentUnlearn/outputs/full_plan/raw/AU002588.json,2736341
AU002589,/home/tahiti/AgentUnlearn/outputs/full_plan/raw/AU002589.json,2757217
AU002590,/home/tahiti/AgentUnlearn/outputs/full_plan/raw/AU002590.json,1410510
AU002591,/home/tahiti/AgentUnlearn/outputs/full_plan/raw/AU002591.json,1186772
AU002592,/home/tahiti/AgentUnlearn/outputs/full_plan/raw/AU002592.json,1196082
AU002593,/home/tahiti/AgentUnlearn/outputs/full_plan/raw/AU002593.json,1030976
AU002594,/home/tahiti/AgentUnlearn/outputs/full_plan/raw/AU002594.json,822103
AU002595,/home/tahiti/AgentUnlearn/outputs/full_plan/raw/AU002595.json,822089
AU002596,/home/tahiti/AgentUnlearn/outputs/full_plan/raw/AU002596.json,3191538
AU002597,/home/tahiti/AgentUnlearn/outputs/full_plan/raw/AU002597.json,2576953
AU002598,/home/tahiti/AgentUnlearn/outputs/full_plan/raw/AU002598.json,2580590
AU002599,/home/tahiti/AgentUnlearn/outputs/full_plan/raw/AU002599.json,1313698
AU002600,/home/tahiti/AgentUnlearn/outputs/full_plan/raw/AU002600.json,1105200
AU002601,/home/tahiti/AgentUnlearn/outputs/full_plan/raw/AU002601.json,1111552
AU002602,/home/tahiti/AgentUnlearn/outputs/full_plan/raw/AU002602.json,1174243
AU002603,/home/tahiti/AgentUnlearn/outputs/full_plan/raw/AU002603.json,933588
AU002604,/home/tahiti/AgentUnlearn/outputs/full_plan/raw/AU002604.json,933591
AU002605,/home/tahiti/AgentUnlearn/outputs/full_plan/raw/AU002605.json,3604448
AU002606,/home/tahiti/AgentUnlearn/outputs/full_plan/raw/AU002606.json,2884772
AU002607,/home/tahiti/AgentUnlearn/outputs/full_plan/raw/AU002607.json,2890250
AU002608,/home/tahiti/AgentUnlearn/outputs/full_plan/raw/AU002608.json,1505489
AU002609,/home/tahiti/AgentUnlearn/outputs/full_plan/raw/AU002609.json,1258338
AU002610,/home/tahiti/AgentUnlearn/outputs/full_plan/raw/AU002610.json,1262551
AU002611,/home/tahiti/AgentUnlearn/outputs/full_plan/raw/AU002611.json,930280
AU002612,/home/tahiti/AgentUnlearn/outputs/full_plan/raw/AU002612.json,745155
AU002613,/home/tahiti/AgentUnlearn/outputs/full_plan/raw/AU002613.json,745147
AU002614,/home/tahiti/AgentUnlearn/outputs/full_plan/raw/AU002614.json,2859582
AU002615,/home/tahiti/AgentUnlearn/outputs/full_plan/raw/AU002615.json,2325091
AU002616,/home/tahiti/AgentUnlearn/outputs/full_plan/raw/AU002616.json,2325038
AU002617,/home/tahiti/AgentUnlearn/outputs/full_plan/raw/AU002617.json,1195595
AU002618,/home/tahiti/AgentUnlearn/outputs/full_plan/raw/AU002618.json,1009551
AU002619,/home/tahiti/AgentUnlearn/outputs/full_plan/raw/AU002619.json,1009543
AU002620,/home/tahiti/AgentUnlearn/outputs/full_plan/raw/AU002620.json,996120
AU002621,/home/tahiti/AgentUnlearn/outputs/full_plan/raw/AU002621.json,793005
AU002622,/home/tahiti/AgentUnlearn/outputs/full_plan/raw/AU002622.json,792995
AU002623,/home/tahiti/AgentUnlearn/outputs/full_plan/raw/AU002623.json,3053073
AU002624,/home/tahiti/AgentUnlearn/outputs/full_plan/raw/AU002624.json,2442347
AU002625,/home/tahiti/AgentUnlearn/outputs/full_plan/raw/AU002625.json,2457239
AU002626,/home/tahiti/AgentUnlearn/outputs/full_plan/raw/AU002626.json,1276408
AU002627,/home/tahiti/AgentUnlearn/outputs/full_plan/raw/AU002627.json,1070629
AU002628,/home/tahiti/AgentUnlearn/outputs/full_plan/raw/AU002628.json,1075055
AU002629,/home/tahiti/AgentUnlearn/outputs/full_plan/raw/AU002629.json,878761
AU002630,/home/tahiti/AgentUnlearn/outputs/full_plan/raw/AU002630.json,710477
AU002631,/home/tahiti/AgentUnlearn/outputs/full_plan/raw/AU002631.json,710473
AU002632,/home/tahiti/AgentUnlearn/outputs/full_plan/raw/AU002632.json,2724936
AU002633,/home/tahiti/AgentUnlearn/outputs/full_plan/raw/AU002633.json,2219130
AU002634,/home/tahiti/AgentUnlearn/outputs/full_plan/raw/AU002634.json,2236958
AU002635,/home/tahiti/AgentUnlearn/outputs/full_plan/raw/AU002635.json,1127836
AU002636,/home/tahiti/AgentUnlearn/outputs/full_plan/raw/AU002636.json,957850
AU002637,/home/tahiti/AgentUnlearn/outputs/full_plan/raw/AU002637.json,959998
AU002638,/home/tahiti/AgentUnlearn/outputs/full_plan/raw/AU002638.json,924642
AU002639,/home/tahiti/AgentUnlearn/outputs/full_plan/raw/AU002639.json,735345
AU002640,/home/tahiti/AgentUnlearn/outputs/full_plan/raw/AU002640.json,735335
AU002641,/home/tahiti/AgentUnlearn/outputs/full_plan/raw/AU002641.json,2871159
AU002642,/home/tahiti/AgentUnlearn/outputs/full_plan/raw/AU002642.json,2296234
AU002643,/home/tahiti/AgentUnlearn/outputs/full_plan/raw/AU002643.json,2296430
AU002644,/home/tahiti/AgentUnlearn/outputs/full_plan/raw/AU002644.json,1183965
AU002645,/home/tahiti/AgentUnlearn/outputs/full_plan/raw/AU002645.json,993388
AU002646,/home/tahiti/AgentUnlearn/outputs/full_plan/raw/AU002646.json,995593
AU002647,/home/tahiti/AgentUnlearn/outputs/full_plan/raw/AU002647.json,970841
AU002648,/home/tahiti/AgentUnlearn/outputs/full_plan/raw/AU002648.json,770828
AU002649,/home/tahiti/AgentUnlearn/outputs/full_plan/raw/AU002649.json,770827
AU002650,/home/tahiti/AgentUnlearn/outputs/full_plan/raw/AU002650.json,3019480
AU002651,/home/tahiti/AgentUnlearn/outputs/full_plan/raw/AU002651.json,2437409
AU002652,/home/tahiti/AgentUnlearn/outputs/full_plan/raw/AU002652.json,2446810
AU002653,/home/tahiti/AgentUnlearn/outputs/full_plan/raw/AU002653.json,1246804
AU002654,/home/tahiti/AgentUnlearn/outputs/full_plan/raw/AU002654.json,1046775
AU002655,/home/tahiti/AgentUnlearn/outputs/full_plan/raw/AU002655.json,1053663
AU002656,/home/tahiti/AgentUnlearn/outputs/full_plan/raw/AU002656.json,81429
AU002657,/home/tahiti/AgentUnlearn/outputs/full_plan/raw/AU002657.json,185126
AU002658,/home/tahiti/AgentUnlearn/outputs/full_plan/raw/AU002658.json,419894
AU002659,/home/tahiti/AgentUnlearn/outputs/full_plan/raw/AU002659.json,81421
AU002660,/home/tahiti/AgentUnlearn/outputs/full_plan/raw/AU002660.json,185296
AU002661,/home/tahiti/AgentUnlearn/outputs/full_plan/raw/AU002661.json,417050
AU002662,/home/tahiti/AgentUnlearn/outputs/full_plan/raw/AU002662.json,203934
AU002663,/home/tahiti/AgentUnlearn/outputs/full_plan/raw/AU002663.json,520140
AU002664,/home/tahiti/AgentUnlearn/outputs/full_plan/raw/AU002664.json,3160049
AU002665,/home/tahiti/AgentUnlearn/outputs/full_plan/raw/AU002665.json,203923
AU002666,/home/tahiti/AgentUnlearn/outputs/full_plan/raw/AU002666.json,519209
AU002667,/home/tahiti/AgentUnlearn/outputs/full_plan/raw/AU002667.json,3166537
AU002668,/home/tahiti/AgentUnlearn/outputs/full_plan/raw/AU002668.json,148304
AU002669,/home/tahiti/AgentUnlearn/outputs/full_plan/raw/AU002669.json,273422
AU002670,/home/tahiti/AgentUnlearn/outputs/full_plan/raw/AU002670.json,1268081
AU002671,/home/tahiti/AgentUnlearn/outputs/full_plan/raw/AU002671.json,149377
AU002672,/home/tahiti/AgentUnlearn/outputs/full_plan/raw/AU002672.json,274310
AU002673,/home/tahiti/AgentUnlearn/outputs/full_plan/raw/AU002673.json,1265948
AU002674,/home/tahiti/AgentUnlearn/outputs/full_plan/raw/AU002674.json,76839
AU002675,/home/tahiti/AgentUnlearn/outputs/full_plan/raw/AU002675.json,177643
AU002676,/home/tahiti/AgentUnlearn/outputs/full_plan/raw/AU002676.json,400692
AU002677,/home/tahiti/AgentUnlearn/outputs/full_plan/raw/AU002677.json,76832
AU002678,/home/tahiti/AgentUnlearn/outputs/full_plan/raw/AU002678.json,178269
AU002679,/home/tahiti/AgentUnlearn/outputs/full_plan/raw/AU002679.json,398342
AU002680,/home/tahiti/AgentUnlearn/outputs/full_plan/raw/AU002680.json,207649
AU002681,/home/tahiti/AgentUnlearn/outputs/full_plan/raw/AU002681.json,509292
AU002682,/home/tahiti/AgentUnlearn/outputs/full_plan/raw/AU002682.json,3076314
AU002683,/home/tahiti/AgentUnlearn/outputs/full_plan/raw/AU002683.json,207637
AU002684,/home/tahiti/AgentUnlearn/outputs/full_plan/raw/AU002684.json,513689
AU002685,/home/tahiti/AgentUnlearn/outputs/full_plan/raw/AU002685.json,3103393
AU002686,/home/tahiti/AgentUnlearn/outputs/full_plan/raw/AU002686.json,146238
AU002687,/home/tahiti/AgentUnlearn/outputs/full_plan/raw/AU002687.json,258949
AU002688,/home/tahiti/AgentUnlearn/outputs/full_plan/raw/AU002688.json,1165650
AU002689,/home/tahiti/AgentUnlearn/outputs/full_plan/raw/AU002689.json,148397
AU002690,/home/tahiti/AgentUnlearn/outputs/full_plan/raw/AU002690.json,263701
AU002691,/home/tahiti/AgentUnlearn/outputs/full_plan/raw/AU002691.json,1195800
AU002692,/home/tahiti/AgentUnlearn/outputs/full_plan/raw/AU002692.json,75468
AU002693,/home/tahiti/AgentUnlearn/outputs/full_plan/raw/AU002693.json,170362
AU002694,/home/tahiti/AgentUnlearn/outputs/full_plan/raw/AU002694.json,387754
AU002695,/home/tahiti/AgentUnlearn/outputs/full_plan/raw/AU002695.json,75463
AU002696,/home/tahiti/AgentUnlearn/outputs/full_plan/raw/AU002696.json,171120
AU002697,/home/tahiti/AgentUnlearn/outputs/full_plan/raw/AU002697.json,388143
AU002698,/home/tahiti/AgentUnlearn/outputs/full_plan/raw/AU002698.json,191899
AU002699,/home/tahiti/AgentUnlearn/outputs/full_plan/raw/AU002699.json,479072
AU002700,/home/tahiti/AgentUnlearn/outputs/full_plan/raw/AU002700.json,2974670
AU002701,/home/tahiti/AgentUnlearn/outputs/full_plan/raw/AU002701.json,191886
AU002702,/home/tahiti/AgentUnlearn/outputs/full_plan/raw/AU002702.json,481290
AU002703,/home/tahiti/AgentUnlearn/outputs/full_plan/raw/AU002703.json,2992737
AU002704,/home/tahiti/AgentUnlearn/outputs/full_plan/raw/AU002704.json,137849
AU002705,/home/tahiti/AgentUnlearn/outputs/full_plan/raw/AU002705.json,256985
AU002706,/home/tahiti/AgentUnlearn/outputs/full_plan/raw/AU002706.json,1231334
AU002707,/home/tahiti/AgentUnlearn/outputs/full_plan/raw/AU002707.json,138564
AU002708,/home/tahiti/AgentUnlearn/outputs/full_plan/raw/AU002708.json,257279
AU002709,/home/tahiti/AgentUnlearn/outputs/full_plan/raw/AU002709.json,1207093
AU002710,/home/tahiti/AgentUnlearn/outputs/full_plan/raw/AU002710.json,276505
AU002711,/home/tahiti/AgentUnlearn/outputs/full_plan/raw/AU002711.json,752352
AU002712,/home/tahiti/AgentUnlearn/outputs/full_plan/raw/AU002712.json,1713656
AU002713,/home/tahiti/AgentUnlearn/outputs/full_plan/raw/AU002713.json,276500
AU002714,/home/tahiti/AgentUnlearn/outputs/full_plan/raw/AU002714.json,752937
AU002715,/home/tahiti/AgentUnlearn/outputs/full_plan/raw/AU002715.json,1714291
AU002716,/home/tahiti/AgentUnlearn/outputs/full_plan/raw/AU002716.json,810434
AU002717,/home/tahiti/AgentUnlearn/outputs/full_plan/raw/AU002717.json,2252852
AU002718,/home/tahiti/AgentUnlearn/outputs/full_plan/raw/AU002718.json,11190742
AU002719,/home/tahiti/AgentUnlearn/outputs/full_plan/raw/AU002719.json,810429
AU002720,/home/tahiti/AgentUnlearn/outputs/full_plan/raw/AU002720.json,2253434
AU002721,/home/tahiti/AgentUnlearn/outputs/full_plan/raw/AU002721.json,11202215
AU002722,/home/tahiti/AgentUnlearn/outputs/full_plan/raw/AU002722.json,547289
AU002723,/home/tahiti/AgentUnlearn/outputs/full_plan/raw/AU002723.json,1023582
AU002724,/home/tahiti/AgentUnlearn/outputs/full_plan/raw/AU002724.json,4151778
AU002725,/home/tahiti/AgentUnlearn/outputs/full_plan/raw/AU002725.json,547285
AU002726,/home/tahiti/AgentUnlearn/outputs/full_plan/raw/AU002726.json,1024039
AU002727,/home/tahiti/AgentUnlearn/outputs/full_plan/raw/AU002727.json,4152017
AU002728,/home/tahiti/AgentUnlearn/outputs/full_plan/raw/AU002728.json,56427
AU002729,/home/tahiti/AgentUnlearn/outputs/full_plan/raw/AU002729.json,314044
AU002730,/home/tahiti/AgentUnlearn/outputs/full_plan/raw/AU002730.json,841149
AU002731,/home/tahiti/AgentUnlearn/outputs/full_plan/raw/AU002731.json,56420
AU002732,/home/tahiti/AgentUnlearn/outputs/full_plan/raw/AU002732.json,314037
AU002733,/home/tahiti/AgentUnlearn/outputs/full_plan/raw/AU002733.json,841139
AU002734,/home/tahiti/AgentUnlearn/outputs/full_plan/raw/AU002734.json,148618
AU002735,/home/tahiti/AgentUnlearn/outputs/full_plan/raw/AU002735.json,932912
AU002736,/home/tahiti/AgentUnlearn/outputs/full_plan/raw/AU002736.json,6014952
AU002737,/home/tahiti/AgentUnlearn/outputs/full_plan/raw/AU002737.json,148604
AU002738,/home/tahiti/AgentUnlearn/outputs/full_plan/raw/AU002738.json,933021
AU002739,/home/tahiti/AgentUnlearn/outputs/full_plan/raw/AU002739.json,6015925
AU002740,/home/tahiti/AgentUnlearn/outputs/full_plan/raw/AU002740.json,106574
AU002741,/home/tahiti/AgentUnlearn/outputs/full_plan/raw/AU002741.json,365199
AU002742,/home/tahiti/AgentUnlearn/outputs/full_plan/raw/AU002742.json,2202519
AU002743,/home/tahiti/AgentUnlearn/outputs/full_plan/raw/AU002743.json,106877
AU002744,/home/tahiti/AgentUnlearn/outputs/full_plan/raw/AU002744.json,367780
AU002745,/home/tahiti/AgentUnlearn/outputs/full_plan/raw/AU002745.json,2209219
AU002746,/home/tahiti/AgentUnlearn/outputs/full_plan/raw/AU002746.json,81435
AU002747,/home/tahiti/AgentUnlearn/outputs/full_plan/raw/AU002747.json,185129
AU002748,/home/tahiti/AgentUnlearn/outputs/full_plan/raw/AU002748.json,1000356
AU002749,/home/tahiti/AgentUnlearn/outputs/full_plan/raw/AU002749.json,81428
AU002750,/home/tahiti/AgentUnlearn/outputs/full_plan/raw/AU002750.json,185304
AU002751,/home/tahiti/AgentUnlearn/outputs/full_plan/raw/AU002751.json,984605
AU002752,/home/tahiti/AgentUnlearn/outputs/full_plan/raw/AU002752.json,76841
AU002753,/home/tahiti/AgentUnlearn/outputs/full_plan/raw/AU002753.json,177650
AU002754,/home/tahiti/AgentUnlearn/outputs/full_plan/raw/AU002754.json,935951
AU002755,/home/tahiti/AgentUnlearn/outputs/full_plan/raw/AU002755.json,76836
AU002756,/home/tahiti/AgentUnlearn/outputs/full_plan/raw/AU002756.json,178277
AU002757,/home/tahiti/AgentUnlearn/outputs/full_plan/raw/AU002757.json,919684
AU002758,/home/tahiti/AgentUnlearn/outputs/full_plan/raw/AU002758.json,75469
AU002759,/home/tahiti/AgentUnlearn/outputs/full_plan/raw/AU002759.json,170371
AU002760,/home/tahiti/AgentUnlearn/outputs/full_plan/raw/AU002760.json,924630
AU002761,/home/tahiti/AgentUnlearn/outputs/full_plan/raw/AU002761.json,75461
AU002762,/home/tahiti/AgentUnlearn/outputs/full_plan/raw/AU002762.json,171119
AU002763,/home/tahiti/AgentUnlearn/outputs/full_plan/raw/AU002763.json,923294
AU002764,/home/tahiti/AgentUnlearn/outputs/full_plan/raw/AU002764.json,276511
AU002765,/home/tahiti/AgentUnlearn/outputs/full_plan/raw/AU002765.json,752353
AU002766,/home/tahiti/AgentUnlearn/outputs/full_plan/raw/AU002766.json,3662229
AU002767,/home/tahiti/AgentUnlearn/outputs/full_plan/raw/AU002767.json,276503
AU002768,/home/tahiti/AgentUnlearn/outputs/full_plan/raw/AU002768.json,752947
AU002769,/home/tahiti/AgentUnlearn/outputs/full_plan/raw/AU002769.json,3662987
AU002770,/home/tahiti/AgentUnlearn/outputs/full_plan/raw/AU002770.json,56431
AU002771,/home/tahiti/AgentUnlearn/outputs/full_plan/raw/AU002771.json,314047
AU002772,/home/tahiti/AgentUnlearn/outputs/full_plan/raw/AU002772.json,1928153
AU002773,/home/tahiti/AgentUnlearn/outputs/full_plan/raw/AU002773.json,56424
AU002774,/home/tahiti/AgentUnlearn/outputs/full_plan/raw/AU002774.json,314046
AU002775,/home/tahiti/AgentUnlearn/outputs/full_plan/raw/AU002775.json,1928137
AU002776,/home/tahiti/AgentUnlearn/outputs/full_plan/raw/AU002776.json,417020
AU002777,/home/tahiti/AgentUnlearn/outputs/full_plan/raw/AU002777.json,419252
AU002778,/home/tahiti/AgentUnlearn/outputs/full_plan/raw/AU002778.json,418861
AU002779,/home/tahiti/AgentUnlearn/outputs/full_plan/raw/AU002779.json,417021
AU002780,/home/tahiti/AgentUnlearn/outputs/full_plan/raw/AU002780.json,421113
AU002781,/home/tahiti/AgentUnlearn/outputs/full_plan/raw/AU002781.json,423252
AU002782,/home/tahiti/AgentUnlearn/outputs/full_plan/raw/AU002782.json,401255
AU002783,/home/tahiti/AgentUnlearn/outputs/full_plan/raw/AU002783.json,400989
AU002784,/home/tahiti/AgentUnlearn/outputs/full_plan/raw/AU002784.json,400023
AU002785,/home/tahiti/AgentUnlearn/outputs/full_plan/raw/AU002785.json,401240
AU002786,/home/tahiti/AgentUnlearn/outputs/full_plan/raw/AU002786.json,403141
AU002787,/home/tahiti/AgentUnlearn/outputs/full_plan/raw/AU002787.json,405895
AU002788,/home/tahiti/AgentUnlearn/outputs/full_plan/raw/AU002788.json,391730
AU002789,/home/tahiti/AgentUnlearn/outputs/full_plan/raw/AU002789.json,389114
AU002790,/home/tahiti/AgentUnlearn/outputs/full_plan/raw/AU002790.json,389078
AU002791,/home/tahiti/AgentUnlearn/outputs/full_plan/raw/AU002791.json,391722
AU002792,/home/tahiti/AgentUnlearn/outputs/full_plan/raw/AU002792.json,390218
AU002793,/home/tahiti/AgentUnlearn/outputs/full_plan/raw/AU002793.json,391287
AU002794,/home/tahiti/AgentUnlearn/outputs/full_plan/raw/AU002794.json,1721037
AU002795,/home/tahiti/AgentUnlearn/outputs/full_plan/raw/AU002795.json,1713661
AU002796,/home/tahiti/AgentUnlearn/outputs/full_plan/raw/AU002796.json,1713655
AU002797,/home/tahiti/AgentUnlearn/outputs/full_plan/raw/AU002797.json,1721022
AU002798,/home/tahiti/AgentUnlearn/outputs/full_plan/raw/AU002798.json,1714808
AU002799,/home/tahiti/AgentUnlearn/outputs/full_plan/raw/AU002799.json,1715202
AU002800,/home/tahiti/AgentUnlearn/outputs/full_plan/raw/AU002800.json,846374
AU002801,/home/tahiti/AgentUnlearn/outputs/full_plan/raw/AU002801.json,841200
AU002802,/home/tahiti/AgentUnlearn/outputs/full_plan/raw/AU002802.json,841234
AU002803,/home/tahiti/AgentUnlearn/outputs/full_plan/raw/AU002803.json,846364
AU002804,/home/tahiti/AgentUnlearn/outputs/full_plan/raw/AU002804.json,841189
AU002805,/home/tahiti/AgentUnlearn/outputs/full_plan/raw/AU002805.json,841224
AU002806,/home/tahiti/AgentUnlearn/outputs/full_plan/raw/AU002806.json,312710
AU002807,/home/tahiti/AgentUnlearn/outputs/full_plan/raw/AU002807.json,332101
AU002808,/home/tahiti/AgentUnlearn/outputs/full_plan/raw/AU002808.json,367933
AU002809,/home/tahiti/AgentUnlearn/outputs/full_plan/raw/AU002809.json,309899
AU002810,/home/tahiti/AgentUnlearn/outputs/full_plan/raw/AU002810.json,339326
AU002811,/home/tahiti/AgentUnlearn/outputs/full_plan/raw/AU002811.json,365978
AU002812,/home/tahiti/AgentUnlearn/outputs/full_plan/raw/AU002812.json,916678
AU002813,/home/tahiti/AgentUnlearn/outputs/full_plan/raw/AU002813.json,1001956
AU002814,/home/tahiti/AgentUnlearn/outputs/full_plan/raw/AU002814.json,1130157
AU002815,/home/tahiti/AgentUnlearn/outputs/full_plan/raw/AU002815.json,922102
AU002816,/home/tahiti/AgentUnlearn/outputs/full_plan/raw/AU002816.json,1006113
AU002817,/home/tahiti/AgentUnlearn/outputs/full_plan/raw/AU002817.json,1131864
AU002818,/home/tahiti/AgentUnlearn/outputs/full_plan/raw/AU002818.json,414412
AU002819,/home/tahiti/AgentUnlearn/outputs/full_plan/raw/AU002819.json,454899
AU002820,/home/tahiti/AgentUnlearn/outputs/full_plan/raw/AU002820.json,529248
AU002821,/home/tahiti/AgentUnlearn/outputs/full_plan/raw/AU002821.json,412484
AU002822,/home/tahiti/AgentUnlearn/outputs/full_plan/raw/AU002822.json,445855
AU002823,/home/tahiti/AgentUnlearn/outputs/full_plan/raw/AU002823.json,528753
AU002824,/home/tahiti/AgentUnlearn/outputs/full_plan/raw/AU002824.json,293966
AU002825,/home/tahiti/AgentUnlearn/outputs/full_plan/raw/AU002825.json,320224
AU002826,/home/tahiti/AgentUnlearn/outputs/full_plan/raw/AU002826.json,348592
AU002827,/home/tahiti/AgentUnlearn/outputs/full_plan/raw/AU002827.json,295801
AU002828,/home/tahiti/AgentUnlearn/outputs/full_plan/raw/AU002828.json,323055
AU002829,/home/tahiti/AgentUnlearn/outputs/full_plan/raw/AU002829.json,352805
AU002830,/home/tahiti/AgentUnlearn/outputs/full_plan/raw/AU002830.json,880191
AU002831,/home/tahiti/AgentUnlearn/outputs/full_plan/raw/AU002831.json,970871
AU002832,/home/tahiti/AgentUnlearn/outputs/full_plan/raw/AU002832.json,1046703
AU002833,/home/tahiti/AgentUnlearn/outputs/full_plan/raw/AU002833.json,897378
AU002834,/home/tahiti/AgentUnlearn/outputs/full_plan/raw/AU002834.json,985376
AU002835,/home/tahiti/AgentUnlearn/outputs/full_plan/raw/AU002835.json,1061687
AU002836,/home/tahiti/AgentUnlearn/outputs/full_plan/raw/AU002836.json,417566
AU002837,/home/tahiti/AgentUnlearn/outputs/full_plan/raw/AU002837.json,440468
AU002838,/home/tahiti/AgentUnlearn/outputs/full_plan/raw/AU002838.json,493485
AU002839,/home/tahiti/AgentUnlearn/outputs/full_plan/raw/AU002839.json,419882
AU002840,/home/tahiti/AgentUnlearn/outputs/full_plan/raw/AU002840.json,446631
AU002841,/home/tahiti/AgentUnlearn/outputs/full_plan/raw/AU002841.json,492488
AU002842,/home/tahiti/AgentUnlearn/outputs/full_plan/raw/AU002842.json,289705
AU002843,/home/tahiti/AgentUnlearn/outputs/full_plan/raw/AU002843.json,311290
AU002844,/home/tahiti/AgentUnlearn/outputs/full_plan/raw/AU002844.json,333556
AU002845,/home/tahiti/AgentUnlearn/outputs/full_plan/raw/AU002845.json,288620
AU002846,/home/tahiti/AgentUnlearn/outputs/full_plan/raw/AU002846.json,311607
AU002847,/home/tahiti/AgentUnlearn/outputs/full_plan/raw/AU002847.json,334556
AU002848,/home/tahiti/AgentUnlearn/outputs/full_plan/raw/AU002848.json,863907
AU002849,/home/tahiti/AgentUnlearn/outputs/full_plan/raw/AU002849.json,966220
AU002850,/home/tahiti/AgentUnlearn/outputs/full_plan/raw/AU002850.json,1027310
AU002851,/home/tahiti/AgentUnlearn/outputs/full_plan/raw/AU002851.json,871017
AU002852,/home/tahiti/AgentUnlearn/outputs/full_plan/raw/AU002852.json,974671
AU002853,/home/tahiti/AgentUnlearn/outputs/full_plan/raw/AU002853.json,1034785
AU002854,/home/tahiti/AgentUnlearn/outputs/full_plan/raw/AU002854.json,388266
AU002855,/home/tahiti/AgentUnlearn/outputs/full_plan/raw/AU002855.json,425177
AU002856,/home/tahiti/AgentUnlearn/outputs/full_plan/raw/AU002856.json,442759
AU002857,/home/tahiti/AgentUnlearn/outputs/full_plan/raw/AU002857.json,388229
AU002858,/home/tahiti/AgentUnlearn/outputs/full_plan/raw/AU002858.json,420706
AU002859,/home/tahiti/AgentUnlearn/outputs/full_plan/raw/AU002859.json,442477
AU002860,/home/tahiti/AgentUnlearn/outputs/full_plan/raw/AU002860.json,1095232
AU002861,/home/tahiti/AgentUnlearn/outputs/full_plan/raw/AU002861.json,1229819
AU002862,/home/tahiti/AgentUnlearn/outputs/full_plan/raw/AU002862.json,1430241
AU002863,/home/tahiti/AgentUnlearn/outputs/full_plan/raw/AU002863.json,1095222
AU002864,/home/tahiti/AgentUnlearn/outputs/full_plan/raw/AU002864.json,1229810
AU002865,/home/tahiti/AgentUnlearn/outputs/full_plan/raw/AU002865.json,1430234
AU002866,/home/tahiti/AgentUnlearn/outputs/full_plan/raw/AU002866.json,3324636
AU002867,/home/tahiti/AgentUnlearn/outputs/full_plan/raw/AU002867.json,3722018
AU002868,/home/tahiti/AgentUnlearn/outputs/full_plan/raw/AU002868.json,4324291
AU002869,/home/tahiti/AgentUnlearn/outputs/full_plan/raw/AU002869.json,3324545
AU002870,/home/tahiti/AgentUnlearn/outputs/full_plan/raw/AU002870.json,3722459
AU002871,/home/tahiti/AgentUnlearn/outputs/full_plan/raw/AU002871.json,4324292
AU002872,/home/tahiti/AgentUnlearn/outputs/full_plan/raw/AU002872.json,1377603
AU002873,/home/tahiti/AgentUnlearn/outputs/full_plan/raw/AU002873.json,1556336
AU002874,/home/tahiti/AgentUnlearn/outputs/full_plan/raw/AU002874.json,1823859
AU002875,/home/tahiti/AgentUnlearn/outputs/full_plan/raw/AU002875.json,1377587
AU002876,/home/tahiti/AgentUnlearn/outputs/full_plan/raw/AU002876.json,1556324
AU002877,/home/tahiti/AgentUnlearn/outputs/full_plan/raw/AU002877.json,1823849
AU002878,/home/tahiti/AgentUnlearn/outputs/full_plan/raw/AU002878.json,202883
AU002879,/home/tahiti/AgentUnlearn/outputs/full_plan/raw/AU002879.json,331963
AU002880,/home/tahiti/AgentUnlearn/outputs/full_plan/raw/AU002880.json,495631
AU002881,/home/tahiti/AgentUnlearn/outputs/full_plan/raw/AU002881.json,202872
AU002882,/home/tahiti/AgentUnlearn/outputs/full_plan/raw/AU002882.json,332088
AU002883,/home/tahiti/AgentUnlearn/outputs/full_plan/raw/AU002883.json,495620
AU002884,/home/tahiti/AgentUnlearn/outputs/full_plan/raw/AU002884.json,652892
AU002885,/home/tahiti/AgentUnlearn/outputs/full_plan/raw/AU002885.json,1022146
AU002886,/home/tahiti/AgentUnlearn/outputs/full_plan/raw/AU002886.json,1519940
AU002887,/home/tahiti/AgentUnlearn/outputs/full_plan/raw/AU002887.json,651700
AU002888,/home/tahiti/AgentUnlearn/outputs/full_plan/raw/AU002888.json,1023396
AU002889,/home/tahiti/AgentUnlearn/outputs/full_plan/raw/AU002889.json,1520178
AU002890,/home/tahiti/AgentUnlearn/outputs/full_plan/raw/AU002890.json,272018
AU002891,/home/tahiti/AgentUnlearn/outputs/full_plan/raw/AU002891.json,435755
AU002892,/home/tahiti/AgentUnlearn/outputs/full_plan/raw/AU002892.json,654993
AU002893,/home/tahiti/AgentUnlearn/outputs/full_plan/raw/AU002893.json,275334
AU002894,/home/tahiti/AgentUnlearn/outputs/full_plan/raw/AU002894.json,439505
AU002895,/home/tahiti/AgentUnlearn/outputs/full_plan/raw/AU002895.json,654541
AU002896,/home/tahiti/AgentUnlearn/outputs/full_plan/raw/AU002896.json,360983
AU002897,/home/tahiti/AgentUnlearn/outputs/full_plan/raw/AU002897.json,802007
AU002898,/home/tahiti/AgentUnlearn/outputs/full_plan/raw/AU002898.json,2178326
AU002899,/home/tahiti/AgentUnlearn/outputs/full_plan/raw/AU002899.json,360972
AU002900,/home/tahiti/AgentUnlearn/outputs/full_plan/raw/AU002900.json,805437
AU002901,/home/tahiti/AgentUnlearn/outputs/full_plan/raw/AU002901.json,2176421
AU002902,/home/tahiti/AgentUnlearn/outputs/full_plan/raw/AU002902.json,357711
AU002903,/home/tahiti/AgentUnlearn/outputs/full_plan/raw/AU002903.json,785232
AU002904,/home/tahiti/AgentUnlearn/outputs/full_plan/raw/AU002904.json,2176671
AU002905,/home/tahiti/AgentUnlearn/outputs/full_plan/raw/AU002905.json,357699
AU002906,/home/tahiti/AgentUnlearn/outputs/full_plan/raw/AU002906.json,789299
AU002907,/home/tahiti/AgentUnlearn/outputs/full_plan/raw/AU002907.json,2218859
AU002908,/home/tahiti/AgentUnlearn/outputs/full_plan/raw/AU002908.json,334052
AU002909,/home/tahiti/AgentUnlearn/outputs/full_plan/raw/AU002909.json,745065
AU002910,/home/tahiti/AgentUnlearn/outputs/full_plan/raw/AU002910.json,2028156
AU002911,/home/tahiti/AgentUnlearn/outputs/full_plan/raw/AU002911.json,334046
AU002912,/home/tahiti/AgentUnlearn/outputs/full_plan/raw/AU002912.json,748371
AU002913,/home/tahiti/AgentUnlearn/outputs/full_plan/raw/AU002913.json,2073921
AU002914,/home/tahiti/AgentUnlearn/outputs/full_plan/raw/AU002914.json,1701304
AU002915,/home/tahiti/AgentUnlearn/outputs/full_plan/raw/AU002915.json,3429384
AU002916,/home/tahiti/AgentUnlearn/outputs/full_plan/raw/AU002916.json,8648738
AU002917,/home/tahiti/AgentUnlearn/outputs/full_plan/raw/AU002917.json,1701301
AU002918,/home/tahiti/AgentUnlearn/outputs/full_plan/raw/AU002918.json,3432222
AU002919,/home/tahiti/AgentUnlearn/outputs/full_plan/raw/AU002919.json,8661039
AU002920,/home/tahiti/AgentUnlearn/outputs/full_plan/raw/AU002920.json,825567
AU002921,/home/tahiti/AgentUnlearn/outputs/full_plan/raw/AU002921.json,1683379
AU002922,/home/tahiti/AgentUnlearn/outputs/full_plan/raw/AU002922.json,4275448
AU002923,/home/tahiti/AgentUnlearn/outputs/full_plan/raw/AU002923.json,825567
AU002924,/home/tahiti/AgentUnlearn/outputs/full_plan/raw/AU002924.json,1683360
AU002925,/home/tahiti/AgentUnlearn/outputs/full_plan/raw/AU002925.json,4277567
AU002926,/home/tahiti/AgentUnlearn/outputs/full_plan/raw/AU002926.json,437572
AU002927,/home/tahiti/AgentUnlearn/outputs/full_plan/raw/AU002927.json,434860
AU002928,/home/tahiti/AgentUnlearn/outputs/full_plan/raw/AU002928.json,436534
AU002929,/home/tahiti/AgentUnlearn/outputs/full_plan/raw/AU002929.json,436102
AU002930,/home/tahiti/AgentUnlearn/outputs/full_plan/raw/AU002930.json,1338804
AU002931,/home/tahiti/AgentUnlearn/outputs/full_plan/raw/AU002931.json,1334673
AU002932,/home/tahiti/AgentUnlearn/outputs/full_plan/raw/AU002932.json,1324761
AU002933,/home/tahiti/AgentUnlearn/outputs/full_plan/raw/AU002933.json,1324741
AU002934,/home/tahiti/AgentUnlearn/outputs/full_plan/raw/AU002934.json,598752
AU002935,/home/tahiti/AgentUnlearn/outputs/full_plan/raw/AU002935.json,597226
AU002936,/home/tahiti/AgentUnlearn/outputs/full_plan/raw/AU002936.json,599069
AU002937,/home/tahiti/AgentUnlearn/outputs/full_plan/raw/AU002937.json,599884
AU002938,/home/tahiti/AgentUnlearn/outputs/full_plan/raw/AU002938.json,422770
AU002939,/home/tahiti/AgentUnlearn/outputs/full_plan/raw/AU002939.json,424484
AU002940,/home/tahiti/AgentUnlearn/outputs/full_plan/raw/AU002940.json,423286
AU002941,/home/tahiti/AgentUnlearn/outputs/full_plan/raw/AU002941.json,423287
AU002942,/home/tahiti/AgentUnlearn/outputs/full_plan/raw/AU002942.json,1317065
AU002943,/home/tahiti/AgentUnlearn/outputs/full_plan/raw/AU002943.json,1314201
AU002944,/home/tahiti/AgentUnlearn/outputs/full_plan/raw/AU002944.json,1310447
AU002945,/home/tahiti/AgentUnlearn/outputs/full_plan/raw/AU002945.json,1309827
AU002946,/home/tahiti/AgentUnlearn/outputs/full_plan/raw/AU002946.json,568893
AU002947,/home/tahiti/AgentUnlearn/outputs/full_plan/raw/AU002947.json,566176
AU002948,/home/tahiti/AgentUnlearn/outputs/full_plan/raw/AU002948.json,566906
AU002949,/home/tahiti/AgentUnlearn/outputs/full_plan/raw/AU002949.json,566898
AU002950,/home/tahiti/AgentUnlearn/outputs/full_plan/raw/AU002950.json,404985
AU002951,/home/tahiti/AgentUnlearn/outputs/full_plan/raw/AU002951.json,404974
AU002952,/home/tahiti/AgentUnlearn/outputs/full_plan/raw/AU002952.json,405864
AU002953,/home/tahiti/AgentUnlearn/outputs/full_plan/raw/AU002953.json,404371
AU002954,/home/tahiti/AgentUnlearn/outputs/full_plan/raw/AU002954.json,1235762
AU002955,/home/tahiti/AgentUnlearn/outputs/full_plan/raw/AU002955.json,1235762
AU002956,/home/tahiti/AgentUnlearn/outputs/full_plan/raw/AU002956.json,1221841
AU002957,/home/tahiti/AgentUnlearn/outputs/full_plan/raw/AU002957.json,1221847
AU002958,/home/tahiti/AgentUnlearn/outputs/full_plan/raw/AU002958.json,564011
AU002959,/home/tahiti/AgentUnlearn/outputs/full_plan/raw/AU002959.json,564594
AU002960,/home/tahiti/AgentUnlearn/outputs/full_plan/raw/AU002960.json,572163
AU002961,/home/tahiti/AgentUnlearn/outputs/full_plan/raw/AU002961.json,572167
AU002962,/home/tahiti/AgentUnlearn/outputs/full_plan/raw/AU002962.json,1819511
AU002963,/home/tahiti/AgentUnlearn/outputs/full_plan/raw/AU002963.json,1819510
AU002964,/home/tahiti/AgentUnlearn/outputs/full_plan/raw/AU002964.json,1819514
AU002965,/home/tahiti/AgentUnlearn/outputs/full_plan/raw/AU002965.json,1818858
AU002966,/home/tahiti/AgentUnlearn/outputs/full_plan/raw/AU002966.json,5495556
AU002967,/home/tahiti/AgentUnlearn/outputs/full_plan/raw/AU002967.json,5495546
AU002968,/home/tahiti/AgentUnlearn/outputs/full_plan/raw/AU002968.json,5495550
AU002969,/home/tahiti/AgentUnlearn/outputs/full_plan/raw/AU002969.json,5490364
AU002970,/home/tahiti/AgentUnlearn/outputs/full_plan/raw/AU002970.json,2301967
AU002971,/home/tahiti/AgentUnlearn/outputs/full_plan/raw/AU002971.json,2301958
AU002972,/home/tahiti/AgentUnlearn/outputs/full_plan/raw/AU002972.json,2301966
AU002973,/home/tahiti/AgentUnlearn/outputs/full_plan/raw/AU002973.json,2301725
AU002974,/home/tahiti/AgentUnlearn/outputs/full_plan/raw/AU002974.json,956091
AU002975,/home/tahiti/AgentUnlearn/outputs/full_plan/raw/AU002975.json,956099
AU002976,/home/tahiti/AgentUnlearn/outputs/full_plan/raw/AU002976.json,956100
AU002977,/home/tahiti/AgentUnlearn/outputs/full_plan/raw/AU002977.json,956095
AU002978,/home/tahiti/AgentUnlearn/outputs/full_plan/raw/AU002978.json,2901659
AU002979,/home/tahiti/AgentUnlearn/outputs/full_plan/raw/AU002979.json,2901666
AU002980,/home/tahiti/AgentUnlearn/outputs/full_plan/raw/AU002980.json,2901351
AU002981,/home/tahiti/AgentUnlearn/outputs/full_plan/raw/AU002981.json,2901356
AU002982,/home/tahiti/AgentUnlearn/outputs/full_plan/raw/AU002982.json,1231243
AU002983,/home/tahiti/AgentUnlearn/outputs/full_plan/raw/AU002983.json,1232269
AU002984,/home/tahiti/AgentUnlearn/outputs/full_plan/raw/AU002984.json,1232191
AU002985,/home/tahiti/AgentUnlearn/outputs/full_plan/raw/AU002985.json,1232198
AU002986,/home/tahiti/AgentUnlearn/outputs/full_plan/raw/AU002986.json,392477
AU002987,/home/tahiti/AgentUnlearn/outputs/full_plan/raw/AU002987.json,392481
AU002988,/home/tahiti/AgentUnlearn/outputs/full_plan/raw/AU002988.json,456783
AU002989,/home/tahiti/AgentUnlearn/outputs/full_plan/raw/AU002989.json,456492
AU002990,/home/tahiti/AgentUnlearn/outputs/full_plan/raw/AU002990.json,1396666
AU002991,/home/tahiti/AgentUnlearn/outputs/full_plan/raw/AU002991.json,1410055
AU002992,/home/tahiti/AgentUnlearn/outputs/full_plan/raw/AU002992.json,568179
AU002993,/home/tahiti/AgentUnlearn/outputs/full_plan/raw/AU002993.json,570178
AU002994,/home/tahiti/AgentUnlearn/outputs/full_plan/raw/AU002994.json,422469
AU002995,/home/tahiti/AgentUnlearn/outputs/full_plan/raw/AU002995.json,422472
AU002996,/home/tahiti/AgentUnlearn/outputs/full_plan/raw/AU002996.json,393345
AU002997,/home/tahiti/AgentUnlearn/outputs/full_plan/raw/AU002997.json,393348
AU002998,/home/tahiti/AgentUnlearn/outputs/full_plan/raw/AU002998.json,453079
AU002999,/home/tahiti/AgentUnlearn/outputs/full_plan/raw/AU002999.json,458239
AU003000,/home/tahiti/AgentUnlearn/outputs/full_plan/raw/AU003000.json,1400512
AU003001,/home/tahiti/AgentUnlearn/outputs/full_plan/raw/AU003001.json,1413389
AU003002,/home/tahiti/AgentUnlearn/outputs/full_plan/raw/AU003002.json,568176
AU003003,/home/tahiti/AgentUnlearn/outputs/full_plan/raw/AU003003.json,573237
AU003004,/home/tahiti/AgentUnlearn/outputs/full_plan/raw/AU003004.json,423785
AU003005,/home/tahiti/AgentUnlearn/outputs/full_plan/raw/AU003005.json,423791
AU003006,/home/tahiti/AgentUnlearn/outputs/full_plan/raw/AU003006.json,389631
AU003007,/home/tahiti/AgentUnlearn/outputs/full_plan/raw/AU003007.json,389634
AU003008,/home/tahiti/AgentUnlearn/outputs/full_plan/raw/AU003008.json,426643
AU003009,/home/tahiti/AgentUnlearn/outputs/full_plan/raw/AU003009.json,426116
AU003010,/home/tahiti/AgentUnlearn/outputs/full_plan/raw/AU003010.json,1337033
AU003011,/home/tahiti/AgentUnlearn/outputs/full_plan/raw/AU003011.json,1356055
AU003012,/home/tahiti/AgentUnlearn/outputs/full_plan/raw/AU003012.json,544073
AU003013,/home/tahiti/AgentUnlearn/outputs/full_plan/raw/AU003013.json,548581
AU003014,/home/tahiti/AgentUnlearn/outputs/full_plan/raw/AU003014.json,413624
AU003015,/home/tahiti/AgentUnlearn/outputs/full_plan/raw/AU003015.json,413626
AU003016,/home/tahiti/AgentUnlearn/outputs/full_plan/raw/AU003016.json,389309
AU003017,/home/tahiti/AgentUnlearn/outputs/full_plan/raw/AU003017.json,389299
AU003018,/home/tahiti/AgentUnlearn/outputs/full_plan/raw/AU003018.json,430310
AU003019,/home/tahiti/AgentUnlearn/outputs/full_plan/raw/AU003019.json,429821
AU003020,/home/tahiti/AgentUnlearn/outputs/full_plan/raw/AU003020.json,1355108
AU003021,/home/tahiti/AgentUnlearn/outputs/full_plan/raw/AU003021.json,1371130
AU003022,/home/tahiti/AgentUnlearn/outputs/full_plan/raw/AU003022.json,544076
AU003023,/home/tahiti/AgentUnlearn/outputs/full_plan/raw/AU003023.json,548495
AU003024,/home/tahiti/AgentUnlearn/outputs/full_plan/raw/AU003024.json,413920
AU003025,/home/tahiti/AgentUnlearn/outputs/full_plan/raw/AU003025.json,413928
AU003026,/home/tahiti/AgentUnlearn/outputs/full_plan/raw/AU003026.json,364930
AU003027,/home/tahiti/AgentUnlearn/outputs/full_plan/raw/AU003027.json,364933
AU003028,/home/tahiti/AgentUnlearn/outputs/full_plan/raw/AU003028.json,412014
AU003029,/home/tahiti/AgentUnlearn/outputs/full_plan/raw/AU003029.json,412321
AU003030,/home/tahiti/AgentUnlearn/outputs/full_plan/raw/AU003030.json,1303176
AU003031,/home/tahiti/AgentUnlearn/outputs/full_plan/raw/AU003031.json,1302071
AU003032,/home/tahiti/AgentUnlearn/outputs/full_plan/raw/AU003032.json,530080
AU003033,/home/tahiti/AgentUnlearn/outputs/full_plan/raw/AU003033.json,531105
AU003034,/home/tahiti/AgentUnlearn/outputs/full_plan/raw/AU003034.json,392818
AU003035,/home/tahiti/AgentUnlearn/outputs/full_plan/raw/AU003035.json,392825
AU003036,/home/tahiti/AgentUnlearn/outputs/full_plan/raw/AU003036.json,364740
AU003037,/home/tahiti/AgentUnlearn/outputs/full_plan/raw/AU003037.json,364727
AU003038,/home/tahiti/AgentUnlearn/outputs/full_plan/raw/AU003038.json,414275
AU003039,/home/tahiti/AgentUnlearn/outputs/full_plan/raw/AU003039.json,413142
AU003040,/home/tahiti/AgentUnlearn/outputs/full_plan/raw/AU003040.json,1307740
AU003041,/home/tahiti/AgentUnlearn/outputs/full_plan/raw/AU003041.json,1308690
AU003042,/home/tahiti/AgentUnlearn/outputs/full_plan/raw/AU003042.json,530520
AU003043,/home/tahiti/AgentUnlearn/outputs/full_plan/raw/AU003043.json,531294
AU003044,/home/tahiti/AgentUnlearn/outputs/full_plan/raw/AU003044.json,392691
AU003045,/home/tahiti/AgentUnlearn/outputs/full_plan/raw/AU003045.json,392695
AU003046,/home/tahiti/AgentUnlearn/outputs/full_plan/raw/AU003046.json,1906825
AU003047,/home/tahiti/AgentUnlearn/outputs/full_plan/raw/AU003047.json,1906836
AU003048,/home/tahiti/AgentUnlearn/outputs/full_plan/raw/AU003048.json,1921725
AU003049,/home/tahiti/AgentUnlearn/outputs/full_plan/raw/AU003049.json,1922294
AU003050,/home/tahiti/AgentUnlearn/outputs/full_plan/raw/AU003050.json,5833028
AU003051,/home/tahiti/AgentUnlearn/outputs/full_plan/raw/AU003051.json,5837109
AU003052,/home/tahiti/AgentUnlearn/outputs/full_plan/raw/AU003052.json,2405736
AU003053,/home/tahiti/AgentUnlearn/outputs/full_plan/raw/AU003053.json,2406280
AU003054,/home/tahiti/AgentUnlearn/outputs/full_plan/raw/AU003054.json,1916173
AU003055,/home/tahiti/AgentUnlearn/outputs/full_plan/raw/AU003055.json,1916185
AU003056,/home/tahiti/AgentUnlearn/outputs/full_plan/raw/AU003056.json,1906272
AU003057,/home/tahiti/AgentUnlearn/outputs/full_plan/raw/AU003057.json,1906274
AU003058,/home/tahiti/AgentUnlearn/outputs/full_plan/raw/AU003058.json,1920172
AU003059,/home/tahiti/AgentUnlearn/outputs/full_plan/raw/AU003059.json,1920728
AU003060,/home/tahiti/AgentUnlearn/outputs/full_plan/raw/AU003060.json,5819516
AU003061,/home/tahiti/AgentUnlearn/outputs/full_plan/raw/AU003061.json,5819076
AU003062,/home/tahiti/AgentUnlearn/outputs/full_plan/raw/AU003062.json,2403517
AU003063,/home/tahiti/AgentUnlearn/outputs/full_plan/raw/AU003063.json,2404080
AU003064,/home/tahiti/AgentUnlearn/outputs/full_plan/raw/AU003064.json,1915251
AU003065,/home/tahiti/AgentUnlearn/outputs/full_plan/raw/AU003065.json,1915262
AU003066,/home/tahiti/AgentUnlearn/outputs/full_plan/raw/AU003066.json,1035090
AU003067,/home/tahiti/AgentUnlearn/outputs/full_plan/raw/AU003067.json,1035086
AU003068,/home/tahiti/AgentUnlearn/outputs/full_plan/raw/AU003068.json,1054773
AU003069,/home/tahiti/AgentUnlearn/outputs/full_plan/raw/AU003069.json,1054893
AU003070,/home/tahiti/AgentUnlearn/outputs/full_plan/raw/AU003070.json,3230940
AU003071,/home/tahiti/AgentUnlearn/outputs/full_plan/raw/AU003071.json,3230656
AU003072,/home/tahiti/AgentUnlearn/outputs/full_plan/raw/AU003072.json,1316017
AU003073,/home/tahiti/AgentUnlearn/outputs/full_plan/raw/AU003073.json,1317071
AU003074,/home/tahiti/AgentUnlearn/outputs/full_plan/raw/AU003074.json,1057422
AU003075,/home/tahiti/AgentUnlearn/outputs/full_plan/raw/AU003075.json,1057453
AU003076,/home/tahiti/AgentUnlearn/outputs/full_plan/raw/AU003076.json,1035436
AU003077,/home/tahiti/AgentUnlearn/outputs/full_plan/raw/AU003077.json,1035437
AU003078,/home/tahiti/AgentUnlearn/outputs/full_plan/raw/AU003078.json,1056469
AU003079,/home/tahiti/AgentUnlearn/outputs/full_plan/raw/AU003079.json,1057003
AU003080,/home/tahiti/AgentUnlearn/outputs/full_plan/raw/AU003080.json,3235938
AU003081,/home/tahiti/AgentUnlearn/outputs/full_plan/raw/AU003081.json,3236013
AU003082,/home/tahiti/AgentUnlearn/outputs/full_plan/raw/AU003082.json,1318301
AU003083,/home/tahiti/AgentUnlearn/outputs/full_plan/raw/AU003083.json,1319278
AU003084,/home/tahiti/AgentUnlearn/outputs/full_plan/raw/AU003084.json,1056817
AU003085,/home/tahiti/AgentUnlearn/outputs/full_plan/raw/AU003085.json,1056820
AU003086,/home/tahiti/AgentUnlearn/outputs/full_plan/raw/AU003086.json,392697
AU003087,/home/tahiti/AgentUnlearn/outputs/full_plan/raw/AU003087.json,392705
AU003088,/home/tahiti/AgentUnlearn/outputs/full_plan/raw/AU003088.json,452851
AU003089,/home/tahiti/AgentUnlearn/outputs/full_plan/raw/AU003089.json,454776
AU003090,/home/tahiti/AgentUnlearn/outputs/full_plan/raw/AU003090.json,1356314
AU003091,/home/tahiti/AgentUnlearn/outputs/full_plan/raw/AU003091.json,1371392
AU003092,/home/tahiti/AgentUnlearn/outputs/full_plan/raw/AU003092.json,615978
AU003093,/home/tahiti/AgentUnlearn/outputs/full_plan/raw/AU003093.json,612166
AU003094,/home/tahiti/AgentUnlearn/outputs/full_plan/raw/AU003094.json,421581
AU003095,/home/tahiti/AgentUnlearn/outputs/full_plan/raw/AU003095.json,421591
AU003096,/home/tahiti/AgentUnlearn/outputs/full_plan/raw/AU003096.json,392326
AU003097,/home/tahiti/AgentUnlearn/outputs/full_plan/raw/AU003097.json,392331
AU003098,/home/tahiti/AgentUnlearn/outputs/full_plan/raw/AU003098.json,451900
AU003099,/home/tahiti/AgentUnlearn/outputs/full_plan/raw/AU003099.json,453813
AU003100,/home/tahiti/AgentUnlearn/outputs/full_plan/raw/AU003100.json,1353426
AU003101,/home/tahiti/AgentUnlearn/outputs/full_plan/raw/AU003101.json,1367993
AU003102,/home/tahiti/AgentUnlearn/outputs/full_plan/raw/AU003102.json,618172
AU003103,/home/tahiti/AgentUnlearn/outputs/full_plan/raw/AU003103.json,612714
AU003104,/home/tahiti/AgentUnlearn/outputs/full_plan/raw/AU003104.json,421068
AU003105,/home/tahiti/AgentUnlearn/outputs/full_plan/raw/AU003105.json,421080
AU003106,/home/tahiti/AgentUnlearn/outputs/full_plan/raw/AU003106.json,388028
AU003107,/home/tahiti/AgentUnlearn/outputs/full_plan/raw/AU003107.json,388036
AU003108,/home/tahiti/AgentUnlearn/outputs/full_plan/raw/AU003108.json,433874
AU003109,/home/tahiti/AgentUnlearn/outputs/full_plan/raw/AU003109.json,434299
AU003110,/home/tahiti/AgentUnlearn/outputs/full_plan/raw/AU003110.json,1346208
AU003111,/home/tahiti/AgentUnlearn/outputs/full_plan/raw/AU003111.json,1348035
AU003112,/home/tahiti/AgentUnlearn/outputs/full_plan/raw/AU003112.json,583177
AU003113,/home/tahiti/AgentUnlearn/outputs/full_plan/raw/AU003113.json,577987
AU003114,/home/tahiti/AgentUnlearn/outputs/full_plan/raw/AU003114.json,408726
AU003115,/home/tahiti/AgentUnlearn/outputs/full_plan/raw/AU003115.json,408729
AU003116,/home/tahiti/AgentUnlearn/outputs/full_plan/raw/AU003116.json,388684
AU003117,/home/tahiti/AgentUnlearn/outputs/full_plan/raw/AU003117.json,388685
AU003118,/home/tahiti/AgentUnlearn/outputs/full_plan/raw/AU003118.json,436425
AU003119,/home/tahiti/AgentUnlearn/outputs/full_plan/raw/AU003119.json,438409
AU003120,/home/tahiti/AgentUnlearn/outputs/full_plan/raw/AU003120.json,1361485
AU003121,/home/tahiti/AgentUnlearn/outputs/full_plan/raw/AU003121.json,1364011
AU003122,/home/tahiti/AgentUnlearn/outputs/full_plan/raw/AU003122.json,582250
AU003123,/home/tahiti/AgentUnlearn/outputs/full_plan/raw/AU003123.json,577940
AU003124,/home/tahiti/AgentUnlearn/outputs/full_plan/raw/AU003124.json,408875
AU003125,/home/tahiti/AgentUnlearn/outputs/full_plan/raw/AU003125.json,408884
AU003126,/home/tahiti/AgentUnlearn/outputs/full_plan/raw/AU003126.json,364184
AU003127,/home/tahiti/AgentUnlearn/outputs/full_plan/raw/AU003127.json,364188
AU003128,/home/tahiti/AgentUnlearn/outputs/full_plan/raw/AU003128.json,422326
AU003129,/home/tahiti/AgentUnlearn/outputs/full_plan/raw/AU003129.json,422016
AU003130,/home/tahiti/AgentUnlearn/outputs/full_plan/raw/AU003130.json,1273476
AU003131,/home/tahiti/AgentUnlearn/outputs/full_plan/raw/AU003131.json,1278028
AU003132,/home/tahiti/AgentUnlearn/outputs/full_plan/raw/AU003132.json,591174
AU003133,/home/tahiti/AgentUnlearn/outputs/full_plan/raw/AU003133.json,578707
AU003134,/home/tahiti/AgentUnlearn/outputs/full_plan/raw/AU003134.json,391369
AU003135,/home/tahiti/AgentUnlearn/outputs/full_plan/raw/AU003135.json,391358
AU003136,/home/tahiti/AgentUnlearn/outputs/full_plan/raw/AU003136.json,364150
AU003137,/home/tahiti/AgentUnlearn/outputs/full_plan/raw/AU003137.json,364164
AU003138,/home/tahiti/AgentUnlearn/outputs/full_plan/raw/AU003138.json,421443
AU003139,/home/tahiti/AgentUnlearn/outputs/full_plan/raw/AU003139.json,422106
AU003140,/home/tahiti/AgentUnlearn/outputs/full_plan/raw/AU003140.json,1273076
AU003141,/home/tahiti/AgentUnlearn/outputs/full_plan/raw/AU003141.json,1277371
AU003142,/home/tahiti/AgentUnlearn/outputs/full_plan/raw/AU003142.json,596052
AU003143,/home/tahiti/AgentUnlearn/outputs/full_plan/raw/AU003143.json,588403
AU003144,/home/tahiti/AgentUnlearn/outputs/full_plan/raw/AU003144.json,391234
AU003145,/home/tahiti/AgentUnlearn/outputs/full_plan/raw/AU003145.json,391248
AU003146,/home/tahiti/AgentUnlearn/outputs/full_plan/raw/AU003146.json,1907071
AU003147,/home/tahiti/AgentUnlearn/outputs/full_plan/raw/AU003147.json,1907076
AU003148,/home/tahiti/AgentUnlearn/outputs/full_plan/raw/AU003148.json,1922921
AU003149,/home/tahiti/AgentUnlearn/outputs/full_plan/raw/AU003149.json,1923479
AU003150,/home/tahiti/AgentUnlearn/outputs/full_plan/raw/AU003150.json,5793340
AU003151,/home/tahiti/AgentUnlearn/outputs/full_plan/raw/AU003151.json,5796447
AU003152,/home/tahiti/AgentUnlearn/outputs/full_plan/raw/AU003152.json,2409400
AU003153,/home/tahiti/AgentUnlearn/outputs/full_plan/raw/AU003153.json,2409630
AU003154,/home/tahiti/AgentUnlearn/outputs/full_plan/raw/AU003154.json,1916646
AU003155,/home/tahiti/AgentUnlearn/outputs/full_plan/raw/AU003155.json,1916655
AU003156,/home/tahiti/AgentUnlearn/outputs/full_plan/raw/AU003156.json,1907102
AU003157,/home/tahiti/AgentUnlearn/outputs/full_plan/raw/AU003157.json,1907102
AU003158,/home/tahiti/AgentUnlearn/outputs/full_plan/raw/AU003158.json,1923385
AU003159,/home/tahiti/AgentUnlearn/outputs/full_plan/raw/AU003159.json,1923927
AU003160,/home/tahiti/AgentUnlearn/outputs/full_plan/raw/AU003160.json,5800075
AU003161,/home/tahiti/AgentUnlearn/outputs/full_plan/raw/AU003161.json,5800281
AU003162,/home/tahiti/AgentUnlearn/outputs/full_plan/raw/AU003162.json,2409498
AU003163,/home/tahiti/AgentUnlearn/outputs/full_plan/raw/AU003163.json,2409728
AU003164,/home/tahiti/AgentUnlearn/outputs/full_plan/raw/AU003164.json,1916733
AU003165,/home/tahiti/AgentUnlearn/outputs/full_plan/raw/AU003165.json,1916737
AU003166,/home/tahiti/AgentUnlearn/outputs/full_plan/raw/AU003166.json,1031968
AU003167,/home/tahiti/AgentUnlearn/outputs/full_plan/raw/AU003167.json,1031970
AU003168,/home/tahiti/AgentUnlearn/outputs/full_plan/raw/AU003168.json,1055431
AU003169,/home/tahiti/AgentUnlearn/outputs/full_plan/raw/AU003169.json,1055428
AU003170,/home/tahiti/AgentUnlearn/outputs/full_plan/raw/AU003170.json,3191752
AU003171,/home/tahiti/AgentUnlearn/outputs/full_plan/raw/AU003171.json,3192037
AU003172,/home/tahiti/AgentUnlearn/outputs/full_plan/raw/AU003172.json,1326785
AU003173,/home/tahiti/AgentUnlearn/outputs/full_plan/raw/AU003173.json,1327543
AU003174,/home/tahiti/AgentUnlearn/outputs/full_plan/raw/AU003174.json,1048325
AU003175,/home/tahiti/AgentUnlearn/outputs/full_plan/raw/AU003175.json,1048320
AU003176,/home/tahiti/AgentUnlearn/outputs/full_plan/raw/AU003176.json,1033284
AU003177,/home/tahiti/AgentUnlearn/outputs/full_plan/raw/AU003177.json,1033293
AU003178,/home/tahiti/AgentUnlearn/outputs/full_plan/raw/AU003178.json,1055396
AU003179,/home/tahiti/AgentUnlearn/outputs/full_plan/raw/AU003179.json,1055402
AU003180,/home/tahiti/AgentUnlearn/outputs/full_plan/raw/AU003180.json,3214130
AU003181,/home/tahiti/AgentUnlearn/outputs/full_plan/raw/AU003181.json,3214526
AU003182,/home/tahiti/AgentUnlearn/outputs/full_plan/raw/AU003182.json,1330605
AU003183,/home/tahiti/AgentUnlearn/outputs/full_plan/raw/AU003183.json,1330306
AU003184,/home/tahiti/AgentUnlearn/outputs/full_plan/raw/AU003184.json,1048110
AU003185,/home/tahiti/AgentUnlearn/outputs/full_plan/raw/AU003185.json,1048128
AU003186,/home/tahiti/AgentUnlearn/outputs/full_plan/raw/AU003186.json,358020
AU003187,/home/tahiti/AgentUnlearn/outputs/full_plan/raw/AU003187.json,357771
AU003188,/home/tahiti/AgentUnlearn/outputs/full_plan/raw/AU003188.json,357286
AU003189,/home/tahiti/AgentUnlearn/outputs/full_plan/raw/AU003189.json,357333
AU003190,/home/tahiti/AgentUnlearn/outputs/full_plan/raw/AU003190.json,356042
AU003191,/home/tahiti/AgentUnlearn/outputs/full_plan/raw/AU003191.json,357313
AU003192,/home/tahiti/AgentUnlearn/outputs/full_plan/raw/AU003192.json,357628
AU003193,/home/tahiti/AgentUnlearn/outputs/full_plan/raw/AU003193.json,356830
AU003194,/home/tahiti/AgentUnlearn/outputs/full_plan/raw/AU003194.json,357196
AU003195,/home/tahiti/AgentUnlearn/outputs/full_plan/raw/AU003195.json,356094
AU003196,/home/tahiti/AgentUnlearn/outputs/full_plan/raw/AU003196.json,358015
AU003197,/home/tahiti/AgentUnlearn/outputs/full_plan/raw/AU003197.json,357767
AU003198,/home/tahiti/AgentUnlearn/outputs/full_plan/raw/AU003198.json,357272
AU003199,/home/tahiti/AgentUnlearn/outputs/full_plan/raw/AU003199.json,357336
AU003200,/home/tahiti/AgentUnlearn/outputs/full_plan/raw/AU003200.json,356030
AU003201,/home/tahiti/AgentUnlearn/outputs/full_plan/raw/AU003201.json,357298
AU003202,/home/tahiti/AgentUnlearn/outputs/full_plan/raw/AU003202.json,357620
AU003203,/home/tahiti/AgentUnlearn/outputs/full_plan/raw/AU003203.json,356832
AU003204,/home/tahiti/AgentUnlearn/outputs/full_plan/raw/AU003204.json,357186
AU003205,/home/tahiti/AgentUnlearn/outputs/full_plan/raw/AU003205.json,356084
AU003206,/home/tahiti/AgentUnlearn/outputs/full_plan/raw/AU003206.json,418337
AU003207,/home/tahiti/AgentUnlearn/outputs/full_plan/raw/AU003207.json,424488
AU003208,/home/tahiti/AgentUnlearn/outputs/full_plan/raw/AU003208.json,419546
AU003209,/home/tahiti/AgentUnlearn/outputs/full_plan/raw/AU003209.json,425955
AU003210,/home/tahiti/AgentUnlearn/outputs/full_plan/raw/AU003210.json,418988
AU003211,/home/tahiti/AgentUnlearn/outputs/full_plan/raw/AU003211.json,420044
AU003212,/home/tahiti/AgentUnlearn/outputs/full_plan/raw/AU003212.json,419786
AU003213,/home/tahiti/AgentUnlearn/outputs/full_plan/raw/AU003213.json,418575
AU003214,/home/tahiti/AgentUnlearn/outputs/full_plan/raw/AU003214.json,423562
AU003215,/home/tahiti/AgentUnlearn/outputs/full_plan/raw/AU003215.json,417428
AU003216,/home/tahiti/AgentUnlearn/outputs/full_plan/raw/AU003216.json,414075
AU003217,/home/tahiti/AgentUnlearn/outputs/full_plan/raw/AU003217.json,421218
AU003218,/home/tahiti/AgentUnlearn/outputs/full_plan/raw/AU003218.json,416741
AU003219,/home/tahiti/AgentUnlearn/outputs/full_plan/raw/AU003219.json,421689
AU003220,/home/tahiti/AgentUnlearn/outputs/full_plan/raw/AU003220.json,417233
AU003221,/home/tahiti/AgentUnlearn/outputs/full_plan/raw/AU003221.json,414766
AU003222,/home/tahiti/AgentUnlearn/outputs/full_plan/raw/AU003222.json,418295
AU003223,/home/tahiti/AgentUnlearn/outputs/full_plan/raw/AU003223.json,415460
AU003224,/home/tahiti/AgentUnlearn/outputs/full_plan/raw/AU003224.json,419858
AU003225,/home/tahiti/AgentUnlearn/outputs/full_plan/raw/AU003225.json,414543
AU003226,/home/tahiti/AgentUnlearn/outputs/full_plan/raw/AU003226.json,1266863
AU003227,/home/tahiti/AgentUnlearn/outputs/full_plan/raw/AU003227.json,1262634
AU003228,/home/tahiti/AgentUnlearn/outputs/full_plan/raw/AU003228.json,1258223
AU003229,/home/tahiti/AgentUnlearn/outputs/full_plan/raw/AU003229.json,1269936
AU003230,/home/tahiti/AgentUnlearn/outputs/full_plan/raw/AU003230.json,1259010
AU003231,/home/tahiti/AgentUnlearn/outputs/full_plan/raw/AU003231.json,1269214
AU003232,/home/tahiti/AgentUnlearn/outputs/full_plan/raw/AU003232.json,1260647
AU003233,/home/tahiti/AgentUnlearn/outputs/full_plan/raw/AU003233.json,1254943
AU003234,/home/tahiti/AgentUnlearn/outputs/full_plan/raw/AU003234.json,1269628
AU003235,/home/tahiti/AgentUnlearn/outputs/full_plan/raw/AU003235.json,1261817
AU003236,/home/tahiti/AgentUnlearn/outputs/full_plan/raw/AU003236.json,1267838
AU003237,/home/tahiti/AgentUnlearn/outputs/full_plan/raw/AU003237.json,1264648
AU003238,/home/tahiti/AgentUnlearn/outputs/full_plan/raw/AU003238.json,1261323
AU003239,/home/tahiti/AgentUnlearn/outputs/full_plan/raw/AU003239.json,1272704
AU003240,/home/tahiti/AgentUnlearn/outputs/full_plan/raw/AU003240.json,1259011
AU003241,/home/tahiti/AgentUnlearn/outputs/full_plan/raw/AU003241.json,1273913
AU003242,/home/tahiti/AgentUnlearn/outputs/full_plan/raw/AU003242.json,1263977
AU003243,/home/tahiti/AgentUnlearn/outputs/full_plan/raw/AU003243.json,1260657
AU003244,/home/tahiti/AgentUnlearn/outputs/full_plan/raw/AU003244.json,1270866
AU003245,/home/tahiti/AgentUnlearn/outputs/full_plan/raw/AU003245.json,1268652
AU003246,/home/tahiti/AgentUnlearn/outputs/full_plan/raw/AU003246.json,577705
AU003247,/home/tahiti/AgentUnlearn/outputs/full_plan/raw/AU003247.json,579586
AU003248,/home/tahiti/AgentUnlearn/outputs/full_plan/raw/AU003248.json,581565
AU003249,/home/tahiti/AgentUnlearn/outputs/full_plan/raw/AU003249.json,591000
AU003250,/home/tahiti/AgentUnlearn/outputs/full_plan/raw/AU003250.json,586359
AU003251,/home/tahiti/AgentUnlearn/outputs/full_plan/raw/AU003251.json,572118
AU003252,/home/tahiti/AgentUnlearn/outputs/full_plan/raw/AU003252.json,578311
AU003253,/home/tahiti/AgentUnlearn/outputs/full_plan/raw/AU003253.json,572820
AU003254,/home/tahiti/AgentUnlearn/outputs/full_plan/raw/AU003254.json,589679
AU003255,/home/tahiti/AgentUnlearn/outputs/full_plan/raw/AU003255.json,575887
AU003256,/home/tahiti/AgentUnlearn/outputs/full_plan/raw/AU003256.json,578075
AU003257,/home/tahiti/AgentUnlearn/outputs/full_plan/raw/AU003257.json,584214
AU003258,/home/tahiti/AgentUnlearn/outputs/full_plan/raw/AU003258.json,577320
AU003259,/home/tahiti/AgentUnlearn/outputs/full_plan/raw/AU003259.json,582729
AU003260,/home/tahiti/AgentUnlearn/outputs/full_plan/raw/AU003260.json,581368
AU003261,/home/tahiti/AgentUnlearn/outputs/full_plan/raw/AU003261.json,575501
AU003262,/home/tahiti/AgentUnlearn/outputs/full_plan/raw/AU003262.json,575893
AU003263,/home/tahiti/AgentUnlearn/outputs/full_plan/raw/AU003263.json,568095
AU003264,/home/tahiti/AgentUnlearn/outputs/full_plan/raw/AU003264.json,589007
AU003265,/home/tahiti/AgentUnlearn/outputs/full_plan/raw/AU003265.json,580340
AU003266,/home/tahiti/AgentUnlearn/outputs/full_plan/raw/AU003266.json,386314
AU003267,/home/tahiti/AgentUnlearn/outputs/full_plan/raw/AU003267.json,385764
AU003268,/home/tahiti/AgentUnlearn/outputs/full_plan/raw/AU003268.json,386423
AU003269,/home/tahiti/AgentUnlearn/outputs/full_plan/raw/AU003269.json,385894
AU003270,/home/tahiti/AgentUnlearn/outputs/full_plan/raw/AU003270.json,386812
AU003271,/home/tahiti/AgentUnlearn/outputs/full_plan/raw/AU003271.json,384854
AU003272,/home/tahiti/AgentUnlearn/outputs/full_plan/raw/AU003272.json,386352
AU003273,/home/tahiti/AgentUnlearn/outputs/full_plan/raw/AU003273.json,384191
AU003274,/home/tahiti/AgentUnlearn/outputs/full_plan/raw/AU003274.json,387196
AU003275,/home/tahiti/AgentUnlearn/outputs/full_plan/raw/AU003275.json,385543
AU003276,/home/tahiti/AgentUnlearn/outputs/full_plan/raw/AU003276.json,386310
AU003277,/home/tahiti/AgentUnlearn/outputs/full_plan/raw/AU003277.json,385760
AU003278,/home/tahiti/AgentUnlearn/outputs/full_plan/raw/AU003278.json,386415
AU003279,/home/tahiti/AgentUnlearn/outputs/full_plan/raw/AU003279.json,385879
AU003280,/home/tahiti/AgentUnlearn/outputs/full_plan/raw/AU003280.json,386811
AU003281,/home/tahiti/AgentUnlearn/outputs/full_plan/raw/AU003281.json,384848
AU003282,/home/tahiti/AgentUnlearn/outputs/full_plan/raw/AU003282.json,386347
AU003283,/home/tahiti/AgentUnlearn/outputs/full_plan/raw/AU003283.json,384179
AU003284,/home/tahiti/AgentUnlearn/outputs/full_plan/raw/AU003284.json,387198
AU003285,/home/tahiti/AgentUnlearn/outputs/full_plan/raw/AU003285.json,385526
AU003286,/home/tahiti/AgentUnlearn/outputs/full_plan/raw/AU003286.json,354420
AU003287,/home/tahiti/AgentUnlearn/outputs/full_plan/raw/AU003287.json,354468
AU003288,/home/tahiti/AgentUnlearn/outputs/full_plan/raw/AU003288.json,353774
AU003289,/home/tahiti/AgentUnlearn/outputs/full_plan/raw/AU003289.json,354846
AU003290,/home/tahiti/AgentUnlearn/outputs/full_plan/raw/AU003290.json,353858
AU003291,/home/tahiti/AgentUnlearn/outputs/full_plan/raw/AU003291.json,353640
AU003292,/home/tahiti/AgentUnlearn/outputs/full_plan/raw/AU003292.json,354328
AU003293,/home/tahiti/AgentUnlearn/outputs/full_plan/raw/AU003293.json,353913
AU003294,/home/tahiti/AgentUnlearn/outputs/full_plan/raw/AU003294.json,354133
AU003295,/home/tahiti/AgentUnlearn/outputs/full_plan/raw/AU003295.json,353815
AU003296,/home/tahiti/AgentUnlearn/outputs/full_plan/raw/AU003296.json,354413
AU003297,/home/tahiti/AgentUnlearn/outputs/full_plan/raw/AU003297.json,354462
AU003298,/home/tahiti/AgentUnlearn/outputs/full_plan/raw/AU003298.json,353766
AU003299,/home/tahiti/AgentUnlearn/outputs/full_plan/raw/AU003299.json,354828
AU003300,/home/tahiti/AgentUnlearn/outputs/full_plan/raw/AU003300.json,353851
AU003301,/home/tahiti/AgentUnlearn/outputs/full_plan/raw/AU003301.json,353637
AU003302,/home/tahiti/AgentUnlearn/outputs/full_plan/raw/AU003302.json,354319
AU003303,/home/tahiti/AgentUnlearn/outputs/full_plan/raw/AU003303.json,353915
AU003304,/home/tahiti/AgentUnlearn/outputs/full_plan/raw/AU003304.json,354125
AU003305,/home/tahiti/AgentUnlearn/outputs/full_plan/raw/AU003305.json,353809
AU003306,/home/tahiti/AgentUnlearn/outputs/full_plan/raw/AU003306.json,401052
AU003307,/home/tahiti/AgentUnlearn/outputs/full_plan/raw/AU003307.json,402432
AU003308,/home/tahiti/AgentUnlearn/outputs/full_plan/raw/AU003308.json,400470
AU003309,/home/tahiti/AgentUnlearn/outputs/full_plan/raw/AU003309.json,400764
AU003310,/home/tahiti/AgentUnlearn/outputs/full_plan/raw/AU003310.json,402514
AU003311,/home/tahiti/AgentUnlearn/outputs/full_plan/raw/AU003311.json,406378
AU003312,/home/tahiti/AgentUnlearn/outputs/full_plan/raw/AU003312.json,405463
AU003313,/home/tahiti/AgentUnlearn/outputs/full_plan/raw/AU003313.json,401885
AU003314,/home/tahiti/AgentUnlearn/outputs/full_plan/raw/AU003314.json,403763
AU003315,/home/tahiti/AgentUnlearn/outputs/full_plan/raw/AU003315.json,400720
AU003316,/home/tahiti/AgentUnlearn/outputs/full_plan/raw/AU003316.json,398924
AU003317,/home/tahiti/AgentUnlearn/outputs/full_plan/raw/AU003317.json,399259
AU003318,/home/tahiti/AgentUnlearn/outputs/full_plan/raw/AU003318.json,400674
AU003319,/home/tahiti/AgentUnlearn/outputs/full_plan/raw/AU003319.json,396640
AU003320,/home/tahiti/AgentUnlearn/outputs/full_plan/raw/AU003320.json,403653
AU003321,/home/tahiti/AgentUnlearn/outputs/full_plan/raw/AU003321.json,403501
AU003322,/home/tahiti/AgentUnlearn/outputs/full_plan/raw/AU003322.json,402660
AU003323,/home/tahiti/AgentUnlearn/outputs/full_plan/raw/AU003323.json,402692
AU003324,/home/tahiti/AgentUnlearn/outputs/full_plan/raw/AU003324.json,401906
AU003325,/home/tahiti/AgentUnlearn/outputs/full_plan/raw/AU003325.json,399728
AU003326,/home/tahiti/AgentUnlearn/outputs/full_plan/raw/AU003326.json,1249265
AU003327,/home/tahiti/AgentUnlearn/outputs/full_plan/raw/AU003327.json,1254796
AU003328,/home/tahiti/AgentUnlearn/outputs/full_plan/raw/AU003328.json,1233573
AU003329,/home/tahiti/AgentUnlearn/outputs/full_plan/raw/AU003329.json,1248137
AU003330,/home/tahiti/AgentUnlearn/outputs/full_plan/raw/AU003330.json,1249077
AU003331,/home/tahiti/AgentUnlearn/outputs/full_plan/raw/AU003331.json,1235320
AU003332,/home/tahiti/AgentUnlearn/outputs/full_plan/raw/AU003332.json,1248457
AU003333,/home/tahiti/AgentUnlearn/outputs/full_plan/raw/AU003333.json,1246572
AU003334,/home/tahiti/AgentUnlearn/outputs/full_plan/raw/AU003334.json,1256467
AU003335,/home/tahiti/AgentUnlearn/outputs/full_plan/raw/AU003335.json,1240118
AU003336,/home/tahiti/AgentUnlearn/outputs/full_plan/raw/AU003336.json,1261394
AU003337,/home/tahiti/AgentUnlearn/outputs/full_plan/raw/AU003337.json,1261347
AU003338,/home/tahiti/AgentUnlearn/outputs/full_plan/raw/AU003338.json,1249282
AU003339,/home/tahiti/AgentUnlearn/outputs/full_plan/raw/AU003339.json,1259137
AU003340,/home/tahiti/AgentUnlearn/outputs/full_plan/raw/AU003340.json,1255367
AU003341,/home/tahiti/AgentUnlearn/outputs/full_plan/raw/AU003341.json,1247481
AU003342,/home/tahiti/AgentUnlearn/outputs/full_plan/raw/AU003342.json,1257444
AU003343,/home/tahiti/AgentUnlearn/outputs/full_plan/raw/AU003343.json,1258766
AU003344,/home/tahiti/AgentUnlearn/outputs/full_plan/raw/AU003344.json,1263148
AU003345,/home/tahiti/AgentUnlearn/outputs/full_plan/raw/AU003345.json,1245279
AU003346,/home/tahiti/AgentUnlearn/outputs/full_plan/raw/AU003346.json,548284
AU003347,/home/tahiti/AgentUnlearn/outputs/full_plan/raw/AU003347.json,547806
AU003348,/home/tahiti/AgentUnlearn/outputs/full_plan/raw/AU003348.json,550578
AU003349,/home/tahiti/AgentUnlearn/outputs/full_plan/raw/AU003349.json,550546
AU003350,/home/tahiti/AgentUnlearn/outputs/full_plan/raw/AU003350.json,547768
AU003351,/home/tahiti/AgentUnlearn/outputs/full_plan/raw/AU003351.json,547198
AU003352,/home/tahiti/AgentUnlearn/outputs/full_plan/raw/AU003352.json,557685
AU003353,/home/tahiti/AgentUnlearn/outputs/full_plan/raw/AU003353.json,549266
AU003354,/home/tahiti/AgentUnlearn/outputs/full_plan/raw/AU003354.json,547086
AU003355,/home/tahiti/AgentUnlearn/outputs/full_plan/raw/AU003355.json,537821
AU003356,/home/tahiti/AgentUnlearn/outputs/full_plan/raw/AU003356.json,547639
AU003357,/home/tahiti/AgentUnlearn/outputs/full_plan/raw/AU003357.json,550292
AU003358,/home/tahiti/AgentUnlearn/outputs/full_plan/raw/AU003358.json,553117
AU003359,/home/tahiti/AgentUnlearn/outputs/full_plan/raw/AU003359.json,545342
AU003360,/home/tahiti/AgentUnlearn/outputs/full_plan/raw/AU003360.json,547050
AU003361,/home/tahiti/AgentUnlearn/outputs/full_plan/raw/AU003361.json,552830
AU003362,/home/tahiti/AgentUnlearn/outputs/full_plan/raw/AU003362.json,549845
AU003363,/home/tahiti/AgentUnlearn/outputs/full_plan/raw/AU003363.json,557376
AU003364,/home/tahiti/AgentUnlearn/outputs/full_plan/raw/AU003364.json,543442
AU003365,/home/tahiti/AgentUnlearn/outputs/full_plan/raw/AU003365.json,536806
AU003366,/home/tahiti/AgentUnlearn/outputs/full_plan/raw/AU003366.json,377400
AU003367,/home/tahiti/AgentUnlearn/outputs/full_plan/raw/AU003367.json,376847
AU003368,/home/tahiti/AgentUnlearn/outputs/full_plan/raw/AU003368.json,376452
AU003369,/home/tahiti/AgentUnlearn/outputs/full_plan/raw/AU003369.json,376933
AU003370,/home/tahiti/AgentUnlearn/outputs/full_plan/raw/AU003370.json,376535
AU003371,/home/tahiti/AgentUnlearn/outputs/full_plan/raw/AU003371.json,377467
AU003372,/home/tahiti/AgentUnlearn/outputs/full_plan/raw/AU003372.json,377447
AU003373,/home/tahiti/AgentUnlearn/outputs/full_plan/raw/AU003373.json,377703
AU003374,/home/tahiti/AgentUnlearn/outputs/full_plan/raw/AU003374.json,377566
AU003375,/home/tahiti/AgentUnlearn/outputs/full_plan/raw/AU003375.json,376679
AU003376,/home/tahiti/AgentUnlearn/outputs/full_plan/raw/AU003376.json,377405
AU003377,/home/tahiti/AgentUnlearn/outputs/full_plan/raw/AU003377.json,376842
AU003378,/home/tahiti/AgentUnlearn/outputs/full_plan/raw/AU003378.json,376457
AU003379,/home/tahiti/AgentUnlearn/outputs/full_plan/raw/AU003379.json,376925
AU003380,/home/tahiti/AgentUnlearn/outputs/full_plan/raw/AU003380.json,376542
AU003381,/home/tahiti/AgentUnlearn/outputs/full_plan/raw/AU003381.json,377465
AU003382,/home/tahiti/AgentUnlearn/outputs/full_plan/raw/AU003382.json,377435
AU003383,/home/tahiti/AgentUnlearn/outputs/full_plan/raw/AU003383.json,377691
AU003384,/home/tahiti/AgentUnlearn/outputs/full_plan/raw/AU003384.json,377560
AU003385,/home/tahiti/AgentUnlearn/outputs/full_plan/raw/AU003385.json,376671
AU003386,/home/tahiti/AgentUnlearn/outputs/full_plan/raw/AU003386.json,330674
AU003387,/home/tahiti/AgentUnlearn/outputs/full_plan/raw/AU003387.json,330439
AU003388,/home/tahiti/AgentUnlearn/outputs/full_plan/raw/AU003388.json,330780
AU003389,/home/tahiti/AgentUnlearn/outputs/full_plan/raw/AU003389.json,330715
AU003390,/home/tahiti/AgentUnlearn/outputs/full_plan/raw/AU003390.json,329870
AU003391,/home/tahiti/AgentUnlearn/outputs/full_plan/raw/AU003391.json,330857
AU003392,/home/tahiti/AgentUnlearn/outputs/full_plan/raw/AU003392.json,330255
AU003393,/home/tahiti/AgentUnlearn/outputs/full_plan/raw/AU003393.json,330914
AU003394,/home/tahiti/AgentUnlearn/outputs/full_plan/raw/AU003394.json,330416
AU003395,/home/tahiti/AgentUnlearn/outputs/full_plan/raw/AU003395.json,329362
AU003396,/home/tahiti/AgentUnlearn/outputs/full_plan/raw/AU003396.json,330669
AU003397,/home/tahiti/AgentUnlearn/outputs/full_plan/raw/AU003397.json,330420
AU003398,/home/tahiti/AgentUnlearn/outputs/full_plan/raw/AU003398.json,330769
AU003399,/home/tahiti/AgentUnlearn/outputs/full_plan/raw/AU003399.json,330712
AU003400,/home/tahiti/AgentUnlearn/outputs/full_plan/raw/AU003400.json,329858
AU003401,/home/tahiti/AgentUnlearn/outputs/full_plan/raw/AU003401.json,330851
AU003402,/home/tahiti/AgentUnlearn/outputs/full_plan/raw/AU003402.json,330257
AU003403,/home/tahiti/AgentUnlearn/outputs/full_plan/raw/AU003403.json,330912
AU003404,/home/tahiti/AgentUnlearn/outputs/full_plan/raw/AU003404.json,330419
AU003405,/home/tahiti/AgentUnlearn/outputs/full_plan/raw/AU003405.json,329356
AU003406,/home/tahiti/AgentUnlearn/outputs/full_plan/raw/AU003406.json,387713
AU003407,/home/tahiti/AgentUnlearn/outputs/full_plan/raw/AU003407.json,388128
AU003408,/home/tahiti/AgentUnlearn/outputs/full_plan/raw/AU003408.json,387151
AU003409,/home/tahiti/AgentUnlearn/outputs/full_plan/raw/AU003409.json,388326
AU003410,/home/tahiti/AgentUnlearn/outputs/full_plan/raw/AU003410.json,386112
AU003411,/home/tahiti/AgentUnlearn/outputs/full_plan/raw/AU003411.json,387034
AU003412,/home/tahiti/AgentUnlearn/outputs/full_plan/raw/AU003412.json,388974
AU003413,/home/tahiti/AgentUnlearn/outputs/full_plan/raw/AU003413.json,387946
AU003414,/home/tahiti/AgentUnlearn/outputs/full_plan/raw/AU003414.json,387537
AU003415,/home/tahiti/AgentUnlearn/outputs/full_plan/raw/AU003415.json,385384
AU003416,/home/tahiti/AgentUnlearn/outputs/full_plan/raw/AU003416.json,388045
AU003417,/home/tahiti/AgentUnlearn/outputs/full_plan/raw/AU003417.json,387893
AU003418,/home/tahiti/AgentUnlearn/outputs/full_plan/raw/AU003418.json,387229
AU003419,/home/tahiti/AgentUnlearn/outputs/full_plan/raw/AU003419.json,388428
AU003420,/home/tahiti/AgentUnlearn/outputs/full_plan/raw/AU003420.json,386415
AU003421,/home/tahiti/AgentUnlearn/outputs/full_plan/raw/AU003421.json,387416
AU003422,/home/tahiti/AgentUnlearn/outputs/full_plan/raw/AU003422.json,389330
AU003423,/home/tahiti/AgentUnlearn/outputs/full_plan/raw/AU003423.json,388089
AU003424,/home/tahiti/AgentUnlearn/outputs/full_plan/raw/AU003424.json,388105
AU003425,/home/tahiti/AgentUnlearn/outputs/full_plan/raw/AU003425.json,385740
AU003426,/home/tahiti/AgentUnlearn/outputs/full_plan/raw/AU003426.json,1178614
AU003427,/home/tahiti/AgentUnlearn/outputs/full_plan/raw/AU003427.json,1172380
AU003428,/home/tahiti/AgentUnlearn/outputs/full_plan/raw/AU003428.json,1172538
AU003429,/home/tahiti/AgentUnlearn/outputs/full_plan/raw/AU003429.json,1175193
AU003430,/home/tahiti/AgentUnlearn/outputs/full_plan/raw/AU003430.json,1176495
AU003431,/home/tahiti/AgentUnlearn/outputs/full_plan/raw/AU003431.json,1179315
AU003432,/home/tahiti/AgentUnlearn/outputs/full_plan/raw/AU003432.json,1172671
AU003433,/home/tahiti/AgentUnlearn/outputs/full_plan/raw/AU003433.json,1178120
AU003434,/home/tahiti/AgentUnlearn/outputs/full_plan/raw/AU003434.json,1178499
AU003435,/home/tahiti/AgentUnlearn/outputs/full_plan/raw/AU003435.json,1166220
AU003436,/home/tahiti/AgentUnlearn/outputs/full_plan/raw/AU003436.json,1190959
AU003437,/home/tahiti/AgentUnlearn/outputs/full_plan/raw/AU003437.json,1183429
AU003438,/home/tahiti/AgentUnlearn/outputs/full_plan/raw/AU003438.json,1183808
AU003439,/home/tahiti/AgentUnlearn/outputs/full_plan/raw/AU003439.json,1184089
AU003440,/home/tahiti/AgentUnlearn/outputs/full_plan/raw/AU003440.json,1185217
AU003441,/home/tahiti/AgentUnlearn/outputs/full_plan/raw/AU003441.json,1192595
AU003442,/home/tahiti/AgentUnlearn/outputs/full_plan/raw/AU003442.json,1181456
AU003443,/home/tahiti/AgentUnlearn/outputs/full_plan/raw/AU003443.json,1186906
AU003444,/home/tahiti/AgentUnlearn/outputs/full_plan/raw/AU003444.json,1188283
AU003445,/home/tahiti/AgentUnlearn/outputs/full_plan/raw/AU003445.json,1171967
AU003446,/home/tahiti/AgentUnlearn/outputs/full_plan/raw/AU003446.json,551653
AU003447,/home/tahiti/AgentUnlearn/outputs/full_plan/raw/AU003447.json,553719
AU003448,/home/tahiti/AgentUnlearn/outputs/full_plan/raw/AU003448.json,546506
AU003449,/home/tahiti/AgentUnlearn/outputs/full_plan/raw/AU003449.json,551410
AU003450,/home/tahiti/AgentUnlearn/outputs/full_plan/raw/AU003450.json,557947
AU003451,/home/tahiti/AgentUnlearn/outputs/full_plan/raw/AU003451.json,554645
AU003452,/home/tahiti/AgentUnlearn/outputs/full_plan/raw/AU003452.json,554113
AU003453,/home/tahiti/AgentUnlearn/outputs/full_plan/raw/AU003453.json,544249
AU003454,/home/tahiti/AgentUnlearn/outputs/full_plan/raw/AU003454.json,556554
AU003455,/home/tahiti/AgentUnlearn/outputs/full_plan/raw/AU003455.json,562481
AU003456,/home/tahiti/AgentUnlearn/outputs/full_plan/raw/AU003456.json,555408
AU003457,/home/tahiti/AgentUnlearn/outputs/full_plan/raw/AU003457.json,552345
AU003458,/home/tahiti/AgentUnlearn/outputs/full_plan/raw/AU003458.json,546701
AU003459,/home/tahiti/AgentUnlearn/outputs/full_plan/raw/AU003459.json,547565
AU003460,/home/tahiti/AgentUnlearn/outputs/full_plan/raw/AU003460.json,557055
AU003461,/home/tahiti/AgentUnlearn/outputs/full_plan/raw/AU003461.json,554874
AU003462,/home/tahiti/AgentUnlearn/outputs/full_plan/raw/AU003462.json,557709
AU003463,/home/tahiti/AgentUnlearn/outputs/full_plan/raw/AU003463.json,542624
AU003464,/home/tahiti/AgentUnlearn/outputs/full_plan/raw/AU003464.json,549197
AU003465,/home/tahiti/AgentUnlearn/outputs/full_plan/raw/AU003465.json,559821
AU003466,/home/tahiti/AgentUnlearn/outputs/full_plan/raw/AU003466.json,358578
AU003467,/home/tahiti/AgentUnlearn/outputs/full_plan/raw/AU003467.json,358419
AU003468,/home/tahiti/AgentUnlearn/outputs/full_plan/raw/AU003468.json,357857
AU003469,/home/tahiti/AgentUnlearn/outputs/full_plan/raw/AU003469.json,358511
AU003470,/home/tahiti/AgentUnlearn/outputs/full_plan/raw/AU003470.json,358510
AU003471,/home/tahiti/AgentUnlearn/outputs/full_plan/raw/AU003471.json,358611
AU003472,/home/tahiti/AgentUnlearn/outputs/full_plan/raw/AU003472.json,358621
AU003473,/home/tahiti/AgentUnlearn/outputs/full_plan/raw/AU003473.json,358894
AU003474,/home/tahiti/AgentUnlearn/outputs/full_plan/raw/AU003474.json,359483
AU003475,/home/tahiti/AgentUnlearn/outputs/full_plan/raw/AU003475.json,358891
AU003476,/home/tahiti/AgentUnlearn/outputs/full_plan/raw/AU003476.json,358556
AU003477,/home/tahiti/AgentUnlearn/outputs/full_plan/raw/AU003477.json,358410
AU003478,/home/tahiti/AgentUnlearn/outputs/full_plan/raw/AU003478.json,357854
AU003479,/home/tahiti/AgentUnlearn/outputs/full_plan/raw/AU003479.json,358505
AU003480,/home/tahiti/AgentUnlearn/outputs/full_plan/raw/AU003480.json,358501
AU003481,/home/tahiti/AgentUnlearn/outputs/full_plan/raw/AU003481.json,358609
AU003482,/home/tahiti/AgentUnlearn/outputs/full_plan/raw/AU003482.json,358609
AU003483,/home/tahiti/AgentUnlearn/outputs/full_plan/raw/AU003483.json,358889
AU003484,/home/tahiti/AgentUnlearn/outputs/full_plan/raw/AU003484.json,359472
AU003485,/home/tahiti/AgentUnlearn/outputs/full_plan/raw/AU003485.json,358891
AU003486,/home/tahiti/AgentUnlearn/outputs/full_plan/raw/AU003486.json,1699527
AU003487,/home/tahiti/AgentUnlearn/outputs/full_plan/raw/AU003487.json,1699517
AU003488,/home/tahiti/AgentUnlearn/outputs/full_plan/raw/AU003488.json,1699562
AU003489,/home/tahiti/AgentUnlearn/outputs/full_plan/raw/AU003489.json,1699513
AU003490,/home/tahiti/AgentUnlearn/outputs/full_plan/raw/AU003490.json,1699584
AU003491,/home/tahiti/AgentUnlearn/outputs/full_plan/raw/AU003491.json,1699569
AU003492,/home/tahiti/AgentUnlearn/outputs/full_plan/raw/AU003492.json,1699518
AU003493,/home/tahiti/AgentUnlearn/outputs/full_plan/raw/AU003493.json,1699595
AU003494,/home/tahiti/AgentUnlearn/outputs/full_plan/raw/AU003494.json,1699442
AU003495,/home/tahiti/AgentUnlearn/outputs/full_plan/raw/AU003495.json,1698721
AU003496,/home/tahiti/AgentUnlearn/outputs/full_plan/raw/AU003496.json,1699521
AU003497,/home/tahiti/AgentUnlearn/outputs/full_plan/raw/AU003497.json,1699522
AU003498,/home/tahiti/AgentUnlearn/outputs/full_plan/raw/AU003498.json,1699560
AU003499,/home/tahiti/AgentUnlearn/outputs/full_plan/raw/AU003499.json,1699512
AU003500,/home/tahiti/AgentUnlearn/outputs/full_plan/raw/AU003500.json,1699578
AU003501,/home/tahiti/AgentUnlearn/outputs/full_plan/raw/AU003501.json,1699557
AU003502,/home/tahiti/AgentUnlearn/outputs/full_plan/raw/AU003502.json,1699504
AU003503,/home/tahiti/AgentUnlearn/outputs/full_plan/raw/AU003503.json,1699592
AU003504,/home/tahiti/AgentUnlearn/outputs/full_plan/raw/AU003504.json,1699434
AU003505,/home/tahiti/AgentUnlearn/outputs/full_plan/raw/AU003505.json,1698721
AU003506,/home/tahiti/AgentUnlearn/outputs/full_plan/raw/AU003506.json,1713652
AU003507,/home/tahiti/AgentUnlearn/outputs/full_plan/raw/AU003507.json,1713836
AU003508,/home/tahiti/AgentUnlearn/outputs/full_plan/raw/AU003508.json,1713687
AU003509,/home/tahiti/AgentUnlearn/outputs/full_plan/raw/AU003509.json,1713685
AU003510,/home/tahiti/AgentUnlearn/outputs/full_plan/raw/AU003510.json,1713688
AU003511,/home/tahiti/AgentUnlearn/outputs/full_plan/raw/AU003511.json,1713831
AU003512,/home/tahiti/AgentUnlearn/outputs/full_plan/raw/AU003512.json,1713830
AU003513,/home/tahiti/AgentUnlearn/outputs/full_plan/raw/AU003513.json,1713706
AU003514,/home/tahiti/AgentUnlearn/outputs/full_plan/raw/AU003514.json,1713832
AU003515,/home/tahiti/AgentUnlearn/outputs/full_plan/raw/AU003515.json,1713696
AU003516,/home/tahiti/AgentUnlearn/outputs/full_plan/raw/AU003516.json,1714234
AU003517,/home/tahiti/AgentUnlearn/outputs/full_plan/raw/AU003517.json,1714526
AU003518,/home/tahiti/AgentUnlearn/outputs/full_plan/raw/AU003518.json,1714236
AU003519,/home/tahiti/AgentUnlearn/outputs/full_plan/raw/AU003519.json,1714298
AU003520,/home/tahiti/AgentUnlearn/outputs/full_plan/raw/AU003520.json,1714258
AU003521,/home/tahiti/AgentUnlearn/outputs/full_plan/raw/AU003521.json,1714402
AU003522,/home/tahiti/AgentUnlearn/outputs/full_plan/raw/AU003522.json,1714375
AU003523,/home/tahiti/AgentUnlearn/outputs/full_plan/raw/AU003523.json,1714132
AU003524,/home/tahiti/AgentUnlearn/outputs/full_plan/raw/AU003524.json,1714501
AU003525,/home/tahiti/AgentUnlearn/outputs/full_plan/raw/AU003525.json,1714262
AU003526,/home/tahiti/AgentUnlearn/outputs/full_plan/raw/AU003526.json,5178139
AU003527,/home/tahiti/AgentUnlearn/outputs/full_plan/raw/AU003527.json,5171053
AU003528,/home/tahiti/AgentUnlearn/outputs/full_plan/raw/AU003528.json,5173870
AU003529,/home/tahiti/AgentUnlearn/outputs/full_plan/raw/AU003529.json,5179323
AU003530,/home/tahiti/AgentUnlearn/outputs/full_plan/raw/AU003530.json,5174753
AU003531,/home/tahiti/AgentUnlearn/outputs/full_plan/raw/AU003531.json,5176262
AU003532,/home/tahiti/AgentUnlearn/outputs/full_plan/raw/AU003532.json,5177158
AU003533,/home/tahiti/AgentUnlearn/outputs/full_plan/raw/AU003533.json,5175000
AU003534,/home/tahiti/AgentUnlearn/outputs/full_plan/raw/AU003534.json,5168705
AU003535,/home/tahiti/AgentUnlearn/outputs/full_plan/raw/AU003535.json,5170460
AU003536,/home/tahiti/AgentUnlearn/outputs/full_plan/raw/AU003536.json,5189141
AU003537,/home/tahiti/AgentUnlearn/outputs/full_plan/raw/AU003537.json,5179900
AU003538,/home/tahiti/AgentUnlearn/outputs/full_plan/raw/AU003538.json,5182058
AU003539,/home/tahiti/AgentUnlearn/outputs/full_plan/raw/AU003539.json,5188282
AU003540,/home/tahiti/AgentUnlearn/outputs/full_plan/raw/AU003540.json,5183235
AU003541,/home/tahiti/AgentUnlearn/outputs/full_plan/raw/AU003541.json,5187253
AU003542,/home/tahiti/AgentUnlearn/outputs/full_plan/raw/AU003542.json,5182320
AU003543,/home/tahiti/AgentUnlearn/outputs/full_plan/raw/AU003543.json,5182934
AU003544,/home/tahiti/AgentUnlearn/outputs/full_plan/raw/AU003544.json,5175643
AU003545,/home/tahiti/AgentUnlearn/outputs/full_plan/raw/AU003545.json,5178586
AU003546,/home/tahiti/AgentUnlearn/outputs/full_plan/raw/AU003546.json,2198196
AU003547,/home/tahiti/AgentUnlearn/outputs/full_plan/raw/AU003547.json,2198432
AU003548,/home/tahiti/AgentUnlearn/outputs/full_plan/raw/AU003548.json,2197947
AU003549,/home/tahiti/AgentUnlearn/outputs/full_plan/raw/AU003549.json,2197834
AU003550,/home/tahiti/AgentUnlearn/outputs/full_plan/raw/AU003550.json,2198145
AU003551,/home/tahiti/AgentUnlearn/outputs/full_plan/raw/AU003551.json,2199167
AU003552,/home/tahiti/AgentUnlearn/outputs/full_plan/raw/AU003552.json,2198527
AU003553,/home/tahiti/AgentUnlearn/outputs/full_plan/raw/AU003553.json,2197808
AU003554,/home/tahiti/AgentUnlearn/outputs/full_plan/raw/AU003554.json,2199012
AU003555,/home/tahiti/AgentUnlearn/outputs/full_plan/raw/AU003555.json,2197761
AU003556,/home/tahiti/AgentUnlearn/outputs/full_plan/raw/AU003556.json,2198435
AU003557,/home/tahiti/AgentUnlearn/outputs/full_plan/raw/AU003557.json,2198653
AU003558,/home/tahiti/AgentUnlearn/outputs/full_plan/raw/AU003558.json,2197937
AU003559,/home/tahiti/AgentUnlearn/outputs/full_plan/raw/AU003559.json,2197828
AU003560,/home/tahiti/AgentUnlearn/outputs/full_plan/raw/AU003560.json,2198400
AU003561,/home/tahiti/AgentUnlearn/outputs/full_plan/raw/AU003561.json,2199393
AU003562,/home/tahiti/AgentUnlearn/outputs/full_plan/raw/AU003562.json,2199067
AU003563,/home/tahiti/AgentUnlearn/outputs/full_plan/raw/AU003563.json,2197802
AU003564,/home/tahiti/AgentUnlearn/outputs/full_plan/raw/AU003564.json,2198997
AU003565,/home/tahiti/AgentUnlearn/outputs/full_plan/raw/AU003565.json,2198390
AU003566,/home/tahiti/AgentUnlearn/outputs/full_plan/raw/AU003566.json,1709816
AU003567,/home/tahiti/AgentUnlearn/outputs/full_plan/raw/AU003567.json,1710074
AU003568,/home/tahiti/AgentUnlearn/outputs/full_plan/raw/AU003568.json,1709777
AU003569,/home/tahiti/AgentUnlearn/outputs/full_plan/raw/AU003569.json,1710094
AU003570,/home/tahiti/AgentUnlearn/outputs/full_plan/raw/AU003570.json,1709816
AU003571,/home/tahiti/AgentUnlearn/outputs/full_plan/raw/AU003571.json,1710036
AU003572,/home/tahiti/AgentUnlearn/outputs/full_plan/raw/AU003572.json,1710256
AU003573,/home/tahiti/AgentUnlearn/outputs/full_plan/raw/AU003573.json,1709817
AU003574,/home/tahiti/AgentUnlearn/outputs/full_plan/raw/AU003574.json,1710096
AU003575,/home/tahiti/AgentUnlearn/outputs/full_plan/raw/AU003575.json,1709147
AU003576,/home/tahiti/AgentUnlearn/outputs/full_plan/raw/AU003576.json,1709819
AU003577,/home/tahiti/AgentUnlearn/outputs/full_plan/raw/AU003577.json,1710064
AU003578,/home/tahiti/AgentUnlearn/outputs/full_plan/raw/AU003578.json,1709765
AU003579,/home/tahiti/AgentUnlearn/outputs/full_plan/raw/AU003579.json,1710078
AU003580,/home/tahiti/AgentUnlearn/outputs/full_plan/raw/AU003580.json,1709810
AU003581,/home/tahiti/AgentUnlearn/outputs/full_plan/raw/AU003581.json,1710021
AU003582,/home/tahiti/AgentUnlearn/outputs/full_plan/raw/AU003582.json,1710251
AU003583,/home/tahiti/AgentUnlearn/outputs/full_plan/raw/AU003583.json,1709814
AU003584,/home/tahiti/AgentUnlearn/outputs/full_plan/raw/AU003584.json,1710087
AU003585,/home/tahiti/AgentUnlearn/outputs/full_plan/raw/AU003585.json,1709141
AU003586,/home/tahiti/AgentUnlearn/outputs/full_plan/raw/AU003586.json,821706
AU003587,/home/tahiti/AgentUnlearn/outputs/full_plan/raw/AU003587.json,821438
AU003588,/home/tahiti/AgentUnlearn/outputs/full_plan/raw/AU003588.json,821198
AU003589,/home/tahiti/AgentUnlearn/outputs/full_plan/raw/AU003589.json,821828
AU003590,/home/tahiti/AgentUnlearn/outputs/full_plan/raw/AU003590.json,821260
AU003591,/home/tahiti/AgentUnlearn/outputs/full_plan/raw/AU003591.json,820823
AU003592,/home/tahiti/AgentUnlearn/outputs/full_plan/raw/AU003592.json,821270
AU003593,/home/tahiti/AgentUnlearn/outputs/full_plan/raw/AU003593.json,820317
AU003594,/home/tahiti/AgentUnlearn/outputs/full_plan/raw/AU003594.json,821874
AU003595,/home/tahiti/AgentUnlearn/outputs/full_plan/raw/AU003595.json,820704
AU003596,/home/tahiti/AgentUnlearn/outputs/full_plan/raw/AU003596.json,821698
AU003597,/home/tahiti/AgentUnlearn/outputs/full_plan/raw/AU003597.json,821436
AU003598,/home/tahiti/AgentUnlearn/outputs/full_plan/raw/AU003598.json,821197
AU003599,/home/tahiti/AgentUnlearn/outputs/full_plan/raw/AU003599.json,821821
AU003600,/home/tahiti/AgentUnlearn/outputs/full_plan/raw/AU003600.json,821248
AU003601,/home/tahiti/AgentUnlearn/outputs/full_plan/raw/AU003601.json,820811
AU003602,/home/tahiti/AgentUnlearn/outputs/full_plan/raw/AU003602.json,821264
AU003603,/home/tahiti/AgentUnlearn/outputs/full_plan/raw/AU003603.json,820314
AU003604,/home/tahiti/AgentUnlearn/outputs/full_plan/raw/AU003604.json,821869
AU003605,/home/tahiti/AgentUnlearn/outputs/full_plan/raw/AU003605.json,820692
AU003606,/home/tahiti/AgentUnlearn/outputs/full_plan/raw/AU003606.json,841227
AU003607,/home/tahiti/AgentUnlearn/outputs/full_plan/raw/AU003607.json,841149
AU003608,/home/tahiti/AgentUnlearn/outputs/full_plan/raw/AU003608.json,841152
AU003609,/home/tahiti/AgentUnlearn/outputs/full_plan/raw/AU003609.json,841152
AU003610,/home/tahiti/AgentUnlearn/outputs/full_plan/raw/AU003610.json,841143
AU003611,/home/tahiti/AgentUnlearn/outputs/full_plan/raw/AU003611.json,841295
AU003612,/home/tahiti/AgentUnlearn/outputs/full_plan/raw/AU003612.json,841144
AU003613,/home/tahiti/AgentUnlearn/outputs/full_plan/raw/AU003613.json,840727
AU003614,/home/tahiti/AgentUnlearn/outputs/full_plan/raw/AU003614.json,840931
AU003615,/home/tahiti/AgentUnlearn/outputs/full_plan/raw/AU003615.json,841145
AU003616,/home/tahiti/AgentUnlearn/outputs/full_plan/raw/AU003616.json,841224
AU003617,/home/tahiti/AgentUnlearn/outputs/full_plan/raw/AU003617.json,841137
AU003618,/home/tahiti/AgentUnlearn/outputs/full_plan/raw/AU003618.json,841148
AU003619,/home/tahiti/AgentUnlearn/outputs/full_plan/raw/AU003619.json,841146
AU003620,/home/tahiti/AgentUnlearn/outputs/full_plan/raw/AU003620.json,841147
AU003621,/home/tahiti/AgentUnlearn/outputs/full_plan/raw/AU003621.json,841298
AU003622,/home/tahiti/AgentUnlearn/outputs/full_plan/raw/AU003622.json,841143
AU003623,/home/tahiti/AgentUnlearn/outputs/full_plan/raw/AU003623.json,840719
AU003624,/home/tahiti/AgentUnlearn/outputs/full_plan/raw/AU003624.json,840934
AU003625,/home/tahiti/AgentUnlearn/outputs/full_plan/raw/AU003625.json,841145
AU003626,/home/tahiti/AgentUnlearn/outputs/full_plan/raw/AU003626.json,2554556
AU003627,/home/tahiti/AgentUnlearn/outputs/full_plan/raw/AU003627.json,2551927
AU003628,/home/tahiti/AgentUnlearn/outputs/full_plan/raw/AU003628.json,2555746
AU003629,/home/tahiti/AgentUnlearn/outputs/full_plan/raw/AU003629.json,2560580
AU003630,/home/tahiti/AgentUnlearn/outputs/full_plan/raw/AU003630.json,2557638
AU003631,/home/tahiti/AgentUnlearn/outputs/full_plan/raw/AU003631.json,2555653
AU003632,/home/tahiti/AgentUnlearn/outputs/full_plan/raw/AU003632.json,2563367
AU003633,/home/tahiti/AgentUnlearn/outputs/full_plan/raw/AU003633.json,2551622
AU003634,/home/tahiti/AgentUnlearn/outputs/full_plan/raw/AU003634.json,2564089
AU003635,/home/tahiti/AgentUnlearn/outputs/full_plan/raw/AU003635.json,2559144
AU003636,/home/tahiti/AgentUnlearn/outputs/full_plan/raw/AU003636.json,2555262
AU003637,/home/tahiti/AgentUnlearn/outputs/full_plan/raw/AU003637.json,2552033
AU003638,/home/tahiti/AgentUnlearn/outputs/full_plan/raw/AU003638.json,2556316
AU003639,/home/tahiti/AgentUnlearn/outputs/full_plan/raw/AU003639.json,2561671
AU003640,/home/tahiti/AgentUnlearn/outputs/full_plan/raw/AU003640.json,2558708
AU003641,/home/tahiti/AgentUnlearn/outputs/full_plan/raw/AU003641.json,2557200
AU003642,/home/tahiti/AgentUnlearn/outputs/full_plan/raw/AU003642.json,2565137
AU003643,/home/tahiti/AgentUnlearn/outputs/full_plan/raw/AU003643.json,2553354
AU003644,/home/tahiti/AgentUnlearn/outputs/full_plan/raw/AU003644.json,2565015
AU003645,/home/tahiti/AgentUnlearn/outputs/full_plan/raw/AU003645.json,2559701
AU003646,/home/tahiti/AgentUnlearn/outputs/full_plan/raw/AU003646.json,1111203
AU003647,/home/tahiti/AgentUnlearn/outputs/full_plan/raw/AU003647.json,1111018
AU003648,/home/tahiti/AgentUnlearn/outputs/full_plan/raw/AU003648.json,1109365
AU003649,/home/tahiti/AgentUnlearn/outputs/full_plan/raw/AU003649.json,1109609
AU003650,/home/tahiti/AgentUnlearn/outputs/full_plan/raw/AU003650.json,1111629
AU003651,/home/tahiti/AgentUnlearn/outputs/full_plan/raw/AU003651.json,1115686
AU003652,/home/tahiti/AgentUnlearn/outputs/full_plan/raw/AU003652.json,1113424
AU003653,/home/tahiti/AgentUnlearn/outputs/full_plan/raw/AU003653.json,1109013
AU003654,/home/tahiti/AgentUnlearn/outputs/full_plan/raw/AU003654.json,1109303
AU003655,/home/tahiti/AgentUnlearn/outputs/full_plan/raw/AU003655.json,1112229
AU003656,/home/tahiti/AgentUnlearn/outputs/full_plan/raw/AU003656.json,1115321
AU003657,/home/tahiti/AgentUnlearn/outputs/full_plan/raw/AU003657.json,1114736
AU003658,/home/tahiti/AgentUnlearn/outputs/full_plan/raw/AU003658.json,1111552
AU003659,/home/tahiti/AgentUnlearn/outputs/full_plan/raw/AU003659.json,1111371
AU003660,/home/tahiti/AgentUnlearn/outputs/full_plan/raw/AU003660.json,1116162
AU003661,/home/tahiti/AgentUnlearn/outputs/full_plan/raw/AU003661.json,1115615
AU003662,/home/tahiti/AgentUnlearn/outputs/full_plan/raw/AU003662.json,1114928
AU003663,/home/tahiti/AgentUnlearn/outputs/full_plan/raw/AU003663.json,1109574
AU003664,/home/tahiti/AgentUnlearn/outputs/full_plan/raw/AU003664.json,1109491
AU003665,/home/tahiti/AgentUnlearn/outputs/full_plan/raw/AU003665.json,1113521
AU003666,/home/tahiti/AgentUnlearn/outputs/full_plan/raw/AU003666.json,837475
AU003667,/home/tahiti/AgentUnlearn/outputs/full_plan/raw/AU003667.json,837705
AU003668,/home/tahiti/AgentUnlearn/outputs/full_plan/raw/AU003668.json,836611
AU003669,/home/tahiti/AgentUnlearn/outputs/full_plan/raw/AU003669.json,838059
AU003670,/home/tahiti/AgentUnlearn/outputs/full_plan/raw/AU003670.json,838045
AU003671,/home/tahiti/AgentUnlearn/outputs/full_plan/raw/AU003671.json,837167
AU003672,/home/tahiti/AgentUnlearn/outputs/full_plan/raw/AU003672.json,837300
AU003673,/home/tahiti/AgentUnlearn/outputs/full_plan/raw/AU003673.json,836359
AU003674,/home/tahiti/AgentUnlearn/outputs/full_plan/raw/AU003674.json,838377
AU003675,/home/tahiti/AgentUnlearn/outputs/full_plan/raw/AU003675.json,838700
AU003676,/home/tahiti/AgentUnlearn/outputs/full_plan/raw/AU003676.json,837458
AU003677,/home/tahiti/AgentUnlearn/outputs/full_plan/raw/AU003677.json,837692
AU003678,/home/tahiti/AgentUnlearn/outputs/full_plan/raw/AU003678.json,836608
AU003679,/home/tahiti/AgentUnlearn/outputs/full_plan/raw/AU003679.json,838052
AU003680,/home/tahiti/AgentUnlearn/outputs/full_plan/raw/AU003680.json,838040
AU003681,/home/tahiti/AgentUnlearn/outputs/full_plan/raw/AU003681.json,837156
AU003682,/home/tahiti/AgentUnlearn/outputs/full_plan/raw/AU003682.json,837285
AU003683,/home/tahiti/AgentUnlearn/outputs/full_plan/raw/AU003683.json,836350
AU003684,/home/tahiti/AgentUnlearn/outputs/full_plan/raw/AU003684.json,838357
AU003685,/home/tahiti/AgentUnlearn/outputs/full_plan/raw/AU003685.json,838684
AU003686,/home/tahiti/AgentUnlearn/outputs/full_plan/raw/AU003686.json,95301
AU003687,/home/tahiti/AgentUnlearn/outputs/full_plan/raw/AU003687.json,80568
AU003688,/home/tahiti/AgentUnlearn/outputs/full_plan/raw/AU003688.json,80560
AU003689,/home/tahiti/AgentUnlearn/outputs/full_plan/raw/AU003689.json,358352
AU003690,/home/tahiti/AgentUnlearn/outputs/full_plan/raw/AU003690.json,351870
AU003691,/home/tahiti/AgentUnlearn/outputs/full_plan/raw/AU003691.json,353362
AU003692,/home/tahiti/AgentUnlearn/outputs/full_plan/raw/AU003692.json,136977
AU003693,/home/tahiti/AgentUnlearn/outputs/full_plan/raw/AU003693.json,121443
AU003694,/home/tahiti/AgentUnlearn/outputs/full_plan/raw/AU003694.json,121423
AU003695,/home/tahiti/AgentUnlearn/outputs/full_plan/raw/AU003695.json,232286
AU003696,/home/tahiti/AgentUnlearn/outputs/full_plan/raw/AU003696.json,194403
AU003697,/home/tahiti/AgentUnlearn/outputs/full_plan/raw/AU003697.json,194389
AU003698,/home/tahiti/AgentUnlearn/outputs/full_plan/raw/AU003698.json,747578
AU003699,/home/tahiti/AgentUnlearn/outputs/full_plan/raw/AU003699.json,631158
AU003700,/home/tahiti/AgentUnlearn/outputs/full_plan/raw/AU003700.json,631726
AU003701,/home/tahiti/AgentUnlearn/outputs/full_plan/raw/AU003701.json,310974
AU003702,/home/tahiti/AgentUnlearn/outputs/full_plan/raw/AU003702.json,265558
AU003703,/home/tahiti/AgentUnlearn/outputs/full_plan/raw/AU003703.json,265548
AU003704,/home/tahiti/AgentUnlearn/outputs/full_plan/raw/AU003704.json,95078
AU003705,/home/tahiti/AgentUnlearn/outputs/full_plan/raw/AU003705.json,79990
AU003706,/home/tahiti/AgentUnlearn/outputs/full_plan/raw/AU003706.json,79973
AU003707,/home/tahiti/AgentUnlearn/outputs/full_plan/raw/AU003707.json,341597
AU003708,/home/tahiti/AgentUnlearn/outputs/full_plan/raw/AU003708.json,334987
AU003709,/home/tahiti/AgentUnlearn/outputs/full_plan/raw/AU003709.json,335627
AU003710,/home/tahiti/AgentUnlearn/outputs/full_plan/raw/AU003710.json,134694
AU003711,/home/tahiti/AgentUnlearn/outputs/full_plan/raw/AU003711.json,118057
AU003712,/home/tahiti/AgentUnlearn/outputs/full_plan/raw/AU003712.json,118057
AU003713,/home/tahiti/AgentUnlearn/outputs/full_plan/raw/AU003713.json,244751
AU003714,/home/tahiti/AgentUnlearn/outputs/full_plan/raw/AU003714.json,201296
AU003715,/home/tahiti/AgentUnlearn/outputs/full_plan/raw/AU003715.json,201288
AU003716,/home/tahiti/AgentUnlearn/outputs/full_plan/raw/AU003716.json,876788
AU003717,/home/tahiti/AgentUnlearn/outputs/full_plan/raw/AU003717.json,753145
AU003718,/home/tahiti/AgentUnlearn/outputs/full_plan/raw/AU003718.json,753679
AU003719,/home/tahiti/AgentUnlearn/outputs/full_plan/raw/AU003719.json,318409
AU003720,/home/tahiti/AgentUnlearn/outputs/full_plan/raw/AU003720.json,285005
AU003721,/home/tahiti/AgentUnlearn/outputs/full_plan/raw/AU003721.json,290875
