content_f1_threshold,semantic_threshold,accuracy,balanced_accuracy,precision,recall,f1,mcc,distance_from_old
0.07,0.23,0.9269406392694064,0.9045977011494253,0.9647058823529412,0.9425287356321839,0.9534883720930233,0.7845340309598786,0.1258
0.06,0.23,0.9269406392694064,0.9045977011494253,0.9647058823529412,0.9425287356321839,0.9534883720930233,0.7845340309598786,0.1305
0.05,0.23,0.9269406392694064,0.9045977011494253,0.9647058823529412,0.9425287356321839,0.9534883720930233,0.7845340309598786,0.13540000000000002
0.04,0.23,0.9269406392694064,0.9045977011494253,0.9647058823529412,0.9425287356321839,0.9534883720930233,0.7845340309598786,0.1405
0.03,0.23,0.9269406392694064,0.9045977011494253,0.9647058823529412,0.9425287356321839,0.9534883720930233,0.7845340309598786,0.1458
0.02,0.23,0.9269406392694064,0.9045977011494253,0.9647058823529412,0.9425287356321839,0.9534883720930233,0.7845340309598786,0.1513
0.01,0.23,0.9269406392694064,0.9045977011494253,0.9647058823529412,0.9425287356321839,0.9534883720930233,0.7845340309598786,0.157
0.11,0.15,0.9269406392694064,0.9045977011494253,0.9647058823529412,0.9425287356321839,0.9534883720930233,0.7845340309598786,0.1586
0.1,0.15,0.9269406392694064,0.9045977011494253,0.9647058823529412,0.9425287356321839,0.9534883720930233,0.7845340309598786,0.16249999999999998
0.07,0.24,0.9223744292237442,0.9017241379310346,0.9644970414201184,0.9367816091954023,0.9504373177842566,0.7734111870883466,0.1205
0.06,0.24,0.9223744292237442,0.9017241379310346,0.9644970414201184,0.9367816091954023,0.9504373177842566,0.7734111870883466,0.1252
0.05,0.24,0.9223744292237442,0.9017241379310346,0.9644970414201184,0.9367816091954023,0.9504373177842566,0.7734111870883466,0.1301
0.11,0.19,0.9223744292237442,0.9017241379310346,0.9644970414201184,0.9367816091954023,0.9504373177842566,0.7734111870883466,0.1322
0.04,0.24,0.9223744292237442,0.9017241379310346,0.9644970414201184,0.9367816091954023,0.9504373177842566,0.7734111870883466,0.13520000000000001
0.1,0.19,0.9223744292237442,0.9017241379310346,0.9644970414201184,0.9367816091954023,0.9504373177842566,0.7734111870883466,0.1361
0.11,0.18,0.9223744292237442,0.9017241379310346,0.9644970414201184,0.9367816091954023,0.9504373177842566,0.7734111870883466,0.1385
0.09,0.19,0.9223744292237442,0.9017241379310346,0.9644970414201184,0.9367816091954023,0.9504373177842566,0.7734111870883466,0.1402
0.03,0.24,0.9223744292237442,0.9017241379310346,0.9644970414201184,0.9367816091954023,0.9504373177842566,0.7734111870883466,0.1405
0.1,0.18,0.9223744292237442,0.9017241379310346,0.9644970414201184,0.9367816091954023,0.9504373177842566,0.7734111870883466,0.1424
0.08,0.19,0.9223744292237442,0.9017241379310346,0.9644970414201184,0.9367816091954023,0.9504373177842566,0.7734111870883466,0.1445
0.11,0.17,0.9223744292237442,0.9017241379310346,0.9644970414201184,0.9367816091954023,0.9504373177842566,0.7734111870883466,0.14499999999999996
0.02,0.24,0.9223744292237442,0.9017241379310346,0.9644970414201184,0.9367816091954023,0.9504373177842566,0.7734111870883466,0.146
0.09,0.18,0.9223744292237442,0.9017241379310346,0.9644970414201184,0.9367816091954023,0.9504373177842566,0.7734111870883466,0.1465
0.1,0.17,0.9223744292237442,0.9017241379310346,0.9644970414201184,0.9367816091954023,0.9504373177842566,0.7734111870883466,0.14889999999999998
0.08,0.18,0.9223744292237442,0.9017241379310346,0.9644970414201184,0.9367816091954023,0.9504373177842566,0.7734111870883466,0.1508
0.11,0.16,0.9223744292237442,0.9017241379310346,0.9644970414201184,0.9367816091954023,0.9504373177842566,0.7734111870883466,0.15169999999999997
0.01,0.24,0.9223744292237442,0.9017241379310346,0.9644970414201184,0.9367816091954023,0.9504373177842566,0.7734111870883466,0.1517
0.09,0.17,0.9223744292237442,0.9017241379310346,0.9644970414201184,0.9367816091954023,0.9504373177842566,0.7734111870883466,0.15299999999999997
0.12,0.15,0.9223744292237442,0.9017241379310346,0.9644970414201184,0.9367816091954023,0.9504373177842566,0.7734111870883466,0.15489999999999998
0.1,0.16,0.9223744292237442,0.9017241379310346,0.9644970414201184,0.9367816091954023,0.9504373177842566,0.7734111870883466,0.15559999999999996
0.08,0.17,0.9223744292237442,0.9017241379310346,0.9644970414201184,0.9367816091954023,0.9504373177842566,0.7734111870883466,0.15729999999999997
0.11,0.23,0.9178082191780822,0.8988505747126436,0.9642857142857143,0.9310344827586207,0.9473684210526315,0.7625729044229351,0.10900000000000001
0.1,0.23,0.9178082191780822,0.8988505747126436,0.9642857142857143,0.9310344827586207,0.9473684210526315,0.7625729044229351,0.1129
0.11,0.22,0.9178082191780822,0.8988505747126436,0.9642857142857143,0.9310344827586207,0.9473684210526315,0.7625729044229351,0.11450000000000002
0.09,0.23,0.9178082191780822,0.8988505747126436,0.9642857142857143,0.9310344827586207,0.9473684210526315,0.7625729044229351,0.11699999999999999
0.1,0.22,0.9178082191780822,0.8988505747126436,0.9642857142857143,0.9310344827586207,0.9473684210526315,0.7625729044229351,0.1184
0.11,0.21,0.9178082191780822,0.8988505747126436,0.9642857142857143,0.9310344827586207,0.9473684210526315,0.7625729044229351,0.12020000000000003
0.08,0.23,0.9178082191780822,0.8988505747126436,0.9642857142857143,0.9310344827586207,0.9473684210526315,0.7625729044229351,0.12129999999999999
0.09,0.22,0.9178082191780822,0.8988505747126436,0.9642857142857143,0.9310344827586207,0.9473684210526315,0.7625729044229351,0.1225
0.1,0.21,0.9178082191780822,0.8988505747126436,0.9642857142857143,0.9310344827586207,0.9473684210526315,0.7625729044229351,0.12410000000000002
0.11,0.2,0.9178082191780822,0.8988505747126436,0.9642857142857143,0.9310344827586207,0.9473684210526315,0.7625729044229351,0.1261
0.08,0.22,0.9178082191780822,0.8988505747126436,0.9642857142857143,0.9310344827586207,0.9473684210526315,0.7625729044229351,0.1268
0.09,0.21,0.9178082191780822,0.8988505747126436,0.9642857142857143,0.9310344827586207,0.9473684210526315,0.7625729044229351,0.1282
0.12,0.19,0.9178082191780822,0.8988505747126436,0.9642857142857143,0.9310344827586207,0.9473684210526315,0.7625729044229351,0.1285
0.1,0.2,0.9178082191780822,0.8988505747126436,0.9642857142857143,0.9310344827586207,0.9473684210526315,0.7625729044229351,0.13
0.08,0.21,0.9178082191780822,0.8988505747126436,0.9642857142857143,0.9310344827586207,0.9473684210526315,0.7625729044229351,0.1325
0.09,0.2,0.9178082191780822,0.8988505747126436,0.9642857142857143,0.9310344827586207,0.9473684210526315,0.7625729044229351,0.1341
0.12,0.18,0.9178082191780822,0.8988505747126436,0.9642857142857143,0.9310344827586207,0.9473684210526315,0.7625729044229351,0.1348
0.08,0.2,0.9178082191780822,0.8988505747126436,0.9642857142857143,0.9310344827586207,0.9473684210526315,0.7625729044229351,0.1384
0.12,0.17,0.9178082191780822,0.8988505747126436,0.9642857142857143,0.9310344827586207,0.9473684210526315,0.7625729044229351,0.14129999999999998
0.12,0.16,0.9178082191780822,0.8988505747126436,0.9642857142857143,0.9310344827586207,0.9473684210526315,0.7625729044229351,0.14799999999999996
0.14,0.15,0.9178082191780822,0.8988505747126436,0.9642857142857143,0.9310344827586207,0.9473684210526315,0.7625729044229351,0.14809999999999998
0.13,0.15,0.9178082191780822,0.8988505747126436,0.9642857142857143,0.9310344827586207,0.9473684210526315,0.7625729044229351,0.15139999999999998
0.07,0.19,0.9269406392694064,0.8963601532567049,0.9593023255813954,0.9482758620689655,0.953757225433526,0.7801672436544249,0.149
0.06,0.19,0.9269406392694064,0.8963601532567049,0.9593023255813954,0.9482758620689655,0.953757225433526,0.7801672436544249,0.1537
0.07,0.18,0.9269406392694064,0.8963601532567049,0.9593023255813954,0.9482758620689655,0.953757225433526,0.7801672436544249,0.1553
0.05,0.19,0.9269406392694064,0.8963601532567049,0.9593023255813954,0.9482758620689655,0.953757225433526,0.7801672436544249,0.15860000000000002
0.06,0.18,0.9269406392694064,0.8963601532567049,0.9593023255813954,0.9482758620689655,0.953757225433526,0.7801672436544249,0.16
0.07,0.17,0.9269406392694064,0.8963601532567049,0.9593023255813954,0.9482758620689655,0.953757225433526,0.7801672436544249,0.16179999999999994
0.04,0.19,0.9269406392694064,0.8963601532567049,0.9593023255813954,0.9482758620689655,0.953757225433526,0.7801672436544249,0.1637
0.05,0.18,0.9269406392694064,0.8963601532567049,0.9593023255813954,0.9482758620689655,0.953757225433526,0.7801672436544249,0.1649
0.11,0.14,0.9269406392694064,0.8963601532567049,0.9593023255813954,0.9482758620689655,0.953757225433526,0.7801672436544249,0.1657
0.06,0.17,0.9269406392694064,0.8963601532567049,0.9593023255813954,0.9482758620689655,0.953757225433526,0.7801672436544249,0.16649999999999998
0.03,0.19,0.9269406392694064,0.8963601532567049,0.9593023255813954,0.9482758620689655,0.953757225433526,0.7801672436544249,0.169
0.1,0.14,0.9269406392694064,0.8963601532567049,0.9593023255813954,0.9482758620689655,0.953757225433526,0.7801672436544249,0.16959999999999997
0.04,0.18,0.9269406392694064,0.8963601532567049,0.9593023255813954,0.9482758620689655,0.953757225433526,0.7801672436544249,0.17
0.05,0.17,0.9269406392694064,0.8963601532567049,0.9593023255813954,0.9482758620689655,0.953757225433526,0.7801672436544249,0.17139999999999997
0.11,0.13,0.9269406392694064,0.8963601532567049,0.9593023255813954,0.9482758620689655,0.953757225433526,0.7801672436544249,0.173
0.02,0.19,0.9269406392694064,0.8963601532567049,0.9593023255813954,0.9482758620689655,0.953757225433526,0.7801672436544249,0.1745
0.03,0.18,0.9269406392694064,0.8963601532567049,0.9593023255813954,0.9482758620689655,0.953757225433526,0.7801672436544249,0.1753
0.04,0.17,0.9269406392694064,0.8963601532567049,0.9593023255813954,0.9482758620689655,0.953757225433526,0.7801672436544249,0.1765
0.1,0.13,0.9269406392694064,0.8963601532567049,0.9593023255813954,0.9482758620689655,0.953757225433526,0.7801672436544249,0.1769
0.01,0.19,0.9269406392694064,0.8963601532567049,0.9593023255813954,0.9482758620689655,0.953757225433526,0.7801672436544249,0.1802
0.11,0.12,0.9269406392694064,0.8963601532567049,0.9593023255813954,0.9482758620689655,0.953757225433526,0.7801672436544249,0.1805
0.02,0.18,0.9269406392694064,0.8963601532567049,0.9593023255813954,0.9482758620689655,0.953757225433526,0.7801672436544249,0.1808
0.03,0.17,0.9269406392694064,0.8963601532567049,0.9593023255813954,0.9482758620689655,0.953757225433526,0.7801672436544249,0.18179999999999996
0.1,0.12,0.9269406392694064,0.8963601532567049,0.9593023255813954,0.9482758620689655,0.953757225433526,0.7801672436544249,0.1844
0.01,0.18,0.9269406392694064,0.8963601532567049,0.9593023255813954,0.9482758620689655,0.953757225433526,0.7801672436544249,0.1865
0.02,0.17,0.9269406392694064,0.8963601532567049,0.9593023255813954,0.9482758620689655,0.953757225433526,0.7801672436544249,0.18729999999999997
0.11,0.11,0.9269406392694064,0.8963601532567049,0.9593023255813954,0.9482758620689655,0.953757225433526,0.7801672436544249,0.1882
0.1,0.11,0.9269406392694064,0.8963601532567049,0.9593023255813954,0.9482758620689655,0.953757225433526,0.7801672436544249,0.1921
0.01,0.17,0.9269406392694064,0.8963601532567049,0.9593023255813954,0.9482758620689655,0.953757225433526,0.7801672436544249,0.19299999999999995
0.11,0.1,0.9269406392694064,0.8963601532567049,0.9593023255813954,0.9482758620689655,0.953757225433526,0.7801672436544249,0.19610000000000002
0.1,0.1,0.9269406392694064,0.8963601532567049,0.9593023255813954,0.9482758620689655,0.953757225433526,0.7801672436544249,0.2
0.11,0.09,0.9269406392694064,0.8963601532567049,0.9593023255813954,0.9482758620689655,0.953757225433526,0.7801672436544249,0.20420000000000002
0.1,0.09,0.9269406392694064,0.8963601532567049,0.9593023255813954,0.9482758620689655,0.953757225433526,0.7801672436544249,0.2081
0.11,0.08,0.9269406392694064,0.8963601532567049,0.9593023255813954,0.9482758620689655,0.953757225433526,0.7801672436544249,0.21249999999999997
0.1,0.08,0.9269406392694064,0.8963601532567049,0.9593023255813954,0.9482758620689655,0.953757225433526,0.7801672436544249,0.21639999999999998
0.11,0.07,0.9269406392694064,0.8963601532567049,0.9593023255813954,0.9482758620689655,0.953757225433526,0.7801672436544249,0.22099999999999997
0.1,0.07,0.9269406392694064,0.8963601532567049,0.9593023255813954,0.9482758620689655,0.953757225433526,0.7801672436544249,0.2249
0.11,0.06,0.9269406392694064,0.8963601532567049,0.9593023255813954,0.9482758620689655,0.953757225433526,0.7801672436544249,0.2297
0.1,0.06,0.9269406392694064,0.8963601532567049,0.9593023255813954,0.9482758620689655,0.953757225433526,0.7801672436544249,0.23359999999999997
0.11,0.05,0.9269406392694064,0.8963601532567049,0.9593023255813954,0.9482758620689655,0.953757225433526,0.7801672436544249,0.2386
0.1,0.05,0.9269406392694064,0.8963601532567049,0.9593023255813954,0.9482758620689655,0.953757225433526,0.7801672436544249,0.2425
0.11,0.04,0.9269406392694064,0.8963601532567049,0.9593023255813954,0.9482758620689655,0.953757225433526,0.7801672436544249,0.2477
0.1,0.04,0.9269406392694064,0.8963601532567049,0.9593023255813954,0.9482758620689655,0.953757225433526,0.7801672436544249,0.2516
0.11,0.03,0.9269406392694064,0.8963601532567049,0.9593023255813954,0.9482758620689655,0.953757225433526,0.7801672436544249,0.257
0.1,0.03,0.9269406392694064,0.8963601532567049,0.9593023255813954,0.9482758620689655,0.953757225433526,0.7801672436544249,0.26089999999999997
0.11,0.02,0.9269406392694064,0.8963601532567049,0.9593023255813954,0.9482758620689655,0.953757225433526,0.7801672436544249,0.2665
0.1,0.02,0.9269406392694064,0.8963601532567049,0.9593023255813954,0.9482758620689655,0.953757225433526,0.7801672436544249,0.2704
0.11,0.01,0.9269406392694064,0.8963601532567049,0.9593023255813954,0.9482758620689655,0.953757225433526,0.7801672436544249,0.2762
0.1,0.01,0.9269406392694064,0.8963601532567049,0.9593023255813954,0.9482758620689655,0.953757225433526,0.7801672436544249,0.28009999999999996
0.11,0.0,0.9269406392694064,0.8963601532567049,0.9593023255813954,0.9482758620689655,0.953757225433526,0.7801672436544249,0.2861
0.1,0.0,0.9269406392694064,0.8963601532567049,0.9593023255813954,0.9482758620689655,0.953757225433526,0.7801672436544249,0.29
0.11,0.24,0.91324200913242,0.8959770114942529,0.9640718562874252,0.9252873563218391,0.9442815249266863,0.7520053718489624,0.10370000000000001
0.12,0.23,0.91324200913242,0.8959770114942529,0.9640718562874252,0.9252873563218391,0.9442815249266863,0.7520053718489624,0.1053
0.1,0.24,0.91324200913242,0.8959770114942529,0.9640718562874252,0.9252873563218391,0.9442815249266863,0.7520053718489624,0.1076
0.12,0.22,0.91324200913242,0.8959770114942529,0.9640718562874252,0.9252873563218391,0.9442815249266863,0.7520053718489624,0.11080000000000001
0.09,0.24,0.91324200913242,0.8959770114942529,0.9640718562874252,0.9252873563218391,0.9442815249266863,0.7520053718489624,0.1117
0.08,0.24,0.91324200913242,0.8959770114942529,0.9640718562874252,0.9252873563218391,0.9442815249266863,0.7520053718489624,0.11599999999999999
0.12,0.21,0.91324200913242,0.8959770114942529,0.9640718562874252,0.9252873563218391,0.9442815249266863,0.7520053718489624,0.11650000000000002
0.14,0.19,0.91324200913242,0.8959770114942529,0.9640718562874252,0.9252873563218391,0.9442815249266863,0.7520053718489624,0.1217
0.12,0.2,0.91324200913242,0.8959770114942529,0.9640718562874252,0.9252873563218391,0.9442815249266863,0.7520053718489624,0.1224
0.13,0.19,0.91324200913242,0.8959770114942529,0.9640718562874252,0.9252873563218391,0.9442815249266863,0.7520053718489624,0.125
0.14,0.18,0.91324200913242,0.8959770114942529,0.9640718562874252,0.9252873563218391,0.9442815249266863,0.7520053718489624,0.128
0.13,0.18,0.91324200913242,0.8959770114942529,0.9640718562874252,0.9252873563218391,0.9442815249266863,0.7520053718489624,0.1313
0.14,0.17,0.91324200913242,0.8959770114942529,0.9640718562874252,0.9252873563218391,0.9442815249266863,0.7520053718489624,0.13449999999999995
0.13,0.17,0.91324200913242,0.8959770114942529,0.9640718562874252,0.9252873563218391,0.9442815249266863,0.7520053718489624,0.13779999999999998
0.14,0.16,0.91324200913242,0.8959770114942529,0.9640718562874252,0.9252873563218391,0.9442815249266863,0.7520053718489624,0.14119999999999996
0.13,0.16,0.91324200913242,0.8959770114942529,0.9640718562874252,0.9252873563218391,0.9442815249266863,0.7520053718489624,0.14449999999999996
0.07,0.22,0.9223744292237442,0.8934865900383142,0.9590643274853801,0.9425287356321839,0.9507246376811594,0.7686385092160846,0.1313
0.06,0.22,0.9223744292237442,0.8934865900383142,0.9590643274853801,0.9425287356321839,0.9507246376811594,0.7686385092160846,0.136
0.07,0.21,0.9223744292237442,0.8934865900383142,0.9590643274853801,0.9425287356321839,0.9507246376811594,0.7686385092160846,0.137
0.05,0.22,0.9223744292237442,0.8934865900383142,0.9590643274853801,0.9425287356321839,0.9507246376811594,0.7686385092160846,0.14090000000000003
0.06,0.21,0.9223744292237442,0.8934865900383142,0.9590643274853801,0.9425287356321839,0.9507246376811594,0.7686385092160846,0.14170000000000002
0.07,0.2,0.9223744292237442,0.8934865900383142,0.9590643274853801,0.9425287356321839,0.9507246376811594,0.7686385092160846,0.14289999999999997
0.04,0.22,0.9223744292237442,0.8934865900383142,0.9590643274853801,0.9425287356321839,0.9507246376811594,0.7686385092160846,0.14600000000000002
0.05,0.21,0.9223744292237442,0.8934865900383142,0.9590643274853801,0.9425287356321839,0.9507246376811594,0.7686385092160846,0.1466
0.06,0.2,0.9223744292237442,0.8934865900383142,0.9590643274853801,0.9425287356321839,0.9507246376811594,0.7686385092160846,0.1476
0.03,0.22,0.9223744292237442,0.8934865900383142,0.9590643274853801,0.9425287356321839,0.9507246376811594,0.7686385092160846,0.15130000000000002
0.04,0.21,0.9223744292237442,0.8934865900383142,0.9590643274853801,0.9425287356321839,0.9507246376811594,0.7686385092160846,0.15170000000000003
0.05,0.2,0.9223744292237442,0.8934865900383142,0.9590643274853801,0.9425287356321839,0.9507246376811594,0.7686385092160846,0.1525
0.02,0.22,0.9223744292237442,0.8934865900383142,0.9590643274853801,0.9425287356321839,0.9507246376811594,0.7686385092160846,0.1568
0.03,0.21,0.9223744292237442,0.8934865900383142,0.9590643274853801,0.9425287356321839,0.9507246376811594,0.7686385092160846,0.15700000000000003
0.04,0.2,0.9223744292237442,0.8934865900383142,0.9590643274853801,0.9425287356321839,0.9507246376811594,0.7686385092160846,0.15760000000000002
0.12,0.14,0.9223744292237442,0.8934865900383142,0.9590643274853801,0.9425287356321839,0.9507246376811594,0.7686385092160846,0.16199999999999998
0.01,0.22,0.9223744292237442,0.8934865900383142,0.9590643274853801,0.9425287356321839,0.9507246376811594,0.7686385092160846,0.1625
0.02,0.21,0.9223744292237442,0.8934865900383142,0.9590643274853801,0.9425287356321839,0.9507246376811594,0.7686385092160846,0.1625
0.03,0.2,0.9223744292237442,0.8934865900383142,0.9590643274853801,0.9425287356321839,0.9507246376811594,0.7686385092160846,0.1629
0.09,0.15,0.9223744292237442,0.8934865900383142,0.9590643274853801,0.9425287356321839,0.9507246376811594,0.7686385092160846,0.16659999999999997
0.01,0.21,0.9223744292237442,0.8934865900383142,0.9590643274853801,0.9425287356321839,0.9507246376811594,0.7686385092160846,0.16820000000000002
0.02,0.2,0.9223744292237442,0.8934865900383142,0.9590643274853801,0.9425287356321839,0.9507246376811594,0.7686385092160846,0.1684
0.12,0.13,0.9223744292237442,0.8934865900383142,0.9590643274853801,0.9425287356321839,0.9507246376811594,0.7686385092160846,0.1693
0.08,0.15,0.9223744292237442,0.8934865900383142,0.9590643274853801,0.9425287356321839,0.9507246376811594,0.7686385092160846,0.17089999999999997
0.01,0.2,0.9223744292237442,0.8934865900383142,0.9590643274853801,0.9425287356321839,0.9507246376811594,0.7686385092160846,0.17409999999999998
0.12,0.12,0.9223744292237442,0.8934865900383142,0.9590643274853801,0.9425287356321839,0.9507246376811594,0.7686385092160846,0.1768
0.12,0.11,0.9223744292237442,0.8934865900383142,0.9590643274853801,0.9425287356321839,0.9507246376811594,0.7686385092160846,0.1845
0.12,0.1,0.9223744292237442,0.8934865900383142,0.9590643274853801,0.9425287356321839,0.9507246376811594,0.7686385092160846,0.19240000000000002
0.12,0.09,0.9223744292237442,0.8934865900383142,0.9590643274853801,0.9425287356321839,0.9507246376811594,0.7686385092160846,0.2005
0.12,0.08,0.9223744292237442,0.8934865900383142,0.9590643274853801,0.9425287356321839,0.9507246376811594,0.7686385092160846,0.20879999999999999
0.12,0.07,0.9223744292237442,0.8934865900383142,0.9590643274853801,0.9425287356321839,0.9507246376811594,0.7686385092160846,0.2173
0.12,0.06,0.9223744292237442,0.8934865900383142,0.9590643274853801,0.9425287356321839,0.9507246376811594,0.7686385092160846,0.22599999999999998
0.12,0.05,0.9223744292237442,0.8934865900383142,0.9590643274853801,0.9425287356321839,0.9507246376811594,0.7686385092160846,0.2349
0.12,0.04,0.9223744292237442,0.8934865900383142,0.9590643274853801,0.9425287356321839,0.9507246376811594,0.7686385092160846,0.244
0.12,0.03,0.9223744292237442,0.8934865900383142,0.9590643274853801,0.9425287356321839,0.9507246376811594,0.7686385092160846,0.25329999999999997
0.12,0.02,0.9223744292237442,0.8934865900383142,0.9590643274853801,0.9425287356321839,0.9507246376811594,0.7686385092160846,0.2628
0.12,0.01,0.9223744292237442,0.8934865900383142,0.9590643274853801,0.9425287356321839,0.9507246376811594,0.7686385092160846,0.27249999999999996
0.12,0.0,0.9223744292237442,0.8934865900383142,0.9590643274853801,0.9425287356321839,0.9507246376811594,0.7686385092160846,0.2824
0.14,0.23,0.908675799086758,0.8931034482758621,0.963855421686747,0.9195402298850575,0.9411764705882353,0.7416956831343522,0.0985
0.12,0.24,0.908675799086758,0.8931034482758621,0.963855421686747,0.9195402298850575,0.9411764705882353,0.7416956831343522,0.1
0.13,0.23,0.908675799086758,0.8931034482758621,0.963855421686747,0.9195402298850575,0.9411764705882353,0.7416956831343522,0.1018
0.14,0.22,0.908675799086758,0.8931034482758621,0.963855421686747,0.9195402298850575,0.9411764705882353,0.7416956831343522,0.10400000000000001
0.13,0.22,0.908675799086758,0.8931034482758621,0.963855421686747,0.9195402298850575,0.9411764705882353,0.7416956831343522,0.1073
0.14,0.21,0.908675799086758,0.8931034482758621,0.963855421686747,0.9195402298850575,0.9411764705882353,0.7416956831343522,0.10970000000000002
0.13,0.21,0.908675799086758,0.8931034482758621,0.963855421686747,0.9195402298850575,0.9411764705882353,0.7416956831343522,0.11300000000000002
0.14,0.2,0.908675799086758,0.8931034482758621,0.963855421686747,0.9195402298850575,0.9411764705882353,0.7416956831343522,0.11559999999999998
0.13,0.2,0.908675799086758,0.8931034482758621,0.963855421686747,0.9195402298850575,0.9411764705882353,0.7416956831343522,0.11889999999999999
0.16,0.15,0.908675799086758,0.8931034482758621,0.963855421686747,0.9195402298850575,0.9411764705882353,0.7416956831343522,0.14209999999999998
0.15,0.15,0.908675799086758,0.8931034482758621,0.963855421686747,0.9195402298850575,0.9411764705882353,0.7416956831343522,0.145
0.14,0.14,0.9178082191780822,0.8906130268199234,0.9588235294117647,0.9367816091954023,0.9476744186046512,0.7574170876549207,0.15519999999999998
0.13,0.14,0.9178082191780822,0.8906130268199234,0.9588235294117647,0.9367816091954023,0.9476744186046512,0.7574170876549207,0.15849999999999997
0.09,0.16,0.9178082191780822,0.8906130268199234,0.9588235294117647,0.9367816091954023,0.9476744186046512,0.7574170876549207,0.15969999999999998
0.14,0.13,0.9178082191780822,0.8906130268199234,0.9588235294117647,0.9367816091954023,0.9476744186046512,0.7574170876549207,0.16249999999999998
0.08,0.16,0.9178082191780822,0.8906130268199234,0.9588235294117647,0.9367816091954023,0.9476744186046512,0.7574170876549207,0.16399999999999998
0.13,0.13,0.9178082191780822,0.8906130268199234,0.9588235294117647,0.9367816091954023,0.9476744186046512,0.7574170876549207,0.1658
0.14,0.12,0.9178082191780822,0.8906130268199234,0.9588235294117647,0.9367816091954023,0.9476744186046512,0.7574170876549207,0.16999999999999998
0.13,0.12,0.9178082191780822,0.8906130268199234,0.9588235294117647,0.9367816091954023,0.9476744186046512,0.7574170876549207,0.1733
0.14,0.11,0.9178082191780822,0.8906130268199234,0.9588235294117647,0.9367816091954023,0.9476744186046512,0.7574170876549207,0.1777
0.13,0.11,0.9178082191780822,0.8906130268199234,0.9588235294117647,0.9367816091954023,0.9476744186046512,0.7574170876549207,0.181
0.14,0.1,0.9178082191780822,0.8906130268199234,0.9588235294117647,0.9367816091954023,0.9476744186046512,0.7574170876549207,0.18560000000000001
0.13,0.1,0.9178082191780822,0.8906130268199234,0.9588235294117647,0.9367816091954023,0.9476744186046512,0.7574170876549207,0.1889
0.14,0.09,0.9178082191780822,0.8906130268199234,0.9588235294117647,0.9367816091954023,0.9476744186046512,0.7574170876549207,0.1937
0.13,0.09,0.9178082191780822,0.8906130268199234,0.9588235294117647,0.9367816091954023,0.9476744186046512,0.7574170876549207,0.197
0.14,0.08,0.9178082191780822,0.8906130268199234,0.9588235294117647,0.9367816091954023,0.9476744186046512,0.7574170876549207,0.20199999999999996
0.13,0.08,0.9178082191780822,0.8906130268199234,0.9588235294117647,0.9367816091954023,0.9476744186046512,0.7574170876549207,0.20529999999999998
0.14,0.07,0.9178082191780822,0.8906130268199234,0.9588235294117647,0.9367816091954023,0.9476744186046512,0.7574170876549207,0.21049999999999996
0.13,0.07,0.9178082191780822,0.8906130268199234,0.9588235294117647,0.9367816091954023,0.9476744186046512,0.7574170876549207,0.2138
0.14,0.06,0.9178082191780822,0.8906130268199234,0.9588235294117647,0.9367816091954023,0.9476744186046512,0.7574170876549207,0.21919999999999998
0.13,0.06,0.9178082191780822,0.8906130268199234,0.9588235294117647,0.9367816091954023,0.9476744186046512,0.7574170876549207,0.22249999999999998
0.14,0.05,0.9178082191780822,0.8906130268199234,0.9588235294117647,0.9367816091954023,0.9476744186046512,0.7574170876549207,0.2281
0.13,0.05,0.9178082191780822,0.8906130268199234,0.9588235294117647,0.9367816091954023,0.9476744186046512,0.7574170876549207,0.2314
0.14,0.04,0.9178082191780822,0.8906130268199234,0.9588235294117647,0.9367816091954023,0.9476744186046512,0.7574170876549207,0.2372
0.13,0.04,0.9178082191780822,0.8906130268199234,0.9588235294117647,0.9367816091954023,0.9476744186046512,0.7574170876549207,0.2405
0.14,0.03,0.9178082191780822,0.8906130268199234,0.9588235294117647,0.9367816091954023,0.9476744186046512,0.7574170876549207,0.24649999999999997
0.13,0.03,0.9178082191780822,0.8906130268199234,0.9588235294117647,0.9367816091954023,0.9476744186046512,0.7574170876549207,0.24979999999999997
0.14,0.02,0.9178082191780822,0.8906130268199234,0.9588235294117647,0.9367816091954023,0.9476744186046512,0.7574170876549207,0.256
0.13,0.02,0.9178082191780822,0.8906130268199234,0.9588235294117647,0.9367816091954023,0.9476744186046512,0.7574170876549207,0.2593
0.14,0.01,0.9178082191780822,0.8906130268199234,0.9588235294117647,0.9367816091954023,0.9476744186046512,0.7574170876549207,0.2657
0.13,0.01,0.9178082191780822,0.8906130268199234,0.9588235294117647,0.9367816091954023,0.9476744186046512,0.7574170876549207,0.26899999999999996
0.14,0.0,0.9178082191780822,0.8906130268199234,0.9588235294117647,0.9367816091954023,0.9476744186046512,0.7574170876549207,0.2756
0.13,0.0,0.9178082191780822,0.8906130268199234,0.9588235294117647,0.9367816091954023,0.9476744186046512,0.7574170876549207,0.2789
0.14,0.24,0.9041095890410958,0.8902298850574712,0.9636363636363636,0.9137931034482759,0.9380530973451328,0.731631761373542,0.0932
0.13,0.24,0.9041095890410958,0.8902298850574712,0.9636363636363636,0.9137931034482759,0.9380530973451328,0.731631761373542,0.0965
0.16,0.19,0.9041095890410958,0.8902298850574712,0.9636363636363636,0.9137931034482759,0.9380530973451328,0.731631761373542,0.1157
0.15,0.19,0.9041095890410958,0.8902298850574712,0.9636363636363636,0.9137931034482759,0.9380530973451328,0.731631761373542,0.11860000000000001
0.16,0.18,0.9041095890410958,0.8902298850574712,0.9636363636363636,0.9137931034482759,0.9380530973451328,0.731631761373542,0.122
0.15,0.18,0.9041095890410958,0.8902298850574712,0.9636363636363636,0.9137931034482759,0.9380530973451328,0.731631761373542,0.12490000000000001
0.16,0.17,0.9041095890410958,0.8902298850574712,0.9636363636363636,0.9137931034482759,0.9380530973451328,0.731631761373542,0.12849999999999998
0.15,0.17,0.9041095890410958,0.8902298850574712,0.9636363636363636,0.9137931034482759,0.9380530973451328,0.731631761373542,0.13139999999999996
0.16,0.16,0.9041095890410958,0.8902298850574712,0.9636363636363636,0.9137931034482759,0.9380530973451328,0.731631761373542,0.1352
0.15,0.16,0.9041095890410958,0.8902298850574712,0.9636363636363636,0.9137931034482759,0.9380530973451328,0.731631761373542,0.13809999999999997
0.07,0.15,0.9269406392694064,0.8881226053639846,0.9540229885057471,0.9540229885057471,0.9540229885057471,0.7762452107279694,0.17539999999999997
0.06,0.15,0.9269406392694064,0.8881226053639846,0.9540229885057471,0.9540229885057471,0.9540229885057471,0.7762452107279694,0.18009999999999998
0.05,0.15,0.9269406392694064,0.8881226053639846,0.9540229885057471,0.9540229885057471,0.9540229885057471,0.7762452107279694,0.185
0.04,0.15,0.9269406392694064,0.8881226053639846,0.9540229885057471,0.9540229885057471,0.9540229885057471,0.7762452107279694,0.1901
0.03,0.15,0.9269406392694064,0.8881226053639846,0.9540229885057471,0.9540229885057471,0.9540229885057471,0.7762452107279694,0.1954
0.02,0.15,0.9269406392694064,0.8881226053639846,0.9540229885057471,0.9540229885057471,0.9540229885057471,0.7762452107279694,0.20089999999999997
0.01,0.15,0.9269406392694064,0.8881226053639846,0.9540229885057471,0.9540229885057471,0.9540229885057471,0.7762452107279694,0.20659999999999998
0.16,0.23,0.8995433789954338,0.8873563218390805,0.9634146341463414,0.9080459770114943,0.9349112426035503,0.7218022909977136,0.0925
0.15,0.23,0.8995433789954338,0.8873563218390805,0.9634146341463414,0.9080459770114943,0.9349112426035503,0.7218022909977136,0.09540000000000001
0.16,0.22,0.8995433789954338,0.8873563218390805,0.9634146341463414,0.9080459770114943,0.9349112426035503,0.7218022909977136,0.098
0.15,0.22,0.8995433789954338,0.8873563218390805,0.9634146341463414,0.9080459770114943,0.9349112426035503,0.7218022909977136,0.10090000000000002
0.16,0.21,0.8995433789954338,0.8873563218390805,0.9634146341463414,0.9080459770114943,0.9349112426035503,0.7218022909977136,0.10370000000000001
0.15,0.21,0.8995433789954338,0.8873563218390805,0.9634146341463414,0.9080459770114943,0.9349112426035503,0.7218022909977136,0.10660000000000003
0.16,0.2,0.8995433789954338,0.8873563218390805,0.9634146341463414,0.9080459770114943,0.9349112426035503,0.7218022909977136,0.10959999999999999
0.18,0.19,0.8995433789954338,0.8873563218390805,0.9634146341463414,0.9080459770114943,0.9349112426035503,0.7218022909977136,0.1105
0.15,0.2,0.8995433789954338,0.8873563218390805,0.9634146341463414,0.9080459770114943,0.9349112426035503,0.7218022909977136,0.11249999999999999
0.17,0.19,0.8995433789954338,0.8873563218390805,0.9634146341463414,0.9080459770114943,0.9349112426035503,0.7218022909977136,0.113
0.18,0.18,0.8995433789954338,0.8873563218390805,0.9634146341463414,0.9080459770114943,0.9349112426035503,0.7218022909977136,0.1168
0.17,0.18,0.8995433789954338,0.8873563218390805,0.9634146341463414,0.9080459770114943,0.9349112426035503,0.7218022909977136,0.1193
0.18,0.17,0.8995433789954338,0.8873563218390805,0.9634146341463414,0.9080459770114943,0.9349112426035503,0.7218022909977136,0.12329999999999997
0.17,0.17,0.8995433789954338,0.8873563218390805,0.9634146341463414,0.9080459770114943,0.9349112426035503,0.7218022909977136,0.12579999999999997
0.18,0.16,0.8995433789954338,0.8873563218390805,0.9634146341463414,0.9080459770114943,0.9349112426035503,0.7218022909977136,0.12999999999999998
0.17,0.16,0.8995433789954338,0.8873563218390805,0.9634146341463414,0.9080459770114943,0.9349112426035503,0.7218022909977136,0.13249999999999998
0.18,0.15,0.8995433789954338,0.8873563218390805,0.9634146341463414,0.9080459770114943,0.9349112426035503,0.7218022909977136,0.1369
0.17,0.15,0.8995433789954338,0.8873563218390805,0.9634146341463414,0.9080459770114943,0.9349112426035503,0.7218022909977136,0.13939999999999997
0.07,0.16,0.9223744292237442,0.8852490421455939,0.953757225433526,0.9482758620689655,0.9510086455331412,0.7642764486022082,0.16849999999999998
0.06,0.16,0.9223744292237442,0.8852490421455939,0.953757225433526,0.9482758620689655,0.9510086455331412,0.7642764486022082,0.17319999999999997
0.09,0.14,0.9223744292237442,0.8852490421455939,0.953757225433526,0.9482758620689655,0.9510086455331412,0.7642764486022082,0.1737
0.08,0.14,0.9223744292237442,0.8852490421455939,0.953757225433526,0.9482758620689655,0.9510086455331412,0.7642764486022082,0.178
0.05,0.16,0.9223744292237442,0.8852490421455939,0.953757225433526,0.9482758620689655,0.9510086455331412,0.7642764486022082,0.17809999999999998
0.09,0.13,0.9223744292237442,0.8852490421455939,0.953757225433526,0.9482758620689655,0.9510086455331412,0.7642764486022082,0.181
0.04,0.16,0.9223744292237442,0.8852490421455939,0.953757225433526,0.9482758620689655,0.9510086455331412,0.7642764486022082,0.18319999999999997
0.08,0.13,0.9223744292237442,0.8852490421455939,0.953757225433526,0.9482758620689655,0.9510086455331412,0.7642764486022082,0.1853
0.03,0.16,0.9223744292237442,0.8852490421455939,0.953757225433526,0.9482758620689655,0.9510086455331412,0.7642764486022082,0.1885
0.09,0.12,0.9223744292237442,0.8852490421455939,0.953757225433526,0.9482758620689655,0.9510086455331412,0.7642764486022082,0.1885
0.08,0.12,0.9223744292237442,0.8852490421455939,0.953757225433526,0.9482758620689655,0.9510086455331412,0.7642764486022082,0.1928
0.02,0.16,0.9223744292237442,0.8852490421455939,0.953757225433526,0.9482758620689655,0.9510086455331412,0.7642764486022082,0.19399999999999995
0.09,0.11,0.9223744292237442,0.8852490421455939,0.953757225433526,0.9482758620689655,0.9510086455331412,0.7642764486022082,0.1962
0.01,0.16,0.9223744292237442,0.8852490421455939,0.953757225433526,0.9482758620689655,0.9510086455331412,0.7642764486022082,0.1997
0.08,0.11,0.9223744292237442,0.8852490421455939,0.953757225433526,0.9482758620689655,0.9510086455331412,0.7642764486022082,0.2005
0.09,0.1,0.9223744292237442,0.8852490421455939,0.953757225433526,0.9482758620689655,0.9510086455331412,0.7642764486022082,0.20410000000000003
0.08,0.1,0.9223744292237442,0.8852490421455939,0.953757225433526,0.9482758620689655,0.9510086455331412,0.7642764486022082,0.20840000000000003
0.09,0.09,0.9223744292237442,0.8852490421455939,0.953757225433526,0.9482758620689655,0.9510086455331412,0.7642764486022082,0.21220000000000003
0.08,0.09,0.9223744292237442,0.8852490421455939,0.953757225433526,0.9482758620689655,0.9510086455331412,0.7642764486022082,0.21650000000000003
0.09,0.08,0.9223744292237442,0.8852490421455939,0.953757225433526,0.9482758620689655,0.9510086455331412,0.7642764486022082,0.22049999999999997
0.08,0.08,0.9223744292237442,0.8852490421455939,0.953757225433526,0.9482758620689655,0.9510086455331412,0.7642764486022082,0.22479999999999997
0.09,0.07,0.9223744292237442,0.8852490421455939,0.953757225433526,0.9482758620689655,0.9510086455331412,0.7642764486022082,0.22899999999999998
0.08,0.07,0.9223744292237442,0.8852490421455939,0.953757225433526,0.9482758620689655,0.9510086455331412,0.7642764486022082,0.23329999999999998
0.09,0.06,0.9223744292237442,0.8852490421455939,0.953757225433526,0.9482758620689655,0.9510086455331412,0.7642764486022082,0.2377
0.08,0.06,0.9223744292237442,0.8852490421455939,0.953757225433526,0.9482758620689655,0.9510086455331412,0.7642764486022082,0.242
0.09,0.05,0.9223744292237442,0.8852490421455939,0.953757225433526,0.9482758620689655,0.9510086455331412,0.7642764486022082,0.2466
0.08,0.05,0.9223744292237442,0.8852490421455939,0.953757225433526,0.9482758620689655,0.9510086455331412,0.7642764486022082,0.2509
0.16,0.14,0.908675799086758,0.8848659003831418,0.9583333333333334,0.9252873563218391,0.9415204678362573,0.7358352377452818,0.1492
0.15,0.14,0.908675799086758,0.8848659003831418,0.9583333333333334,0.9252873563218391,0.9415204678362573,0.7358352377452818,0.15209999999999999
0.16,0.13,0.908675799086758,0.8848659003831418,0.9583333333333334,0.9252873563218391,0.9415204678362573,0.7358352377452818,0.1565
0.15,0.13,0.908675799086758,0.8848659003831418,0.9583333333333334,0.9252873563218391,0.9415204678362573,0.7358352377452818,0.1594
0.16,0.12,0.908675799086758,0.8848659003831418,0.9583333333333334,0.9252873563218391,0.9415204678362573,0.7358352377452818,0.164
0.15,0.12,0.908675799086758,0.8848659003831418,0.9583333333333334,0.9252873563218391,0.9415204678362573,0.7358352377452818,0.1669
0.16,0.11,0.908675799086758,0.8848659003831418,0.9583333333333334,0.9252873563218391,0.9415204678362573,0.7358352377452818,0.17170000000000002
0.15,0.11,0.908675799086758,0.8848659003831418,0.9583333333333334,0.9252873563218391,0.9415204678362573,0.7358352377452818,0.1746
0.16,0.1,0.908675799086758,0.8848659003831418,0.9583333333333334,0.9252873563218391,0.9415204678362573,0.7358352377452818,0.17960000000000004
0.15,0.1,0.908675799086758,0.8848659003831418,0.9583333333333334,0.9252873563218391,0.9415204678362573,0.7358352377452818,0.18250000000000002
0.16,0.09,0.908675799086758,0.8848659003831418,0.9583333333333334,0.9252873563218391,0.9415204678362573,0.7358352377452818,0.18770000000000003
0.15,0.09,0.908675799086758,0.8848659003831418,0.9583333333333334,0.9252873563218391,0.9415204678362573,0.7358352377452818,0.19060000000000002
0.16,0.08,0.908675799086758,0.8848659003831418,0.9583333333333334,0.9252873563218391,0.9415204678362573,0.7358352377452818,0.19599999999999998
0.15,0.08,0.908675799086758,0.8848659003831418,0.9583333333333334,0.9252873563218391,0.9415204678362573,0.7358352377452818,0.19889999999999997
0.16,0.07,0.908675799086758,0.8848659003831418,0.9583333333333334,0.9252873563218391,0.9415204678362573,0.7358352377452818,0.2045
0.15,0.07,0.908675799086758,0.8848659003831418,0.9583333333333334,0.9252873563218391,0.9415204678362573,0.7358352377452818,0.20739999999999997
0.16,0.06,0.908675799086758,0.8848659003831418,0.9583333333333334,0.9252873563218391,0.9415204678362573,0.7358352377452818,0.2132
0.15,0.06,0.908675799086758,0.8848659003831418,0.9583333333333334,0.9252873563218391,0.9415204678362573,0.7358352377452818,0.2161
0.16,0.05,0.908675799086758,0.8848659003831418,0.9583333333333334,0.9252873563218391,0.9415204678362573,0.7358352377452818,0.22210000000000002
0.15,0.05,0.908675799086758,0.8848659003831418,0.9583333333333334,0.9252873563218391,0.9415204678362573,0.7358352377452818,0.225
0.16,0.04,0.908675799086758,0.8848659003831418,0.9583333333333334,0.9252873563218391,0.9415204678362573,0.7358352377452818,0.23120000000000002
0.15,0.04,0.908675799086758,0.8848659003831418,0.9583333333333334,0.9252873563218391,0.9415204678362573,0.7358352377452818,0.2341
0.16,0.03,0.908675799086758,0.8848659003831418,0.9583333333333334,0.9252873563218391,0.9415204678362573,0.7358352377452818,0.2405
0.15,0.03,0.908675799086758,0.8848659003831418,0.9583333333333334,0.9252873563218391,0.9415204678362573,0.7358352377452818,0.24339999999999998
0.16,0.02,0.908675799086758,0.8848659003831418,0.9583333333333334,0.9252873563218391,0.9415204678362573,0.7358352377452818,0.25
0.15,0.02,0.908675799086758,0.8848659003831418,0.9583333333333334,0.9252873563218391,0.9415204678362573,0.7358352377452818,0.2529
0.16,0.01,0.908675799086758,0.8848659003831418,0.9583333333333334,0.9252873563218391,0.9415204678362573,0.7358352377452818,0.2597
0.15,0.01,0.908675799086758,0.8848659003831418,0.9583333333333334,0.9252873563218391,0.9415204678362573,0.7358352377452818,0.2626
0.16,0.0,0.908675799086758,0.8848659003831418,0.9583333333333334,0.9252873563218391,0.9415204678362573,0.7358352377452818,0.2696
0.15,0.0,0.908675799086758,0.8848659003831418,0.9583333333333334,0.9252873563218391,0.9415204678362573,0.7358352377452818,0.2725
0.16,0.24,0.8949771689497716,0.8844827586206896,0.9631901840490797,0.9022988505747126,0.9317507418397626,0.7121966564706598,0.0872
0.18,0.23,0.8949771689497716,0.8844827586206896,0.9631901840490797,0.9022988505747126,0.9317507418397626,0.7121966564706598,0.0873
0.17,0.23,0.8949771689497716,0.8844827586206896,0.9631901840490797,0.9022988505747126,0.9317507418397626,0.7121966564706598,0.0898
0.15,0.24,0.8949771689497716,0.8844827586206896,0.9631901840490797,0.9022988505747126,0.9317507418397626,0.7121966564706598,0.09010000000000001
0.18,0.22,0.8949771689497716,0.8844827586206896,0.9631901840490797,0.9022988505747126,0.9317507418397626,0.7121966564706598,0.09280000000000001
0.17,0.22,0.8949771689497716,0.8844827586206896,0.9631901840490797,0.9022988505747126,0.9317507418397626,0.7121966564706598,0.09530000000000001
0.18,0.21,0.8949771689497716,0.8844827586206896,0.9631901840490797,0.9022988505747126,0.9317507418397626,0.7121966564706598,0.09850000000000002
0.17,0.21,0.8949771689497716,0.8844827586206896,0.9631901840490797,0.9022988505747126,0.9317507418397626,0.7121966564706598,0.10100000000000002
0.18,0.2,0.8949771689497716,0.8844827586206896,0.9631901840490797,0.9022988505747126,0.9317507418397626,0.7121966564706598,0.10439999999999999
0.17,0.2,0.8949771689497716,0.8844827586206896,0.9631901840490797,0.9022988505747126,0.9317507418397626,0.7121966564706598,0.1069
0.19,0.19,0.8949771689497716,0.8844827586206896,0.9631901840490797,0.9022988505747126,0.9317507418397626,0.7121966564706598,0.1082
0.19,0.18,0.8949771689497716,0.8844827586206896,0.9631901840490797,0.9022988505747126,0.9317507418397626,0.7121966564706598,0.1145
0.19,0.17,0.8949771689497716,0.8844827586206896,0.9631901840490797,0.9022988505747126,0.9317507418397626,0.7121966564706598,0.12099999999999997
0.19,0.16,0.8949771689497716,0.8844827586206896,0.9631901840490797,0.9022988505747126,0.9317507418397626,0.7121966564706598,0.12769999999999998
0.19,0.15,0.8949771689497716,0.8844827586206896,0.9631901840490797,0.9022988505747126,0.9317507418397626,0.7121966564706598,0.13459999999999997
0.19,0.24,0.8904109589041096,0.8816091954022989,0.9629629629629629,0.896551724137931,0.9285714285714286,0.7028048869058369,0.07970000000000001
0.18,0.24,0.8904109589041096,0.8816091954022989,0.9629629629629629,0.896551724137931,0.9285714285714286,0.7028048869058369,0.082
0.17,0.24,0.8904109589041096,0.8816091954022989,0.9629629629629629,0.896551724137931,0.9285714285714286,0.7028048869058369,0.0845
0.19,0.23,0.8904109589041096,0.8816091954022989,0.9629629629629629,0.896551724137931,0.9285714285714286,0.7028048869058369,0.085
0.19,0.22,0.8904109589041096,0.8816091954022989,0.9629629629629629,0.896551724137931,0.9285714285714286,0.7028048869058369,0.09050000000000001
0.19,0.21,0.8904109589041096,0.8816091954022989,0.9629629629629629,0.896551724137931,0.9285714285714286,0.7028048869058369,0.09620000000000002
0.19,0.2,0.8904109589041096,0.8816091954022989,0.9629629629629629,0.896551724137931,0.9285714285714286,0.7028048869058369,0.1021
0.07,0.25,0.8904109589041096,0.8816091954022989,0.9629629629629629,0.896551724137931,0.9285714285714286,0.7028048869058369,0.11539999999999999
0.06,0.25,0.8904109589041096,0.8816091954022989,0.9629629629629629,0.896551724137931,0.9285714285714286,0.7028048869058369,0.1201
0.05,0.25,0.8904109589041096,0.8816091954022989,0.9629629629629629,0.896551724137931,0.9285714285714286,0.7028048869058369,0.125
0.04,0.25,0.8904109589041096,0.8816091954022989,0.9629629629629629,0.896551724137931,0.9285714285714286,0.7028048869058369,0.1301
0.03,0.25,0.8904109589041096,0.8816091954022989,0.9629629629629629,0.896551724137931,0.9285714285714286,0.7028048869058369,0.13540000000000002
0.02,0.25,0.8904109589041096,0.8816091954022989,0.9629629629629629,0.896551724137931,0.9285714285714286,0.7028048869058369,0.14089999999999997
0.01,0.25,0.8904109589041096,0.8816091954022989,0.9629629629629629,0.896551724137931,0.9285714285714286,0.7028048869058369,0.1466
0.07,0.28,0.8767123287671232,0.8812260536398467,0.9681528662420382,0.8735632183908046,0.918429003021148,0.683829416665561,0.10129999999999997
0.07,0.27,0.8767123287671232,0.8812260536398467,0.9681528662420382,0.8735632183908046,0.918429003021148,0.683829416665561,0.10579999999999998
0.06,0.28,0.8767123287671232,0.8812260536398467,0.9681528662420382,0.8735632183908046,0.918429003021148,0.683829416665561,0.10599999999999998
0.06,0.27,0.8767123287671232,0.8812260536398467,0.9681528662420382,0.8735632183908046,0.918429003021148,0.683829416665561,0.11049999999999999
0.07,0.26,0.8767123287671232,0.8812260536398467,0.9681528662420382,0.8735632183908046,0.918429003021148,0.683829416665561,0.11049999999999999
0.05,0.28,0.8767123287671232,0.8812260536398467,0.9681528662420382,0.8735632183908046,0.918429003021148,0.683829416665561,0.1109
0.06,0.26,0.8767123287671232,0.8812260536398467,0.9681528662420382,0.8735632183908046,0.918429003021148,0.683829416665561,0.1152
0.05,0.27,0.8767123287671232,0.8812260536398467,0.9681528662420382,0.8735632183908046,0.918429003021148,0.683829416665561,0.11539999999999999
0.04,0.28,0.8767123287671232,0.8812260536398467,0.9681528662420382,0.8735632183908046,0.918429003021148,0.683829416665561,0.11599999999999999
0.05,0.26,0.8767123287671232,0.8812260536398467,0.9681528662420382,0.8735632183908046,0.918429003021148,0.683829416665561,0.1201
0.04,0.27,0.8767123287671232,0.8812260536398467,0.9681528662420382,0.8735632183908046,0.918429003021148,0.683829416665561,0.1205
0.03,0.28,0.8767123287671232,0.8812260536398467,0.9681528662420382,0.8735632183908046,0.918429003021148,0.683829416665561,0.12129999999999999
0.04,0.26,0.8767123287671232,0.8812260536398467,0.9681528662420382,0.8735632183908046,0.918429003021148,0.683829416665561,0.1252
0.03,0.27,0.8767123287671232,0.8812260536398467,0.9681528662420382,0.8735632183908046,0.918429003021148,0.683829416665561,0.1258
0.02,0.28,0.8767123287671232,0.8812260536398467,0.9681528662420382,0.8735632183908046,0.918429003021148,0.683829416665561,0.12679999999999997
0.03,0.26,0.8767123287671232,0.8812260536398467,0.9681528662420382,0.8735632183908046,0.918429003021148,0.683829416665561,0.1305
0.02,0.27,0.8767123287671232,0.8812260536398467,0.9681528662420382,0.8735632183908046,0.918429003021148,0.683829416665561,0.13129999999999997
0.01,0.28,0.8767123287671232,0.8812260536398467,0.9681528662420382,0.8735632183908046,0.918429003021148,0.683829416665561,0.13249999999999998
0.02,0.26,0.8767123287671232,0.8812260536398467,0.9681528662420382,0.8735632183908046,0.918429003021148,0.683829416665561,0.13599999999999998
0.01,0.27,0.8767123287671232,0.8812260536398467,0.9681528662420382,0.8735632183908046,0.918429003021148,0.683829416665561,0.13699999999999998
0.01,0.26,0.8767123287671232,0.8812260536398467,0.9681528662420382,0.8735632183908046,0.918429003021148,0.683829416665561,0.1417
0.18,0.14,0.8995433789954338,0.8791187739463602,0.9578313253012049,0.9137931034482759,0.9352941176470588,0.7153098230618339,0.144
0.17,0.14,0.8995433789954338,0.8791187739463602,0.9578313253012049,0.9137931034482759,0.9352941176470588,0.7153098230618339,0.1465
0.18,0.13,0.8995433789954338,0.8791187739463602,0.9578313253012049,0.9137931034482759,0.9352941176470588,0.7153098230618339,0.1513
0.17,0.13,0.8995433789954338,0.8791187739463602,0.9578313253012049,0.9137931034482759,0.9352941176470588,0.7153098230618339,0.1538
0.18,0.12,0.8995433789954338,0.8791187739463602,0.9578313253012049,0.9137931034482759,0.9352941176470588,0.7153098230618339,0.1588
0.17,0.12,0.8995433789954338,0.8791187739463602,0.9578313253012049,0.9137931034482759,0.9352941176470588,0.7153098230618339,0.1613
0.18,0.11,0.8995433789954338,0.8791187739463602,0.9578313253012049,0.9137931034482759,0.9352941176470588,0.7153098230618339,0.1665
0.17,0.11,0.8995433789954338,0.8791187739463602,0.9578313253012049,0.9137931034482759,0.9352941176470588,0.7153098230618339,0.169
0.18,0.1,0.8995433789954338,0.8791187739463602,0.9578313253012049,0.9137931034482759,0.9352941176470588,0.7153098230618339,0.17440000000000003
0.17,0.1,0.8995433789954338,0.8791187739463602,0.9578313253012049,0.9137931034482759,0.9352941176470588,0.7153098230618339,0.17690000000000003
0.18,0.09,0.8995433789954338,0.8791187739463602,0.9578313253012049,0.9137931034482759,0.9352941176470588,0.7153098230618339,0.18250000000000002
0.17,0.09,0.8995433789954338,0.8791187739463602,0.9578313253012049,0.9137931034482759,0.9352941176470588,0.7153098230618339,0.18500000000000003
0.18,0.08,0.8995433789954338,0.8791187739463602,0.9578313253012049,0.9137931034482759,0.9352941176470588,0.7153098230618339,0.19079999999999997
0.17,0.08,0.8995433789954338,0.8791187739463602,0.9578313253012049,0.9137931034482759,0.9352941176470588,0.7153098230618339,0.19329999999999997
0.18,0.07,0.8995433789954338,0.8791187739463602,0.9578313253012049,0.9137931034482759,0.9352941176470588,0.7153098230618339,0.19929999999999998
0.17,0.07,0.8995433789954338,0.8791187739463602,0.9578313253012049,0.9137931034482759,0.9352941176470588,0.7153098230618339,0.20179999999999998
0.18,0.06,0.8995433789954338,0.8791187739463602,0.9578313253012049,0.9137931034482759,0.9352941176470588,0.7153098230618339,0.208
0.17,0.06,0.8995433789954338,0.8791187739463602,0.9578313253012049,0.9137931034482759,0.9352941176470588,0.7153098230618339,0.2105
0.18,0.05,0.8995433789954338,0.8791187739463602,0.9578313253012049,0.9137931034482759,0.9352941176470588,0.7153098230618339,0.2169
0.17,0.05,0.8995433789954338,0.8791187739463602,0.9578313253012049,0.9137931034482759,0.9352941176470588,0.7153098230618339,0.2194
0.18,0.04,0.8995433789954338,0.8791187739463602,0.9578313253012049,0.9137931034482759,0.9352941176470588,0.7153098230618339,0.226
0.17,0.04,0.8995433789954338,0.8791187739463602,0.9578313253012049,0.9137931034482759,0.9352941176470588,0.7153098230618339,0.2285
0.18,0.03,0.8995433789954338,0.8791187739463602,0.9578313253012049,0.9137931034482759,0.9352941176470588,0.7153098230618339,0.23529999999999998
0.17,0.03,0.8995433789954338,0.8791187739463602,0.9578313253012049,0.9137931034482759,0.9352941176470588,0.7153098230618339,0.23779999999999998
0.18,0.02,0.8995433789954338,0.8791187739463602,0.9578313253012049,0.9137931034482759,0.9352941176470588,0.7153098230618339,0.2448
0.17,0.02,0.8995433789954338,0.8791187739463602,0.9578313253012049,0.9137931034482759,0.9352941176470588,0.7153098230618339,0.2473
0.18,0.01,0.8995433789954338,0.8791187739463602,0.9578313253012049,0.9137931034482759,0.9352941176470588,0.7153098230618339,0.2545
0.17,0.01,0.8995433789954338,0.8791187739463602,0.9578313253012049,0.9137931034482759,0.9352941176470588,0.7153098230618339,0.25699999999999995
0.18,0.0,0.8995433789954338,0.8791187739463602,0.9578313253012049,0.9137931034482759,0.9352941176470588,0.7153098230618339,0.2644
0.17,0.0,0.8995433789954338,0.8791187739463602,0.9578313253012049,0.9137931034482759,0.9352941176470588,0.7153098230618339,0.26689999999999997
0.2,0.19,0.8858447488584474,0.878735632183908,0.9627329192546584,0.8908045977011494,0.9253731343283582,0.6936176059392932,0.1061
0.2,0.18,0.8858447488584474,0.878735632183908,0.9627329192546584,0.8908045977011494,0.9253731343283582,0.6936176059392932,0.1124
0.2,0.17,0.8858447488584474,0.878735632183908,0.9627329192546584,0.8908045977011494,0.9253731343283582,0.6936176059392932,0.11889999999999996
0.2,0.16,0.8858447488584474,0.878735632183908,0.9627329192546584,0.8908045977011494,0.9253731343283582,0.6936176059392932,0.1256
0.2,0.15,0.8858447488584474,0.878735632183908,0.9627329192546584,0.8908045977011494,0.9253731343283582,0.6936176059392932,0.13249999999999998
0.19,0.14,0.8949771689497716,0.8762452107279693,0.9575757575757575,0.9080459770114943,0.9321533923303835,0.7054122628068907,0.1417
0.19,0.13,0.8949771689497716,0.8762452107279693,0.9575757575757575,0.9080459770114943,0.9321533923303835,0.7054122628068907,0.149
0.19,0.12,0.8949771689497716,0.8762452107279693,0.9575757575757575,0.9080459770114943,0.9321533923303835,0.7054122628068907,0.1565
0.19,0.11,0.8949771689497716,0.8762452107279693,0.9575757575757575,0.9080459770114943,0.9321533923303835,0.7054122628068907,0.1642
0.19,0.1,0.8949771689497716,0.8762452107279693,0.9575757575757575,0.9080459770114943,0.9321533923303835,0.7054122628068907,0.17210000000000003
0.19,0.09,0.8949771689497716,0.8762452107279693,0.9575757575757575,0.9080459770114943,0.9321533923303835,0.7054122628068907,0.18020000000000003
0.19,0.08,0.8949771689497716,0.8762452107279693,0.9575757575757575,0.9080459770114943,0.9321533923303835,0.7054122628068907,0.18849999999999997
0.19,0.07,0.8949771689497716,0.8762452107279693,0.9575757575757575,0.9080459770114943,0.9321533923303835,0.7054122628068907,0.19699999999999998
0.19,0.06,0.8949771689497716,0.8762452107279693,0.9575757575757575,0.9080459770114943,0.9321533923303835,0.7054122628068907,0.2057
0.19,0.05,0.8949771689497716,0.8762452107279693,0.9575757575757575,0.9080459770114943,0.9321533923303835,0.7054122628068907,0.2146
0.19,0.04,0.8949771689497716,0.8762452107279693,0.9575757575757575,0.9080459770114943,0.9321533923303835,0.7054122628068907,0.2237
0.19,0.03,0.8949771689497716,0.8762452107279693,0.9575757575757575,0.9080459770114943,0.9321533923303835,0.7054122628068907,0.23299999999999998
0.19,0.02,0.8949771689497716,0.8762452107279693,0.9575757575757575,0.9080459770114943,0.9321533923303835,0.7054122628068907,0.2425
0.19,0.01,0.8949771689497716,0.8762452107279693,0.9575757575757575,0.9080459770114943,0.9321533923303835,0.7054122628068907,0.2522
0.19,0.0,0.8949771689497716,0.8762452107279693,0.9575757575757575,0.9080459770114943,0.9321533923303835,0.7054122628068907,0.2621
0.2,0.24,0.8812785388127854,0.8758620689655172,0.9625,0.8850574712643678,0.9221556886227545,0.6846259862779703,0.0776
0.2,0.23,0.8812785388127854,0.8758620689655172,0.9625,0.8850574712643678,0.9221556886227545,0.6846259862779703,0.0829
0.2,0.22,0.8812785388127854,0.8758620689655172,0.9625,0.8850574712643678,0.9221556886227545,0.6846259862779703,0.0884
0.2,0.21,0.8812785388127854,0.8758620689655172,0.9625,0.8850574712643678,0.9221556886227545,0.6846259862779703,0.09410000000000002
0.12,0.25,0.8812785388127854,0.8758620689655172,0.9625,0.8850574712643678,0.9221556886227545,0.6846259862779703,0.0949
0.11,0.25,0.8812785388127854,0.8758620689655172,0.9625,0.8850574712643678,0.9221556886227545,0.6846259862779703,0.0986
0.2,0.2,0.8812785388127854,0.8758620689655172,0.9625,0.8850574712643678,0.9221556886227545,0.6846259862779703,0.09999999999999999
0.1,0.25,0.8812785388127854,0.8758620689655172,0.9625,0.8850574712643678,0.9221556886227545,0.6846259862779703,0.1025
0.21,0.19,0.8812785388127854,0.8758620689655172,0.9625,0.8850574712643678,0.9221556886227545,0.6846259862779703,0.1042
0.09,0.25,0.8812785388127854,0.8758620689655172,0.9625,0.8850574712643678,0.9221556886227545,0.6846259862779703,0.1066
0.21,0.18,0.8812785388127854,0.8758620689655172,0.9625,0.8850574712643678,0.9221556886227545,0.6846259862779703,0.1105
0.08,0.25,0.8812785388127854,0.8758620689655172,0.9625,0.8850574712643678,0.9221556886227545,0.6846259862779703,0.1109
0.21,0.17,0.8812785388127854,0.8758620689655172,0.9625,0.8850574712643678,0.9221556886227545,0.6846259862779703,0.11699999999999997
0.21,0.16,0.8812785388127854,0.8758620689655172,0.9625,0.8850574712643678,0.9221556886227545,0.6846259862779703,0.12369999999999998
0.21,0.15,0.8812785388127854,0.8758620689655172,0.9625,0.8850574712643678,0.9221556886227545,0.6846259862779703,0.1306
0.12,0.28,0.867579908675799,0.8754789272030651,0.967741935483871,0.8620689655172413,0.9118541033434651,0.6671762976061909,0.08079999999999998
0.11,0.28,0.867579908675799,0.8754789272030651,0.967741935483871,0.8620689655172413,0.9118541033434651,0.6671762976061909,0.08449999999999999
0.12,0.27,0.867579908675799,0.8754789272030651,0.967741935483871,0.8620689655172413,0.9118541033434651,0.6671762976061909,0.08529999999999999
0.1,0.28,0.867579908675799,0.8754789272030651,0.967741935483871,0.8620689655172413,0.9118541033434651,0.6671762976061909,0.08839999999999998
0.11,0.27,0.867579908675799,0.8754789272030651,0.967741935483871,0.8620689655172413,0.9118541033434651,0.6671762976061909,0.089
0.12,0.26,0.867579908675799,0.8754789272030651,0.967741935483871,0.8620689655172413,0.9118541033434651,0.6671762976061909,0.09
0.09,0.28,0.867579908675799,0.8754789272030651,0.967741935483871,0.8620689655172413,0.9118541033434651,0.6671762976061909,0.09249999999999999
0.1,0.27,0.867579908675799,0.8754789272030651,0.967741935483871,0.8620689655172413,0.9118541033434651,0.6671762976061909,0.09289999999999998
0.11,0.26,0.867579908675799,0.8754789272030651,0.967741935483871,0.8620689655172413,0.9118541033434651,0.6671762976061909,0.0937
0.08,0.28,0.867579908675799,0.8754789272030651,0.967741935483871,0.8620689655172413,0.9118541033434651,0.6671762976061909,0.09679999999999998
0.09,0.27,0.867579908675799,0.8754789272030651,0.967741935483871,0.8620689655172413,0.9118541033434651,0.6671762976061909,0.09699999999999998
0.07,0.29,0.867579908675799,0.8754789272030651,0.967741935483871,0.8620689655172413,0.9118541033434651,0.6671762976061909,0.097
0.1,0.26,0.867579908675799,0.8754789272030651,0.967741935483871,0.8620689655172413,0.9118541033434651,0.6671762976061909,0.09759999999999999
0.08,0.27,0.867579908675799,0.8754789272030651,0.967741935483871,0.8620689655172413,0.9118541033434651,0.6671762976061909,0.10129999999999997
0.09,0.26,0.867579908675799,0.8754789272030651,0.967741935483871,0.8620689655172413,0.9118541033434651,0.6671762976061909,0.10169999999999998
0.06,0.29,0.867579908675799,0.8754789272030651,0.967741935483871,0.8620689655172413,0.9118541033434651,0.6671762976061909,0.10170000000000001
0.08,0.26,0.867579908675799,0.8754789272030651,0.967741935483871,0.8620689655172413,0.9118541033434651,0.6671762976061909,0.10599999999999998
0.05,0.29,0.867579908675799,0.8754789272030651,0.967741935483871,0.8620689655172413,0.9118541033434651,0.6671762976061909,0.1066
0.04,0.29,0.867579908675799,0.8754789272030651,0.967741935483871,0.8620689655172413,0.9118541033434651,0.6671762976061909,0.11170000000000002
0.03,0.29,0.867579908675799,0.8754789272030651,0.967741935483871,0.8620689655172413,0.9118541033434651,0.6671762976061909,0.11700000000000002
0.02,0.29,0.867579908675799,0.8754789272030651,0.967741935483871,0.8620689655172413,0.9118541033434651,0.6671762976061909,0.1225
0.01,0.29,0.867579908675799,0.8754789272030651,0.967741935483871,0.8620689655172413,0.9118541033434651,0.6671762976061909,0.1282
0.09,0.04,0.9178082191780822,0.8741379310344828,0.9482758620689655,0.9482758620689655,0.9482758620689655,0.7482758620689656,0.2557
0.08,0.04,0.9178082191780822,0.8741379310344828,0.9482758620689655,0.9482758620689655,0.9482758620689655,0.7482758620689656,0.26
0.09,0.03,0.9178082191780822,0.8741379310344828,0.9482758620689655,0.9482758620689655,0.9482758620689655,0.7482758620689656,0.26499999999999996
0.08,0.03,0.9178082191780822,0.8741379310344828,0.9482758620689655,0.9482758620689655,0.9482758620689655,0.7482758620689656,0.2693
0.09,0.02,0.9178082191780822,0.8741379310344828,0.9482758620689655,0.9482758620689655,0.9482758620689655,0.7482758620689656,0.27449999999999997
0.08,0.02,0.9178082191780822,0.8741379310344828,0.9482758620689655,0.9482758620689655,0.9482758620689655,0.7482758620689656,0.2788
0.09,0.01,0.9178082191780822,0.8741379310344828,0.9482758620689655,0.9482758620689655,0.9482758620689655,0.7482758620689656,0.28419999999999995
0.08,0.01,0.9178082191780822,0.8741379310344828,0.9482758620689655,0.9482758620689655,0.9482758620689655,0.7482758620689656,0.2885
0.09,0.0,0.9178082191780822,0.8741379310344828,0.9482758620689655,0.9482758620689655,0.9482758620689655,0.7482758620689656,0.2941
0.08,0.0,0.9178082191780822,0.8741379310344828,0.9482758620689655,0.9482758620689655,0.9482758620689655,0.7482758620689656,0.2984
0.23,0.24,0.8767123287671232,0.8729885057471265,0.9622641509433962,0.8793103448275862,0.918918918918919,0.6758217084156299,0.07250000000000001
0.22,0.24,0.8767123287671232,0.8729885057471265,0.9622641509433962,0.8793103448275862,0.918918918918919,0.6758217084156299,0.07400000000000001
0.21,0.24,0.8767123287671232,0.8729885057471265,0.9622641509433962,0.8793103448275862,0.918918918918919,0.6758217084156299,0.0757
0.23,0.23,0.8767123287671232,0.8729885057471265,0.9622641509433962,0.8793103448275862,0.918918918918919,0.6758217084156299,0.07780000000000001
0.22,0.23,0.8767123287671232,0.8729885057471265,0.9622641509433962,0.8793103448275862,0.918918918918919,0.6758217084156299,0.07930000000000001
0.21,0.23,0.8767123287671232,0.8729885057471265,0.9622641509433962,0.8793103448275862,0.918918918918919,0.6758217084156299,0.081
0.23,0.22,0.8767123287671232,0.8729885057471265,0.9622641509433962,0.8793103448275862,0.918918918918919,0.6758217084156299,0.08330000000000001
0.22,0.22,0.8767123287671232,0.8729885057471265,0.9622641509433962,0.8793103448275862,0.918918918918919,0.6758217084156299,0.08480000000000001
0.21,0.22,0.8767123287671232,0.8729885057471265,0.9622641509433962,0.8793103448275862,0.918918918918919,0.6758217084156299,0.08650000000000001
0.14,0.25,0.8767123287671232,0.8729885057471265,0.9622641509433962,0.8793103448275862,0.918918918918919,0.6758217084156299,0.08809999999999998
0.23,0.21,0.8767123287671232,0.8729885057471265,0.9622641509433962,0.8793103448275862,0.918918918918919,0.6758217084156299,0.08900000000000002
0.22,0.21,0.8767123287671232,0.8729885057471265,0.9622641509433962,0.8793103448275862,0.918918918918919,0.6758217084156299,0.09050000000000002
0.13,0.25,0.8767123287671232,0.8729885057471265,0.9622641509433962,0.8793103448275862,0.918918918918919,0.6758217084156299,0.0914
0.21,0.21,0.8767123287671232,0.8729885057471265,0.9622641509433962,0.8793103448275862,0.918918918918919,0.6758217084156299,0.09220000000000002
0.23,0.2,0.8767123287671232,0.8729885057471265,0.9622641509433962,0.8793103448275862,0.918918918918919,0.6758217084156299,0.0949
0.22,0.2,0.8767123287671232,0.8729885057471265,0.9622641509433962,0.8793103448275862,0.918918918918919,0.6758217084156299,0.0964
0.21,0.2,0.8767123287671232,0.8729885057471265,0.9622641509433962,0.8793103448275862,0.918918918918919,0.6758217084156299,0.09809999999999999
0.23,0.19,0.8767123287671232,0.8729885057471265,0.9622641509433962,0.8793103448275862,0.918918918918919,0.6758217084156299,0.101
0.22,0.19,0.8767123287671232,0.8729885057471265,0.9622641509433962,0.8793103448275862,0.918918918918919,0.6758217084156299,0.10250000000000001
0.23,0.18,0.8767123287671232,0.8729885057471265,0.9622641509433962,0.8793103448275862,0.918918918918919,0.6758217084156299,0.1073
0.22,0.18,0.8767123287671232,0.8729885057471265,0.9622641509433962,0.8793103448275862,0.918918918918919,0.6758217084156299,0.10880000000000001
0.23,0.17,0.8767123287671232,0.8729885057471265,0.9622641509433962,0.8793103448275862,0.918918918918919,0.6758217084156299,0.11379999999999997
0.22,0.17,0.8767123287671232,0.8729885057471265,0.9622641509433962,0.8793103448275862,0.918918918918919,0.6758217084156299,0.11529999999999997
0.23,0.16,0.8767123287671232,0.8729885057471265,0.9622641509433962,0.8793103448275862,0.918918918918919,0.6758217084156299,0.12049999999999998
0.22,0.16,0.8767123287671232,0.8729885057471265,0.9622641509433962,0.8793103448275862,0.918918918918919,0.6758217084156299,0.12199999999999998
0.23,0.15,0.8767123287671232,0.8729885057471265,0.9622641509433962,0.8793103448275862,0.918918918918919,0.6758217084156299,0.12739999999999999
0.22,0.15,0.8767123287671232,0.8729885057471265,0.9622641509433962,0.8793103448275862,0.918918918918919,0.6758217084156299,0.1289
0.14,0.28,0.863013698630137,0.8726053639846743,0.9675324675324676,0.8563218390804598,0.9085365853658537,0.659087295967999,0.07399999999999998
0.13,0.28,0.863013698630137,0.8726053639846743,0.9675324675324676,0.8563218390804598,0.9085365853658537,0.659087295967999,0.07729999999999998
0.14,0.27,0.863013698630137,0.8726053639846743,0.9675324675324676,0.8563218390804598,0.9085365853658537,0.659087295967999,0.07849999999999999
0.13,0.27,0.863013698630137,0.8726053639846743,0.9675324675324676,0.8563218390804598,0.9085365853658537,0.659087295967999,0.08179999999999998
0.14,0.26,0.863013698630137,0.8726053639846743,0.9675324675324676,0.8563218390804598,0.9085365853658537,0.659087295967999,0.0832
0.13,0.26,0.863013698630137,0.8726053639846743,0.9675324675324676,0.8563218390804598,0.9085365853658537,0.659087295967999,0.0865
0.07,0.3,0.863013698630137,0.8726053639846743,0.9675324675324676,0.8563218390804598,0.9085365853658537,0.659087295967999,0.0929
0.06,0.3,0.863013698630137,0.8726053639846743,0.9675324675324676,0.8563218390804598,0.9085365853658537,0.659087295967999,0.0976
0.05,0.3,0.863013698630137,0.8726053639846743,0.9675324675324676,0.8563218390804598,0.9085365853658537,0.659087295967999,0.10250000000000001
0.04,0.3,0.863013698630137,0.8726053639846743,0.9675324675324676,0.8563218390804598,0.9085365853658537,0.659087295967999,0.10760000000000002
0.03,0.3,0.863013698630137,0.8726053639846743,0.9675324675324676,0.8563218390804598,0.9085365853658537,0.659087295967999,0.11290000000000001
0.02,0.3,0.863013698630137,0.8726053639846743,0.9675324675324676,0.8563218390804598,0.9085365853658537,0.659087295967999,0.11839999999999999
0.01,0.3,0.863013698630137,0.8726053639846743,0.9675324675324676,0.8563218390804598,0.9085365853658537,0.659087295967999,0.1241
0.06,0.06,0.9269406392694064,0.8716475095785441,0.9438202247191011,0.9655172413793104,0.9545454545454546,0.7699103786553178,0.2512
0.05,0.06,0.9269406392694064,0.8716475095785441,0.9438202247191011,0.9655172413793104,0.9545454545454546,0.7699103786553178,0.2561
0.06,0.05,0.9269406392694064,0.8716475095785441,0.9438202247191011,0.9655172413793104,0.9545454545454546,0.7699103786553178,0.2601
0.04,0.06,0.9269406392694064,0.8716475095785441,0.9438202247191011,0.9655172413793104,0.9545454545454546,0.7699103786553178,0.2612
0.05,0.05,0.9269406392694064,0.8716475095785441,0.9438202247191011,0.9655172413793104,0.9545454545454546,0.7699103786553178,0.265
0.03,0.06,0.9269406392694064,0.8716475095785441,0.9438202247191011,0.9655172413793104,0.9545454545454546,0.7699103786553178,0.2665
0.04,0.05,0.9269406392694064,0.8716475095785441,0.9438202247191011,0.9655172413793104,0.9545454545454546,0.7699103786553178,0.2701
0.02,0.06,0.9269406392694064,0.8716475095785441,0.9438202247191011,0.9655172413793104,0.9545454545454546,0.7699103786553178,0.27199999999999996
0.03,0.05,0.9269406392694064,0.8716475095785441,0.9438202247191011,0.9655172413793104,0.9545454545454546,0.7699103786553178,0.27540000000000003
0.01,0.06,0.9269406392694064,0.8716475095785441,0.9438202247191011,0.9655172413793104,0.9545454545454546,0.7699103786553178,0.2777
0.02,0.05,0.9269406392694064,0.8716475095785441,0.9438202247191011,0.9655172413793104,0.9545454545454546,0.7699103786553178,0.2809
0.01,0.05,0.9269406392694064,0.8716475095785441,0.9438202247191011,0.9655172413793104,0.9545454545454546,0.7699103786553178,0.2866
0.2,0.14,0.8858447488584474,0.8704980842911878,0.9570552147239264,0.896551724137931,0.9258160237388724,0.6862921443020708,0.1396
0.2,0.13,0.8858447488584474,0.8704980842911878,0.9570552147239264,0.896551724137931,0.9258160237388724,0.6862921443020708,0.14689999999999998
0.2,0.12,0.8858447488584474,0.8704980842911878,0.9570552147239264,0.896551724137931,0.9258160237388724,0.6862921443020708,0.15439999999999998
0.2,0.11,0.8858447488584474,0.8704980842911878,0.9570552147239264,0.896551724137931,0.9258160237388724,0.6862921443020708,0.16210000000000002
0.2,0.1,0.8858447488584474,0.8704980842911878,0.9570552147239264,0.896551724137931,0.9258160237388724,0.6862921443020708,0.17000000000000004
0.2,0.09,0.8858447488584474,0.8704980842911878,0.9570552147239264,0.896551724137931,0.9258160237388724,0.6862921443020708,0.17810000000000004
0.2,0.08,0.8858447488584474,0.8704980842911878,0.9570552147239264,0.896551724137931,0.9258160237388724,0.6862921443020708,0.18639999999999995
0.2,0.07,0.8858447488584474,0.8704980842911878,0.9570552147239264,0.896551724137931,0.9258160237388724,0.6862921443020708,0.19489999999999996
0.2,0.06,0.8858447488584474,0.8704980842911878,0.9570552147239264,0.896551724137931,0.9258160237388724,0.6862921443020708,0.2036
0.2,0.05,0.8858447488584474,0.8704980842911878,0.9570552147239264,0.896551724137931,0.9258160237388724,0.6862921443020708,0.21250000000000002
0.2,0.04,0.8858447488584474,0.8704980842911878,0.9570552147239264,0.896551724137931,0.9258160237388724,0.6862921443020708,0.22160000000000002
0.2,0.03,0.8858447488584474,0.8704980842911878,0.9570552147239264,0.896551724137931,0.9258160237388724,0.6862921443020708,0.2309
0.2,0.02,0.8858447488584474,0.8704980842911878,0.9570552147239264,0.896551724137931,0.9258160237388724,0.6862921443020708,0.2404
0.2,0.01,0.8858447488584474,0.8704980842911878,0.9570552147239264,0.896551724137931,0.9258160237388724,0.6862921443020708,0.2501
0.2,0.0,0.8858447488584474,0.8704980842911878,0.9570552147239264,0.896551724137931,0.9258160237388724,0.6862921443020708,0.26
0.25,0.24,0.8584474885844748,0.8697318007662835,0.9673202614379085,0.8505747126436781,0.9051987767584098,0.6511484326406071,0.07010000000000001
0.12,0.3,0.8584474885844748,0.8697318007662835,0.9673202614379085,0.8505747126436781,0.9051987767584098,0.6511484326406071,0.0724
0.25,0.23,0.8584474885844748,0.8697318007662835,0.9673202614379085,0.8505747126436781,0.9051987767584098,0.6511484326406071,0.07540000000000001
0.11,0.3,0.8584474885844748,0.8697318007662835,0.9673202614379085,0.8505747126436781,0.9051987767584098,0.6511484326406071,0.0761
0.12,0.29,0.8584474885844748,0.8697318007662835,0.9673202614379085,0.8505747126436781,0.9051987767584098,0.6511484326406071,0.07650000000000001
0.1,0.3,0.8584474885844748,0.8697318007662835,0.9673202614379085,0.8505747126436781,0.9051987767584098,0.6511484326406071,0.08
0.11,0.29,0.8584474885844748,0.8697318007662835,0.9673202614379085,0.8505747126436781,0.9051987767584098,0.6511484326406071,0.08020000000000001
0.25,0.22,0.8584474885844748,0.8697318007662835,0.9673202614379085,0.8505747126436781,0.9051987767584098,0.6511484326406071,0.08090000000000001
0.09,0.3,0.8584474885844748,0.8697318007662835,0.9673202614379085,0.8505747126436781,0.9051987767584098,0.6511484326406071,0.08410000000000001
0.1,0.29,0.8584474885844748,0.8697318007662835,0.9673202614379085,0.8505747126436781,0.9051987767584098,0.6511484326406071,0.08410000000000001
0.25,0.21,0.8584474885844748,0.8697318007662835,0.9673202614379085,0.8505747126436781,0.9051987767584098,0.6511484326406071,0.08660000000000002
0.09,0.29,0.8584474885844748,0.8697318007662835,0.9673202614379085,0.8505747126436781,0.9051987767584098,0.6511484326406071,0.0882
0.08,0.3,0.8584474885844748,0.8697318007662835,0.9673202614379085,0.8505747126436781,0.9051987767584098,0.6511484326406071,0.0884
0.08,0.29,0.8584474885844748,0.8697318007662835,0.9673202614379085,0.8505747126436781,0.9051987767584098,0.6511484326406071,0.0925
0.25,0.2,0.8584474885844748,0.8697318007662835,0.9673202614379085,0.8505747126436781,0.9051987767584098,0.6511484326406071,0.0925
0.25,0.19,0.8584474885844748,0.8697318007662835,0.9673202614379085,0.8505747126436781,0.9051987767584098,0.6511484326406071,0.09860000000000001
0.25,0.18,0.8584474885844748,0.8697318007662835,0.9673202614379085,0.8505747126436781,0.9051987767584098,0.6511484326406071,0.10490000000000001
0.25,0.17,0.8584474885844748,0.8697318007662835,0.9673202614379085,0.8505747126436781,0.9051987767584098,0.6511484326406071,0.11139999999999997
0.25,0.16,0.8584474885844748,0.8697318007662835,0.9673202614379085,0.8505747126436781,0.9051987767584098,0.6511484326406071,0.11809999999999998
0.25,0.15,0.8584474885844748,0.8697318007662835,0.9673202614379085,0.8505747126436781,0.9051987767584098,0.6511484326406071,0.12499999999999999
0.07,0.14,0.9223744292237442,0.8687739463601533,0.943502824858757,0.9597701149425287,0.9515669515669516,0.7569371648053191,0.1825
0.06,0.14,0.9223744292237442,0.8687739463601533,0.943502824858757,0.9597701149425287,0.9515669515669516,0.7569371648053191,0.18719999999999998
0.07,0.13,0.9223744292237442,0.8687739463601533,0.943502824858757,0.9597701149425287,0.9515669515669516,0.7569371648053191,0.18979999999999997
0.05,0.14,0.9223744292237442,0.8687739463601533,0.943502824858757,0.9597701149425287,0.9515669515669516,0.7569371648053191,0.1921
0.06,0.13,0.9223744292237442,0.8687739463601533,0.943502824858757,0.9597701149425287,0.9515669515669516,0.7569371648053191,0.1945
0.04,0.14,0.9223744292237442,0.8687739463601533,0.943502824858757,0.9597701149425287,0.9515669515669516,0.7569371648053191,0.1972
0.07,0.12,0.9223744292237442,0.8687739463601533,0.943502824858757,0.9597701149425287,0.9515669515669516,0.7569371648053191,0.19729999999999998
0.05,0.13,0.9223744292237442,0.8687739463601533,0.943502824858757,0.9597701149425287,0.9515669515669516,0.7569371648053191,0.1994
0.06,0.12,0.9223744292237442,0.8687739463601533,0.943502824858757,0.9597701149425287,0.9515669515669516,0.7569371648053191,0.202
0.03,0.14,0.9223744292237442,0.8687739463601533,0.943502824858757,0.9597701149425287,0.9515669515669516,0.7569371648053191,0.2025
0.04,0.13,0.9223744292237442,0.8687739463601533,0.943502824858757,0.9597701149425287,0.9515669515669516,0.7569371648053191,0.20450000000000002
0.07,0.11,0.9223744292237442,0.8687739463601533,0.943502824858757,0.9597701149425287,0.9515669515669516,0.7569371648053191,0.20500000000000002
0.05,0.12,0.9223744292237442,0.8687739463601533,0.943502824858757,0.9597701149425287,0.9515669515669516,0.7569371648053191,0.2069
0.02,0.14,0.9223744292237442,0.8687739463601533,0.943502824858757,0.9597701149425287,0.9515669515669516,0.7569371648053191,0.20799999999999996
0.06,0.11,0.9223744292237442,0.8687739463601533,0.943502824858757,0.9597701149425287,0.9515669515669516,0.7569371648053191,0.2097
0.03,0.13,0.9223744292237442,0.8687739463601533,0.943502824858757,0.9597701149425287,0.9515669515669516,0.7569371648053191,0.2098
0.04,0.12,0.9223744292237442,0.8687739463601533,0.943502824858757,0.9597701149425287,0.9515669515669516,0.7569371648053191,0.21200000000000002
0.07,0.1,0.9223744292237442,0.8687739463601533,0.943502824858757,0.9597701149425287,0.9515669515669516,0.7569371648053191,0.21290000000000003
0.01,0.14,0.9223744292237442,0.8687739463601533,0.943502824858757,0.9597701149425287,0.9515669515669516,0.7569371648053191,0.2137
0.05,0.11,0.9223744292237442,0.8687739463601533,0.943502824858757,0.9597701149425287,0.9515669515669516,0.7569371648053191,0.2146
0.02,0.13,0.9223744292237442,0.8687739463601533,0.943502824858757,0.9597701149425287,0.9515669515669516,0.7569371648053191,0.2153
0.03,0.12,0.9223744292237442,0.8687739463601533,0.943502824858757,0.9597701149425287,0.9515669515669516,0.7569371648053191,0.2173
0.06,0.1,0.9223744292237442,0.8687739463601533,0.943502824858757,0.9597701149425287,0.9515669515669516,0.7569371648053191,0.21760000000000002
0.04,0.11,0.9223744292237442,0.8687739463601533,0.943502824858757,0.9597701149425287,0.9515669515669516,0.7569371648053191,0.2197
0.01,0.13,0.9223744292237442,0.8687739463601533,0.943502824858757,0.9597701149425287,0.9515669515669516,0.7569371648053191,0.22099999999999997
0.07,0.09,0.9223744292237442,0.8687739463601533,0.943502824858757,0.9597701149425287,0.9515669515669516,0.7569371648053191,0.22100000000000003
0.05,0.1,0.9223744292237442,0.8687739463601533,0.943502824858757,0.9597701149425287,0.9515669515669516,0.7569371648053191,0.22250000000000003
0.02,0.12,0.9223744292237442,0.8687739463601533,0.943502824858757,0.9597701149425287,0.9515669515669516,0.7569371648053191,0.2228
0.03,0.11,0.9223744292237442,0.8687739463601533,0.943502824858757,0.9597701149425287,0.9515669515669516,0.7569371648053191,0.22500000000000003
0.06,0.09,0.9223744292237442,0.8687739463601533,0.943502824858757,0.9597701149425287,0.9515669515669516,0.7569371648053191,0.2257
0.04,0.1,0.9223744292237442,0.8687739463601533,0.943502824858757,0.9597701149425287,0.9515669515669516,0.7569371648053191,0.22760000000000002
0.01,0.12,0.9223744292237442,0.8687739463601533,0.943502824858757,0.9597701149425287,0.9515669515669516,0.7569371648053191,0.22849999999999998
0.07,0.08,0.9223744292237442,0.8687739463601533,0.943502824858757,0.9597701149425287,0.9515669515669516,0.7569371648053191,0.22929999999999995
0.02,0.11,0.9223744292237442,0.8687739463601533,0.943502824858757,0.9597701149425287,0.9515669515669516,0.7569371648053191,0.23049999999999998
0.05,0.09,0.9223744292237442,0.8687739463601533,0.943502824858757,0.9597701149425287,0.9515669515669516,0.7569371648053191,0.23060000000000003
0.03,0.1,0.9223744292237442,0.8687739463601533,0.943502824858757,0.9597701149425287,0.9515669515669516,0.7569371648053191,0.23290000000000005
0.06,0.08,0.9223744292237442,0.8687739463601533,0.943502824858757,0.9597701149425287,0.9515669515669516,0.7569371648053191,0.23399999999999999
0.04,0.09,0.9223744292237442,0.8687739463601533,0.943502824858757,0.9597701149425287,0.9515669515669516,0.7569371648053191,0.23570000000000002
0.01,0.11,0.9223744292237442,0.8687739463601533,0.943502824858757,0.9597701149425287,0.9515669515669516,0.7569371648053191,0.23620000000000002
0.07,0.07,0.9223744292237442,0.8687739463601533,0.943502824858757,0.9597701149425287,0.9515669515669516,0.7569371648053191,0.23779999999999996
0.02,0.1,0.9223744292237442,0.8687739463601533,0.943502824858757,0.9597701149425287,0.9515669515669516,0.7569371648053191,0.2384
0.05,0.08,0.9223744292237442,0.8687739463601533,0.943502824858757,0.9597701149425287,0.9515669515669516,0.7569371648053191,0.23889999999999997
0.03,0.09,0.9223744292237442,0.8687739463601533,0.943502824858757,0.9597701149425287,0.9515669515669516,0.7569371648053191,0.24100000000000005
0.06,0.07,0.9223744292237442,0.8687739463601533,0.943502824858757,0.9597701149425287,0.9515669515669516,0.7569371648053191,0.2425
0.04,0.08,0.9223744292237442,0.8687739463601533,0.943502824858757,0.9597701149425287,0.9515669515669516,0.7569371648053191,0.244
0.01,0.1,0.9223744292237442,0.8687739463601533,0.943502824858757,0.9597701149425287,0.9515669515669516,0.7569371648053191,0.24410000000000004
0.02,0.09,0.9223744292237442,0.8687739463601533,0.943502824858757,0.9597701149425287,0.9515669515669516,0.7569371648053191,0.2465
0.07,0.06,0.9223744292237442,0.8687739463601533,0.943502824858757,0.9597701149425287,0.9515669515669516,0.7569371648053191,0.2465
0.05,0.07,0.9223744292237442,0.8687739463601533,0.943502824858757,0.9597701149425287,0.9515669515669516,0.7569371648053191,0.24739999999999998
0.03,0.08,0.9223744292237442,0.8687739463601533,0.943502824858757,0.9597701149425287,0.9515669515669516,0.7569371648053191,0.24929999999999997
0.01,0.09,0.9223744292237442,0.8687739463601533,0.943502824858757,0.9597701149425287,0.9515669515669516,0.7569371648053191,0.25220000000000004
0.04,0.07,0.9223744292237442,0.8687739463601533,0.943502824858757,0.9597701149425287,0.9515669515669516,0.7569371648053191,0.2525
0.02,0.08,0.9223744292237442,0.8687739463601533,0.943502824858757,0.9597701149425287,0.9515669515669516,0.7569371648053191,0.25479999999999997
0.07,0.05,0.9223744292237442,0.8687739463601533,0.943502824858757,0.9597701149425287,0.9515669515669516,0.7569371648053191,0.2554
0.03,0.07,0.9223744292237442,0.8687739463601533,0.943502824858757,0.9597701149425287,0.9515669515669516,0.7569371648053191,0.2578
0.01,0.08,0.9223744292237442,0.8687739463601533,0.943502824858757,0.9597701149425287,0.9515669515669516,0.7569371648053191,0.26049999999999995
0.02,0.07,0.9223744292237442,0.8687739463601533,0.943502824858757,0.9597701149425287,0.9515669515669516,0.7569371648053191,0.2633
0.01,0.07,0.9223744292237442,0.8687739463601533,0.943502824858757,0.9597701149425287,0.9515669515669516,0.7569371648053191,0.26899999999999996
0.21,0.14,0.8812785388127854,0.8676245210727969,0.9567901234567902,0.8908045977011494,0.9226190476190477,0.677049486933886,0.1377
0.21,0.13,0.8812785388127854,0.8676245210727969,0.9567901234567902,0.8908045977011494,0.9226190476190477,0.677049486933886,0.145
0.21,0.12,0.8812785388127854,0.8676245210727969,0.9567901234567902,0.8908045977011494,0.9226190476190477,0.677049486933886,0.1525
0.21,0.11,0.8812785388127854,0.8676245210727969,0.9567901234567902,0.8908045977011494,0.9226190476190477,0.677049486933886,0.1602
0.21,0.1,0.8812785388127854,0.8676245210727969,0.9567901234567902,0.8908045977011494,0.9226190476190477,0.677049486933886,0.16810000000000003
0.21,0.09,0.8812785388127854,0.8676245210727969,0.9567901234567902,0.8908045977011494,0.9226190476190477,0.677049486933886,0.17620000000000002
0.21,0.08,0.8812785388127854,0.8676245210727969,0.9567901234567902,0.8908045977011494,0.9226190476190477,0.677049486933886,0.18449999999999997
0.21,0.07,0.8812785388127854,0.8676245210727969,0.9567901234567902,0.8908045977011494,0.9226190476190477,0.677049486933886,0.19299999999999998
0.21,0.06,0.8812785388127854,0.8676245210727969,0.9567901234567902,0.8908045977011494,0.9226190476190477,0.677049486933886,0.2017
0.21,0.05,0.8812785388127854,0.8676245210727969,0.9567901234567902,0.8908045977011494,0.9226190476190477,0.677049486933886,0.2106
0.21,0.04,0.8812785388127854,0.8676245210727969,0.9567901234567902,0.8908045977011494,0.9226190476190477,0.677049486933886,0.2197
0.21,0.03,0.8812785388127854,0.8676245210727969,0.9567901234567902,0.8908045977011494,0.9226190476190477,0.677049486933886,0.22899999999999998
0.21,0.02,0.8812785388127854,0.8676245210727969,0.9567901234567902,0.8908045977011494,0.9226190476190477,0.677049486933886,0.2385
0.21,0.01,0.8812785388127854,0.8676245210727969,0.9567901234567902,0.8908045977011494,0.9226190476190477,0.677049486933886,0.24819999999999998
0.21,0.0,0.8812785388127854,0.8676245210727969,0.9567901234567902,0.8908045977011494,0.9226190476190477,0.677049486933886,0.2581
0.19,0.25,0.867579908675799,0.8672413793103448,0.9617834394904459,0.867816091954023,0.9123867069486404,0.6587442169587339,0.0746
0.18,0.25,0.867579908675799,0.8672413793103448,0.9617834394904459,0.867816091954023,0.9123867069486404,0.6587442169587339,0.0769
0.17,0.25,0.867579908675799,0.8672413793103448,0.9617834394904459,0.867816091954023,0.9123867069486404,0.6587442169587339,0.0794
0.16,0.25,0.867579908675799,0.8672413793103448,0.9617834394904459,0.867816091954023,0.9123867069486404,0.6587442169587339,0.08209999999999999
0.15,0.25,0.867579908675799,0.8672413793103448,0.9617834394904459,0.867816091954023,0.9123867069486404,0.6587442169587339,0.08499999999999999
0.19,0.28,0.8538812785388128,0.8668582375478927,0.9671052631578947,0.8448275862068966,0.901840490797546,0.6433539276785031,0.06049999999999999
0.18,0.28,0.8538812785388128,0.8668582375478927,0.9671052631578947,0.8448275862068966,0.901840490797546,0.6433539276785031,0.0628
0.19,0.27,0.8538812785388128,0.8668582375478927,0.9671052631578947,0.8448275862068966,0.901840490797546,0.6433539276785031,0.06499999999999999
0.17,0.28,0.8538812785388128,0.8668582375478927,0.9671052631578947,0.8448275862068966,0.901840490797546,0.6433539276785031,0.06529999999999998
0.14,0.3,0.8538812785388128,0.8668582375478927,0.9671052631578947,0.8448275862068966,0.901840490797546,0.6433539276785031,0.06559999999999999
0.18,0.27,0.8538812785388128,0.8668582375478927,0.9671052631578947,0.8448275862068966,0.901840490797546,0.6433539276785031,0.06729999999999998
0.16,0.28,0.8538812785388128,0.8668582375478927,0.9671052631578947,0.8448275862068966,0.901840490797546,0.6433539276785031,0.06799999999999999
0.13,0.3,0.8538812785388128,0.8668582375478927,0.9671052631578947,0.8448275862068966,0.901840490797546,0.6433539276785031,0.0689
0.14,0.29,0.8538812785388128,0.8668582375478927,0.9671052631578947,0.8448275862068966,0.901840490797546,0.6433539276785031,0.0697
0.19,0.26,0.8538812785388128,0.8668582375478927,0.9671052631578947,0.8448275862068966,0.901840490797546,0.6433539276785031,0.0697
0.17,0.27,0.8538812785388128,0.8668582375478927,0.9671052631578947,0.8448275862068966,0.901840490797546,0.6433539276785031,0.06979999999999999
0.15,0.28,0.8538812785388128,0.8668582375478927,0.9671052631578947,0.8448275862068966,0.901840490797546,0.6433539276785031,0.07089999999999999
0.18,0.26,0.8538812785388128,0.8668582375478927,0.9671052631578947,0.8448275862068966,0.901840490797546,0.6433539276785031,0.072
0.16,0.27,0.8538812785388128,0.8668582375478927,0.9671052631578947,0.8448275862068966,0.901840490797546,0.6433539276785031,0.07249999999999998
0.13,0.29,0.8538812785388128,0.8668582375478927,0.9671052631578947,0.8448275862068966,0.901840490797546,0.6433539276785031,0.07300000000000001
0.17,0.26,0.8538812785388128,0.8668582375478927,0.9671052631578947,0.8448275862068966,0.901840490797546,0.6433539276785031,0.0745
0.15,0.27,0.8538812785388128,0.8668582375478927,0.9671052631578947,0.8448275862068966,0.901840490797546,0.6433539276785031,0.0754
0.16,0.26,0.8538812785388128,0.8668582375478927,0.9671052631578947,0.8448275862068966,0.901840490797546,0.6433539276785031,0.07719999999999999
0.15,0.26,0.8538812785388128,0.8668582375478927,0.9671052631578947,0.8448275862068966,0.901840490797546,0.6433539276785031,0.0801
0.23,0.14,0.8767123287671232,0.8647509578544061,0.9565217391304348,0.8850574712643678,0.9194029850746268,0.6680060302015247,0.13449999999999998
0.22,0.14,0.8767123287671232,0.8647509578544061,0.9565217391304348,0.8850574712643678,0.9194029850746268,0.6680060302015247,0.13599999999999998
0.23,0.13,0.8767123287671232,0.8647509578544061,0.9565217391304348,0.8850574712643678,0.9194029850746268,0.6680060302015247,0.14179999999999998
0.22,0.13,0.8767123287671232,0.8647509578544061,0.9565217391304348,0.8850574712643678,0.9194029850746268,0.6680060302015247,0.14329999999999998
0.23,0.12,0.8767123287671232,0.8647509578544061,0.9565217391304348,0.8850574712643678,0.9194029850746268,0.6680060302015247,0.1493
0.22,0.12,0.8767123287671232,0.8647509578544061,0.9565217391304348,0.8850574712643678,0.9194029850746268,0.6680060302015247,0.1508
0.23,0.11,0.8767123287671232,0.8647509578544061,0.9565217391304348,0.8850574712643678,0.9194029850746268,0.6680060302015247,0.157
0.22,0.11,0.8767123287671232,0.8647509578544061,0.9565217391304348,0.8850574712643678,0.9194029850746268,0.6680060302015247,0.1585
0.23,0.1,0.8767123287671232,0.8647509578544061,0.9565217391304348,0.8850574712643678,0.9194029850746268,0.6680060302015247,0.16490000000000002
0.22,0.1,0.8767123287671232,0.8647509578544061,0.9565217391304348,0.8850574712643678,0.9194029850746268,0.6680060302015247,0.16640000000000002
0.23,0.09,0.8767123287671232,0.8647509578544061,0.9565217391304348,0.8850574712643678,0.9194029850746268,0.6680060302015247,0.17300000000000001
0.22,0.09,0.8767123287671232,0.8647509578544061,0.9565217391304348,0.8850574712643678,0.9194029850746268,0.6680060302015247,0.17450000000000002
0.23,0.08,0.8767123287671232,0.8647509578544061,0.9565217391304348,0.8850574712643678,0.9194029850746268,0.6680060302015247,0.18129999999999996
0.22,0.08,0.8767123287671232,0.8647509578544061,0.9565217391304348,0.8850574712643678,0.9194029850746268,0.6680060302015247,0.18279999999999996
0.23,0.07,0.8767123287671232,0.8647509578544061,0.9565217391304348,0.8850574712643678,0.9194029850746268,0.6680060302015247,0.18979999999999997
0.22,0.07,0.8767123287671232,0.8647509578544061,0.9565217391304348,0.8850574712643678,0.9194029850746268,0.6680060302015247,0.19129999999999997
0.23,0.06,0.8767123287671232,0.8647509578544061,0.9565217391304348,0.8850574712643678,0.9194029850746268,0.6680060302015247,0.19849999999999998
0.22,0.06,0.8767123287671232,0.8647509578544061,0.9565217391304348,0.8850574712643678,0.9194029850746268,0.6680060302015247,0.19999999999999998
0.23,0.05,0.8767123287671232,0.8647509578544061,0.9565217391304348,0.8850574712643678,0.9194029850746268,0.6680060302015247,0.2074
0.22,0.05,0.8767123287671232,0.8647509578544061,0.9565217391304348,0.8850574712643678,0.9194029850746268,0.6680060302015247,0.2089
0.23,0.04,0.8767123287671232,0.8647509578544061,0.9565217391304348,0.8850574712643678,0.9194029850746268,0.6680060302015247,0.2165
0.22,0.04,0.8767123287671232,0.8647509578544061,0.9565217391304348,0.8850574712643678,0.9194029850746268,0.6680060302015247,0.218
0.23,0.03,0.8767123287671232,0.8647509578544061,0.9565217391304348,0.8850574712643678,0.9194029850746268,0.6680060302015247,0.22579999999999997
0.22,0.03,0.8767123287671232,0.8647509578544061,0.9565217391304348,0.8850574712643678,0.9194029850746268,0.6680060302015247,0.22729999999999997
0.23,0.02,0.8767123287671232,0.8647509578544061,0.9565217391304348,0.8850574712643678,0.9194029850746268,0.6680060302015247,0.23529999999999998
0.22,0.02,0.8767123287671232,0.8647509578544061,0.9565217391304348,0.8850574712643678,0.9194029850746268,0.6680060302015247,0.23679999999999998
0.23,0.01,0.8767123287671232,0.8647509578544061,0.9565217391304348,0.8850574712643678,0.9194029850746268,0.6680060302015247,0.24499999999999997
0.22,0.01,0.8767123287671232,0.8647509578544061,0.9565217391304348,0.8850574712643678,0.9194029850746268,0.6680060302015247,0.24649999999999997
0.23,0.0,0.8767123287671232,0.8647509578544061,0.9565217391304348,0.8850574712643678,0.9194029850746268,0.6680060302015247,0.2549
0.22,0.0,0.8767123287671232,0.8647509578544061,0.9565217391304348,0.8850574712643678,0.9194029850746268,0.6680060302015247,0.2564
0.24,0.24,0.863013698630137,0.864367816091954,0.9615384615384616,0.8620689655172413,0.9090909090909091,0.6504565815433608,0.07120000000000001
0.24,0.23,0.863013698630137,0.864367816091954,0.9615384615384616,0.8620689655172413,0.9090909090909091,0.6504565815433608,0.07650000000000001
0.24,0.22,0.863013698630137,0.864367816091954,0.9615384615384616,0.8620689655172413,0.9090909090909091,0.6504565815433608,0.08200000000000002
0.24,0.21,0.863013698630137,0.864367816091954,0.9615384615384616,0.8620689655172413,0.9090909090909091,0.6504565815433608,0.08770000000000003
0.24,0.2,0.863013698630137,0.864367816091954,0.9615384615384616,0.8620689655172413,0.9090909090909091,0.6504565815433608,0.0936
0.24,0.19,0.863013698630137,0.864367816091954,0.9615384615384616,0.8620689655172413,0.9090909090909091,0.6504565815433608,0.09970000000000001
0.24,0.18,0.863013698630137,0.864367816091954,0.9615384615384616,0.8620689655172413,0.9090909090909091,0.6504565815433608,0.10600000000000001
0.24,0.17,0.863013698630137,0.864367816091954,0.9615384615384616,0.8620689655172413,0.9090909090909091,0.6504565815433608,0.11249999999999998
0.24,0.16,0.863013698630137,0.864367816091954,0.9615384615384616,0.8620689655172413,0.9090909090909091,0.6504565815433608,0.11919999999999999
0.24,0.15,0.863013698630137,0.864367816091954,0.9615384615384616,0.8620689655172413,0.9090909090909091,0.6504565815433608,0.1261
0.19,0.3,0.8493150684931506,0.8639846743295019,0.9668874172185431,0.8390804597701149,0.8984615384615384,0.6356982921144483,0.05210000000000001
0.18,0.3,0.8493150684931506,0.8639846743295019,0.9668874172185431,0.8390804597701149,0.8984615384615384,0.6356982921144483,0.054400000000000004
0.19,0.29,0.8493150684931506,0.8639846743295019,0.9668874172185431,0.8390804597701149,0.8984615384615384,0.6356982921144483,0.05620000000000001
0.17,0.3,0.8493150684931506,0.8639846743295019,0.9668874172185431,0.8390804597701149,0.8984615384615384,0.6356982921144483,0.056900000000000006
0.18,0.29,0.8493150684931506,0.8639846743295019,0.9668874172185431,0.8390804597701149,0.8984615384615384,0.6356982921144483,0.05850000000000001
0.16,0.3,0.8493150684931506,0.8639846743295019,0.9668874172185431,0.8390804597701149,0.8984615384615384,0.6356982921144483,0.0596
0.17,0.29,0.8493150684931506,0.8639846743295019,0.9668874172185431,0.8390804597701149,0.8984615384615384,0.6356982921144483,0.061
0.15,0.3,0.8493150684931506,0.8639846743295019,0.9668874172185431,0.8390804597701149,0.8984615384615384,0.6356982921144483,0.0625
0.16,0.29,0.8493150684931506,0.8639846743295019,0.9668874172185431,0.8390804597701149,0.8984615384615384,0.6356982921144483,0.0637
0.15,0.29,0.8493150684931506,0.8639846743295019,0.9668874172185431,0.8390804597701149,0.8984615384615384,0.6356982921144483,0.0666
0.12,0.31,0.8493150684931506,0.8639846743295019,0.9668874172185431,0.8390804597701149,0.8984615384615384,0.6356982921144483,0.0685
0.11,0.31,0.8493150684931506,0.8639846743295019,0.9668874172185431,0.8390804597701149,0.8984615384615384,0.6356982921144483,0.0722
0.1,0.31,0.8493150684931506,0.8639846743295019,0.9668874172185431,0.8390804597701149,0.8984615384615384,0.6356982921144483,0.0761
0.09,0.31,0.8493150684931506,0.8639846743295019,0.9668874172185431,0.8390804597701149,0.8984615384615384,0.6356982921144483,0.0802
0.08,0.31,0.8493150684931506,0.8639846743295019,0.9668874172185431,0.8390804597701149,0.8984615384615384,0.6356982921144483,0.08449999999999999
0.07,0.31,0.8493150684931506,0.8639846743295019,0.9668874172185431,0.8390804597701149,0.8984615384615384,0.6356982921144483,0.089
0.06,0.31,0.8493150684931506,0.8639846743295019,0.9668874172185431,0.8390804597701149,0.8984615384615384,0.6356982921144483,0.0937
0.05,0.31,0.8493150684931506,0.8639846743295019,0.9668874172185431,0.8390804597701149,0.8984615384615384,0.6356982921144483,0.0986
0.04,0.31,0.8493150684931506,0.8639846743295019,0.9668874172185431,0.8390804597701149,0.8984615384615384,0.6356982921144483,0.10370000000000001
0.03,0.31,0.8493150684931506,0.8639846743295019,0.9668874172185431,0.8390804597701149,0.8984615384615384,0.6356982921144483,0.10900000000000001
0.02,0.31,0.8493150684931506,0.8639846743295019,0.9668874172185431,0.8390804597701149,0.8984615384615384,0.6356982921144483,0.11449999999999999
0.01,0.31,0.8493150684931506,0.8639846743295019,0.9668874172185431,0.8390804597701149,0.8984615384615384,0.6356982921144483,0.1202
0.2,0.25,0.8584474885844748,0.8614942528735632,0.9612903225806452,0.8563218390804598,0.9057750759878419,0.6423273844810624,0.0725
0.25,0.14,0.8584474885844748,0.8614942528735632,0.9612903225806452,0.8563218390804598,0.9057750759878419,0.6423273844810624,0.1321
0.25,0.13,0.8584474885844748,0.8614942528735632,0.9612903225806452,0.8563218390804598,0.9057750759878419,0.6423273844810624,0.1394
0.25,0.12,0.8584474885844748,0.8614942528735632,0.9612903225806452,0.8563218390804598,0.9057750759878419,0.6423273844810624,0.1469
0.25,0.11,0.8584474885844748,0.8614942528735632,0.9612903225806452,0.8563218390804598,0.9057750759878419,0.6423273844810624,0.15460000000000002
0.25,0.1,0.8584474885844748,0.8614942528735632,0.9612903225806452,0.8563218390804598,0.9057750759878419,0.6423273844810624,0.16250000000000003
0.25,0.09,0.8584474885844748,0.8614942528735632,0.9612903225806452,0.8563218390804598,0.9057750759878419,0.6423273844810624,0.17060000000000003
0.25,0.08,0.8584474885844748,0.8614942528735632,0.9612903225806452,0.8563218390804598,0.9057750759878419,0.6423273844810624,0.17889999999999998
0.25,0.07,0.8584474885844748,0.8614942528735632,0.9612903225806452,0.8563218390804598,0.9057750759878419,0.6423273844810624,0.18739999999999998
0.25,0.06,0.8584474885844748,0.8614942528735632,0.9612903225806452,0.8563218390804598,0.9057750759878419,0.6423273844810624,0.1961
0.25,0.05,0.8584474885844748,0.8614942528735632,0.9612903225806452,0.8563218390804598,0.9057750759878419,0.6423273844810624,0.20500000000000002
0.25,0.04,0.8584474885844748,0.8614942528735632,0.9612903225806452,0.8563218390804598,0.9057750759878419,0.6423273844810624,0.2141
0.25,0.03,0.8584474885844748,0.8614942528735632,0.9612903225806452,0.8563218390804598,0.9057750759878419,0.6423273844810624,0.2234
0.25,0.02,0.8584474885844748,0.8614942528735632,0.9612903225806452,0.8563218390804598,0.9057750759878419,0.6423273844810624,0.2329
0.25,0.01,0.8584474885844748,0.8614942528735632,0.9612903225806452,0.8563218390804598,0.9057750759878419,0.6423273844810624,0.24259999999999998
0.25,0.0,0.8584474885844748,0.8614942528735632,0.9612903225806452,0.8563218390804598,0.9057750759878419,0.6423273844810624,0.2525
0.2,0.28,0.8447488584474886,0.8611111111111112,0.9666666666666667,0.8333333333333334,0.8950617283950617,0.6281763088817165,0.05839999999999999
0.14,0.31,0.8447488584474886,0.8611111111111112,0.9666666666666667,0.8333333333333334,0.8950617283950617,0.6281763088817165,0.06169999999999999
0.2,0.27,0.8447488584474886,0.8611111111111112,0.9666666666666667,0.8333333333333334,0.8950617283950617,0.6281763088817165,0.06289999999999998
0.12,0.32,0.8447488584474886,0.8611111111111112,0.9666666666666667,0.8333333333333334,0.8950617283950617,0.6281763088817165,0.0648
0.13,0.31,0.8447488584474886,0.8611111111111112,0.9666666666666667,0.8333333333333334,0.8950617283950617,0.6281763088817165,0.065
0.2,0.26,0.8447488584474886,0.8611111111111112,0.9666666666666667,0.8333333333333334,0.8950617283950617,0.6281763088817165,0.0676
0.11,0.32,0.8447488584474886,0.8611111111111112,0.9666666666666667,0.8333333333333334,0.8950617283950617,0.6281763088817165,0.0685
0.1,0.32,0.8447488584474886,0.8611111111111112,0.9666666666666667,0.8333333333333334,0.8950617283950617,0.6281763088817165,0.07239999999999999
0.09,0.32,0.8447488584474886,0.8611111111111112,0.9666666666666667,0.8333333333333334,0.8950617283950617,0.6281763088817165,0.07649999999999998
0.08,0.32,0.8447488584474886,0.8611111111111112,0.9666666666666667,0.8333333333333334,0.8950617283950617,0.6281763088817165,0.08079999999999998
0.07,0.32,0.8447488584474886,0.8611111111111112,0.9666666666666667,0.8333333333333334,0.8950617283950617,0.6281763088817165,0.08529999999999999
0.06,0.32,0.8447488584474886,0.8611111111111112,0.9666666666666667,0.8333333333333334,0.8950617283950617,0.6281763088817165,0.09
0.05,0.32,0.8447488584474886,0.8611111111111112,0.9666666666666667,0.8333333333333334,0.8950617283950617,0.6281763088817165,0.0949
0.04,0.32,0.8447488584474886,0.8611111111111112,0.9666666666666667,0.8333333333333334,0.8950617283950617,0.6281763088817165,0.1
0.03,0.32,0.8447488584474886,0.8611111111111112,0.9666666666666667,0.8333333333333334,0.8950617283950617,0.6281763088817165,0.1053
0.02,0.32,0.8447488584474886,0.8611111111111112,0.9666666666666667,0.8333333333333334,0.8950617283950617,0.6281763088817165,0.11079999999999998
0.01,0.32,0.8447488584474886,0.8611111111111112,0.9666666666666667,0.8333333333333334,0.8950617283950617,0.6281763088817165,0.11649999999999999
0.06,0.04,0.9223744292237442,0.860536398467433,0.9385474860335196,0.9655172413793104,0.9518413597733711,0.7540557945338973,0.2692
0.05,0.04,0.9223744292237442,0.860536398467433,0.9385474860335196,0.9655172413793104,0.9518413597733711,0.7540557945338973,0.2741
0.06,0.03,0.9223744292237442,0.860536398467433,0.9385474860335196,0.9655172413793104,0.9518413597733711,0.7540557945338973,0.27849999999999997
0.04,0.04,0.9223744292237442,0.860536398467433,0.9385474860335196,0.9655172413793104,0.9518413597733711,0.7540557945338973,0.2792
0.05,0.03,0.9223744292237442,0.860536398467433,0.9385474860335196,0.9655172413793104,0.9518413597733711,0.7540557945338973,0.2834
0.03,0.04,0.9223744292237442,0.860536398467433,0.9385474860335196,0.9655172413793104,0.9518413597733711,0.7540557945338973,0.28450000000000003
0.06,0.02,0.9223744292237442,0.860536398467433,0.9385474860335196,0.9655172413793104,0.9518413597733711,0.7540557945338973,0.288
0.04,0.03,0.9223744292237442,0.860536398467433,0.9385474860335196,0.9655172413793104,0.9518413597733711,0.7540557945338973,0.2885
0.02,0.04,0.9223744292237442,0.860536398467433,0.9385474860335196,0.9655172413793104,0.9518413597733711,0.7540557945338973,0.29
0.05,0.02,0.9223744292237442,0.860536398467433,0.9385474860335196,0.9655172413793104,0.9518413597733711,0.7540557945338973,0.2929
0.03,0.03,0.9223744292237442,0.860536398467433,0.9385474860335196,0.9655172413793104,0.9518413597733711,0.7540557945338973,0.2938
0.01,0.04,0.9223744292237442,0.860536398467433,0.9385474860335196,0.9655172413793104,0.9518413597733711,0.7540557945338973,0.2957
0.06,0.01,0.9223744292237442,0.860536398467433,0.9385474860335196,0.9655172413793104,0.9518413597733711,0.7540557945338973,0.29769999999999996
0.04,0.02,0.9223744292237442,0.860536398467433,0.9385474860335196,0.9655172413793104,0.9518413597733711,0.7540557945338973,0.298
0.02,0.03,0.9223744292237442,0.860536398467433,0.9385474860335196,0.9655172413793104,0.9518413597733711,0.7540557945338973,0.29929999999999995
0.05,0.01,0.9223744292237442,0.860536398467433,0.9385474860335196,0.9655172413793104,0.9518413597733711,0.7540557945338973,0.3026
0.03,0.02,0.9223744292237442,0.860536398467433,0.9385474860335196,0.9655172413793104,0.9518413597733711,0.7540557945338973,0.3033
0.01,0.03,0.9223744292237442,0.860536398467433,0.9385474860335196,0.9655172413793104,0.9518413597733711,0.7540557945338973,0.305
0.06,0.0,0.9223744292237442,0.860536398467433,0.9385474860335196,0.9655172413793104,0.9518413597733711,0.7540557945338973,0.3076
0.04,0.01,0.9223744292237442,0.860536398467433,0.9385474860335196,0.9655172413793104,0.9518413597733711,0.7540557945338973,0.3077
0.02,0.02,0.9223744292237442,0.860536398467433,0.9385474860335196,0.9655172413793104,0.9518413597733711,0.7540557945338973,0.30879999999999996
0.05,0.0,0.9223744292237442,0.860536398467433,0.9385474860335196,0.9655172413793104,0.9518413597733711,0.7540557945338973,0.3125
0.03,0.01,0.9223744292237442,0.860536398467433,0.9385474860335196,0.9655172413793104,0.9518413597733711,0.7540557945338973,0.313
0.01,0.02,0.9223744292237442,0.860536398467433,0.9385474860335196,0.9655172413793104,0.9518413597733711,0.7540557945338973,0.3145
0.04,0.0,0.9223744292237442,0.860536398467433,0.9385474860335196,0.9655172413793104,0.9518413597733711,0.7540557945338973,0.3176
0.02,0.01,0.9223744292237442,0.860536398467433,0.9385474860335196,0.9655172413793104,0.9518413597733711,0.7540557945338973,0.31849999999999995
0.03,0.0,0.9223744292237442,0.860536398467433,0.9385474860335196,0.9655172413793104,0.9518413597733711,0.7540557945338973,0.3229
0.01,0.01,0.9223744292237442,0.860536398467433,0.9385474860335196,0.9655172413793104,0.9518413597733711,0.7540557945338973,0.3242
0.02,0.0,0.9223744292237442,0.860536398467433,0.9385474860335196,0.9655172413793104,0.9518413597733711,0.7540557945338973,0.32839999999999997
0.01,0.0,0.9223744292237442,0.860536398467433,0.9385474860335196,0.9655172413793104,0.9518413597733711,0.7540557945338973,0.3341
0.23,0.25,0.8538812785388128,0.8586206896551725,0.961038961038961,0.8505747126436781,0.9024390243902439,0.6343503434715136,0.0674
0.22,0.25,0.8538812785388128,0.8586206896551725,0.961038961038961,0.8505747126436781,0.9024390243902439,0.6343503434715136,0.0689
0.21,0.25,0.8538812785388128,0.8586206896551725,0.961038961038961,0.8505747126436781,0.9024390243902439,0.6343503434715136,0.0706
0.19,0.31,0.8401826484018264,0.8582375478927202,0.9664429530201343,0.8275862068965517,0.891640866873065,0.6207830152312863,0.0482
0.2,0.3,0.8401826484018264,0.8582375478927202,0.9664429530201343,0.8275862068965517,0.891640866873065,0.6207830152312863,0.05
0.18,0.31,0.8401826484018264,0.8582375478927202,0.9664429530201343,0.8275862068965517,0.891640866873065,0.6207830152312863,0.0505
0.17,0.31,0.8401826484018264,0.8582375478927202,0.9664429530201343,0.8275862068965517,0.891640866873065,0.6207830152312863,0.05299999999999999
0.23,0.28,0.8401826484018264,0.8582375478927202,0.9664429530201343,0.8275862068965517,0.891640866873065,0.6207830152312863,0.053299999999999986
0.2,0.29,0.8401826484018264,0.8582375478927202,0.9664429530201343,0.8275862068965517,0.891640866873065,0.6207830152312863,0.0541
0.22,0.28,0.8401826484018264,0.8582375478927202,0.9664429530201343,0.8275862068965517,0.891640866873065,0.6207830152312863,0.05479999999999999
0.16,0.31,0.8401826484018264,0.8582375478927202,0.9664429530201343,0.8275862068965517,0.891640866873065,0.6207830152312863,0.0557
0.21,0.28,0.8401826484018264,0.8582375478927202,0.9664429530201343,0.8275862068965517,0.891640866873065,0.6207830152312863,0.056499999999999995
0.23,0.27,0.8401826484018264,0.8582375478927202,0.9664429530201343,0.8275862068965517,0.891640866873065,0.6207830152312863,0.05779999999999998
0.14,0.32,0.8401826484018264,0.8582375478927202,0.9664429530201343,0.8275862068965517,0.891640866873065,0.6207830152312863,0.05799999999999999
0.15,0.31,0.8401826484018264,0.8582375478927202,0.9664429530201343,0.8275862068965517,0.891640866873065,0.6207830152312863,0.0586
0.22,0.27,0.8401826484018264,0.8582375478927202,0.9664429530201343,0.8275862068965517,0.891640866873065,0.6207830152312863,0.059299999999999985
0.21,0.27,0.8401826484018264,0.8582375478927202,0.9664429530201343,0.8275862068965517,0.891640866873065,0.6207830152312863,0.060999999999999985
0.13,0.32,0.8401826484018264,0.8582375478927202,0.9664429530201343,0.8275862068965517,0.891640866873065,0.6207830152312863,0.06129999999999999
0.23,0.26,0.8401826484018264,0.8582375478927202,0.9664429530201343,0.8275862068965517,0.891640866873065,0.6207830152312863,0.06249999999999999
0.22,0.26,0.8401826484018264,0.8582375478927202,0.9664429530201343,0.8275862068965517,0.891640866873065,0.6207830152312863,0.064
0.21,0.26,0.8401826484018264,0.8582375478927202,0.9664429530201343,0.8275862068965517,0.891640866873065,0.6207830152312863,0.0657
0.07,0.04,0.9178082191780822,0.8576628352490421,0.9382022471910112,0.9597701149425287,0.9488636363636364,0.7409395242007619,0.2645
0.07,0.03,0.9178082191780822,0.8576628352490421,0.9382022471910112,0.9597701149425287,0.9488636363636364,0.7409395242007619,0.2738
0.07,0.02,0.9178082191780822,0.8576628352490421,0.9382022471910112,0.9597701149425287,0.9488636363636364,0.7409395242007619,0.2833
0.07,0.01,0.9178082191780822,0.8576628352490421,0.9382022471910112,0.9597701149425287,0.9488636363636364,0.7409395242007619,0.293
0.07,0.0,0.9178082191780822,0.8576628352490421,0.9382022471910112,0.9597701149425287,0.9488636363636364,0.7409395242007619,0.3029
0.24,0.14,0.863013698630137,0.8561302681992338,0.9556962025316456,0.867816091954023,0.9096385542168675,0.6419871014438203,0.13319999999999999
0.24,0.13,0.863013698630137,0.8561302681992338,0.9556962025316456,0.867816091954023,0.9096385542168675,0.6419871014438203,0.14049999999999999
0.24,0.12,0.863013698630137,0.8561302681992338,0.9556962025316456,0.867816091954023,0.9096385542168675,0.6419871014438203,0.148
0.24,0.11,0.863013698630137,0.8561302681992338,0.9556962025316456,0.867816091954023,0.9096385542168675,0.6419871014438203,0.1557
0.24,0.1,0.863013698630137,0.8561302681992338,0.9556962025316456,0.867816091954023,0.9096385542168675,0.6419871014438203,0.16360000000000002
0.24,0.09,0.863013698630137,0.8561302681992338,0.9556962025316456,0.867816091954023,0.9096385542168675,0.6419871014438203,0.17170000000000002
0.24,0.08,0.863013698630137,0.8561302681992338,0.9556962025316456,0.867816091954023,0.9096385542168675,0.6419871014438203,0.17999999999999997
0.24,0.07,0.863013698630137,0.8561302681992338,0.9556962025316456,0.867816091954023,0.9096385542168675,0.6419871014438203,0.18849999999999997
0.24,0.06,0.863013698630137,0.8561302681992338,0.9556962025316456,0.867816091954023,0.9096385542168675,0.6419871014438203,0.1972
0.24,0.05,0.863013698630137,0.8561302681992338,0.9556962025316456,0.867816091954023,0.9096385542168675,0.6419871014438203,0.2061
0.24,0.04,0.863013698630137,0.8561302681992338,0.9556962025316456,0.867816091954023,0.9096385542168675,0.6419871014438203,0.2152
0.24,0.03,0.863013698630137,0.8561302681992338,0.9556962025316456,0.867816091954023,0.9096385542168675,0.6419871014438203,0.22449999999999998
0.24,0.02,0.863013698630137,0.8561302681992338,0.9556962025316456,0.867816091954023,0.9096385542168675,0.6419871014438203,0.23399999999999999
0.24,0.01,0.863013698630137,0.8561302681992338,0.9556962025316456,0.867816091954023,0.9096385542168675,0.6419871014438203,0.24369999999999997
0.24,0.0,0.863013698630137,0.8561302681992338,0.9556962025316456,0.867816091954023,0.9096385542168675,0.6419871014438203,0.2536
0.19,0.32,0.8356164383561644,0.8553639846743295,0.9662162162162162,0.8218390804597702,0.8881987577639752,0.6135136865067856,0.0445
0.23,0.3,0.8356164383561644,0.8553639846743295,0.9662162162162162,0.8218390804597702,0.8881987577639752,0.6135136865067856,0.0449
0.22,0.3,0.8356164383561644,0.8553639846743295,0.9662162162162162,0.8218390804597702,0.8881987577639752,0.6135136865067856,0.046400000000000004
0.18,0.32,0.8356164383561644,0.8553639846743295,0.9662162162162162,0.8218390804597702,0.8881987577639752,0.6135136865067856,0.046799999999999994
0.21,0.3,0.8356164383561644,0.8553639846743295,0.9662162162162162,0.8218390804597702,0.8881987577639752,0.6135136865067856,0.048100000000000004
0.23,0.29,0.8356164383561644,0.8553639846743295,0.9662162162162162,0.8218390804597702,0.8881987577639752,0.6135136865067856,0.049
0.17,0.32,0.8356164383561644,0.8553639846743295,0.9662162162162162,0.8218390804597702,0.8881987577639752,0.6135136865067856,0.0493
0.22,0.29,0.8356164383561644,0.8553639846743295,0.9662162162162162,0.8218390804597702,0.8881987577639752,0.6135136865067856,0.0505
0.16,0.32,0.8356164383561644,0.8553639846743295,0.9662162162162162,0.8218390804597702,0.8881987577639752,0.6135136865067856,0.05199999999999999
0.21,0.29,0.8356164383561644,0.8553639846743295,0.9662162162162162,0.8218390804597702,0.8881987577639752,0.6135136865067856,0.05220000000000001
0.15,0.32,0.8356164383561644,0.8553639846743295,0.9662162162162162,0.8218390804597702,0.8881987577639752,0.6135136865067856,0.0549
0.12,0.34,0.8356164383561644,0.8553639846743295,0.9662162162162162,0.8218390804597702,0.8881987577639752,0.6135136865067856,0.05799999999999999
0.12,0.33,0.8356164383561644,0.8553639846743295,0.9662162162162162,0.8218390804597702,0.8881987577639752,0.6135136865067856,0.06129999999999999
0.11,0.34,0.8356164383561644,0.8553639846743295,0.9662162162162162,0.8218390804597702,0.8881987577639752,0.6135136865067856,0.06169999999999999
0.11,0.33,0.8356164383561644,0.8553639846743295,0.9662162162162162,0.8218390804597702,0.8881987577639752,0.6135136865067856,0.065
0.25,0.25,0.8356164383561644,0.8553639846743295,0.9662162162162162,0.8218390804597702,0.8881987577639752,0.6135136865067856,0.065
0.1,0.34,0.8356164383561644,0.8553639846743295,0.9662162162162162,0.8218390804597702,0.8881987577639752,0.6135136865067856,0.06559999999999999
0.1,0.33,0.8356164383561644,0.8553639846743295,0.9662162162162162,0.8218390804597702,0.8881987577639752,0.6135136865067856,0.06889999999999999
0.09,0.34,0.8356164383561644,0.8553639846743295,0.9662162162162162,0.8218390804597702,0.8881987577639752,0.6135136865067856,0.06969999999999998
0.09,0.33,0.8356164383561644,0.8553639846743295,0.9662162162162162,0.8218390804597702,0.8881987577639752,0.6135136865067856,0.07299999999999998
0.08,0.34,0.8356164383561644,0.8553639846743295,0.9662162162162162,0.8218390804597702,0.8881987577639752,0.6135136865067856,0.07399999999999998
0.08,0.33,0.8356164383561644,0.8553639846743295,0.9662162162162162,0.8218390804597702,0.8881987577639752,0.6135136865067856,0.07729999999999998
0.07,0.34,0.8356164383561644,0.8553639846743295,0.9662162162162162,0.8218390804597702,0.8881987577639752,0.6135136865067856,0.07849999999999999
0.07,0.33,0.8356164383561644,0.8553639846743295,0.9662162162162162,0.8218390804597702,0.8881987577639752,0.6135136865067856,0.08179999999999998
0.06,0.34,0.8356164383561644,0.8553639846743295,0.9662162162162162,0.8218390804597702,0.8881987577639752,0.6135136865067856,0.0832
0.06,0.33,0.8356164383561644,0.8553639846743295,0.9662162162162162,0.8218390804597702,0.8881987577639752,0.6135136865067856,0.0865
0.05,0.34,0.8356164383561644,0.8553639846743295,0.9662162162162162,0.8218390804597702,0.8881987577639752,0.6135136865067856,0.08809999999999998
0.05,0.33,0.8356164383561644,0.8553639846743295,0.9662162162162162,0.8218390804597702,0.8881987577639752,0.6135136865067856,0.0914
0.04,0.34,0.8356164383561644,0.8553639846743295,0.9662162162162162,0.8218390804597702,0.8881987577639752,0.6135136865067856,0.0932
0.04,0.33,0.8356164383561644,0.8553639846743295,0.9662162162162162,0.8218390804597702,0.8881987577639752,0.6135136865067856,0.0965
0.03,0.34,0.8356164383561644,0.8553639846743295,0.9662162162162162,0.8218390804597702,0.8881987577639752,0.6135136865067856,0.0985
0.03,0.33,0.8356164383561644,0.8553639846743295,0.9662162162162162,0.8218390804597702,0.8881987577639752,0.6135136865067856,0.1018
0.02,0.34,0.8356164383561644,0.8553639846743295,0.9662162162162162,0.8218390804597702,0.8881987577639752,0.6135136865067856,0.10399999999999998
0.02,0.33,0.8356164383561644,0.8553639846743295,0.9662162162162162,0.8218390804597702,0.8881987577639752,0.6135136865067856,0.10729999999999998
0.01,0.34,0.8356164383561644,0.8553639846743295,0.9662162162162162,0.8218390804597702,0.8881987577639752,0.6135136865067856,0.10969999999999999
0.01,0.33,0.8356164383561644,0.8553639846743295,0.9662162162162162,0.8218390804597702,0.8881987577639752,0.6135136865067856,0.11299999999999999
0.25,0.28,0.821917808219178,0.8549808429118774,0.972027972027972,0.7988505747126436,0.8769716088328076,0.6026164436561012,0.05089999999999999
0.25,0.27,0.821917808219178,0.8549808429118774,0.972027972027972,0.7988505747126436,0.8769716088328076,0.6026164436561012,0.05539999999999999
0.25,0.26,0.821917808219178,0.8549808429118774,0.972027972027972,0.7988505747126436,0.8769716088328076,0.6026164436561012,0.0601
0.12,0.39,0.8310502283105022,0.8524904214559387,0.9659863945578231,0.8160919540229885,0.8847352024922118,0.6063638211542919,0.0445
0.2,0.31,0.8310502283105022,0.8524904214559387,0.9659863945578231,0.8160919540229885,0.8847352024922118,0.6063638211542919,0.046099999999999995
0.12,0.38,0.8310502283105022,0.8524904214559387,0.9659863945578231,0.8160919540229885,0.8847352024922118,0.6063638211542919,0.046799999999999994
0.11,0.39,0.8310502283105022,0.8524904214559387,0.9659863945578231,0.8160919540229885,0.8847352024922118,0.6063638211542919,0.0482
0.12,0.37,0.8310502283105022,0.8524904214559387,0.9659863945578231,0.8160919540229885,0.8847352024922118,0.6063638211542919,0.0493
0.11,0.38,0.8310502283105022,0.8524904214559387,0.9659863945578231,0.8160919540229885,0.8847352024922118,0.6063638211542919,0.0505
0.14,0.34,0.8310502283105022,0.8524904214559387,0.9659863945578231,0.8160919540229885,0.8847352024922118,0.6063638211542919,0.05119999999999998
0.12,0.36,0.8310502283105022,0.8524904214559387,0.9659863945578231,0.8160919540229885,0.8847352024922118,0.6063638211542919,0.052000000000000005
0.1,0.39,0.8310502283105022,0.8524904214559387,0.9659863945578231,0.8160919540229885,0.8847352024922118,0.6063638211542919,0.052099999999999994
0.11,0.37,0.8310502283105022,0.8524904214559387,0.9659863945578231,0.8160919540229885,0.8847352024922118,0.6063638211542919,0.053000000000000005
0.1,0.38,0.8310502283105022,0.8524904214559387,0.9659863945578231,0.8160919540229885,0.8847352024922118,0.6063638211542919,0.05439999999999999
0.13,0.34,0.8310502283105022,0.8524904214559387,0.9659863945578231,0.8160919540229885,0.8847352024922118,0.6063638211542919,0.054499999999999986
0.14,0.33,0.8310502283105022,0.8524904214559387,0.9659863945578231,0.8160919540229885,0.8847352024922118,0.6063638211542919,0.054499999999999986
0.12,0.35,0.8310502283105022,0.8524904214559387,0.9659863945578231,0.8160919540229885,0.8847352024922118,0.6063638211542919,0.054900000000000004
0.11,0.36,0.8310502283105022,0.8524904214559387,0.9659863945578231,0.8160919540229885,0.8847352024922118,0.6063638211542919,0.0557
0.09,0.39,0.8310502283105022,0.8524904214559387,0.9659863945578231,0.8160919540229885,0.8847352024922118,0.6063638211542919,0.05619999999999999
0.1,0.37,0.8310502283105022,0.8524904214559387,0.9659863945578231,0.8160919540229885,0.8847352024922118,0.6063638211542919,0.05689999999999999
0.13,0.33,0.8310502283105022,0.8524904214559387,0.9659863945578231,0.8160919540229885,0.8847352024922118,0.6063638211542919,0.05779999999999999
0.09,0.38,0.8310502283105022,0.8524904214559387,0.9659863945578231,0.8160919540229885,0.8847352024922118,0.6063638211542919,0.058499999999999996
0.11,0.35,0.8310502283105022,0.8524904214559387,0.9659863945578231,0.8160919540229885,0.8847352024922118,0.6063638211542919,0.058600000000000006
0.1,0.36,0.8310502283105022,0.8524904214559387,0.9659863945578231,0.8160919540229885,0.8847352024922118,0.6063638211542919,0.0596
0.08,0.39,0.8310502283105022,0.8524904214559387,0.9659863945578231,0.8160919540229885,0.8847352024922118,0.6063638211542919,0.06049999999999999
0.09,0.37,0.8310502283105022,0.8524904214559387,0.9659863945578231,0.8160919540229885,0.8847352024922118,0.6063638211542919,0.061
0.1,0.35,0.8310502283105022,0.8524904214559387,0.9659863945578231,0.8160919540229885,0.8847352024922118,0.6063638211542919,0.0625
0.08,0.38,0.8310502283105022,0.8524904214559387,0.9659863945578231,0.8160919540229885,0.8847352024922118,0.6063638211542919,0.0628
0.09,0.36,0.8310502283105022,0.8524904214559387,0.9659863945578231,0.8160919540229885,0.8847352024922118,0.6063638211542919,0.06369999999999999
0.07,0.39,0.8310502283105022,0.8524904214559387,0.9659863945578231,0.8160919540229885,0.8847352024922118,0.6063638211542919,0.06499999999999999
0.08,0.37,0.8310502283105022,0.8524904214559387,0.9659863945578231,0.8160919540229885,0.8847352024922118,0.6063638211542919,0.0653
0.09,0.35,0.8310502283105022,0.8524904214559387,0.9659863945578231,0.8160919540229885,0.8847352024922118,0.6063638211542919,0.06659999999999999
0.07,0.38,0.8310502283105022,0.8524904214559387,0.9659863945578231,0.8160919540229885,0.8847352024922118,0.6063638211542919,0.06729999999999998
0.08,0.36,0.8310502283105022,0.8524904214559387,0.9659863945578231,0.8160919540229885,0.8847352024922118,0.6063638211542919,0.06799999999999999
0.06,0.39,0.8310502283105022,0.8524904214559387,0.9659863945578231,0.8160919540229885,0.8847352024922118,0.6063638211542919,0.0697
0.07,0.37,0.8310502283105022,0.8524904214559387,0.9659863945578231,0.8160919540229885,0.8847352024922118,0.6063638211542919,0.06979999999999999
0.08,0.35,0.8310502283105022,0.8524904214559387,0.9659863945578231,0.8160919540229885,0.8847352024922118,0.6063638211542919,0.07089999999999999
0.06,0.38,0.8310502283105022,0.8524904214559387,0.9659863945578231,0.8160919540229885,0.8847352024922118,0.6063638211542919,0.072
0.07,0.36,0.8310502283105022,0.8524904214559387,0.9659863945578231,0.8160919540229885,0.8847352024922118,0.6063638211542919,0.0725
0.06,0.37,0.8310502283105022,0.8524904214559387,0.9659863945578231,0.8160919540229885,0.8847352024922118,0.6063638211542919,0.0745
0.05,0.39,0.8310502283105022,0.8524904214559387,0.9659863945578231,0.8160919540229885,0.8847352024922118,0.6063638211542919,0.0746
0.07,0.35,0.8310502283105022,0.8524904214559387,0.9659863945578231,0.8160919540229885,0.8847352024922118,0.6063638211542919,0.0754
0.05,0.38,0.8310502283105022,0.8524904214559387,0.9659863945578231,0.8160919540229885,0.8847352024922118,0.6063638211542919,0.0769
0.06,0.36,0.8310502283105022,0.8524904214559387,0.9659863945578231,0.8160919540229885,0.8847352024922118,0.6063638211542919,0.0772
0.05,0.37,0.8310502283105022,0.8524904214559387,0.9659863945578231,0.8160919540229885,0.8847352024922118,0.6063638211542919,0.0794
0.04,0.39,0.8310502283105022,0.8524904214559387,0.9659863945578231,0.8160919540229885,0.8847352024922118,0.6063638211542919,0.07970000000000001
0.06,0.35,0.8310502283105022,0.8524904214559387,0.9659863945578231,0.8160919540229885,0.8847352024922118,0.6063638211542919,0.0801
0.04,0.38,0.8310502283105022,0.8524904214559387,0.9659863945578231,0.8160919540229885,0.8847352024922118,0.6063638211542919,0.082
0.05,0.36,0.8310502283105022,0.8524904214559387,0.9659863945578231,0.8160919540229885,0.8847352024922118,0.6063638211542919,0.0821
0.04,0.37,0.8310502283105022,0.8524904214559387,0.9659863945578231,0.8160919540229885,0.8847352024922118,0.6063638211542919,0.0845
0.03,0.39,0.8310502283105022,0.8524904214559387,0.9659863945578231,0.8160919540229885,0.8847352024922118,0.6063638211542919,0.085
0.05,0.35,0.8310502283105022,0.8524904214559387,0.9659863945578231,0.8160919540229885,0.8847352024922118,0.6063638211542919,0.085
0.04,0.36,0.8310502283105022,0.8524904214559387,0.9659863945578231,0.8160919540229885,0.8847352024922118,0.6063638211542919,0.08720000000000001
0.03,0.38,0.8310502283105022,0.8524904214559387,0.9659863945578231,0.8160919540229885,0.8847352024922118,0.6063638211542919,0.0873
0.03,0.37,0.8310502283105022,0.8524904214559387,0.9659863945578231,0.8160919540229885,0.8847352024922118,0.6063638211542919,0.0898
0.04,0.35,0.8310502283105022,0.8524904214559387,0.9659863945578231,0.8160919540229885,0.8847352024922118,0.6063638211542919,0.09010000000000001
0.02,0.39,0.8310502283105022,0.8524904214559387,0.9659863945578231,0.8160919540229885,0.8847352024922118,0.6063638211542919,0.09049999999999998
0.03,0.36,0.8310502283105022,0.8524904214559387,0.9659863945578231,0.8160919540229885,0.8847352024922118,0.6063638211542919,0.09250000000000001
0.02,0.38,0.8310502283105022,0.8524904214559387,0.9659863945578231,0.8160919540229885,0.8847352024922118,0.6063638211542919,0.09279999999999998
0.02,0.37,0.8310502283105022,0.8524904214559387,0.9659863945578231,0.8160919540229885,0.8847352024922118,0.6063638211542919,0.09529999999999998
0.03,0.35,0.8310502283105022,0.8524904214559387,0.9659863945578231,0.8160919540229885,0.8847352024922118,0.6063638211542919,0.09540000000000001
0.01,0.39,0.8310502283105022,0.8524904214559387,0.9659863945578231,0.8160919540229885,0.8847352024922118,0.6063638211542919,0.0962
0.02,0.36,0.8310502283105022,0.8524904214559387,0.9659863945578231,0.8160919540229885,0.8847352024922118,0.6063638211542919,0.09799999999999999
0.01,0.38,0.8310502283105022,0.8524904214559387,0.9659863945578231,0.8160919540229885,0.8847352024922118,0.6063638211542919,0.09849999999999999
0.02,0.35,0.8310502283105022,0.8524904214559387,0.9659863945578231,0.8160919540229885,0.8847352024922118,0.6063638211542919,0.10089999999999999
0.01,0.37,0.8310502283105022,0.8524904214559387,0.9659863945578231,0.8160919540229885,0.8847352024922118,0.6063638211542919,0.10099999999999999
0.01,0.36,0.8310502283105022,0.8524904214559387,0.9659863945578231,0.8160919540229885,0.8847352024922118,0.6063638211542919,0.1037
0.01,0.35,0.8310502283105022,0.8524904214559387,0.9659863945578231,0.8160919540229885,0.8847352024922118,0.6063638211542919,0.1066
0.25,0.3,0.817351598173516,0.8521072796934865,0.971830985915493,0.7931034482758621,0.8734177215189873,0.5959315052274092,0.04250000000000001
0.25,0.29,0.817351598173516,0.8521072796934865,0.971830985915493,0.7931034482758621,0.8734177215189873,0.5959315052274092,0.0466
0.24,0.25,0.8401826484018264,0.8500000000000001,0.9602649006622517,0.8333333333333334,0.8923076923076924,0.6112740945753142,0.0661
0.2,0.34,0.8264840182648402,0.8496168582375478,0.9657534246575342,0.8103448275862069,0.88125,0.5993291268567301,0.035599999999999986
0.14,0.39,0.8264840182648402,0.8496168582375478,0.9657534246575342,0.8103448275862069,0.88125,0.5993291268567301,0.03769999999999999
0.19,0.34,0.8264840182648402,0.8496168582375478,0.9657534246575342,0.8103448275862069,0.88125,0.5993291268567301,0.03769999999999999
0.2,0.33,0.8264840182648402,0.8496168582375478,0.9657534246575342,0.8103448275862069,0.88125,0.5993291268567301,0.03889999999999999
0.14,0.38,0.8264840182648402,0.8496168582375478,0.9657534246575342,0.8103448275862069,0.88125,0.5993291268567301,0.039999999999999994
0.18,0.34,0.8264840182648402,0.8496168582375478,0.9657534246575342,0.8103448275862069,0.88125,0.5993291268567301,0.039999999999999994
0.13,0.39,0.8264840182648402,0.8496168582375478,0.9657534246575342,0.8103448275862069,0.88125,0.5993291268567301,0.040999999999999995
0.19,0.33,0.8264840182648402,0.8496168582375478,0.9657534246575342,0.8103448275862069,0.88125,0.5993291268567301,0.040999999999999995
0.23,0.31,0.8264840182648402,0.8496168582375478,0.9657534246575342,0.8103448275862069,0.88125,0.5993291268567301,0.040999999999999995
0.12,0.4,0.8264840182648402,0.8496168582375478,0.9657534246575342,0.8103448275862069,0.88125,0.5993291268567301,0.04239999999999999
0.2,0.32,0.8264840182648402,0.8496168582375478,0.9657534246575342,0.8103448275862069,0.88125,0.5993291268567301,0.04239999999999999
0.17,0.34,0.8264840182648402,0.8496168582375478,0.9657534246575342,0.8103448275862069,0.88125,0.5993291268567301,0.04249999999999998
0.14,0.37,0.8264840182648402,0.8496168582375478,0.9657534246575342,0.8103448275862069,0.88125,0.5993291268567301,0.042499999999999996
0.22,0.31,0.8264840182648402,0.8496168582375478,0.9657534246575342,0.8103448275862069,0.88125,0.5993291268567301,0.042499999999999996
0.13,0.38,0.8264840182648402,0.8496168582375478,0.9657534246575342,0.8103448275862069,0.88125,0.5993291268567301,0.04329999999999999
0.18,0.33,0.8264840182648402,0.8496168582375478,0.9657534246575342,0.8103448275862069,0.88125,0.5993291268567301,0.04329999999999999
0.21,0.31,0.8264840182648402,0.8496168582375478,0.9657534246575342,0.8103448275862069,0.88125,0.5993291268567301,0.0442
0.14,0.36,0.8264840182648402,0.8496168582375478,0.9657534246575342,0.8103448275862069,0.88125,0.5993291268567301,0.04519999999999999
0.16,0.34,0.8264840182648402,0.8496168582375478,0.9657534246575342,0.8103448275862069,0.88125,0.5993291268567301,0.04519999999999999
0.13,0.37,0.8264840182648402,0.8496168582375478,0.9657534246575342,0.8103448275862069,0.88125,0.5993291268567301,0.045799999999999993
0.17,0.33,0.8264840182648402,0.8496168582375478,0.9657534246575342,0.8103448275862069,0.88125,0.5993291268567301,0.045799999999999993
0.11,0.4,0.8264840182648402,0.8496168582375478,0.9657534246575342,0.8103448275862069,0.88125,0.5993291268567301,0.046099999999999995
0.15,0.34,0.8264840182648402,0.8496168582375478,0.9657534246575342,0.8103448275862069,0.88125,0.5993291268567301,0.04809999999999999
0.14,0.35,0.8264840182648402,0.8496168582375478,0.9657534246575342,0.8103448275862069,0.88125,0.5993291268567301,0.0481
0.16,0.33,0.8264840182648402,0.8496168582375478,0.9657534246575342,0.8103448275862069,0.88125,0.5993291268567301,0.04849999999999999
0.13,0.36,0.8264840182648402,0.8496168582375478,0.9657534246575342,0.8103448275862069,0.88125,0.5993291268567301,0.0485
0.1,0.4,0.8264840182648402,0.8496168582375478,0.9657534246575342,0.8103448275862069,0.88125,0.5993291268567301,0.04999999999999999
0.15,0.33,0.8264840182648402,0.8496168582375478,0.9657534246575342,0.8103448275862069,0.88125,0.5993291268567301,0.051399999999999994
0.13,0.35,0.8264840182648402,0.8496168582375478,0.9657534246575342,0.8103448275862069,0.88125,0.5993291268567301,0.0514
0.24,0.28,0.8264840182648402,0.8496168582375478,0.9657534246575342,0.8103448275862069,0.88125,0.5993291268567301,0.05199999999999999
0.09,0.4,0.8264840182648402,0.8496168582375478,0.9657534246575342,0.8103448275862069,0.88125,0.5993291268567301,0.05409999999999999
0.24,0.27,0.8264840182648402,0.8496168582375478,0.9657534246575342,0.8103448275862069,0.88125,0.5993291268567301,0.05649999999999999
0.08,0.4,0.8264840182648402,0.8496168582375478,0.9657534246575342,0.8103448275862069,0.88125,0.5993291268567301,0.05839999999999999
0.24,0.26,0.8264840182648402,0.8496168582375478,0.9657534246575342,0.8103448275862069,0.88125,0.5993291268567301,0.0612
0.07,0.4,0.8264840182648402,0.8496168582375478,0.9657534246575342,0.8103448275862069,0.88125,0.5993291268567301,0.06289999999999998
0.06,0.4,0.8264840182648402,0.8496168582375478,0.9657534246575342,0.8103448275862069,0.88125,0.5993291268567301,0.0676
0.05,0.4,0.8264840182648402,0.8496168582375478,0.9657534246575342,0.8103448275862069,0.88125,0.5993291268567301,0.0725
0.04,0.4,0.8264840182648402,0.8496168582375478,0.9657534246575342,0.8103448275862069,0.88125,0.5993291268567301,0.0776
0.03,0.4,0.8264840182648402,0.8496168582375478,0.9657534246575342,0.8103448275862069,0.88125,0.5993291268567301,0.0829
0.02,0.4,0.8264840182648402,0.8496168582375478,0.9657534246575342,0.8103448275862069,0.88125,0.5993291268567301,0.08839999999999998
0.01,0.4,0.8264840182648402,0.8496168582375478,0.9657534246575342,0.8103448275862069,0.88125,0.5993291268567301,0.09409999999999999
0.28,0.24,0.7990867579908676,0.8488505747126437,0.9779411764705882,0.764367816091954,0.8580645161290322,0.5810878824701519,0.068
0.28,0.23,0.7990867579908676,0.8488505747126437,0.9779411764705882,0.764367816091954,0.8580645161290322,0.5810878824701519,0.0733
0.28,0.22,0.7990867579908676,0.8488505747126437,0.9779411764705882,0.764367816091954,0.8580645161290322,0.5810878824701519,0.07880000000000001
0.28,0.21,0.7990867579908676,0.8488505747126437,0.9779411764705882,0.764367816091954,0.8580645161290322,0.5810878824701519,0.08450000000000002
0.28,0.2,0.7990867579908676,0.8488505747126437,0.9779411764705882,0.764367816091954,0.8580645161290322,0.5810878824701519,0.0904
0.28,0.19,0.7990867579908676,0.8488505747126437,0.9779411764705882,0.764367816091954,0.8580645161290322,0.5810878824701519,0.0965
0.28,0.18,0.7990867579908676,0.8488505747126437,0.9779411764705882,0.764367816091954,0.8580645161290322,0.5810878824701519,0.1028
0.28,0.17,0.7990867579908676,0.8488505747126437,0.9779411764705882,0.764367816091954,0.8580645161290322,0.5810878824701519,0.10929999999999997
0.28,0.16,0.7990867579908676,0.8488505747126437,0.9779411764705882,0.764367816091954,0.8580645161290322,0.5810878824701519,0.11599999999999998
0.28,0.15,0.7990867579908676,0.8488505747126437,0.9779411764705882,0.764367816091954,0.8580645161290322,0.5810878824701519,0.12289999999999998
0.2,0.39,0.821917808219178,0.8467432950191571,0.9655172413793104,0.8045977011494253,0.877742946708464,0.5924055076938011,0.022099999999999995
0.19,0.39,0.821917808219178,0.8467432950191571,0.9655172413793104,0.8045977011494253,0.877742946708464,0.5924055076938011,0.024199999999999996
0.2,0.38,0.821917808219178,0.8467432950191571,0.9655172413793104,0.8045977011494253,0.877742946708464,0.5924055076938011,0.024399999999999995
0.18,0.39,0.821917808219178,0.8467432950191571,0.9655172413793104,0.8045977011494253,0.877742946708464,0.5924055076938011,0.026499999999999996
0.19,0.38,0.821917808219178,0.8467432950191571,0.9655172413793104,0.8045977011494253,0.877742946708464,0.5924055076938011,0.026499999999999996
0.2,0.37,0.821917808219178,0.8467432950191571,0.9655172413793104,0.8045977011494253,0.877742946708464,0.5924055076938011,0.026899999999999997
0.18,0.38,0.821917808219178,0.8467432950191571,0.9655172413793104,0.8045977011494253,0.877742946708464,0.5924055076938011,0.0288
0.17,0.39,0.821917808219178,0.8467432950191571,0.9655172413793104,0.8045977011494253,0.877742946708464,0.5924055076938011,0.02899999999999999
0.19,0.37,0.821917808219178,0.8467432950191571,0.9655172413793104,0.8045977011494253,0.877742946708464,0.5924055076938011,0.028999999999999998
0.2,0.36,0.821917808219178,0.8467432950191571,0.9655172413793104,0.8045977011494253,0.877742946708464,0.5924055076938011,0.029599999999999998
0.23,0.34,0.821917808219178,0.8467432950191571,0.9655172413793104,0.8045977011494253,0.877742946708464,0.5924055076938011,0.03049999999999999
0.17,0.38,0.821917808219178,0.8467432950191571,0.9655172413793104,0.8045977011494253,0.877742946708464,0.5924055076938011,0.031299999999999994
0.18,0.37,0.821917808219178,0.8467432950191571,0.9655172413793104,0.8045977011494253,0.877742946708464,0.5924055076938011,0.0313
0.16,0.39,0.821917808219178,0.8467432950191571,0.9655172413793104,0.8045977011494253,0.877742946708464,0.5924055076938011,0.03169999999999999
0.19,0.36,0.821917808219178,0.8467432950191571,0.9655172413793104,0.8045977011494253,0.877742946708464,0.5924055076938011,0.0317
0.22,0.34,0.821917808219178,0.8467432950191571,0.9655172413793104,0.8045977011494253,0.877742946708464,0.5924055076938011,0.03199999999999999
0.2,0.35,0.821917808219178,0.8467432950191571,0.9655172413793104,0.8045977011494253,0.877742946708464,0.5924055076938011,0.0325
0.21,0.34,0.821917808219178,0.8467432950191571,0.9655172413793104,0.8045977011494253,0.877742946708464,0.5924055076938011,0.033699999999999994
0.23,0.33,0.821917808219178,0.8467432950191571,0.9655172413793104,0.8045977011494253,0.877742946708464,0.5924055076938011,0.03379999999999999
0.17,0.37,0.821917808219178,0.8467432950191571,0.9655172413793104,0.8045977011494253,0.877742946708464,0.5924055076938011,0.0338
0.16,0.38,0.821917808219178,0.8467432950191571,0.9655172413793104,0.8045977011494253,0.877742946708464,0.5924055076938011,0.033999999999999996
0.18,0.36,0.821917808219178,0.8467432950191571,0.9655172413793104,0.8045977011494253,0.877742946708464,0.5924055076938011,0.034
0.15,0.39,0.821917808219178,0.8467432950191571,0.9655172413793104,0.8045977011494253,0.877742946708464,0.5924055076938011,0.0346
0.19,0.35,0.821917808219178,0.8467432950191571,0.9655172413793104,0.8045977011494253,0.877742946708464,0.5924055076938011,0.034600000000000006
0.22,0.33,0.821917808219178,0.8467432950191571,0.9655172413793104,0.8045977011494253,0.877742946708464,0.5924055076938011,0.03529999999999999
0.14,0.4,0.821917808219178,0.8467432950191571,0.9655172413793104,0.8045977011494253,0.877742946708464,0.5924055076938011,0.035599999999999986
0.16,0.37,0.821917808219178,0.8467432950191571,0.9655172413793104,0.8045977011494253,0.877742946708464,0.5924055076938011,0.0365
0.17,0.36,0.821917808219178,0.8467432950191571,0.9655172413793104,0.8045977011494253,0.877742946708464,0.5924055076938011,0.0365
0.15,0.38,0.821917808219178,0.8467432950191571,0.9655172413793104,0.8045977011494253,0.877742946708464,0.5924055076938011,0.0369
0.18,0.35,0.821917808219178,0.8467432950191571,0.9655172413793104,0.8045977011494253,0.877742946708464,0.5924055076938011,0.0369
0.21,0.33,0.821917808219178,0.8467432950191571,0.9655172413793104,0.8045977011494253,0.877742946708464,0.5924055076938011,0.03699999999999999
0.23,0.32,0.821917808219178,0.8467432950191571,0.9655172413793104,0.8045977011494253,0.877742946708464,0.5924055076938011,0.03729999999999999
0.22,0.32,0.821917808219178,0.8467432950191571,0.9655172413793104,0.8045977011494253,0.877742946708464,0.5924055076938011,0.038799999999999994
0.13,0.4,0.821917808219178,0.8467432950191571,0.9655172413793104,0.8045977011494253,0.877742946708464,0.5924055076938011,0.03889999999999999
0.16,0.36,0.821917808219178,0.8467432950191571,0.9655172413793104,0.8045977011494253,0.877742946708464,0.5924055076938011,0.0392
0.15,0.37,0.821917808219178,0.8467432950191571,0.9655172413793104,0.8045977011494253,0.877742946708464,0.5924055076938011,0.039400000000000004
0.17,0.35,0.821917808219178,0.8467432950191571,0.9655172413793104,0.8045977011494253,0.877742946708464,0.5924055076938011,0.039400000000000004
0.21,0.32,0.821917808219178,0.8467432950191571,0.9655172413793104,0.8045977011494253,0.877742946708464,0.5924055076938011,0.040499999999999994
0.15,0.36,0.821917808219178,0.8467432950191571,0.9655172413793104,0.8045977011494253,0.877742946708464,0.5924055076938011,0.0421
0.16,0.35,0.821917808219178,0.8467432950191571,0.9655172413793104,0.8045977011494253,0.877742946708464,0.5924055076938011,0.0421
0.24,0.3,0.821917808219178,0.8467432950191571,0.9655172413793104,0.8045977011494253,0.877742946708464,0.5924055076938011,0.04360000000000001
0.15,0.35,0.821917808219178,0.8467432950191571,0.9655172413793104,0.8045977011494253,0.877742946708464,0.5924055076938011,0.045000000000000005
0.24,0.29,0.821917808219178,0.8467432950191571,0.9655172413793104,0.8045977011494253,0.877742946708464,0.5924055076938011,0.047700000000000006
0.25,0.39,0.8082191780821918,0.846360153256705,0.9714285714285714,0.7816091954022989,0.8662420382165605,0.5828559527974806,0.014599999999999997
0.25,0.38,0.8082191780821918,0.846360153256705,0.9714285714285714,0.7816091954022989,0.8662420382165605,0.5828559527974806,0.0169
0.25,0.37,0.8082191780821918,0.846360153256705,0.9714285714285714,0.7816091954022989,0.8662420382165605,0.5828559527974806,0.0194
0.25,0.36,0.8082191780821918,0.846360153256705,0.9714285714285714,0.7816091954022989,0.8662420382165605,0.5828559527974806,0.0221
0.25,0.35,0.8082191780821918,0.846360153256705,0.9714285714285714,0.7816091954022989,0.8662420382165605,0.5828559527974806,0.025000000000000005
0.25,0.34,0.8082191780821918,0.846360153256705,0.9714285714285714,0.7816091954022989,0.8662420382165605,0.5828559527974806,0.02809999999999999
0.25,0.33,0.8082191780821918,0.846360153256705,0.9714285714285714,0.7816091954022989,0.8662420382165605,0.5828559527974806,0.0314
0.25,0.32,0.8082191780821918,0.846360153256705,0.9714285714285714,0.7816091954022989,0.8662420382165605,0.5828559527974806,0.0349
0.25,0.31,0.8082191780821918,0.846360153256705,0.9714285714285714,0.7816091954022989,0.8662420382165605,0.5828559527974806,0.038599999999999995
0.27,0.24,0.8082191780821918,0.846360153256705,0.9714285714285714,0.7816091954022989,0.8662420382165605,0.5828559527974806,0.0685
0.27,0.23,0.8082191780821918,0.846360153256705,0.9714285714285714,0.7816091954022989,0.8662420382165605,0.5828559527974806,0.0738
0.27,0.22,0.8082191780821918,0.846360153256705,0.9714285714285714,0.7816091954022989,0.8662420382165605,0.5828559527974806,0.07930000000000001
0.27,0.21,0.8082191780821918,0.846360153256705,0.9714285714285714,0.7816091954022989,0.8662420382165605,0.5828559527974806,0.08500000000000002
0.27,0.2,0.8082191780821918,0.846360153256705,0.9714285714285714,0.7816091954022989,0.8662420382165605,0.5828559527974806,0.0909
0.27,0.19,0.8082191780821918,0.846360153256705,0.9714285714285714,0.7816091954022989,0.8662420382165605,0.5828559527974806,0.097
0.27,0.18,0.8082191780821918,0.846360153256705,0.9714285714285714,0.7816091954022989,0.8662420382165605,0.5828559527974806,0.1033
0.27,0.17,0.8082191780821918,0.846360153256705,0.9714285714285714,0.7816091954022989,0.8662420382165605,0.5828559527974806,0.10979999999999997
0.27,0.16,0.8082191780821918,0.846360153256705,0.9714285714285714,0.7816091954022989,0.8662420382165605,0.5828559527974806,0.11649999999999998
0.27,0.15,0.8082191780821918,0.846360153256705,0.9714285714285714,0.7816091954022989,0.8662420382165605,0.5828559527974806,0.12339999999999998
0.23,0.39,0.817351598173516,0.8438697318007662,0.9652777777777778,0.7988505747126436,0.8742138364779874,0.5855890522382737,0.016999999999999994
0.22,0.39,0.817351598173516,0.8438697318007662,0.9652777777777778,0.7988505747126436,0.8742138364779874,0.5855890522382737,0.018499999999999996
0.23,0.38,0.817351598173516,0.8438697318007662,0.9652777777777778,0.7988505747126436,0.8742138364779874,0.5855890522382737,0.019299999999999998
0.2,0.4,0.817351598173516,0.8438697318007662,0.9652777777777778,0.7988505747126436,0.8742138364779874,0.5855890522382737,0.01999999999999999
0.21,0.39,0.817351598173516,0.8438697318007662,0.9652777777777778,0.7988505747126436,0.8742138364779874,0.5855890522382737,0.020199999999999996
0.22,0.38,0.817351598173516,0.8438697318007662,0.9652777777777778,0.7988505747126436,0.8742138364779874,0.5855890522382737,0.0208
0.23,0.37,0.817351598173516,0.8438697318007662,0.9652777777777778,0.7988505747126436,0.8742138364779874,0.5855890522382737,0.0218
0.19,0.4,0.817351598173516,0.8438697318007662,0.9652777777777778,0.7988505747126436,0.8742138364779874,0.5855890522382737,0.022099999999999995
0.21,0.38,0.817351598173516,0.8438697318007662,0.9652777777777778,0.7988505747126436,0.8742138364779874,0.5855890522382737,0.0225
0.22,0.37,0.817351598173516,0.8438697318007662,0.9652777777777778,0.7988505747126436,0.8742138364779874,0.5855890522382737,0.0233
0.18,0.4,0.817351598173516,0.8438697318007662,0.9652777777777778,0.7988505747126436,0.8742138364779874,0.5855890522382737,0.024399999999999995
0.23,0.36,0.817351598173516,0.8438697318007662,0.9652777777777778,0.7988505747126436,0.8742138364779874,0.5855890522382737,0.0245
0.21,0.37,0.817351598173516,0.8438697318007662,0.9652777777777778,0.7988505747126436,0.8742138364779874,0.5855890522382737,0.025
0.22,0.36,0.817351598173516,0.8438697318007662,0.9652777777777778,0.7988505747126436,0.8742138364779874,0.5855890522382737,0.026000000000000002
0.17,0.4,0.817351598173516,0.8438697318007662,0.9652777777777778,0.7988505747126436,0.8742138364779874,0.5855890522382737,0.02689999999999999
0.23,0.35,0.817351598173516,0.8438697318007662,0.9652777777777778,0.7988505747126436,0.8742138364779874,0.5855890522382737,0.027400000000000004
0.21,0.36,0.817351598173516,0.8438697318007662,0.9652777777777778,0.7988505747126436,0.8742138364779874,0.5855890522382737,0.027700000000000002
0.22,0.35,0.817351598173516,0.8438697318007662,0.9652777777777778,0.7988505747126436,0.8742138364779874,0.5855890522382737,0.028900000000000002
0.16,0.4,0.817351598173516,0.8438697318007662,0.9652777777777778,0.7988505747126436,0.8742138364779874,0.5855890522382737,0.02959999999999999
0.21,0.35,0.817351598173516,0.8438697318007662,0.9652777777777778,0.7988505747126436,0.8742138364779874,0.5855890522382737,0.030600000000000006
0.15,0.4,0.817351598173516,0.8438697318007662,0.9652777777777778,0.7988505747126436,0.8742138364779874,0.5855890522382737,0.032499999999999994
0.26,0.24,0.817351598173516,0.8438697318007662,0.9652777777777778,0.7988505747126436,0.8742138364779874,0.5855890522382737,0.06920000000000001
0.26,0.23,0.817351598173516,0.8438697318007662,0.9652777777777778,0.7988505747126436,0.8742138364779874,0.5855890522382737,0.07450000000000001
0.26,0.22,0.817351598173516,0.8438697318007662,0.9652777777777778,0.7988505747126436,0.8742138364779874,0.5855890522382737,0.08000000000000002
0.26,0.21,0.817351598173516,0.8438697318007662,0.9652777777777778,0.7988505747126436,0.8742138364779874,0.5855890522382737,0.08570000000000003
0.26,0.2,0.817351598173516,0.8438697318007662,0.9652777777777778,0.7988505747126436,0.8742138364779874,0.5855890522382737,0.0916
0.26,0.19,0.817351598173516,0.8438697318007662,0.9652777777777778,0.7988505747126436,0.8742138364779874,0.5855890522382737,0.09770000000000001
0.26,0.18,0.817351598173516,0.8438697318007662,0.9652777777777778,0.7988505747126436,0.8742138364779874,0.5855890522382737,0.10400000000000001
0.26,0.17,0.817351598173516,0.8438697318007662,0.9652777777777778,0.7988505747126436,0.8742138364779874,0.5855890522382737,0.11049999999999997
0.26,0.16,0.817351598173516,0.8438697318007662,0.9652777777777778,0.7988505747126436,0.8742138364779874,0.5855890522382737,0.11719999999999998
0.26,0.15,0.817351598173516,0.8438697318007662,0.9652777777777778,0.7988505747126436,0.8742138364779874,0.5855890522382737,0.12409999999999999
0.25,0.4,0.8036529680365296,0.8434865900383142,0.9712230215827338,0.7758620689655172,0.8626198083067093,0.5764587950694883,0.012499999999999994
0.23,0.4,0.8127853881278538,0.8409961685823755,0.965034965034965,0.7931034482758621,0.8706624605678234,0.5788760225082894,0.014899999999999993
0.24,0.39,0.8127853881278538,0.8409961685823755,0.965034965034965,0.7931034482758621,0.8706624605678234,0.5788760225082894,0.0157
0.22,0.4,0.8127853881278538,0.8409961685823755,0.965034965034965,0.7931034482758621,0.8706624605678234,0.5788760225082894,0.01639999999999999
0.24,0.38,0.8127853881278538,0.8409961685823755,0.965034965034965,0.7931034482758621,0.8706624605678234,0.5788760225082894,0.018
0.21,0.4,0.8127853881278538,0.8409961685823755,0.965034965034965,0.7931034482758621,0.8706624605678234,0.5788760225082894,0.018099999999999995
0.24,0.37,0.8127853881278538,0.8409961685823755,0.965034965034965,0.7931034482758621,0.8706624605678234,0.5788760225082894,0.0205
0.24,0.36,0.8127853881278538,0.8409961685823755,0.965034965034965,0.7931034482758621,0.8706624605678234,0.5788760225082894,0.023200000000000002
0.24,0.35,0.8127853881278538,0.8409961685823755,0.965034965034965,0.7931034482758621,0.8706624605678234,0.5788760225082894,0.026100000000000005
0.24,0.34,0.8127853881278538,0.8409961685823755,0.965034965034965,0.7931034482758621,0.8706624605678234,0.5788760225082894,0.02919999999999999
0.24,0.33,0.8127853881278538,0.8409961685823755,0.965034965034965,0.7931034482758621,0.8706624605678234,0.5788760225082894,0.032499999999999994
0.24,0.32,0.8127853881278538,0.8409961685823755,0.965034965034965,0.7931034482758621,0.8706624605678234,0.5788760225082894,0.036
0.24,0.31,0.8127853881278538,0.8409961685823755,0.965034965034965,0.7931034482758621,0.8706624605678234,0.5788760225082894,0.0397
0.28,0.14,0.7990867579908676,0.8406130268199233,0.9710144927536232,0.7701149425287356,0.8589743589743589,0.5701512459008287,0.13
0.28,0.13,0.7990867579908676,0.8406130268199233,0.9710144927536232,0.7701149425287356,0.8589743589743589,0.5701512459008287,0.1373
0.28,0.12,0.7990867579908676,0.8406130268199233,0.9710144927536232,0.7701149425287356,0.8589743589743589,0.5701512459008287,0.1448
0.28,0.11,0.7990867579908676,0.8406130268199233,0.9710144927536232,0.7701149425287356,0.8589743589743589,0.5701512459008287,0.15250000000000002
0.28,0.1,0.7990867579908676,0.8406130268199233,0.9710144927536232,0.7701149425287356,0.8589743589743589,0.5701512459008287,0.16040000000000004
0.28,0.09,0.7990867579908676,0.8406130268199233,0.9710144927536232,0.7701149425287356,0.8589743589743589,0.5701512459008287,0.16850000000000004
0.28,0.08,0.7990867579908676,0.8406130268199233,0.9710144927536232,0.7701149425287356,0.8589743589743589,0.5701512459008287,0.17679999999999998
0.28,0.07,0.7990867579908676,0.8406130268199233,0.9710144927536232,0.7701149425287356,0.8589743589743589,0.5701512459008287,0.1853
0.28,0.06,0.7990867579908676,0.8406130268199233,0.9710144927536232,0.7701149425287356,0.8589743589743589,0.5701512459008287,0.194
0.28,0.05,0.7990867579908676,0.8406130268199233,0.9710144927536232,0.7701149425287356,0.8589743589743589,0.5701512459008287,0.20290000000000002
0.28,0.04,0.7990867579908676,0.8406130268199233,0.9710144927536232,0.7701149425287356,0.8589743589743589,0.5701512459008287,0.21200000000000002
0.28,0.03,0.7990867579908676,0.8406130268199233,0.9710144927536232,0.7701149425287356,0.8589743589743589,0.5701512459008287,0.2213
0.28,0.02,0.7990867579908676,0.8406130268199233,0.9710144927536232,0.7701149425287356,0.8589743589743589,0.5701512459008287,0.2308
0.28,0.01,0.7990867579908676,0.8406130268199233,0.9710144927536232,0.7701149425287356,0.8589743589743589,0.5701512459008287,0.2405
0.28,0.0,0.7990867579908676,0.8406130268199233,0.9710144927536232,0.7701149425287356,0.8589743589743589,0.5701512459008287,0.2504
0.24,0.4,0.8082191780821918,0.8381226053639846,0.9647887323943662,0.7873563218390804,0.8670886075949367,0.5722628437031433,0.013599999999999994
0.12,0.41,0.8082191780821918,0.8381226053639846,0.9647887323943662,0.7873563218390804,0.8670886075949367,0.5722628437031433,0.0405
0.11,0.41,0.8082191780821918,0.8381226053639846,0.9647887323943662,0.7873563218390804,0.8670886075949367,0.5722628437031433,0.0442
0.1,0.41,0.8082191780821918,0.8381226053639846,0.9647887323943662,0.7873563218390804,0.8670886075949367,0.5722628437031433,0.0481
0.09,0.41,0.8082191780821918,0.8381226053639846,0.9647887323943662,0.7873563218390804,0.8670886075949367,0.5722628437031433,0.052199999999999996
0.08,0.41,0.8082191780821918,0.8381226053639846,0.9647887323943662,0.7873563218390804,0.8670886075949367,0.5722628437031433,0.056499999999999995
0.07,0.41,0.8082191780821918,0.8381226053639846,0.9647887323943662,0.7873563218390804,0.8670886075949367,0.5722628437031433,0.06099999999999999
0.06,0.41,0.8082191780821918,0.8381226053639846,0.9647887323943662,0.7873563218390804,0.8670886075949367,0.5722628437031433,0.06570000000000001
0.05,0.41,0.8082191780821918,0.8381226053639846,0.9647887323943662,0.7873563218390804,0.8670886075949367,0.5722628437031433,0.07060000000000001
0.04,0.41,0.8082191780821918,0.8381226053639846,0.9647887323943662,0.7873563218390804,0.8670886075949367,0.5722628437031433,0.07570000000000002
0.03,0.41,0.8082191780821918,0.8381226053639846,0.9647887323943662,0.7873563218390804,0.8670886075949367,0.5722628437031433,0.08100000000000002
0.02,0.41,0.8082191780821918,0.8381226053639846,0.9647887323943662,0.7873563218390804,0.8670886075949367,0.5722628437031433,0.0865
0.01,0.41,0.8082191780821918,0.8381226053639846,0.9647887323943662,0.7873563218390804,0.8670886075949367,0.5722628437031433,0.0922
0.27,0.14,0.8082191780821918,0.8381226053639846,0.9647887323943662,0.7873563218390804,0.8670886075949367,0.5722628437031433,0.1305
0.27,0.13,0.8082191780821918,0.8381226053639846,0.9647887323943662,0.7873563218390804,0.8670886075949367,0.5722628437031433,0.1378
0.27,0.12,0.8082191780821918,0.8381226053639846,0.9647887323943662,0.7873563218390804,0.8670886075949367,0.5722628437031433,0.1453
0.27,0.11,0.8082191780821918,0.8381226053639846,0.9647887323943662,0.7873563218390804,0.8670886075949367,0.5722628437031433,0.15300000000000002
0.27,0.1,0.8082191780821918,0.8381226053639846,0.9647887323943662,0.7873563218390804,0.8670886075949367,0.5722628437031433,0.16090000000000004
0.27,0.09,0.8082191780821918,0.8381226053639846,0.9647887323943662,0.7873563218390804,0.8670886075949367,0.5722628437031433,0.16900000000000004
0.27,0.08,0.8082191780821918,0.8381226053639846,0.9647887323943662,0.7873563218390804,0.8670886075949367,0.5722628437031433,0.17729999999999999
0.27,0.07,0.8082191780821918,0.8381226053639846,0.9647887323943662,0.7873563218390804,0.8670886075949367,0.5722628437031433,0.1858
0.27,0.06,0.8082191780821918,0.8381226053639846,0.9647887323943662,0.7873563218390804,0.8670886075949367,0.5722628437031433,0.1945
0.27,0.05,0.8082191780821918,0.8381226053639846,0.9647887323943662,0.7873563218390804,0.8670886075949367,0.5722628437031433,0.20340000000000003
0.27,0.04,0.8082191780821918,0.8381226053639846,0.9647887323943662,0.7873563218390804,0.8670886075949367,0.5722628437031433,0.21250000000000002
0.27,0.03,0.8082191780821918,0.8381226053639846,0.9647887323943662,0.7873563218390804,0.8670886075949367,0.5722628437031433,0.2218
0.27,0.02,0.8082191780821918,0.8381226053639846,0.9647887323943662,0.7873563218390804,0.8670886075949367,0.5722628437031433,0.2313
0.27,0.01,0.8082191780821918,0.8381226053639846,0.9647887323943662,0.7873563218390804,0.8670886075949367,0.5722628437031433,0.241
0.27,0.0,0.8082191780821918,0.8381226053639846,0.9647887323943662,0.7873563218390804,0.8670886075949367,0.5722628437031433,0.2509
0.26,0.14,0.817351598173516,0.8356321839080461,0.958904109589041,0.8045977011494253,0.875,0.575355961782461,0.13119999999999998
0.26,0.13,0.817351598173516,0.8356321839080461,0.958904109589041,0.8045977011494253,0.875,0.575355961782461,0.13849999999999998
0.26,0.12,0.817351598173516,0.8356321839080461,0.958904109589041,0.8045977011494253,0.875,0.575355961782461,0.146
0.26,0.11,0.817351598173516,0.8356321839080461,0.958904109589041,0.8045977011494253,0.875,0.575355961782461,0.1537
0.26,0.1,0.817351598173516,0.8356321839080461,0.958904109589041,0.8045977011494253,0.875,0.575355961782461,0.16160000000000002
0.26,0.09,0.817351598173516,0.8356321839080461,0.958904109589041,0.8045977011494253,0.875,0.575355961782461,0.16970000000000002
0.26,0.08,0.817351598173516,0.8356321839080461,0.958904109589041,0.8045977011494253,0.875,0.575355961782461,0.17799999999999996
0.26,0.07,0.817351598173516,0.8356321839080461,0.958904109589041,0.8045977011494253,0.875,0.575355961782461,0.18649999999999997
0.26,0.06,0.817351598173516,0.8356321839080461,0.958904109589041,0.8045977011494253,0.875,0.575355961782461,0.19519999999999998
0.26,0.05,0.817351598173516,0.8356321839080461,0.958904109589041,0.8045977011494253,0.875,0.575355961782461,0.2041
0.26,0.04,0.817351598173516,0.8356321839080461,0.958904109589041,0.8045977011494253,0.875,0.575355961782461,0.2132
0.26,0.03,0.817351598173516,0.8356321839080461,0.958904109589041,0.8045977011494253,0.875,0.575355961782461,0.22249999999999998
0.26,0.02,0.817351598173516,0.8356321839080461,0.958904109589041,0.8045977011494253,0.875,0.575355961782461,0.23199999999999998
0.26,0.01,0.817351598173516,0.8356321839080461,0.958904109589041,0.8045977011494253,0.875,0.575355961782461,0.24169999999999997
0.26,0.0,0.817351598173516,0.8356321839080461,0.958904109589041,0.8045977011494253,0.875,0.575355961782461,0.2516
0.2,0.41,0.8036529680365296,0.8352490421455938,0.9645390070921985,0.7816091954022989,0.8634920634920635,0.5657460946569884,0.018099999999999998
0.19,0.41,0.8036529680365296,0.8352490421455938,0.9645390070921985,0.7816091954022989,0.8634920634920635,0.5657460946569884,0.020200000000000003
0.18,0.41,0.8036529680365296,0.8352490421455938,0.9645390070921985,0.7816091954022989,0.8634920634920635,0.5657460946569884,0.022500000000000006
0.17,0.41,0.8036529680365296,0.8352490421455938,0.9645390070921985,0.7816091954022989,0.8634920634920635,0.5657460946569884,0.025
0.16,0.41,0.8036529680365296,0.8352490421455938,0.9645390070921985,0.7816091954022989,0.8634920634920635,0.5657460946569884,0.027700000000000002
0.15,0.41,0.8036529680365296,0.8352490421455938,0.9645390070921985,0.7816091954022989,0.8634920634920635,0.5657460946569884,0.030600000000000002
0.14,0.41,0.8036529680365296,0.8352490421455938,0.9645390070921985,0.7816091954022989,0.8634920634920635,0.5657460946569884,0.033699999999999994
0.13,0.41,0.8036529680365296,0.8352490421455938,0.9645390070921985,0.7816091954022989,0.8634920634920635,0.5657460946569884,0.037
0.25,0.41,0.7899543378995434,0.8348659003831418,0.9705882352941176,0.7586206896551724,0.8516129032258064,0.5577933105754121,0.010600000000000004
0.28,0.25,0.776255707762557,0.8344827586206897,0.9770992366412213,0.735632183908046,0.839344262295082,0.5513249276603371,0.0629
0.28,0.28,0.7625570776255708,0.8340996168582375,0.9841269841269841,0.7126436781609196,0.8266666666666667,0.5462105791961459,0.04879999999999999
0.28,0.27,0.7625570776255708,0.8340996168582375,0.9841269841269841,0.7126436781609196,0.8266666666666667,0.5462105791961459,0.053299999999999986
0.28,0.26,0.7625570776255708,0.8340996168582375,0.9841269841269841,0.7126436781609196,0.8266666666666667,0.5462105791961459,0.057999999999999996
0.12,0.46,0.7488584474885844,0.8337164750957855,0.9917355371900827,0.6896551724137931,0.8135593220338984,0.5423539423295709,0.033999999999999996
0.11,0.46,0.7488584474885844,0.8337164750957855,0.9917355371900827,0.6896551724137931,0.8135593220338984,0.5423539423295709,0.0377
0.1,0.46,0.7488584474885844,0.8337164750957855,0.9917355371900827,0.6896551724137931,0.8135593220338984,0.5423539423295709,0.04159999999999999
0.09,0.46,0.7488584474885844,0.8337164750957855,0.9917355371900827,0.6896551724137931,0.8135593220338984,0.5423539423295709,0.04569999999999999
0.08,0.46,0.7488584474885844,0.8337164750957855,0.9917355371900827,0.6896551724137931,0.8135593220338984,0.5423539423295709,0.04999999999999999
0.07,0.46,0.7488584474885844,0.8337164750957855,0.9917355371900827,0.6896551724137931,0.8135593220338984,0.5423539423295709,0.054499999999999986
0.06,0.46,0.7488584474885844,0.8337164750957855,0.9917355371900827,0.6896551724137931,0.8135593220338984,0.5423539423295709,0.059199999999999996
0.05,0.46,0.7488584474885844,0.8337164750957855,0.9917355371900827,0.6896551724137931,0.8135593220338984,0.5423539423295709,0.0641
0.04,0.46,0.7488584474885844,0.8337164750957855,0.9917355371900827,0.6896551724137931,0.8135593220338984,0.5423539423295709,0.06920000000000001
0.03,0.46,0.7488584474885844,0.8337164750957855,0.9917355371900827,0.6896551724137931,0.8135593220338984,0.5423539423295709,0.07450000000000001
0.02,0.46,0.7488584474885844,0.8337164750957855,0.9917355371900827,0.6896551724137931,0.8135593220338984,0.5423539423295709,0.07999999999999999
0.01,0.46,0.7488584474885844,0.8337164750957855,0.9917355371900827,0.6896551724137931,0.8135593220338984,0.5423539423295709,0.0857
0.23,0.41,0.7990867579908676,0.8323754789272031,0.9642857142857143,0.7758620689655172,0.8598726114649682,0.5593224989511222,0.013000000000000001
0.22,0.41,0.7990867579908676,0.8323754789272031,0.9642857142857143,0.7758620689655172,0.8598726114649682,0.5593224989511222,0.014500000000000002
0.21,0.41,0.7990867579908676,0.8323754789272031,0.9642857142857143,0.7758620689655172,0.8598726114649682,0.5593224989511222,0.016200000000000006
0.12,0.42,0.7990867579908676,0.8323754789272031,0.9642857142857143,0.7758620689655172,0.8598726114649682,0.5593224989511222,0.0388
0.11,0.42,0.7990867579908676,0.8323754789272031,0.9642857142857143,0.7758620689655172,0.8598726114649682,0.5593224989511222,0.0425
0.1,0.42,0.7990867579908676,0.8323754789272031,0.9642857142857143,0.7758620689655172,0.8598726114649682,0.5593224989511222,0.0464
0.09,0.42,0.7990867579908676,0.8323754789272031,0.9642857142857143,0.7758620689655172,0.8598726114649682,0.5593224989511222,0.050499999999999996
0.08,0.42,0.7990867579908676,0.8323754789272031,0.9642857142857143,0.7758620689655172,0.8598726114649682,0.5593224989511222,0.054799999999999995
0.07,0.42,0.7990867579908676,0.8323754789272031,0.9642857142857143,0.7758620689655172,0.8598726114649682,0.5593224989511222,0.05929999999999999
0.06,0.42,0.7990867579908676,0.8323754789272031,0.9642857142857143,0.7758620689655172,0.8598726114649682,0.5593224989511222,0.064
0.05,0.42,0.7990867579908676,0.8323754789272031,0.9642857142857143,0.7758620689655172,0.8598726114649682,0.5593224989511222,0.0689
0.04,0.42,0.7990867579908676,0.8323754789272031,0.9642857142857143,0.7758620689655172,0.8598726114649682,0.5593224989511222,0.07400000000000001
0.03,0.42,0.7990867579908676,0.8323754789272031,0.9642857142857143,0.7758620689655172,0.8598726114649682,0.5593224989511222,0.07930000000000001
0.02,0.42,0.7990867579908676,0.8323754789272031,0.9642857142857143,0.7758620689655172,0.8598726114649682,0.5593224989511222,0.08479999999999999
0.01,0.42,0.7990867579908676,0.8323754789272031,0.9642857142857143,0.7758620689655172,0.8598726114649682,0.5593224989511222,0.0905
0.27,0.25,0.7853881278538812,0.831992337164751,0.9703703703703703,0.7528735632183908,0.8478964401294499,0.5517373811228617,0.0634
0.27,0.28,0.771689497716895,0.8316091954022988,0.9769230769230769,0.7298850574712644,0.8355263157894737,0.545595477928217,0.04929999999999999
0.27,0.27,0.771689497716895,0.8316091954022988,0.9769230769230769,0.7298850574712644,0.8355263157894737,0.545595477928217,0.05379999999999999
0.27,0.26,0.771689497716895,0.8316091954022988,0.9769230769230769,0.7298850574712644,0.8355263157894737,0.545595477928217,0.058499999999999996
0.28,0.3,0.7579908675799086,0.8312260536398468,0.984,0.7068965517241379,0.822742474916388,0.5407747854234402,0.040400000000000005
0.28,0.29,0.7579908675799086,0.8312260536398468,0.984,0.7068965517241379,0.822742474916388,0.5407747854234402,0.044500000000000005
0.2,0.46,0.7442922374429224,0.8308429118773946,0.9916666666666667,0.6839080459770115,0.8095238095238095,0.5371857591226447,0.011599999999999994
0.19,0.46,0.7442922374429224,0.8308429118773946,0.9916666666666667,0.6839080459770115,0.8095238095238095,0.5371857591226447,0.013699999999999997
0.18,0.46,0.7442922374429224,0.8308429118773946,0.9916666666666667,0.6839080459770115,0.8095238095238095,0.5371857591226447,0.015999999999999997
0.17,0.46,0.7442922374429224,0.8308429118773946,0.9916666666666667,0.6839080459770115,0.8095238095238095,0.5371857591226447,0.018499999999999992
0.16,0.46,0.7442922374429224,0.8308429118773946,0.9916666666666667,0.6839080459770115,0.8095238095238095,0.5371857591226447,0.021199999999999993
0.15,0.46,0.7442922374429224,0.8308429118773946,0.9916666666666667,0.6839080459770115,0.8095238095238095,0.5371857591226447,0.024099999999999996
0.14,0.46,0.7442922374429224,0.8308429118773946,0.9916666666666667,0.6839080459770115,0.8095238095238095,0.5371857591226447,0.027199999999999988
0.13,0.46,0.7442922374429224,0.8308429118773946,0.9916666666666667,0.6839080459770115,0.8095238095238095,0.5371857591226447,0.030499999999999992
0.24,0.41,0.7945205479452054,0.8295019157088122,0.9640287769784173,0.7701149425287356,0.8562300319488818,0.5529889166310763,0.011700000000000006
0.2,0.42,0.7945205479452054,0.8295019157088122,0.9640287769784173,0.7701149425287356,0.8562300319488818,0.5529889166310763,0.016399999999999998
0.19,0.42,0.7945205479452054,0.8295019157088122,0.9640287769784173,0.7701149425287356,0.8562300319488818,0.5529889166310763,0.018500000000000003
0.18,0.42,0.7945205479452054,0.8295019157088122,0.9640287769784173,0.7701149425287356,0.8562300319488818,0.5529889166310763,0.020800000000000003
0.17,0.42,0.7945205479452054,0.8295019157088122,0.9640287769784173,0.7701149425287356,0.8562300319488818,0.5529889166310763,0.023299999999999998
0.16,0.42,0.7945205479452054,0.8295019157088122,0.9640287769784173,0.7701149425287356,0.8562300319488818,0.5529889166310763,0.026
0.15,0.42,0.7945205479452054,0.8295019157088122,0.9640287769784173,0.7701149425287356,0.8562300319488818,0.5529889166310763,0.028900000000000002
0.14,0.42,0.7945205479452054,0.8295019157088122,0.9640287769784173,0.7701149425287356,0.8562300319488818,0.5529889166310763,0.031999999999999994
0.13,0.42,0.7945205479452054,0.8295019157088122,0.9640287769784173,0.7701149425287356,0.8562300319488818,0.5529889166310763,0.0353
0.26,0.25,0.7945205479452054,0.8295019157088122,0.9640287769784173,0.7701149425287356,0.8562300319488818,0.5529889166310763,0.0641
0.25,0.42,0.7808219178082192,0.8291187739463601,0.9701492537313433,0.7471264367816092,0.8441558441558441,0.5457599611479328,0.008900000000000002
0.26,0.28,0.7808219178082192,0.8291187739463601,0.9701492537313433,0.7471264367816092,0.8441558441558441,0.5457599611479328,0.04999999999999999
0.26,0.27,0.7808219178082192,0.8291187739463601,0.9701492537313433,0.7471264367816092,0.8441558441558441,0.5457599611479328,0.054499999999999986
0.26,0.26,0.7808219178082192,0.8291187739463601,0.9701492537313433,0.7471264367816092,0.8441558441558441,0.5457599611479328,0.059199999999999996
0.27,0.3,0.7671232876712328,0.8287356321839081,0.9767441860465116,0.7241379310344828,0.8316831683168316,0.5399350831051312,0.040900000000000006
0.27,0.29,0.7671232876712328,0.8287356321839081,0.9767441860465116,0.7241379310344828,0.8316831683168316,0.5399350831051312,0.045000000000000005
0.23,0.46,0.7397260273972602,0.8279693486590038,0.9915966386554622,0.6781609195402298,0.8054607508532423,0.5320723042280012,0.006499999999999995
0.22,0.46,0.7397260273972602,0.8279693486590038,0.9915966386554622,0.6781609195402298,0.8054607508532423,0.5320723042280012,0.007999999999999997
0.21,0.46,0.7397260273972602,0.8279693486590038,0.9915966386554622,0.6781609195402298,0.8054607508532423,0.5320723042280012,0.009699999999999999
0.23,0.42,0.7899543378995434,0.8266283524904214,0.9637681159420289,0.764367816091954,0.8525641025641025,0.5467423364797035,0.011300000000000001
0.22,0.42,0.7899543378995434,0.8266283524904214,0.9637681159420289,0.764367816091954,0.8525641025641025,0.5467423364797035,0.0128
0.21,0.42,0.7899543378995434,0.8266283524904214,0.9637681159420289,0.764367816091954,0.8525641025641025,0.5467423364797035,0.014500000000000002
0.12,0.43,0.7899543378995434,0.8266283524904214,0.9637681159420289,0.764367816091954,0.8525641025641025,0.5467423364797035,0.0373
0.11,0.43,0.7899543378995434,0.8266283524904214,0.9637681159420289,0.764367816091954,0.8525641025641025,0.5467423364797035,0.041
0.1,0.43,0.7899543378995434,0.8266283524904214,0.9637681159420289,0.764367816091954,0.8525641025641025,0.5467423364797035,0.044899999999999995
0.09,0.43,0.7899543378995434,0.8266283524904214,0.9637681159420289,0.764367816091954,0.8525641025641025,0.5467423364797035,0.048999999999999995
0.08,0.43,0.7899543378995434,0.8266283524904214,0.9637681159420289,0.764367816091954,0.8525641025641025,0.5467423364797035,0.05329999999999999
0.07,0.43,0.7899543378995434,0.8266283524904214,0.9637681159420289,0.764367816091954,0.8525641025641025,0.5467423364797035,0.05779999999999999
0.06,0.43,0.7899543378995434,0.8266283524904214,0.9637681159420289,0.764367816091954,0.8525641025641025,0.5467423364797035,0.0625
0.05,0.43,0.7899543378995434,0.8266283524904214,0.9637681159420289,0.764367816091954,0.8525641025641025,0.5467423364797035,0.0674
0.04,0.43,0.7899543378995434,0.8266283524904214,0.9637681159420289,0.764367816091954,0.8525641025641025,0.5467423364797035,0.07250000000000001
0.03,0.43,0.7899543378995434,0.8266283524904214,0.9637681159420289,0.764367816091954,0.8525641025641025,0.5467423364797035,0.07780000000000001
0.02,0.43,0.7899543378995434,0.8266283524904214,0.9637681159420289,0.764367816091954,0.8525641025641025,0.5467423364797035,0.08329999999999999
0.01,0.43,0.7899543378995434,0.8266283524904214,0.9637681159420289,0.764367816091954,0.8525641025641025,0.5467423364797035,0.089
0.26,0.3,0.776255707762557,0.8262452107279694,0.9699248120300752,0.7413793103448276,0.8403908794788274,0.5398585396252373,0.041600000000000005
0.26,0.29,0.776255707762557,0.8262452107279694,0.9699248120300752,0.7413793103448276,0.8403908794788274,0.5398585396252373,0.045700000000000005
0.12,0.45,0.7625570776255708,0.8258620689655172,0.9765625,0.7183908045977011,0.8278145695364238,0.5343416243241875,0.0349
0.11,0.45,0.7625570776255708,0.8258620689655172,0.9765625,0.7183908045977011,0.8278145695364238,0.5343416243241875,0.038599999999999995
0.1,0.45,0.7625570776255708,0.8258620689655172,0.9765625,0.7183908045977011,0.8278145695364238,0.5343416243241875,0.042499999999999996
0.09,0.45,0.7625570776255708,0.8258620689655172,0.9765625,0.7183908045977011,0.8278145695364238,0.5343416243241875,0.04659999999999999
0.08,0.45,0.7625570776255708,0.8258620689655172,0.9765625,0.7183908045977011,0.8278145695364238,0.5343416243241875,0.05089999999999999
0.07,0.45,0.7625570776255708,0.8258620689655172,0.9765625,0.7183908045977011,0.8278145695364238,0.5343416243241875,0.05539999999999999
0.06,0.45,0.7625570776255708,0.8258620689655172,0.9765625,0.7183908045977011,0.8278145695364238,0.5343416243241875,0.0601
0.05,0.45,0.7625570776255708,0.8258620689655172,0.9765625,0.7183908045977011,0.8278145695364238,0.5343416243241875,0.065
0.04,0.45,0.7625570776255708,0.8258620689655172,0.9765625,0.7183908045977011,0.8278145695364238,0.5343416243241875,0.07010000000000001
0.03,0.45,0.7625570776255708,0.8258620689655172,0.9765625,0.7183908045977011,0.8278145695364238,0.5343416243241875,0.07540000000000001
0.02,0.45,0.7625570776255708,0.8258620689655172,0.9765625,0.7183908045977011,0.8278145695364238,0.5343416243241875,0.08089999999999999
0.01,0.45,0.7625570776255708,0.8258620689655172,0.9765625,0.7183908045977011,0.8278145695364238,0.5343416243241875,0.0866
0.28,0.39,0.7488584474885844,0.8254789272030651,0.983739837398374,0.6954022988505747,0.8148148148148148,0.5300850797057297,0.012499999999999997
0.28,0.38,0.7488584474885844,0.8254789272030651,0.983739837398374,0.6954022988505747,0.8148148148148148,0.5300850797057297,0.014799999999999999
0.28,0.37,0.7488584474885844,0.8254789272030651,0.983739837398374,0.6954022988505747,0.8148148148148148,0.5300850797057297,0.0173
0.28,0.36,0.7488584474885844,0.8254789272030651,0.983739837398374,0.6954022988505747,0.8148148148148148,0.5300850797057297,0.02
0.28,0.35,0.7488584474885844,0.8254789272030651,0.983739837398374,0.6954022988505747,0.8148148148148148,0.5300850797057297,0.022900000000000004
0.28,0.34,0.7488584474885844,0.8254789272030651,0.983739837398374,0.6954022988505747,0.8148148148148148,0.5300850797057297,0.02599999999999999
0.28,0.33,0.7488584474885844,0.8254789272030651,0.983739837398374,0.6954022988505747,0.8148148148148148,0.5300850797057297,0.029299999999999993
0.28,0.32,0.7488584474885844,0.8254789272030651,0.983739837398374,0.6954022988505747,0.8148148148148148,0.5300850797057297,0.032799999999999996
0.28,0.31,0.7488584474885844,0.8254789272030651,0.983739837398374,0.6954022988505747,0.8148148148148148,0.5300850797057297,0.0365
0.24,0.46,0.7351598173515982,0.825095785440613,0.9915254237288136,0.6724137931034483,0.8013698630136986,0.5270120258541469,0.005199999999999998
0.12,0.47,0.7351598173515982,0.825095785440613,0.9915254237288136,0.6724137931034483,0.8013698630136986,0.5270120258541469,0.0333
0.11,0.47,0.7351598173515982,0.825095785440613,0.9915254237288136,0.6724137931034483,0.8013698630136986,0.5270120258541469,0.037000000000000005
0.1,0.47,0.7351598173515982,0.825095785440613,0.9915254237288136,0.6724137931034483,0.8013698630136986,0.5270120258541469,0.0409
0.09,0.47,0.7351598173515982,0.825095785440613,0.9915254237288136,0.6724137931034483,0.8013698630136986,0.5270120258541469,0.045
0.08,0.47,0.7351598173515982,0.825095785440613,0.9915254237288136,0.6724137931034483,0.8013698630136986,0.5270120258541469,0.0493
0.07,0.47,0.7351598173515982,0.825095785440613,0.9915254237288136,0.6724137931034483,0.8013698630136986,0.5270120258541469,0.053799999999999994
0.06,0.47,0.7351598173515982,0.825095785440613,0.9915254237288136,0.6724137931034483,0.8013698630136986,0.5270120258541469,0.0585
0.05,0.47,0.7351598173515982,0.825095785440613,0.9915254237288136,0.6724137931034483,0.8013698630136986,0.5270120258541469,0.0634
0.29,0.24,0.7351598173515982,0.825095785440613,0.9915254237288136,0.6724137931034483,0.8013698630136986,0.5270120258541469,0.06770000000000001
0.04,0.47,0.7351598173515982,0.825095785440613,0.9915254237288136,0.6724137931034483,0.8013698630136986,0.5270120258541469,0.0685
0.29,0.23,0.7351598173515982,0.825095785440613,0.9915254237288136,0.6724137931034483,0.8013698630136986,0.5270120258541469,0.07300000000000001
0.03,0.47,0.7351598173515982,0.825095785440613,0.9915254237288136,0.6724137931034483,0.8013698630136986,0.5270120258541469,0.0738
0.29,0.22,0.7351598173515982,0.825095785440613,0.9915254237288136,0.6724137931034483,0.8013698630136986,0.5270120258541469,0.07850000000000001
0.02,0.47,0.7351598173515982,0.825095785440613,0.9915254237288136,0.6724137931034483,0.8013698630136986,0.5270120258541469,0.07929999999999998
0.29,0.21,0.7351598173515982,0.825095785440613,0.9915254237288136,0.6724137931034483,0.8013698630136986,0.5270120258541469,0.08420000000000002
0.01,0.47,0.7351598173515982,0.825095785440613,0.9915254237288136,0.6724137931034483,0.8013698630136986,0.5270120258541469,0.08499999999999999
0.29,0.2,0.7351598173515982,0.825095785440613,0.9915254237288136,0.6724137931034483,0.8013698630136986,0.5270120258541469,0.0901
0.29,0.19,0.7351598173515982,0.825095785440613,0.9915254237288136,0.6724137931034483,0.8013698630136986,0.5270120258541469,0.09620000000000001
0.29,0.18,0.7351598173515982,0.825095785440613,0.9915254237288136,0.6724137931034483,0.8013698630136986,0.5270120258541469,0.10250000000000001
0.29,0.17,0.7351598173515982,0.825095785440613,0.9915254237288136,0.6724137931034483,0.8013698630136986,0.5270120258541469,0.10899999999999997
0.29,0.16,0.7351598173515982,0.825095785440613,0.9915254237288136,0.6724137931034483,0.8013698630136986,0.5270120258541469,0.11569999999999998
0.29,0.15,0.7351598173515982,0.825095785440613,0.9915254237288136,0.6724137931034483,0.8013698630136986,0.5270120258541469,0.12259999999999999
0.24,0.42,0.7853881278538812,0.8237547892720306,0.9635036496350365,0.7586206896551724,0.8488745980707395,0.540579868801909,0.010000000000000002
0.2,0.43,0.7853881278538812,0.8237547892720306,0.9635036496350365,0.7586206896551724,0.8488745980707395,0.540579868801909,0.014899999999999997
0.19,0.43,0.7853881278538812,0.8237547892720306,0.9635036496350365,0.7586206896551724,0.8488745980707395,0.540579868801909,0.016999999999999998
0.18,0.43,0.7853881278538812,0.8237547892720306,0.9635036496350365,0.7586206896551724,0.8488745980707395,0.540579868801909,0.0193
0.17,0.43,0.7853881278538812,0.8237547892720306,0.9635036496350365,0.7586206896551724,0.8488745980707395,0.540579868801909,0.021799999999999996
0.16,0.43,0.7853881278538812,0.8237547892720306,0.9635036496350365,0.7586206896551724,0.8488745980707395,0.540579868801909,0.024499999999999997
0.15,0.43,0.7853881278538812,0.8237547892720306,0.9635036496350365,0.7586206896551724,0.8488745980707395,0.540579868801909,0.0274
0.14,0.43,0.7853881278538812,0.8237547892720306,0.9635036496350365,0.7586206896551724,0.8488745980707395,0.540579868801909,0.030499999999999992
0.13,0.43,0.7853881278538812,0.8237547892720306,0.9635036496350365,0.7586206896551724,0.8488745980707395,0.540579868801909,0.0338
0.25,0.43,0.771689497716895,0.8233716475095785,0.9696969696969697,0.735632183908046,0.8366013071895425,0.5340306998658898,0.0073999999999999995
0.2,0.45,0.7579908675799086,0.8229885057471265,0.9763779527559056,0.7126436781609196,0.8239202657807309,0.5288130569884985,0.012499999999999994
0.27,0.39,0.7579908675799086,0.8229885057471265,0.9763779527559056,0.7126436781609196,0.8239202657807309,0.5288130569884985,0.012999999999999996
0.19,0.45,0.7579908675799086,0.8229885057471265,0.9763779527559056,0.7126436781609196,0.8239202657807309,0.5288130569884985,0.014599999999999997
0.27,0.38,0.7579908675799086,0.8229885057471265,0.9763779527559056,0.7126436781609196,0.8239202657807309,0.5288130569884985,0.015299999999999998
0.18,0.45,0.7579908675799086,0.8229885057471265,0.9763779527559056,0.7126436781609196,0.8239202657807309,0.5288130569884985,0.0169
0.27,0.37,0.7579908675799086,0.8229885057471265,0.9763779527559056,0.7126436781609196,0.8239202657807309,0.5288130569884985,0.0178
0.17,0.45,0.7579908675799086,0.8229885057471265,0.9763779527559056,0.7126436781609196,0.8239202657807309,0.5288130569884985,0.019399999999999994
0.27,0.36,0.7579908675799086,0.8229885057471265,0.9763779527559056,0.7126436781609196,0.8239202657807309,0.5288130569884985,0.0205
0.16,0.45,0.7579908675799086,0.8229885057471265,0.9763779527559056,0.7126436781609196,0.8239202657807309,0.5288130569884985,0.022099999999999995
0.27,0.35,0.7579908675799086,0.8229885057471265,0.9763779527559056,0.7126436781609196,0.8239202657807309,0.5288130569884985,0.023400000000000004
0.15,0.45,0.7579908675799086,0.8229885057471265,0.9763779527559056,0.7126436781609196,0.8239202657807309,0.5288130569884985,0.024999999999999998
0.27,0.34,0.7579908675799086,0.8229885057471265,0.9763779527559056,0.7126436781609196,0.8239202657807309,0.5288130569884985,0.02649999999999999
0.14,0.45,0.7579908675799086,0.8229885057471265,0.9763779527559056,0.7126436781609196,0.8239202657807309,0.5288130569884985,0.02809999999999999
0.27,0.33,0.7579908675799086,0.8229885057471265,0.9763779527559056,0.7126436781609196,0.8239202657807309,0.5288130569884985,0.029799999999999993
0.13,0.45,0.7579908675799086,0.8229885057471265,0.9763779527559056,0.7126436781609196,0.8239202657807309,0.5288130569884985,0.0314
0.27,0.32,0.7579908675799086,0.8229885057471265,0.9763779527559056,0.7126436781609196,0.8239202657807309,0.5288130569884985,0.033299999999999996
0.27,0.31,0.7579908675799086,0.8229885057471265,0.9763779527559056,0.7126436781609196,0.8239202657807309,0.5288130569884985,0.037
0.25,0.45,0.7442922374429224,0.8226053639846744,0.9836065573770492,0.6896551724137931,0.8108108108108109,0.5248276150265299,0.0049999999999999975
0.28,0.4,0.7442922374429224,0.8226053639846744,0.9836065573770492,0.6896551724137931,0.8108108108108109,0.5248276150265299,0.010399999999999994
0.2,0.47,0.730593607305936,0.8222222222222222,0.9914529914529915,0.6666666666666666,0.7972508591065293,0.5220034200336108,0.010899999999999996
0.19,0.47,0.730593607305936,0.8222222222222222,0.9914529914529915,0.6666666666666666,0.7972508591065293,0.5220034200336108,0.013
0.18,0.47,0.730593607305936,0.8222222222222222,0.9914529914529915,0.6666666666666666,0.7972508591065293,0.5220034200336108,0.015300000000000001
0.17,0.47,0.730593607305936,0.8222222222222222,0.9914529914529915,0.6666666666666666,0.7972508591065293,0.5220034200336108,0.017799999999999996
0.16,0.47,0.730593607305936,0.8222222222222222,0.9914529914529915,0.6666666666666666,0.7972508591065293,0.5220034200336108,0.020499999999999997
0.15,0.47,0.730593607305936,0.8222222222222222,0.9914529914529915,0.6666666666666666,0.7972508591065293,0.5220034200336108,0.0234
0.14,0.47,0.730593607305936,0.8222222222222222,0.9914529914529915,0.6666666666666666,0.7972508591065293,0.5220034200336108,0.026499999999999992
0.13,0.47,0.730593607305936,0.8222222222222222,0.9914529914529915,0.6666666666666666,0.7972508591065293,0.5220034200336108,0.029799999999999997
0.3,0.24,0.730593607305936,0.8222222222222222,0.9914529914529915,0.6666666666666666,0.7972508591065293,0.5220034200336108,0.06760000000000001
0.3,0.23,0.730593607305936,0.8222222222222222,0.9914529914529915,0.6666666666666666,0.7972508591065293,0.5220034200336108,0.0729
0.3,0.22,0.730593607305936,0.8222222222222222,0.9914529914529915,0.6666666666666666,0.7972508591065293,0.5220034200336108,0.07840000000000001
0.3,0.21,0.730593607305936,0.8222222222222222,0.9914529914529915,0.6666666666666666,0.7972508591065293,0.5220034200336108,0.08410000000000002
0.3,0.2,0.730593607305936,0.8222222222222222,0.9914529914529915,0.6666666666666666,0.7972508591065293,0.5220034200336108,0.09
0.3,0.19,0.730593607305936,0.8222222222222222,0.9914529914529915,0.6666666666666666,0.7972508591065293,0.5220034200336108,0.0961
0.3,0.18,0.730593607305936,0.8222222222222222,0.9914529914529915,0.6666666666666666,0.7972508591065293,0.5220034200336108,0.1024
0.3,0.17,0.730593607305936,0.8222222222222222,0.9914529914529915,0.6666666666666666,0.7972508591065293,0.5220034200336108,0.10889999999999997
0.3,0.16,0.730593607305936,0.8222222222222222,0.9914529914529915,0.6666666666666666,0.7972508591065293,0.5220034200336108,0.11559999999999998
0.3,0.15,0.730593607305936,0.8222222222222222,0.9914529914529915,0.6666666666666666,0.7972508591065293,0.5220034200336108,0.12249999999999998
0.23,0.43,0.7808219178082192,0.8208812260536398,0.9632352941176471,0.7528735632183908,0.8451612903225807,0.5344987386806723,0.009799999999999998
0.22,0.43,0.7808219178082192,0.8208812260536398,0.9632352941176471,0.7528735632183908,0.8451612903225807,0.5344987386806723,0.011299999999999998
0.21,0.43,0.7808219178082192,0.8208812260536398,0.9632352941176471,0.7528735632183908,0.8451612903225807,0.5344987386806723,0.013000000000000001
0.26,0.39,0.7671232876712328,0.8204980842911878,0.9694656488549618,0.7298850574712644,0.8327868852459016,0.5282741145336449,0.013699999999999997
0.26,0.38,0.7671232876712328,0.8204980842911878,0.9694656488549618,0.7298850574712644,0.8327868852459016,0.5282741145336449,0.015999999999999997
0.26,0.37,0.7671232876712328,0.8204980842911878,0.9694656488549618,0.7298850574712644,0.8327868852459016,0.5282741145336449,0.0185
0.26,0.36,0.7671232876712328,0.8204980842911878,0.9694656488549618,0.7298850574712644,0.8327868852459016,0.5282741145336449,0.0212
0.26,0.35,0.7671232876712328,0.8204980842911878,0.9694656488549618,0.7298850574712644,0.8327868852459016,0.5282741145336449,0.024100000000000003
0.26,0.34,0.7671232876712328,0.8204980842911878,0.9694656488549618,0.7298850574712644,0.8327868852459016,0.5282741145336449,0.027199999999999988
0.26,0.33,0.7671232876712328,0.8204980842911878,0.9694656488549618,0.7298850574712644,0.8327868852459016,0.5282741145336449,0.030499999999999992
0.26,0.32,0.7671232876712328,0.8204980842911878,0.9694656488549618,0.7298850574712644,0.8327868852459016,0.5282741145336449,0.033999999999999996
0.26,0.31,0.7671232876712328,0.8204980842911878,0.9694656488549618,0.7298850574712644,0.8327868852459016,0.5282741145336449,0.0377
0.23,0.45,0.7534246575342466,0.8201149425287356,0.9761904761904762,0.7068965517241379,0.82,0.5233474070164906,0.007399999999999996
0.22,0.45,0.7534246575342466,0.8201149425287356,0.9761904761904762,0.7068965517241379,0.82,0.5233474070164906,0.008899999999999996
0.21,0.45,0.7534246575342466,0.8201149425287356,0.9761904761904762,0.7068965517241379,0.82,0.5233474070164906,0.010599999999999998
0.27,0.4,0.7534246575342466,0.8201149425287356,0.9761904761904762,0.7068965517241379,0.82,0.5233474070164906,0.010899999999999993
0.25,0.46,0.726027397260274,0.8193486590038315,0.9913793103448276,0.6609195402298851,0.7931034482758621,0.5170450283863123,0.004099999999999997
0.23,0.47,0.726027397260274,0.8193486590038315,0.9913793103448276,0.6609195402298851,0.7931034482758621,0.5170450283863123,0.005799999999999999
0.22,0.47,0.726027397260274,0.8193486590038315,0.9913793103448276,0.6609195402298851,0.7931034482758621,0.5170450283863123,0.007299999999999999
0.21,0.47,0.726027397260274,0.8193486590038315,0.9913793103448276,0.6609195402298851,0.7931034482758621,0.5170450283863123,0.009000000000000001
0.0,0.39,0.817351598173516,0.8191570881226053,0.9466666666666667,0.8160919540229885,0.8765432098765432,0.5551945520408168,0.1021
0.0,0.38,0.817351598173516,0.8191570881226053,0.9466666666666667,0.8160919540229885,0.8765432098765432,0.5551945520408168,0.10439999999999999
0.24,0.43,0.776255707762557,0.8180076628352491,0.9629629629629629,0.7471264367816092,0.8414239482200647,0.5284962796675998,0.0085
0.26,0.4,0.7625570776255708,0.8176245210727969,0.9692307692307692,0.7241379310344828,0.8289473684210527,0.5225865409618624,0.011599999999999994
0.24,0.45,0.7488584474885844,0.8172413793103448,0.976,0.7011494252873564,0.8160535117056856,0.5179427672997206,0.006099999999999999
0.29,0.14,0.7351598173515982,0.8168582375478928,0.9833333333333333,0.6781609195402298,0.8027210884353742,0.514479007289435,0.12969999999999998
0.29,0.13,0.7351598173515982,0.8168582375478928,0.9833333333333333,0.6781609195402298,0.8027210884353742,0.514479007289435,0.13699999999999998
0.29,0.12,0.7351598173515982,0.8168582375478928,0.9833333333333333,0.6781609195402298,0.8027210884353742,0.514479007289435,0.1445
0.29,0.11,0.7351598173515982,0.8168582375478928,0.9833333333333333,0.6781609195402298,0.8027210884353742,0.514479007289435,0.1522
0.29,0.1,0.7351598173515982,0.8168582375478928,0.9833333333333333,0.6781609195402298,0.8027210884353742,0.514479007289435,0.16010000000000002
0.29,0.09,0.7351598173515982,0.8168582375478928,0.9833333333333333,0.6781609195402298,0.8027210884353742,0.514479007289435,0.16820000000000002
0.29,0.08,0.7351598173515982,0.8168582375478928,0.9833333333333333,0.6781609195402298,0.8027210884353742,0.514479007289435,0.17649999999999996
0.29,0.07,0.7351598173515982,0.8168582375478928,0.9833333333333333,0.6781609195402298,0.8027210884353742,0.514479007289435,0.18499999999999997
0.29,0.06,0.7351598173515982,0.8168582375478928,0.9833333333333333,0.6781609195402298,0.8027210884353742,0.514479007289435,0.19369999999999998
0.29,0.05,0.7351598173515982,0.8168582375478928,0.9833333333333333,0.6781609195402298,0.8027210884353742,0.514479007289435,0.2026
0.29,0.04,0.7351598173515982,0.8168582375478928,0.9833333333333333,0.6781609195402298,0.8027210884353742,0.514479007289435,0.2117
0.29,0.03,0.7351598173515982,0.8168582375478928,0.9833333333333333,0.6781609195402298,0.8027210884353742,0.514479007289435,0.22099999999999997
0.29,0.02,0.7351598173515982,0.8168582375478928,0.9833333333333333,0.6781609195402298,0.8027210884353742,0.514479007289435,0.23049999999999998
0.29,0.01,0.7351598173515982,0.8168582375478928,0.9833333333333333,0.6781609195402298,0.8027210884353742,0.514479007289435,0.24019999999999997
0.29,0.0,0.7351598173515982,0.8168582375478928,0.9833333333333333,0.6781609195402298,0.8027210884353742,0.514479007289435,0.2501
0.24,0.47,0.7214611872146118,0.8164750957854405,0.991304347826087,0.6551724137931034,0.7889273356401384,0.5121354359946648,0.004500000000000001
0.0,0.4,0.8127853881278538,0.8162835249042145,0.9463087248322147,0.8103448275862069,0.8730650154798761,0.5480816888485849,0.09999999999999999
0.0,0.41,0.7990867579908676,0.8159003831417624,0.9513888888888888,0.7873563218390804,0.8616352201257862,0.5379589677665255,0.0981
0.0,0.31,0.8356164383561644,0.814176245210728,0.9367088607594937,0.8505747126436781,0.891566265060241,0.5663576365615197,0.1261
0.28,0.41,0.730593607305936,0.813984674329502,0.9831932773109243,0.6724137931034483,0.7986348122866894,0.5093846417229522,0.008500000000000004
0.0,0.47,0.730593607305936,0.813984674329502,0.9831932773109243,0.6724137931034483,0.7986348122866894,0.5093846417229522,0.0909
0.3,0.14,0.730593607305936,0.813984674329502,0.9831932773109243,0.6724137931034483,0.7986348122866894,0.5093846417229522,0.1296
0.3,0.13,0.730593607305936,0.813984674329502,0.9831932773109243,0.6724137931034483,0.7986348122866894,0.5093846417229522,0.1369
0.3,0.12,0.730593607305936,0.813984674329502,0.9831932773109243,0.6724137931034483,0.7986348122866894,0.5093846417229522,0.1444
0.3,0.11,0.730593607305936,0.813984674329502,0.9831932773109243,0.6724137931034483,0.7986348122866894,0.5093846417229522,0.1521
0.3,0.1,0.730593607305936,0.813984674329502,0.9831932773109243,0.6724137931034483,0.7986348122866894,0.5093846417229522,0.16000000000000003
0.3,0.09,0.730593607305936,0.813984674329502,0.9831932773109243,0.6724137931034483,0.7986348122866894,0.5093846417229522,0.16810000000000003
0.3,0.08,0.730593607305936,0.813984674329502,0.9831932773109243,0.6724137931034483,0.7986348122866894,0.5093846417229522,0.17639999999999997
0.3,0.07,0.730593607305936,0.813984674329502,0.9831932773109243,0.6724137931034483,0.7986348122866894,0.5093846417229522,0.18489999999999998
0.3,0.06,0.730593607305936,0.813984674329502,0.9831932773109243,0.6724137931034483,0.7986348122866894,0.5093846417229522,0.1936
0.3,0.05,0.730593607305936,0.813984674329502,0.9831932773109243,0.6724137931034483,0.7986348122866894,0.5093846417229522,0.2025
0.3,0.04,0.730593607305936,0.813984674329502,0.9831932773109243,0.6724137931034483,0.7986348122866894,0.5093846417229522,0.2116
0.3,0.03,0.730593607305936,0.813984674329502,0.9831932773109243,0.6724137931034483,0.7986348122866894,0.5093846417229522,0.22089999999999999
0.3,0.02,0.730593607305936,0.813984674329502,0.9831932773109243,0.6724137931034483,0.7986348122866894,0.5093846417229522,0.2304
0.3,0.01,0.730593607305936,0.813984674329502,0.9831932773109243,0.6724137931034483,0.7986348122866894,0.5093846417229522,0.24009999999999998
0.3,0.0,0.730593607305936,0.813984674329502,0.9831932773109243,0.6724137931034483,0.7986348122866894,0.5093846417229522,0.25
0.31,0.24,0.7168949771689498,0.8136015325670498,0.9912280701754386,0.6494252873563219,0.7847222222222222,0.5072732693831866,0.06770000000000001
0.31,0.23,0.7168949771689498,0.8136015325670498,0.9912280701754386,0.6494252873563219,0.7847222222222222,0.5072732693831866,0.07300000000000001
0.31,0.22,0.7168949771689498,0.8136015325670498,0.9912280701754386,0.6494252873563219,0.7847222222222222,0.5072732693831866,0.07850000000000001
0.31,0.21,0.7168949771689498,0.8136015325670498,0.9912280701754386,0.6494252873563219,0.7847222222222222,0.5072732693831866,0.08420000000000002
0.31,0.2,0.7168949771689498,0.8136015325670498,0.9912280701754386,0.6494252873563219,0.7847222222222222,0.5072732693831866,0.0901
0.31,0.19,0.7168949771689498,0.8136015325670498,0.9912280701754386,0.6494252873563219,0.7847222222222222,0.5072732693831866,0.09620000000000001
0.31,0.18,0.7168949771689498,0.8136015325670498,0.9912280701754386,0.6494252873563219,0.7847222222222222,0.5072732693831866,0.10250000000000001
0.31,0.17,0.7168949771689498,0.8136015325670498,0.9912280701754386,0.6494252873563219,0.7847222222222222,0.5072732693831866,0.10899999999999997
0.31,0.16,0.7168949771689498,0.8136015325670498,0.9912280701754386,0.6494252873563219,0.7847222222222222,0.5072732693831866,0.11569999999999998
0.31,0.15,0.7168949771689498,0.8136015325670498,0.9912280701754386,0.6494252873563219,0.7847222222222222,0.5072732693831866,0.12259999999999999
0.27,0.41,0.7397260273972602,0.8114942528735632,0.975609756097561,0.6896551724137931,0.8080808080808081,0.50730920518041,0.009000000000000003
0.0,0.46,0.7397260273972602,0.8114942528735632,0.975609756097561,0.6896551724137931,0.8080808080808081,0.50730920518041,0.0916
0.0,0.32,0.8310502283105022,0.8113026819923372,0.9363057324840764,0.8448275862068966,0.8882175226586103,0.5584034181314255,0.1224
0.0,0.35,0.817351598173516,0.8109195402298851,0.9407894736842105,0.8218390804597702,0.8773006134969326,0.545255052022042,0.1125
0.25,0.47,0.7123287671232876,0.810727969348659,0.9911504424778761,0.6436781609195402,0.7804878048780488,0.5024571945958826,0.0034000000000000002
0.29,0.25,0.7123287671232876,0.810727969348659,0.9911504424778761,0.6436781609195402,0.7804878048780488,0.5024571945958826,0.0626
0.29,0.28,0.6986301369863014,0.8103448275862069,1.0,0.6206896551724138,0.7659574468085106,0.5016282899579266,0.048499999999999995
0.29,0.27,0.6986301369863014,0.8103448275862069,1.0,0.6206896551724138,0.7659574468085106,0.5016282899579266,0.05299999999999999
0.29,0.26,0.6986301369863014,0.8103448275862069,1.0,0.6206896551724138,0.7659574468085106,0.5016282899579266,0.0577
0.0,0.42,0.7899543378995434,0.8101532567049808,0.9507042253521126,0.7758620689655172,0.8544303797468354,0.5249255206546113,0.0964
0.12,0.44,0.7625570776255708,0.8093869731800767,0.9621212121212122,0.7298850574712644,0.8300653594771242,0.5109357703100782,0.036
0.11,0.44,0.7625570776255708,0.8093869731800767,0.9621212121212122,0.7298850574712644,0.8300653594771242,0.5109357703100782,0.0397
0.1,0.44,0.7625570776255708,0.8093869731800767,0.9621212121212122,0.7298850574712644,0.8300653594771242,0.5109357703100782,0.04359999999999999
0.09,0.44,0.7625570776255708,0.8093869731800767,0.9621212121212122,0.7298850574712644,0.8300653594771242,0.5109357703100782,0.04769999999999999
0.08,0.44,0.7625570776255708,0.8093869731800767,0.9621212121212122,0.7298850574712644,0.8300653594771242,0.5109357703100782,0.05199999999999999
0.07,0.44,0.7625570776255708,0.8093869731800767,0.9621212121212122,0.7298850574712644,0.8300653594771242,0.5109357703100782,0.05649999999999999
0.06,0.44,0.7625570776255708,0.8093869731800767,0.9621212121212122,0.7298850574712644,0.8300653594771242,0.5109357703100782,0.0612
0.05,0.44,0.7625570776255708,0.8093869731800767,0.9621212121212122,0.7298850574712644,0.8300653594771242,0.5109357703100782,0.0661
0.04,0.44,0.7625570776255708,0.8093869731800767,0.9621212121212122,0.7298850574712644,0.8300653594771242,0.5109357703100782,0.07120000000000001
0.03,0.44,0.7625570776255708,0.8093869731800767,0.9621212121212122,0.7298850574712644,0.8300653594771242,0.5109357703100782,0.07650000000000001
0.02,0.44,0.7625570776255708,0.8093869731800767,0.9621212121212122,0.7298850574712644,0.8300653594771242,0.5109357703100782,0.08199999999999999
0.01,0.44,0.7625570776255708,0.8093869731800767,0.9621212121212122,0.7298850574712644,0.8300653594771242,0.5109357703100782,0.0877
0.26,0.41,0.7488584474885844,0.8090038314176244,0.968503937007874,0.7068965517241379,0.8172757475083057,0.5059166434889965,0.009700000000000004
0.28,0.42,0.7214611872146118,0.8082375478927204,0.9829059829059829,0.6609195402298851,0.7903780068728522,0.49934809918791895,0.006800000000000001
0.0,0.37,0.8127853881278538,0.8080459770114943,0.9403973509933775,0.8160919540229885,0.8738461538461538,0.5380015019579121,0.1069
0.0,0.36,0.8127853881278538,0.8080459770114943,0.9403973509933775,0.8160919540229885,0.8738461538461538,0.5380015019579121,0.1096
0.3,0.25,0.7077625570776256,0.8078544061302682,0.9910714285714286,0.6379310344827587,0.7762237762237763,0.4976859153651101,0.0625
0.29,0.3,0.6940639269406392,0.8074712643678161,1.0,0.6149425287356322,0.7615658362989324,0.49706651783509753,0.04010000000000001
0.29,0.29,0.6940639269406392,0.8074712643678161,1.0,0.6149425287356322,0.7615658362989324,0.49706651783509753,0.04420000000000001
0.3,0.28,0.6940639269406392,0.8074712643678161,1.0,0.6149425287356322,0.7615658362989324,0.49706651783509753,0.04839999999999999
0.3,0.27,0.6940639269406392,0.8074712643678161,1.0,0.6149425287356322,0.7615658362989324,0.49706651783509753,0.05289999999999999
0.3,0.26,0.6940639269406392,0.8074712643678161,1.0,0.6149425287356322,0.7615658362989324,0.49706651783509753,0.0576
0.2,0.44,0.7579908675799086,0.8065134099616857,0.9618320610687023,0.7241379310344828,0.8262295081967214,0.5052233014069527,0.013599999999999994
0.19,0.44,0.7579908675799086,0.8065134099616857,0.9618320610687023,0.7241379310344828,0.8262295081967214,0.5052233014069527,0.0157
0.18,0.44,0.7579908675799086,0.8065134099616857,0.9618320610687023,0.7241379310344828,0.8262295081967214,0.5052233014069527,0.018
0.17,0.44,0.7579908675799086,0.8065134099616857,0.9618320610687023,0.7241379310344828,0.8262295081967214,0.5052233014069527,0.020499999999999994
0.16,0.44,0.7579908675799086,0.8065134099616857,0.9618320610687023,0.7241379310344828,0.8262295081967214,0.5052233014069527,0.023199999999999995
0.15,0.44,0.7579908675799086,0.8065134099616857,0.9618320610687023,0.7241379310344828,0.8262295081967214,0.5052233014069527,0.026099999999999998
0.14,0.44,0.7579908675799086,0.8065134099616857,0.9618320610687023,0.7241379310344828,0.8262295081967214,0.5052233014069527,0.02919999999999999
0.13,0.44,0.7579908675799086,0.8065134099616857,0.9618320610687023,0.7241379310344828,0.8262295081967214,0.5052233014069527,0.032499999999999994
0.25,0.44,0.7442922374429224,0.8061302681992337,0.9682539682539683,0.7011494252873564,0.8133333333333334,0.5004842348368355,0.006099999999999999
0.27,0.42,0.730593607305936,0.8057471264367816,0.9752066115702479,0.6781609195402298,0.8,0.49689833063030725,0.007300000000000001
0.31,0.14,0.7168949771689498,0.8053639846743295,0.9827586206896551,0.6551724137931034,0.7862068965517242,0.49440298455175874,0.12969999999999998
0.31,0.13,0.7168949771689498,0.8053639846743295,0.9827586206896551,0.6551724137931034,0.7862068965517242,0.49440298455175874,0.13699999999999998
0.31,0.12,0.7168949771689498,0.8053639846743295,0.9827586206896551,0.6551724137931034,0.7862068965517242,0.49440298455175874,0.1445
0.31,0.11,0.7168949771689498,0.8053639846743295,0.9827586206896551,0.6551724137931034,0.7862068965517242,0.49440298455175874,0.1522
0.31,0.1,0.7168949771689498,0.8053639846743295,0.9827586206896551,0.6551724137931034,0.7862068965517242,0.49440298455175874,0.16010000000000002
0.31,0.09,0.7168949771689498,0.8053639846743295,0.9827586206896551,0.6551724137931034,0.7862068965517242,0.49440298455175874,0.16820000000000002
0.31,0.08,0.7168949771689498,0.8053639846743295,0.9827586206896551,0.6551724137931034,0.7862068965517242,0.49440298455175874,0.17649999999999996
0.31,0.07,0.7168949771689498,0.8053639846743295,0.9827586206896551,0.6551724137931034,0.7862068965517242,0.49440298455175874,0.18499999999999997
0.31,0.06,0.7168949771689498,0.8053639846743295,0.9827586206896551,0.6551724137931034,0.7862068965517242,0.49440298455175874,0.19369999999999998
0.31,0.05,0.7168949771689498,0.8053639846743295,0.9827586206896551,0.6551724137931034,0.7862068965517242,0.49440298455175874,0.2026
0.31,0.04,0.7168949771689498,0.8053639846743295,0.9827586206896551,0.6551724137931034,0.7862068965517242,0.49440298455175874,0.2117
0.31,0.03,0.7168949771689498,0.8053639846743295,0.9827586206896551,0.6551724137931034,0.7862068965517242,0.49440298455175874,0.22099999999999997
0.31,0.02,0.7168949771689498,0.8053639846743295,0.9827586206896551,0.6551724137931034,0.7862068965517242,0.49440298455175874,0.23049999999999998
0.31,0.01,0.7168949771689498,0.8053639846743295,0.9827586206896551,0.6551724137931034,0.7862068965517242,0.49440298455175874,0.24019999999999997
0.31,0.0,0.7168949771689498,0.8053639846743295,0.9827586206896551,0.6551724137931034,0.7862068965517242,0.49440298455175874,0.2501
0.27,0.46,0.6894977168949772,0.8045977011494253,1.0,0.6091954022988506,0.7571428571428571,0.4925443522857295,0.0024999999999999966
0.3,0.3,0.6894977168949772,0.8045977011494253,1.0,0.6091954022988506,0.7571428571428571,0.4925443522857295,0.04000000000000001
0.3,0.29,0.6894977168949772,0.8045977011494253,1.0,0.6091954022988506,0.7571428571428571,0.4925443522857295,0.04410000000000001
0.0,0.43,0.7808219178082192,0.8044061302681993,0.95,0.764367816091954,0.8471337579617835,0.5122555912584053,0.0949
0.23,0.44,0.7534246575342466,0.803639846743295,0.9615384615384616,0.7183908045977011,0.8223684210526315,0.4995776039955078,0.008499999999999997
0.22,0.44,0.7534246575342466,0.803639846743295,0.9615384615384616,0.7183908045977011,0.8223684210526315,0.4995776039955078,0.009999999999999998
0.21,0.44,0.7534246575342466,0.803639846743295,0.9615384615384616,0.7183908045977011,0.8223684210526315,0.4995776039955078,0.011699999999999999
0.0,0.45,0.7534246575342466,0.803639846743295,0.9615384615384616,0.7183908045977011,0.8223684210526315,0.4995776039955078,0.0925
0.26,0.42,0.7397260273972602,0.8032567049808429,0.968,0.6954022988505747,0.8093645484949833,0.495110749176001,0.008000000000000002
0.0,0.34,0.817351598173516,0.8026819923371648,0.935064935064935,0.8275862068965517,0.8780487804878049,0.5354025334855724,0.11559999999999998
0.0,0.33,0.817351598173516,0.8026819923371648,0.935064935064935,0.8275862068965517,0.8780487804878049,0.5354025334855724,0.11889999999999999
0.28,0.43,0.7123287671232876,0.8024904214559387,0.9826086956521739,0.6494252873563219,0.7820069204152249,0.489504753895627,0.005299999999999999
0.26,0.46,0.6986301369863014,0.8021072796934865,0.990909090909091,0.6264367816091954,0.7676056338028169,0.48827273655137005,0.0031999999999999967
0.27,0.45,0.6986301369863014,0.8021072796934865,0.990909090909091,0.6264367816091954,0.7676056338028169,0.48827273655137005,0.0033999999999999968
0.29,0.39,0.684931506849315,0.8017241379310345,1.0,0.603448275862069,0.7526881720430108,0.48806072039005427,0.012199999999999997
0.29,0.38,0.684931506849315,0.8017241379310345,1.0,0.603448275862069,0.7526881720430108,0.48806072039005427,0.014499999999999999
0.29,0.37,0.684931506849315,0.8017241379310345,1.0,0.603448275862069,0.7526881720430108,0.48806072039005427,0.017
0.29,0.36,0.684931506849315,0.8017241379310345,1.0,0.603448275862069,0.7526881720430108,0.48806072039005427,0.019700000000000002
0.29,0.35,0.684931506849315,0.8017241379310345,1.0,0.603448275862069,0.7526881720430108,0.48806072039005427,0.022600000000000006
0.29,0.34,0.684931506849315,0.8017241379310345,1.0,0.603448275862069,0.7526881720430108,0.48806072039005427,0.02569999999999999
0.29,0.33,0.684931506849315,0.8017241379310345,1.0,0.603448275862069,0.7526881720430108,0.48806072039005427,0.028999999999999995
0.29,0.32,0.684931506849315,0.8017241379310345,1.0,0.603448275862069,0.7526881720430108,0.48806072039005427,0.0325
0.29,0.31,0.684931506849315,0.8017241379310345,1.0,0.603448275862069,0.7526881720430108,0.48806072039005427,0.0362
0.24,0.44,0.7488584474885844,0.8007662835249042,0.9612403100775194,0.7126436781609196,0.8184818481848185,0.4939965503933892,0.0072
0.27,0.43,0.7214611872146118,0.8,0.9747899159663865,0.6666666666666666,0.7918088737201365,0.486696979217903,0.005799999999999999
0.26,0.45,0.7077625570776256,0.7996168582375479,0.9824561403508771,0.6436781609195402,0.7777777777777778,0.48465204234288567,0.004099999999999997
0.12,0.48,0.6940639269406392,0.7992337164750958,0.9908256880733946,0.6206896551724138,0.7632508833922261,0.48362841756071023,0.032799999999999996
0.11,0.48,0.6940639269406392,0.7992337164750958,0.9908256880733946,0.6206896551724138,0.7632508833922261,0.48362841756071023,0.0365
0.1,0.48,0.6940639269406392,0.7992337164750958,0.9908256880733946,0.6206896551724138,0.7632508833922261,0.48362841756071023,0.04039999999999999
0.09,0.48,0.6940639269406392,0.7992337164750958,0.9908256880733946,0.6206896551724138,0.7632508833922261,0.48362841756071023,0.04449999999999999
0.08,0.48,0.6940639269406392,0.7992337164750958,0.9908256880733946,0.6206896551724138,0.7632508833922261,0.48362841756071023,0.04879999999999999
0.07,0.48,0.6940639269406392,0.7992337164750958,0.9908256880733946,0.6206896551724138,0.7632508833922261,0.48362841756071023,0.053299999999999986
0.06,0.48,0.6940639269406392,0.7992337164750958,0.9908256880733946,0.6206896551724138,0.7632508833922261,0.48362841756071023,0.057999999999999996
0.31,0.25,0.6940639269406392,0.7992337164750958,0.9908256880733946,0.6206896551724138,0.7632508833922261,0.48362841756071023,0.0626
0.05,0.48,0.6940639269406392,0.7992337164750958,0.9908256880733946,0.6206896551724138,0.7632508833922261,0.48362841756071023,0.0629
0.04,0.48,0.6940639269406392,0.7992337164750958,0.9908256880733946,0.6206896551724138,0.7632508833922261,0.48362841756071023,0.068
0.03,0.48,0.6940639269406392,0.7992337164750958,0.9908256880733946,0.6206896551724138,0.7632508833922261,0.48362841756071023,0.0733
0.02,0.48,0.6940639269406392,0.7992337164750958,0.9908256880733946,0.6206896551724138,0.7632508833922261,0.48362841756071023,0.07879999999999998
0.01,0.48,0.6940639269406392,0.7992337164750958,0.9908256880733946,0.6206896551724138,0.7632508833922261,0.48362841756071023,0.08449999999999999
0.27,0.47,0.680365296803653,0.7988505747126438,1.0,0.5977011494252874,0.7482014388489209,0.48361457636300065,0.0018
0.29,0.4,0.680365296803653,0.7988505747126438,1.0,0.5977011494252874,0.7482014388489209,0.48361457636300065,0.010099999999999994
0.3,0.39,0.680365296803653,0.7988505747126438,1.0,0.5977011494252874,0.7482014388489209,0.48361457636300065,0.012099999999999998
0.3,0.38,0.680365296803653,0.7988505747126438,1.0,0.5977011494252874,0.7482014388489209,0.48361457636300065,0.0144
0.3,0.37,0.680365296803653,0.7988505747126438,1.0,0.5977011494252874,0.7482014388489209,0.48361457636300065,0.016900000000000002
0.3,0.36,0.680365296803653,0.7988505747126438,1.0,0.5977011494252874,0.7482014388489209,0.48361457636300065,0.019600000000000003
0.3,0.35,0.680365296803653,0.7988505747126438,1.0,0.5977011494252874,0.7482014388489209,0.48361457636300065,0.022500000000000006
0.3,0.34,0.680365296803653,0.7988505747126438,1.0,0.5977011494252874,0.7482014388489209,0.48361457636300065,0.02559999999999999
0.3,0.33,0.680365296803653,0.7988505747126438,1.0,0.5977011494252874,0.7482014388489209,0.48361457636300065,0.028899999999999995
0.3,0.32,0.680365296803653,0.7988505747126438,1.0,0.5977011494252874,0.7482014388489209,0.48361457636300065,0.0324
0.3,0.31,0.680365296803653,0.7988505747126438,1.0,0.5977011494252874,0.7482014388489209,0.48361457636300065,0.0361
0.31,0.28,0.680365296803653,0.7988505747126438,1.0,0.5977011494252874,0.7482014388489209,0.48361457636300065,0.048499999999999995
0.31,0.27,0.680365296803653,0.7988505747126438,1.0,0.5977011494252874,0.7482014388489209,0.48361457636300065,0.05299999999999999
0.31,0.26,0.680365296803653,0.7988505747126438,1.0,0.5977011494252874,0.7482014388489209,0.48361457636300065,0.0577
0.26,0.43,0.730593607305936,0.7975095785440613,0.967479674796748,0.6839080459770115,0.8013468013468014,0.48453333065509024,0.006499999999999999
0.26,0.47,0.6894977168949772,0.796360153256705,0.9907407407407407,0.6149425287356322,0.7588652482269503,0.47902405220056327,0.0025
0.2,0.48,0.6894977168949772,0.796360153256705,0.9907407407407407,0.6149425287356322,0.7588652482269503,0.47902405220056327,0.010399999999999996
0.19,0.48,0.6894977168949772,0.796360153256705,0.9907407407407407,0.6149425287356322,0.7588652482269503,0.47902405220056327,0.012499999999999999
0.18,0.48,0.6894977168949772,0.796360153256705,0.9907407407407407,0.6149425287356322,0.7588652482269503,0.47902405220056327,0.0148
0.17,0.48,0.6894977168949772,0.796360153256705,0.9907407407407407,0.6149425287356322,0.7588652482269503,0.47902405220056327,0.017299999999999996
0.16,0.48,0.6894977168949772,0.796360153256705,0.9907407407407407,0.6149425287356322,0.7588652482269503,0.47902405220056327,0.019999999999999997
0.15,0.48,0.6894977168949772,0.796360153256705,0.9907407407407407,0.6149425287356322,0.7588652482269503,0.47902405220056327,0.0229
0.14,0.48,0.6894977168949772,0.796360153256705,0.9907407407407407,0.6149425287356322,0.7588652482269503,0.47902405220056327,0.025999999999999992
0.13,0.48,0.6894977168949772,0.796360153256705,0.9907407407407407,0.6149425287356322,0.7588652482269503,0.47902405220056327,0.029299999999999996
0.28,0.46,0.6757990867579908,0.7959770114942528,1.0,0.5919540229885057,0.7436823104693141,0.4792049003340447,0.001999999999999997
0.3,0.4,0.6757990867579908,0.7959770114942528,1.0,0.5919540229885057,0.7436823104693141,0.4792049003340447,0.009999999999999995
0.31,0.3,0.6757990867579908,0.7959770114942528,1.0,0.5919540229885057,0.7436823104693141,0.4792049003340447,0.04010000000000001
0.31,0.29,0.6757990867579908,0.7959770114942528,1.0,0.5919540229885057,0.7436823104693141,0.4792049003340447,0.04420000000000001
0.0,0.23,0.8949771689497716,0.7938697318007664,0.9081081081081082,0.9655172413793104,0.935933147632312,0.6557531879303397,0.1629
0.28,0.45,0.684931506849315,0.7934865900383141,0.9906542056074766,0.6091954022988506,0.7544483985765125,0.47445850798963823,0.002899999999999997
0.24,0.48,0.684931506849315,0.7934865900383141,0.9906542056074766,0.6091954022988506,0.7544483985765125,0.47445850798963823,0.004000000000000001
0.23,0.48,0.684931506849315,0.7934865900383141,0.9906542056074766,0.6091954022988506,0.7544483985765125,0.47445850798963823,0.005299999999999998
0.22,0.48,0.684931506849315,0.7934865900383141,0.9906542056074766,0.6091954022988506,0.7544483985765125,0.47445850798963823,0.006799999999999999
0.21,0.48,0.684931506849315,0.7934865900383141,0.9906542056074766,0.6091954022988506,0.7544483985765125,0.47445850798963823,0.0085
0.32,0.24,0.684931506849315,0.7934865900383141,0.9906542056074766,0.6091954022988506,0.7544483985765125,0.47445850798963823,0.068
0.32,0.23,0.684931506849315,0.7934865900383141,0.9906542056074766,0.6091954022988506,0.7544483985765125,0.47445850798963823,0.0733
0.32,0.22,0.684931506849315,0.7934865900383141,0.9906542056074766,0.6091954022988506,0.7544483985765125,0.47445850798963823,0.07880000000000001
0.32,0.21,0.684931506849315,0.7934865900383141,0.9906542056074766,0.6091954022988506,0.7544483985765125,0.47445850798963823,0.08450000000000002
0.32,0.2,0.684931506849315,0.7934865900383141,0.9906542056074766,0.6091954022988506,0.7544483985765125,0.47445850798963823,0.0904
0.32,0.19,0.684931506849315,0.7934865900383141,0.9906542056074766,0.6091954022988506,0.7544483985765125,0.47445850798963823,0.0965
0.32,0.18,0.684931506849315,0.7934865900383141,0.9906542056074766,0.6091954022988506,0.7544483985765125,0.47445850798963823,0.1028
0.32,0.17,0.684931506849315,0.7934865900383141,0.9906542056074766,0.6091954022988506,0.7544483985765125,0.47445850798963823,0.10929999999999997
0.32,0.16,0.684931506849315,0.7934865900383141,0.9906542056074766,0.6091954022988506,0.7544483985765125,0.47445850798963823,0.11599999999999998
0.32,0.15,0.684931506849315,0.7934865900383141,0.9906542056074766,0.6091954022988506,0.7544483985765125,0.47445850798963823,0.12289999999999998
0.0,0.24,0.8904109589041096,0.7909961685823754,0.907608695652174,0.9597701149425287,0.9329608938547486,0.6417342429547528,0.15760000000000002
0.28,0.47,0.6666666666666666,0.7902298850574713,1.0,0.5804597701149425,0.7345454545454545,0.4704909953854051,0.0013000000000000002
0.29,0.42,0.6666666666666666,0.7902298850574713,1.0,0.5804597701149425,0.7345454545454545,0.4704909953854051,0.006500000000000003
0.29,0.41,0.6666666666666666,0.7902298850574713,1.0,0.5804597701149425,0.7345454545454545,0.4704909953854051,0.008200000000000004
0.31,0.39,0.6666666666666666,0.7902298850574713,1.0,0.5804597701149425,0.7345454545454545,0.4704909953854051,0.012199999999999997
0.31,0.38,0.6666666666666666,0.7902298850574713,1.0,0.5804597701149425,0.7345454545454545,0.4704909953854051,0.014499999999999999
0.31,0.37,0.6666666666666666,0.7902298850574713,1.0,0.5804597701149425,0.7345454545454545,0.4704909953854051,0.017
0.31,0.36,0.6666666666666666,0.7902298850574713,1.0,0.5804597701149425,0.7345454545454545,0.4704909953854051,0.019700000000000002
0.31,0.35,0.6666666666666666,0.7902298850574713,1.0,0.5804597701149425,0.7345454545454545,0.4704909953854051,0.022600000000000006
0.31,0.34,0.6666666666666666,0.7902298850574713,1.0,0.5804597701149425,0.7345454545454545,0.4704909953854051,0.02569999999999999
0.31,0.33,0.6666666666666666,0.7902298850574713,1.0,0.5804597701149425,0.7345454545454545,0.4704909953854051,0.028999999999999995
0.31,0.32,0.6666666666666666,0.7902298850574713,1.0,0.5804597701149425,0.7345454545454545,0.4704909953854051,0.0325
0.31,0.31,0.6666666666666666,0.7902298850574713,1.0,0.5804597701149425,0.7345454545454545,0.4704909953854051,0.0362
0.0,0.3,0.8356164383561644,0.7894636015325671,0.9207317073170732,0.867816091954023,0.893491124260355,0.5393883589008632,0.13
0.0,0.48,0.6894977168949772,0.7881226053639847,0.9818181818181818,0.6206896551724138,0.7605633802816901,0.4656703841301589,0.0904
0.25,0.48,0.6757990867579908,0.7877394636015326,0.9904761904761905,0.5977011494252874,0.7455197132616488,0.4654394933497534,0.0028999999999999994
0.29,0.43,0.6621004566210046,0.7873563218390804,1.0,0.5747126436781609,0.7299270072992701,0.46618484599416,0.005000000000000001
0.3,0.42,0.6621004566210046,0.7873563218390804,1.0,0.5747126436781609,0.7299270072992701,0.46618484599416,0.006400000000000003
0.3,0.41,0.6621004566210046,0.7873563218390804,1.0,0.5747126436781609,0.7299270072992701,0.46618484599416,0.008100000000000005
0.31,0.4,0.6621004566210046,0.7873563218390804,1.0,0.5747126436781609,0.7299270072992701,0.46618484599416,0.010099999999999994
0.0,0.44,0.7534246575342466,0.7871647509578544,0.9477611940298507,0.7298850574712644,0.8246753246753247,0.47618986132756186,0.0936
0.0,0.19,0.8949771689497716,0.785632183908046,0.9037433155080213,0.9712643678160919,0.9362880886426593,0.6534648393987579,0.1861
0.28,0.44,0.684931506849315,0.7852490421455939,0.981651376146789,0.6149425287356322,0.7561837455830389,0.46102606513949906,0.003999999999999998
0.32,0.14,0.684931506849315,0.7852490421455939,0.981651376146789,0.6149425287356322,0.7561837455830389,0.46102606513949906,0.13
0.32,0.13,0.684931506849315,0.7852490421455939,0.981651376146789,0.6149425287356322,0.7561837455830389,0.46102606513949906,0.1373
0.32,0.12,0.684931506849315,0.7852490421455939,0.981651376146789,0.6149425287356322,0.7561837455830389,0.46102606513949906,0.1448
0.32,0.11,0.684931506849315,0.7852490421455939,0.981651376146789,0.6149425287356322,0.7561837455830389,0.46102606513949906,0.15250000000000002
0.32,0.1,0.684931506849315,0.7852490421455939,0.981651376146789,0.6149425287356322,0.7561837455830389,0.46102606513949906,0.16040000000000004
0.32,0.09,0.684931506849315,0.7852490421455939,0.981651376146789,0.6149425287356322,0.7561837455830389,0.46102606513949906,0.16850000000000004
0.32,0.08,0.684931506849315,0.7852490421455939,0.981651376146789,0.6149425287356322,0.7561837455830389,0.46102606513949906,0.17679999999999998
0.32,0.07,0.684931506849315,0.7852490421455939,0.981651376146789,0.6149425287356322,0.7561837455830389,0.46102606513949906,0.1853
0.32,0.06,0.684931506849315,0.7852490421455939,0.981651376146789,0.6149425287356322,0.7561837455830389,0.46102606513949906,0.194
0.32,0.05,0.684931506849315,0.7852490421455939,0.981651376146789,0.6149425287356322,0.7561837455830389,0.46102606513949906,0.20290000000000002
0.32,0.04,0.684931506849315,0.7852490421455939,0.981651376146789,0.6149425287356322,0.7561837455830389,0.46102606513949906,0.21200000000000002
0.32,0.03,0.684931506849315,0.7852490421455939,0.981651376146789,0.6149425287356322,0.7561837455830389,0.46102606513949906,0.2213
0.32,0.02,0.684931506849315,0.7852490421455939,0.981651376146789,0.6149425287356322,0.7561837455830389,0.46102606513949906,0.2308
0.32,0.01,0.684931506849315,0.7852490421455939,0.981651376146789,0.6149425287356322,0.7561837455830389,0.46102606513949906,0.2405
0.32,0.0,0.684931506849315,0.7852490421455939,0.981651376146789,0.6149425287356322,0.7561837455830389,0.46102606513949906,0.2504
0.3,0.43,0.6575342465753424,0.7844827586206897,1.0,0.5689655172413793,0.7252747252747253,0.4619113215385798,0.004900000000000001
0.0,0.22,0.8904109589041096,0.7827586206896552,0.9032258064516129,0.9655172413793104,0.9333333333333333,0.6387240795466372,0.1684
0.0,0.21,0.8904109589041096,0.7827586206896552,0.9032258064516129,0.9655172413793104,0.9333333333333333,0.6387240795466372,0.17410000000000003
0.0,0.2,0.8904109589041096,0.7827586206896552,0.9032258064516129,0.9655172413793104,0.9333333333333333,0.6387240795466372,0.18
0.27,0.44,0.6940639269406392,0.7827586206896552,0.9734513274336283,0.632183908045977,0.7665505226480837,0.4572298515558093,0.004499999999999998
0.33,0.24,0.6666666666666666,0.7819923371647509,0.9902912621359223,0.5862068965517241,0.7364620938628159,0.45656285649949113,0.0685
0.33,0.23,0.6666666666666666,0.7819923371647509,0.9902912621359223,0.5862068965517241,0.7364620938628159,0.45656285649949113,0.0738
0.33,0.22,0.6666666666666666,0.7819923371647509,0.9902912621359223,0.5862068965517241,0.7364620938628159,0.45656285649949113,0.07930000000000001
0.33,0.21,0.6666666666666666,0.7819923371647509,0.9902912621359223,0.5862068965517241,0.7364620938628159,0.45656285649949113,0.08500000000000002
0.33,0.2,0.6666666666666666,0.7819923371647509,0.9902912621359223,0.5862068965517241,0.7364620938628159,0.45656285649949113,0.0909
0.33,0.19,0.6666666666666666,0.7819923371647509,0.9902912621359223,0.5862068965517241,0.7364620938628159,0.45656285649949113,0.097
0.33,0.18,0.6666666666666666,0.7819923371647509,0.9902912621359223,0.5862068965517241,0.7364620938628159,0.45656285649949113,0.1033
0.33,0.17,0.6666666666666666,0.7819923371647509,0.9902912621359223,0.5862068965517241,0.7364620938628159,0.45656285649949113,0.10979999999999997
0.33,0.16,0.6666666666666666,0.7819923371647509,0.9902912621359223,0.5862068965517241,0.7364620938628159,0.45656285649949113,0.11649999999999998
0.33,0.15,0.6666666666666666,0.7819923371647509,0.9902912621359223,0.5862068965517241,0.7364620938628159,0.45656285649949113,0.12339999999999998
0.27,0.48,0.6529680365296804,0.7816091954022988,1.0,0.5632183908045977,0.7205882352941176,0.45766951505423037,0.001299999999999999
0.26,0.44,0.7031963470319634,0.7802681992337165,0.9658119658119658,0.6494252873563219,0.7766323024054983,0.45403745749653535,0.005199999999999998
0.26,0.48,0.6621004566210046,0.7791187739463601,0.9901960784313726,0.5804597701149425,0.7318840579710145,0.452175376331136,0.001999999999999999
0.32,0.25,0.6621004566210046,0.7791187739463601,0.9901960784313726,0.5804597701149425,0.7318840579710145,0.452175376331136,0.0629
0.31,0.42,0.6484018264840182,0.7787356321839081,1.0,0.5574712643678161,0.7158671586715867,0.45345853911140205,0.006500000000000003
0.31,0.41,0.6484018264840182,0.7787356321839081,1.0,0.5574712643678161,0.7158671586715867,0.45345853911140205,0.008200000000000004
0.32,0.28,0.6484018264840182,0.7787356321839081,1.0,0.5574712643678161,0.7158671586715867,0.45345853911140205,0.04879999999999999
0.32,0.27,0.6484018264840182,0.7787356321839081,1.0,0.5574712643678161,0.7158671586715867,0.45345853911140205,0.053299999999999986
0.32,0.26,0.6484018264840182,0.7787356321839081,1.0,0.5574712643678161,0.7158671586715867,0.45345853911140205,0.057999999999999996
0.31,0.43,0.6438356164383562,0.7758620689655172,1.0,0.5517241379310345,0.7111111111111111,0.4492775248830199,0.005000000000000001
0.32,0.3,0.6438356164383562,0.7758620689655172,1.0,0.5517241379310345,0.7111111111111111,0.4492775248830199,0.040400000000000005
0.32,0.29,0.6438356164383562,0.7758620689655172,1.0,0.5517241379310345,0.7111111111111111,0.4492775248830199,0.044500000000000005
0.33,0.14,0.6666666666666666,0.7737547892720307,0.9809523809523809,0.5919540229885057,0.7383512544802867,0.4428182663094524,0.1305
0.33,0.13,0.6666666666666666,0.7737547892720307,0.9809523809523809,0.5919540229885057,0.7383512544802867,0.4428182663094524,0.1378
0.33,0.12,0.6666666666666666,0.7737547892720307,0.9809523809523809,0.5919540229885057,0.7383512544802867,0.4428182663094524,0.1453
0.33,0.11,0.6666666666666666,0.7737547892720307,0.9809523809523809,0.5919540229885057,0.7383512544802867,0.4428182663094524,0.15300000000000002
0.33,0.1,0.6666666666666666,0.7737547892720307,0.9809523809523809,0.5919540229885057,0.7383512544802867,0.4428182663094524,0.16090000000000004
0.33,0.09,0.6666666666666666,0.7737547892720307,0.9809523809523809,0.5919540229885057,0.7383512544802867,0.4428182663094524,0.16900000000000004
0.33,0.08,0.6666666666666666,0.7737547892720307,0.9809523809523809,0.5919540229885057,0.7383512544802867,0.4428182663094524,0.17729999999999999
0.33,0.07,0.6666666666666666,0.7737547892720307,0.9809523809523809,0.5919540229885057,0.7383512544802867,0.4428182663094524,0.1858
0.33,0.06,0.6666666666666666,0.7737547892720307,0.9809523809523809,0.5919540229885057,0.7383512544802867,0.4428182663094524,0.1945
0.33,0.05,0.6666666666666666,0.7737547892720307,0.9809523809523809,0.5919540229885057,0.7383512544802867,0.4428182663094524,0.20340000000000003
0.33,0.04,0.6666666666666666,0.7737547892720307,0.9809523809523809,0.5919540229885057,0.7383512544802867,0.4428182663094524,0.21250000000000002
0.33,0.03,0.6666666666666666,0.7737547892720307,0.9809523809523809,0.5919540229885057,0.7383512544802867,0.4428182663094524,0.2218
0.33,0.02,0.6666666666666666,0.7737547892720307,0.9809523809523809,0.5919540229885057,0.7383512544802867,0.4428182663094524,0.2313
0.33,0.01,0.6666666666666666,0.7737547892720307,0.9809523809523809,0.5919540229885057,0.7383512544802867,0.4428182663094524,0.241
0.33,0.0,0.6666666666666666,0.7737547892720307,0.9809523809523809,0.5919540229885057,0.7383512544802867,0.4428182663094524,0.2509
0.12,0.49,0.6529680365296804,0.7733716475095785,0.99,0.5689655172413793,0.7226277372262774,0.4434971834891109,0.0325
0.11,0.49,0.6529680365296804,0.7733716475095785,0.99,0.5689655172413793,0.7226277372262774,0.4434971834891109,0.0362
0.1,0.49,0.6529680365296804,0.7733716475095785,0.99,0.5689655172413793,0.7226277372262774,0.4434971834891109,0.0401
0.09,0.49,0.6529680365296804,0.7733716475095785,0.99,0.5689655172413793,0.7226277372262774,0.4434971834891109,0.044199999999999996
0.08,0.49,0.6529680365296804,0.7733716475095785,0.99,0.5689655172413793,0.7226277372262774,0.4434971834891109,0.048499999999999995
0.07,0.49,0.6529680365296804,0.7733716475095785,0.99,0.5689655172413793,0.7226277372262774,0.4434971834891109,0.05299999999999999
0.06,0.49,0.6529680365296804,0.7733716475095785,0.99,0.5689655172413793,0.7226277372262774,0.4434971834891109,0.0577
0.05,0.49,0.6529680365296804,0.7733716475095785,0.99,0.5689655172413793,0.7226277372262774,0.4434971834891109,0.0626
0.04,0.49,0.6529680365296804,0.7733716475095785,0.99,0.5689655172413793,0.7226277372262774,0.4434971834891109,0.06770000000000001
0.03,0.49,0.6529680365296804,0.7733716475095785,0.99,0.5689655172413793,0.7226277372262774,0.4434971834891109,0.07300000000000001
0.02,0.49,0.6529680365296804,0.7733716475095785,0.99,0.5689655172413793,0.7226277372262774,0.4434971834891109,0.07849999999999999
0.01,0.49,0.6529680365296804,0.7733716475095785,0.99,0.5689655172413793,0.7226277372262774,0.4434971834891109,0.0842
0.28,0.48,0.639269406392694,0.7729885057471264,1.0,0.5459770114942529,0.7063197026022305,0.44512562124352095,0.0007999999999999993
0.29,0.45,0.639269406392694,0.7729885057471264,1.0,0.5459770114942529,0.7063197026022305,0.44512562124352095,0.002599999999999999
0.29,0.44,0.639269406392694,0.7729885057471264,1.0,0.5459770114942529,0.7063197026022305,0.44512562124352095,0.0037
0.2,0.49,0.6484018264840182,0.7704980842911877,0.98989898989899,0.5632183908045977,0.717948717948718,0.4392045697053701,0.010099999999999994
0.19,0.49,0.6484018264840182,0.7704980842911877,0.98989898989899,0.5632183908045977,0.717948717948718,0.4392045697053701,0.012199999999999997
0.18,0.49,0.6484018264840182,0.7704980842911877,0.98989898989899,0.5632183908045977,0.717948717948718,0.4392045697053701,0.014499999999999999
0.17,0.49,0.6484018264840182,0.7704980842911877,0.98989898989899,0.5632183908045977,0.717948717948718,0.4392045697053701,0.016999999999999994
0.16,0.49,0.6484018264840182,0.7704980842911877,0.98989898989899,0.5632183908045977,0.717948717948718,0.4392045697053701,0.019699999999999995
0.15,0.49,0.6484018264840182,0.7704980842911877,0.98989898989899,0.5632183908045977,0.717948717948718,0.4392045697053701,0.0226
0.14,0.49,0.6484018264840182,0.7704980842911877,0.98989898989899,0.5632183908045977,0.717948717948718,0.4392045697053701,0.02569999999999999
0.13,0.49,0.6484018264840182,0.7704980842911877,0.98989898989899,0.5632183908045977,0.717948717948718,0.4392045697053701,0.028999999999999995
0.29,0.46,0.634703196347032,0.7701149425287357,1.0,0.5402298850574713,0.7014925373134329,0.4410019938965012,0.0016999999999999986
0.3,0.45,0.634703196347032,0.7701149425287357,1.0,0.5402298850574713,0.7014925373134329,0.4410019938965012,0.0024999999999999988
0.3,0.44,0.634703196347032,0.7701149425287357,1.0,0.5402298850574713,0.7014925373134329,0.4410019938965012,0.0036
0.32,0.39,0.634703196347032,0.7701149425287357,1.0,0.5402298850574713,0.7014925373134329,0.4410019938965012,0.012499999999999999
0.32,0.38,0.634703196347032,0.7701149425287357,1.0,0.5402298850574713,0.7014925373134329,0.4410019938965012,0.0148
0.32,0.37,0.634703196347032,0.7701149425287357,1.0,0.5402298850574713,0.7014925373134329,0.4410019938965012,0.017300000000000003
0.32,0.36,0.634703196347032,0.7701149425287357,1.0,0.5402298850574713,0.7014925373134329,0.4410019938965012,0.020000000000000004
0.32,0.35,0.634703196347032,0.7701149425287357,1.0,0.5402298850574713,0.7014925373134329,0.4410019938965012,0.022900000000000007
0.32,0.34,0.634703196347032,0.7701149425287357,1.0,0.5402298850574713,0.7014925373134329,0.4410019938965012,0.025999999999999992
0.32,0.33,0.634703196347032,0.7701149425287357,1.0,0.5402298850574713,0.7014925373134329,0.4410019938965012,0.029299999999999996
0.32,0.32,0.634703196347032,0.7701149425287357,1.0,0.5402298850574713,0.7014925373134329,0.4410019938965012,0.032799999999999996
0.32,0.31,0.634703196347032,0.7701149425287357,1.0,0.5402298850574713,0.7014925373134329,0.4410019938965012,0.0365
0.0,0.25,0.8538812785388128,0.768007662835249,0.9034090909090909,0.9137931034482759,0.9085714285714286,0.5452146620617895,0.1525
0.0,0.28,0.8401826484018264,0.767624521072797,0.9064327485380117,0.8908045977011494,0.8985507246376812,0.5227789665895181,0.1384
0.0,0.27,0.8401826484018264,0.767624521072797,0.9064327485380117,0.8908045977011494,0.8985507246376812,0.5227789665895181,0.14289999999999997
0.0,0.26,0.8401826484018264,0.767624521072797,0.9064327485380117,0.8908045977011494,0.8985507246376812,0.5227789665895181,0.1476
0.24,0.49,0.6438356164383562,0.767624521072797,0.9897959183673469,0.5574712643678161,0.7132352941176471,0.4349417092045985,0.0037
0.23,0.49,0.6438356164383562,0.767624521072797,0.9897959183673469,0.5574712643678161,0.7132352941176471,0.4349417092045985,0.0049999999999999975
0.22,0.49,0.6438356164383562,0.767624521072797,0.9897959183673469,0.5574712643678161,0.7132352941176471,0.4349417092045985,0.006499999999999998
0.21,0.49,0.6438356164383562,0.767624521072797,0.9897959183673469,0.5574712643678161,0.7132352941176471,0.4349417092045985,0.008199999999999999
0.33,0.25,0.6438356164383562,0.767624521072797,0.9897959183673469,0.5574712643678161,0.7132352941176471,0.4349417092045985,0.0634
0.29,0.47,0.6301369863013698,0.7672413793103448,1.0,0.5344827586206896,0.6966292134831461,0.4369058245290272,0.0010000000000000018
0.3,0.46,0.6301369863013698,0.7672413793103448,1.0,0.5344827586206896,0.6966292134831461,0.4369058245290272,0.0015999999999999983
0.32,0.4,0.6301369863013698,0.7672413793103448,1.0,0.5344827586206896,0.6966292134831461,0.4369058245290272,0.010399999999999996
0.33,0.28,0.6301369863013698,0.7672413793103448,1.0,0.5344827586206896,0.6966292134831461,0.4369058245290272,0.0493
0.33,0.27,0.6301369863013698,0.7672413793103448,1.0,0.5344827586206896,0.6966292134831461,0.4369058245290272,0.053799999999999994
0.33,0.26,0.6301369863013698,0.7672413793103448,1.0,0.5344827586206896,0.6966292134831461,0.4369058245290272,0.0585
0.12,0.5,0.639269406392694,0.764750957854406,0.9896907216494846,0.5517241379310345,0.7084870848708487,0.4307076983174966,0.0324
0.11,0.5,0.639269406392694,0.764750957854406,0.9896907216494846,0.5517241379310345,0.7084870848708487,0.4307076983174966,0.0361
0.1,0.5,0.639269406392694,0.764750957854406,0.9896907216494846,0.5517241379310345,0.7084870848708487,0.4307076983174966,0.039999999999999994
0.09,0.5,0.639269406392694,0.764750957854406,0.9896907216494846,0.5517241379310345,0.7084870848708487,0.4307076983174966,0.04409999999999999
0.08,0.5,0.639269406392694,0.764750957854406,0.9896907216494846,0.5517241379310345,0.7084870848708487,0.4307076983174966,0.04839999999999999
0.07,0.5,0.639269406392694,0.764750957854406,0.9896907216494846,0.5517241379310345,0.7084870848708487,0.4307076983174966,0.05289999999999999
0.06,0.5,0.639269406392694,0.764750957854406,0.9896907216494846,0.5517241379310345,0.7084870848708487,0.4307076983174966,0.0576
0.05,0.5,0.639269406392694,0.764750957854406,0.9896907216494846,0.5517241379310345,0.7084870848708487,0.4307076983174966,0.0625
0.04,0.5,0.639269406392694,0.764750957854406,0.9896907216494846,0.5517241379310345,0.7084870848708487,0.4307076983174966,0.06760000000000001
0.03,0.5,0.639269406392694,0.764750957854406,0.9896907216494846,0.5517241379310345,0.7084870848708487,0.4307076983174966,0.0729
0.02,0.5,0.639269406392694,0.764750957854406,0.9896907216494846,0.5517241379310345,0.7084870848708487,0.4307076983174966,0.07839999999999998
0.01,0.5,0.639269406392694,0.764750957854406,0.9896907216494846,0.5517241379310345,0.7084870848708487,0.4307076983174966,0.0841
0.3,0.47,0.6255707762557078,0.764367816091954,1.0,0.5287356321839081,0.6917293233082706,0.4328363099905859,0.0009000000000000016
0.33,0.3,0.6255707762557078,0.764367816091954,1.0,0.5287356321839081,0.6917293233082706,0.4328363099905859,0.04090000000000001
0.33,0.29,0.6255707762557078,0.764367816091954,1.0,0.5287356321839081,0.6917293233082706,0.4328363099905859,0.04500000000000001
0.0,0.49,0.6484018264840182,0.7622605363984675,0.9801980198019802,0.5689655172413793,0.72,0.42514994896542546,0.0901
0.0,0.29,0.8310502283105022,0.7618773946360153,0.9053254437869822,0.8793103448275862,0.892128279883382,0.5041741024080925,0.1341
0.25,0.49,0.634703196347032,0.7618773946360153,0.9895833333333334,0.5459770114942529,0.7037037037037037,0.42650165035770016,0.002599999999999999
0.2,0.5,0.634703196347032,0.7618773946360153,0.9895833333333334,0.5459770114942529,0.7037037037037037,0.42650165035770016,0.009999999999999995
0.19,0.5,0.634703196347032,0.7618773946360153,0.9895833333333334,0.5459770114942529,0.7037037037037037,0.42650165035770016,0.012099999999999998
0.18,0.5,0.634703196347032,0.7618773946360153,0.9895833333333334,0.5459770114942529,0.7037037037037037,0.42650165035770016,0.0144
0.17,0.5,0.634703196347032,0.7618773946360153,0.9895833333333334,0.5459770114942529,0.7037037037037037,0.42650165035770016,0.016899999999999995
0.16,0.5,0.634703196347032,0.7618773946360153,0.9895833333333334,0.5459770114942529,0.7037037037037037,0.42650165035770016,0.019599999999999996
0.15,0.5,0.634703196347032,0.7618773946360153,0.9895833333333334,0.5459770114942529,0.7037037037037037,0.42650165035770016,0.0225
0.14,0.5,0.634703196347032,0.7618773946360153,0.9895833333333334,0.5459770114942529,0.7037037037037037,0.42650165035770016,0.02559999999999999
0.13,0.5,0.634703196347032,0.7618773946360153,0.9895833333333334,0.5459770114942529,0.7037037037037037,0.42650165035770016,0.028899999999999995
0.31,0.45,0.6210045662100456,0.7614942528735632,1.0,0.5229885057471264,0.6867924528301886,0.4287926614947184,0.002599999999999999
0.31,0.44,0.6210045662100456,0.7614942528735632,1.0,0.5229885057471264,0.6867924528301886,0.4287926614947184,0.0037
0.24,0.5,0.6301369863013698,0.7590038314176245,0.9894736842105263,0.5402298850574713,0.6988847583643123,0.4223226946815722,0.0036
0.23,0.5,0.6301369863013698,0.7590038314176245,0.9894736842105263,0.5402298850574713,0.6988847583643123,0.4223226946815722,0.004899999999999997
0.22,0.5,0.6301369863013698,0.7590038314176245,0.9894736842105263,0.5402298850574713,0.6988847583643123,0.4223226946815722,0.006399999999999998
0.21,0.5,0.6301369863013698,0.7590038314176245,0.9894736842105263,0.5402298850574713,0.6988847583643123,0.4223226946815722,0.0081
0.27,0.49,0.6164383561643836,0.7586206896551724,1.0,0.5172413793103449,0.6818181818181818,0.4247741038414493,0.0009999999999999985
0.31,0.46,0.6164383561643836,0.7586206896551724,1.0,0.5172413793103449,0.6818181818181818,0.4247741038414493,0.0016999999999999986
0.32,0.42,0.6164383561643836,0.7586206896551724,1.0,0.5172413793103449,0.6818181818181818,0.4247741038414493,0.006800000000000004
0.32,0.41,0.6164383561643836,0.7586206896551724,1.0,0.5172413793103449,0.6818181818181818,0.4247741038414493,0.008500000000000006
0.33,0.39,0.6164383561643836,0.7586206896551724,1.0,0.5172413793103449,0.6818181818181818,0.4247741038414493,0.013
0.33,0.38,0.6164383561643836,0.7586206896551724,1.0,0.5172413793103449,0.6818181818181818,0.4247741038414493,0.015300000000000001
0.33,0.37,0.6164383561643836,0.7586206896551724,1.0,0.5172413793103449,0.6818181818181818,0.4247741038414493,0.017800000000000003
0.33,0.36,0.6164383561643836,0.7586206896551724,1.0,0.5172413793103449,0.6818181818181818,0.4247741038414493,0.020500000000000004
0.33,0.35,0.6164383561643836,0.7586206896551724,1.0,0.5172413793103449,0.6818181818181818,0.4247741038414493,0.023400000000000008
0.33,0.34,0.6164383561643836,0.7586206896551724,1.0,0.5172413793103449,0.6818181818181818,0.4247741038414493,0.026499999999999992
0.33,0.33,0.6164383561643836,0.7586206896551724,1.0,0.5172413793103449,0.6818181818181818,0.4247741038414493,0.029799999999999997
0.33,0.32,0.6164383561643836,0.7586206896551724,1.0,0.5172413793103449,0.6818181818181818,0.4247741038414493,0.0333
0.33,0.31,0.6164383561643836,0.7586206896551724,1.0,0.5172413793103449,0.6818181818181818,0.4247741038414493,0.037000000000000005
0.26,0.49,0.6255707762557078,0.7561302681992337,0.9893617021276596,0.5344827586206896,0.6940298507462687,0.41816997577278164,0.0016999999999999986
0.31,0.47,0.6118721461187214,0.7557471264367817,1.0,0.5114942528735632,0.6768060836501901,0.42077987465867694,0.0010000000000000018
0.32,0.43,0.6118721461187214,0.7557471264367817,1.0,0.5114942528735632,0.6768060836501901,0.42077987465867694,0.005300000000000002
0.33,0.4,0.6118721461187214,0.7557471264367817,1.0,0.5114942528735632,0.6768060836501901,0.42077987465867694,0.010899999999999996
0.0,0.5,0.634703196347032,0.753639846743295,0.9795918367346939,0.5517241379310345,0.7058823529411765,0.41221390335496666,0.09
0.25,0.5,0.6210045662100456,0.753256704980843,0.989247311827957,0.5287356321839081,0.6891385767790262,0.41404265234937204,0.0024999999999999988
0.0,0.18,0.8812785388127854,0.7522988505747126,0.8894736842105263,0.9712643678160919,0.9285714285714286,0.6015203842257457,0.19240000000000002
0.0,0.17,0.8812785388127854,0.7522988505747126,0.8894736842105263,0.9712643678160919,0.9285714285714286,0.6015203842257457,0.19889999999999997
0.28,0.49,0.6027397260273972,0.75,1.0,0.5,0.6666666666666666,0.4128614119223852,0.0004999999999999987
0.29,0.48,0.6027397260273972,0.75,1.0,0.5,0.6666666666666666,0.4128614119223852,0.0005000000000000009
0.27,0.5,0.6027397260273972,0.75,1.0,0.5,0.6666666666666666,0.4128614119223852,0.0008999999999999982
0.26,0.5,0.6118721461187214,0.7475095785440613,0.989010989010989,0.5172413793103449,0.6792452830188679,0.40586089278474446,0.0015999999999999983
0.3,0.48,0.5981735159817352,0.7471264367816092,1.0,0.4942528735632184,0.6615384615384615,0.4089357111665039,0.0004000000000000007
0.33,0.42,0.5981735159817352,0.7471264367816092,1.0,0.4942528735632184,0.6615384615384615,0.4089357111665039,0.007300000000000004
0.33,0.41,0.5981735159817352,0.7471264367816092,1.0,0.4942528735632184,0.6615384615384615,0.4089357111665039,0.009000000000000006
0.28,0.5,0.593607305936073,0.7442528735632183,1.0,0.4885057471264368,0.6563706563706564,0.4050314030638035,0.0003999999999999985
0.33,0.43,0.593607305936073,0.7442528735632183,1.0,0.4885057471264368,0.6563706563706564,0.4050314030638035,0.005800000000000002
0.0,0.15,0.8812785388127854,0.7440613026819923,0.8854166666666666,0.9770114942528736,0.9289617486338798,0.5998978497311891,0.21249999999999997
0.12,0.51,0.6027397260273972,0.7417624521072796,0.9887640449438202,0.5057471264367817,0.6692015209125475,0.3977709376923223,0.0325
0.11,0.51,0.6027397260273972,0.7417624521072796,0.9887640449438202,0.5057471264367817,0.6692015209125475,0.3977709376923223,0.0362
0.1,0.51,0.6027397260273972,0.7417624521072796,0.9887640449438202,0.5057471264367817,0.6692015209125475,0.3977709376923223,0.0401
0.09,0.51,0.6027397260273972,0.7417624521072796,0.9887640449438202,0.5057471264367817,0.6692015209125475,0.3977709376923223,0.044199999999999996
0.08,0.51,0.6027397260273972,0.7417624521072796,0.9887640449438202,0.5057471264367817,0.6692015209125475,0.3977709376923223,0.048499999999999995
0.07,0.51,0.6027397260273972,0.7417624521072796,0.9887640449438202,0.5057471264367817,0.6692015209125475,0.3977709376923223,0.05299999999999999
0.06,0.51,0.6027397260273972,0.7417624521072796,0.9887640449438202,0.5057471264367817,0.6692015209125475,0.3977709376923223,0.0577
0.05,0.51,0.6027397260273972,0.7417624521072796,0.9887640449438202,0.5057471264367817,0.6692015209125475,0.3977709376923223,0.0626
0.04,0.51,0.6027397260273972,0.7417624521072796,0.9887640449438202,0.5057471264367817,0.6692015209125475,0.3977709376923223,0.06770000000000001
0.03,0.51,0.6027397260273972,0.7417624521072796,0.9887640449438202,0.5057471264367817,0.6692015209125475,0.3977709376923223,0.07300000000000001
0.02,0.51,0.6027397260273972,0.7417624521072796,0.9887640449438202,0.5057471264367817,0.6692015209125475,0.3977709376923223,0.07849999999999999
0.01,0.51,0.6027397260273972,0.7417624521072796,0.9887640449438202,0.5057471264367817,0.6692015209125475,0.3977709376923223,0.0842
0.31,0.48,0.589041095890411,0.7413793103448276,1.0,0.4827586206896552,0.6511627906976745,0.401147778542877,0.0005000000000000009
0.32,0.45,0.589041095890411,0.7413793103448276,1.0,0.4827586206896552,0.6511627906976745,0.401147778542877,0.0028999999999999994
0.32,0.44,0.589041095890411,0.7413793103448276,1.0,0.4827586206896552,0.6511627906976745,0.401147778542877,0.004000000000000001
0.0,0.16,0.8767123287671232,0.7411877394636015,0.8848167539267016,0.9712643678160919,0.9260273972602739,0.5836740760547346,0.20559999999999998
0.2,0.51,0.5981735159817352,0.7388888888888889,0.9886363636363636,0.5,0.6641221374045801,0.3937584105340438,0.010099999999999994
0.19,0.51,0.5981735159817352,0.7388888888888889,0.9886363636363636,0.5,0.6641221374045801,0.3937584105340438,0.012199999999999997
0.18,0.51,0.5981735159817352,0.7388888888888889,0.9886363636363636,0.5,0.6641221374045801,0.3937584105340438,0.014499999999999999
0.17,0.51,0.5981735159817352,0.7388888888888889,0.9886363636363636,0.5,0.6641221374045801,0.3937584105340438,0.016999999999999994
0.16,0.51,0.5981735159817352,0.7388888888888889,0.9886363636363636,0.5,0.6641221374045801,0.3937584105340438,0.019699999999999995
0.15,0.51,0.5981735159817352,0.7388888888888889,0.9886363636363636,0.5,0.6641221374045801,0.3937584105340438,0.0226
0.14,0.51,0.5981735159817352,0.7388888888888889,0.9886363636363636,0.5,0.6641221374045801,0.3937584105340438,0.02569999999999999
0.13,0.51,0.5981735159817352,0.7388888888888889,0.9886363636363636,0.5,0.6641221374045801,0.3937584105340438,0.028999999999999995
0.32,0.46,0.5844748858447488,0.7385057471264368,1.0,0.47701149425287354,0.6459143968871596,0.3972841371089177,0.001999999999999999
0.24,0.51,0.593607305936073,0.7360153256704981,0.9885057471264368,0.4942528735632184,0.6590038314176245,0.38976648236657363,0.0037
0.23,0.51,0.593607305936073,0.7360153256704981,0.9885057471264368,0.4942528735632184,0.6590038314176245,0.38976648236657363,0.0049999999999999975
0.22,0.51,0.593607305936073,0.7360153256704981,0.9885057471264368,0.4942528735632184,0.6590038314176245,0.38976648236657363,0.006499999999999998
0.21,0.51,0.593607305936073,0.7360153256704981,0.9885057471264368,0.4942528735632184,0.6590038314176245,0.38976648236657363,0.008199999999999999
0.12,0.52,0.593607305936073,0.7360153256704981,0.9885057471264368,0.4942528735632184,0.6590038314176245,0.38976648236657363,0.032799999999999996
0.11,0.52,0.593607305936073,0.7360153256704981,0.9885057471264368,0.4942528735632184,0.6590038314176245,0.38976648236657363,0.0365
0.1,0.52,0.593607305936073,0.7360153256704981,0.9885057471264368,0.4942528735632184,0.6590038314176245,0.38976648236657363,0.04039999999999999
0.09,0.52,0.593607305936073,0.7360153256704981,0.9885057471264368,0.4942528735632184,0.6590038314176245,0.38976648236657363,0.04449999999999999
0.08,0.52,0.593607305936073,0.7360153256704981,0.9885057471264368,0.4942528735632184,0.6590038314176245,0.38976648236657363,0.04879999999999999
0.07,0.52,0.593607305936073,0.7360153256704981,0.9885057471264368,0.4942528735632184,0.6590038314176245,0.38976648236657363,0.053299999999999986
0.06,0.52,0.593607305936073,0.7360153256704981,0.9885057471264368,0.4942528735632184,0.6590038314176245,0.38976648236657363,0.057999999999999996
0.05,0.52,0.593607305936073,0.7360153256704981,0.9885057471264368,0.4942528735632184,0.6590038314176245,0.38976648236657363,0.0629
0.04,0.52,0.593607305936073,0.7360153256704981,0.9885057471264368,0.4942528735632184,0.6590038314176245,0.38976648236657363,0.068
0.03,0.52,0.593607305936073,0.7360153256704981,0.9885057471264368,0.4942528735632184,0.6590038314176245,0.38976648236657363,0.0733
0.02,0.52,0.593607305936073,0.7360153256704981,0.9885057471264368,0.4942528735632184,0.6590038314176245,0.38976648236657363,0.07879999999999998
0.01,0.52,0.593607305936073,0.7360153256704981,0.9885057471264368,0.4942528735632184,0.6590038314176245,0.38976648236657363,0.08449999999999999
0.32,0.47,0.5799086757990868,0.735632183908046,1.0,0.47126436781609193,0.640625,0.39343978616943676,0.0013000000000000023
0.2,0.52,0.589041095890411,0.7331417624521073,0.9883720930232558,0.4885057471264368,0.6538461538461539,0.38579438797646143,0.010399999999999996
0.19,0.52,0.589041095890411,0.7331417624521073,0.9883720930232558,0.4885057471264368,0.6538461538461539,0.38579438797646143,0.012499999999999999
0.18,0.52,0.589041095890411,0.7331417624521073,0.9883720930232558,0.4885057471264368,0.6538461538461539,0.38579438797646143,0.0148
0.17,0.52,0.589041095890411,0.7331417624521073,0.9883720930232558,0.4885057471264368,0.6538461538461539,0.38579438797646143,0.017299999999999996
0.16,0.52,0.589041095890411,0.7331417624521073,0.9883720930232558,0.4885057471264368,0.6538461538461539,0.38579438797646143,0.019999999999999997
0.15,0.52,0.589041095890411,0.7331417624521073,0.9883720930232558,0.4885057471264368,0.6538461538461539,0.38579438797646143,0.0229
0.14,0.52,0.589041095890411,0.7331417624521073,0.9883720930232558,0.4885057471264368,0.6538461538461539,0.38579438797646143,0.025999999999999992
0.13,0.52,0.589041095890411,0.7331417624521073,0.9883720930232558,0.4885057471264368,0.6538461538461539,0.38579438797646143,0.029299999999999996
0.34,0.24,0.589041095890411,0.7331417624521073,0.9883720930232558,0.4885057471264368,0.6538461538461539,0.38579438797646143,0.06920000000000001
0.34,0.23,0.589041095890411,0.7331417624521073,0.9883720930232558,0.4885057471264368,0.6538461538461539,0.38579438797646143,0.07450000000000001
0.34,0.22,0.589041095890411,0.7331417624521073,0.9883720930232558,0.4885057471264368,0.6538461538461539,0.38579438797646143,0.08000000000000002
0.34,0.21,0.589041095890411,0.7331417624521073,0.9883720930232558,0.4885057471264368,0.6538461538461539,0.38579438797646143,0.08570000000000003
0.34,0.2,0.589041095890411,0.7331417624521073,0.9883720930232558,0.4885057471264368,0.6538461538461539,0.38579438797646143,0.0916
0.34,0.19,0.589041095890411,0.7331417624521073,0.9883720930232558,0.4885057471264368,0.6538461538461539,0.38579438797646143,0.09770000000000001
0.34,0.18,0.589041095890411,0.7331417624521073,0.9883720930232558,0.4885057471264368,0.6538461538461539,0.38579438797646143,0.10400000000000001
0.34,0.17,0.589041095890411,0.7331417624521073,0.9883720930232558,0.4885057471264368,0.6538461538461539,0.38579438797646143,0.11049999999999997
0.34,0.16,0.589041095890411,0.7331417624521073,0.9883720930232558,0.4885057471264368,0.6538461538461539,0.38579438797646143,0.11719999999999998
0.34,0.15,0.589041095890411,0.7331417624521073,0.9883720930232558,0.4885057471264368,0.6538461538461539,0.38579438797646143,0.12409999999999999
0.34,0.14,0.589041095890411,0.7331417624521073,0.9883720930232558,0.4885057471264368,0.6538461538461539,0.38579438797646143,0.13119999999999998
0.34,0.13,0.589041095890411,0.7331417624521073,0.9883720930232558,0.4885057471264368,0.6538461538461539,0.38579438797646143,0.13849999999999998
0.34,0.12,0.589041095890411,0.7331417624521073,0.9883720930232558,0.4885057471264368,0.6538461538461539,0.38579438797646143,0.146
0.34,0.11,0.589041095890411,0.7331417624521073,0.9883720930232558,0.4885057471264368,0.6538461538461539,0.38579438797646143,0.1537
0.34,0.1,0.589041095890411,0.7331417624521073,0.9883720930232558,0.4885057471264368,0.6538461538461539,0.38579438797646143,0.16160000000000002
0.34,0.09,0.589041095890411,0.7331417624521073,0.9883720930232558,0.4885057471264368,0.6538461538461539,0.38579438797646143,0.16970000000000002
0.34,0.08,0.589041095890411,0.7331417624521073,0.9883720930232558,0.4885057471264368,0.6538461538461539,0.38579438797646143,0.17799999999999996
0.34,0.07,0.589041095890411,0.7331417624521073,0.9883720930232558,0.4885057471264368,0.6538461538461539,0.38579438797646143,0.18649999999999997
0.34,0.06,0.589041095890411,0.7331417624521073,0.9883720930232558,0.4885057471264368,0.6538461538461539,0.38579438797646143,0.19519999999999998
0.34,0.05,0.589041095890411,0.7331417624521073,0.9883720930232558,0.4885057471264368,0.6538461538461539,0.38579438797646143,0.2041
0.34,0.04,0.589041095890411,0.7331417624521073,0.9883720930232558,0.4885057471264368,0.6538461538461539,0.38579438797646143,0.2132
0.34,0.03,0.589041095890411,0.7331417624521073,0.9883720930232558,0.4885057471264368,0.6538461538461539,0.38579438797646143,0.22249999999999998
0.34,0.02,0.589041095890411,0.7331417624521073,0.9883720930232558,0.4885057471264368,0.6538461538461539,0.38579438797646143,0.23199999999999998
0.34,0.01,0.589041095890411,0.7331417624521073,0.9883720930232558,0.4885057471264368,0.6538461538461539,0.38579438797646143,0.24169999999999997
0.34,0.0,0.589041095890411,0.7331417624521073,0.9883720930232558,0.4885057471264368,0.6538461538461539,0.38579438797646143,0.2516
0.29,0.49,0.5753424657534246,0.7327586206896551,1.0,0.46551724137931033,0.6352941176470588,0.3896140403653019,0.00020000000000000036
0.0,0.51,0.5981735159817352,0.7306513409961686,0.9777777777777777,0.5057471264367817,0.6666666666666666,0.3788355711297074,0.0901
0.25,0.51,0.5844748858447488,0.7302681992337164,0.9882352941176471,0.4827586206896552,0.6486486486486487,0.3818413697903465,0.002599999999999999
0.24,0.52,0.5844748858447488,0.7302681992337164,0.9882352941176471,0.4827586206896552,0.6486486486486487,0.3818413697903465,0.004000000000000001
0.23,0.52,0.5844748858447488,0.7302681992337164,0.9882352941176471,0.4827586206896552,0.6486486486486487,0.3818413697903465,0.005299999999999998
0.22,0.52,0.5844748858447488,0.7302681992337164,0.9882352941176471,0.4827586206896552,0.6486486486486487,0.3818413697903465,0.006799999999999999
0.21,0.52,0.5844748858447488,0.7302681992337164,0.9882352941176471,0.4827586206896552,0.6486486486486487,0.3818413697903465,0.0085
0.35,0.24,0.5844748858447488,0.7302681992337164,0.9882352941176471,0.4827586206896552,0.6486486486486487,0.3818413697903465,0.07010000000000001
0.35,0.23,0.5844748858447488,0.7302681992337164,0.9882352941176471,0.4827586206896552,0.6486486486486487,0.3818413697903465,0.07540000000000001
0.35,0.22,0.5844748858447488,0.7302681992337164,0.9882352941176471,0.4827586206896552,0.6486486486486487,0.3818413697903465,0.08090000000000001
0.35,0.21,0.5844748858447488,0.7302681992337164,0.9882352941176471,0.4827586206896552,0.6486486486486487,0.3818413697903465,0.08660000000000002
0.35,0.2,0.5844748858447488,0.7302681992337164,0.9882352941176471,0.4827586206896552,0.6486486486486487,0.3818413697903465,0.0925
0.35,0.19,0.5844748858447488,0.7302681992337164,0.9882352941176471,0.4827586206896552,0.6486486486486487,0.3818413697903465,0.09860000000000001
0.35,0.18,0.5844748858447488,0.7302681992337164,0.9882352941176471,0.4827586206896552,0.6486486486486487,0.3818413697903465,0.10490000000000001
0.35,0.17,0.5844748858447488,0.7302681992337164,0.9882352941176471,0.4827586206896552,0.6486486486486487,0.3818413697903465,0.11139999999999997
0.35,0.16,0.5844748858447488,0.7302681992337164,0.9882352941176471,0.4827586206896552,0.6486486486486487,0.3818413697903465,0.11809999999999998
0.35,0.15,0.5844748858447488,0.7302681992337164,0.9882352941176471,0.4827586206896552,0.6486486486486487,0.3818413697903465,0.12499999999999999
0.35,0.14,0.5844748858447488,0.7302681992337164,0.9882352941176471,0.4827586206896552,0.6486486486486487,0.3818413697903465,0.1321
0.35,0.13,0.5844748858447488,0.7302681992337164,0.9882352941176471,0.4827586206896552,0.6486486486486487,0.3818413697903465,0.1394
0.35,0.12,0.5844748858447488,0.7302681992337164,0.9882352941176471,0.4827586206896552,0.6486486486486487,0.3818413697903465,0.1469
0.35,0.11,0.5844748858447488,0.7302681992337164,0.9882352941176471,0.4827586206896552,0.6486486486486487,0.3818413697903465,0.15460000000000002
0.35,0.1,0.5844748858447488,0.7302681992337164,0.9882352941176471,0.4827586206896552,0.6486486486486487,0.3818413697903465,0.16250000000000003
0.35,0.09,0.5844748858447488,0.7302681992337164,0.9882352941176471,0.4827586206896552,0.6486486486486487,0.3818413697903465,0.17060000000000003
0.35,0.08,0.5844748858447488,0.7302681992337164,0.9882352941176471,0.4827586206896552,0.6486486486486487,0.3818413697903465,0.17889999999999998
0.35,0.07,0.5844748858447488,0.7302681992337164,0.9882352941176471,0.4827586206896552,0.6486486486486487,0.3818413697903465,0.18739999999999998
0.35,0.06,0.5844748858447488,0.7302681992337164,0.9882352941176471,0.4827586206896552,0.6486486486486487,0.3818413697903465,0.1961
0.35,0.05,0.5844748858447488,0.7302681992337164,0.9882352941176471,0.4827586206896552,0.6486486486486487,0.3818413697903465,0.20500000000000002
0.35,0.04,0.5844748858447488,0.7302681992337164,0.9882352941176471,0.4827586206896552,0.6486486486486487,0.3818413697903465,0.2141
0.35,0.03,0.5844748858447488,0.7302681992337164,0.9882352941176471,0.4827586206896552,0.6486486486486487,0.3818413697903465,0.2234
0.35,0.02,0.5844748858447488,0.7302681992337164,0.9882352941176471,0.4827586206896552,0.6486486486486487,0.3818413697903465,0.2329
0.35,0.01,0.5844748858447488,0.7302681992337164,0.9882352941176471,0.4827586206896552,0.6486486486486487,0.3818413697903465,0.24259999999999998
0.35,0.0,0.5844748858447488,0.7302681992337164,0.9882352941176471,0.4827586206896552,0.6486486486486487,0.3818413697903465,0.2525
0.3,0.49,0.5707762557077626,0.7298850574712643,1.0,0.45977011494252873,0.6299212598425197,0.38580622090540206,0.00010000000000000018
0.33,0.45,0.5707762557077626,0.7298850574712643,1.0,0.45977011494252873,0.6299212598425197,0.38580622090540206,0.0034000000000000002
0.33,0.44,0.5707762557077626,0.7298850574712643,1.0,0.45977011494252873,0.6299212598425197,0.38580622090540206,0.004500000000000001
0.29,0.5,0.5662100456621004,0.7270114942528736,1.0,0.4540229885057471,0.6245059288537549,0.382015654903216,0.00010000000000000018
0.27,0.51,0.5662100456621004,0.7270114942528736,1.0,0.4540229885057471,0.6245059288537549,0.382015654903216,0.0009999999999999985
0.33,0.46,0.5662100456621004,0.7270114942528736,1.0,0.4540229885057471,0.6245059288537549,0.382015654903216,0.0025
0.0,0.52,0.589041095890411,0.724904214559387,0.9772727272727273,0.4942528735632184,0.6564885496183206,0.3707075974073516,0.0904
0.0,0.14,0.8767123287671232,0.7247126436781609,0.8769230769230769,0.9827586206896551,0.926829268292683,0.5813202601974264,0.2196
0.26,0.51,0.5753424657534246,0.7245210727969349,0.9879518072289156,0.47126436781609193,0.6381322957198443,0.3739895652141779,0.0016999999999999986
0.25,0.52,0.5753424657534246,0.7245210727969349,0.9879518072289156,0.47126436781609193,0.6381322957198443,0.3739895652141779,0.0028999999999999994
0.36,0.24,0.5753424657534246,0.7245210727969349,0.9879518072289156,0.47126436781609193,0.6381322957198443,0.3739895652141779,0.07120000000000001
0.36,0.23,0.5753424657534246,0.7245210727969349,0.9879518072289156,0.47126436781609193,0.6381322957198443,0.3739895652141779,0.07650000000000001
0.36,0.22,0.5753424657534246,0.7245210727969349,0.9879518072289156,0.47126436781609193,0.6381322957198443,0.3739895652141779,0.08200000000000002
0.36,0.21,0.5753424657534246,0.7245210727969349,0.9879518072289156,0.47126436781609193,0.6381322957198443,0.3739895652141779,0.08770000000000003
0.36,0.2,0.5753424657534246,0.7245210727969349,0.9879518072289156,0.47126436781609193,0.6381322957198443,0.3739895652141779,0.0936
0.36,0.19,0.5753424657534246,0.7245210727969349,0.9879518072289156,0.47126436781609193,0.6381322957198443,0.3739895652141779,0.09970000000000001
0.36,0.18,0.5753424657534246,0.7245210727969349,0.9879518072289156,0.47126436781609193,0.6381322957198443,0.3739895652141779,0.10600000000000001
0.36,0.17,0.5753424657534246,0.7245210727969349,0.9879518072289156,0.47126436781609193,0.6381322957198443,0.3739895652141779,0.11249999999999998
0.36,0.16,0.5753424657534246,0.7245210727969349,0.9879518072289156,0.47126436781609193,0.6381322957198443,0.3739895652141779,0.11919999999999999
0.36,0.15,0.5753424657534246,0.7245210727969349,0.9879518072289156,0.47126436781609193,0.6381322957198443,0.3739895652141779,0.1261
0.36,0.14,0.5753424657534246,0.7245210727969349,0.9879518072289156,0.47126436781609193,0.6381322957198443,0.3739895652141779,0.13319999999999999
0.36,0.13,0.5753424657534246,0.7245210727969349,0.9879518072289156,0.47126436781609193,0.6381322957198443,0.3739895652141779,0.14049999999999999
0.36,0.12,0.5753424657534246,0.7245210727969349,0.9879518072289156,0.47126436781609193,0.6381322957198443,0.3739895652141779,0.148
0.36,0.11,0.5753424657534246,0.7245210727969349,0.9879518072289156,0.47126436781609193,0.6381322957198443,0.3739895652141779,0.1557
0.36,0.1,0.5753424657534246,0.7245210727969349,0.9879518072289156,0.47126436781609193,0.6381322957198443,0.3739895652141779,0.16360000000000002
0.36,0.09,0.5753424657534246,0.7245210727969349,0.9879518072289156,0.47126436781609193,0.6381322957198443,0.3739895652141779,0.17170000000000002
0.36,0.08,0.5753424657534246,0.7245210727969349,0.9879518072289156,0.47126436781609193,0.6381322957198443,0.3739895652141779,0.17999999999999997
0.36,0.07,0.5753424657534246,0.7245210727969349,0.9879518072289156,0.47126436781609193,0.6381322957198443,0.3739895652141779,0.18849999999999997
0.36,0.06,0.5753424657534246,0.7245210727969349,0.9879518072289156,0.47126436781609193,0.6381322957198443,0.3739895652141779,0.1972
0.36,0.05,0.5753424657534246,0.7245210727969349,0.9879518072289156,0.47126436781609193,0.6381322957198443,0.3739895652141779,0.2061
0.36,0.04,0.5753424657534246,0.7245210727969349,0.9879518072289156,0.47126436781609193,0.6381322957198443,0.3739895652141779,0.2152
0.36,0.03,0.5753424657534246,0.7245210727969349,0.9879518072289156,0.47126436781609193,0.6381322957198443,0.3739895652141779,0.22449999999999998
0.36,0.02,0.5753424657534246,0.7245210727969349,0.9879518072289156,0.47126436781609193,0.6381322957198443,0.3739895652141779,0.23399999999999999
0.36,0.01,0.5753424657534246,0.7245210727969349,0.9879518072289156,0.47126436781609193,0.6381322957198443,0.3739895652141779,0.24369999999999997
0.36,0.0,0.5753424657534246,0.7245210727969349,0.9879518072289156,0.47126436781609193,0.6381322957198443,0.3739895652141779,0.2536
0.3,0.5,0.5616438356164384,0.7241379310344828,1.0,0.4482758620689655,0.6190476190476191,0.3782416747135294,0.0
0.31,0.49,0.5616438356164384,0.7241379310344828,1.0,0.4482758620689655,0.6190476190476191,0.3782416747135294,0.00020000000000000036
0.33,0.47,0.5616438356164384,0.7241379310344828,1.0,0.4482758620689655,0.6190476190476191,0.3782416747135294,0.0018000000000000032
0.31,0.5,0.5570776255707762,0.7212643678160919,1.0,0.4425287356321839,0.6135458167330677,0.374483617267496,0.00010000000000000018
0.28,0.51,0.5570776255707762,0.7212643678160919,1.0,0.4425287356321839,0.6135458167330677,0.374483617267496,0.0004999999999999987
0.32,0.48,0.5570776255707762,0.7212643678160919,1.0,0.4425287356321839,0.6135458167330677,0.374483617267496,0.0008000000000000014
0.27,0.52,0.5570776255707762,0.7212643678160919,1.0,0.4425287356321839,0.6135458167330677,0.374483617267496,0.001299999999999999
0.26,0.52,0.5662100456621004,0.7187739463601532,0.9876543209876543,0.45977011494252873,0.6274509803921569,0.3662051309441768,0.001999999999999999
0.12,0.53,0.5662100456621004,0.7187739463601532,0.9876543209876543,0.45977011494252873,0.6274509803921569,0.3662051309441768,0.0333
0.11,0.53,0.5662100456621004,0.7187739463601532,0.9876543209876543,0.45977011494252873,0.6274509803921569,0.3662051309441768,0.037000000000000005
0.1,0.53,0.5662100456621004,0.7187739463601532,0.9876543209876543,0.45977011494252873,0.6274509803921569,0.3662051309441768,0.0409
0.09,0.53,0.5662100456621004,0.7187739463601532,0.9876543209876543,0.45977011494252873,0.6274509803921569,0.3662051309441768,0.045
0.08,0.53,0.5662100456621004,0.7187739463601532,0.9876543209876543,0.45977011494252873,0.6274509803921569,0.3662051309441768,0.0493
0.07,0.53,0.5662100456621004,0.7187739463601532,0.9876543209876543,0.45977011494252873,0.6274509803921569,0.3662051309441768,0.053799999999999994
0.06,0.53,0.5662100456621004,0.7187739463601532,0.9876543209876543,0.45977011494252873,0.6274509803921569,0.3662051309441768,0.0585
0.05,0.53,0.5662100456621004,0.7187739463601532,0.9876543209876543,0.45977011494252873,0.6274509803921569,0.3662051309441768,0.0634
0.34,0.25,0.5662100456621004,0.7187739463601532,0.9876543209876543,0.45977011494252873,0.6274509803921569,0.3662051309441768,0.0641
0.04,0.53,0.5662100456621004,0.7187739463601532,0.9876543209876543,0.45977011494252873,0.6274509803921569,0.3662051309441768,0.0685
0.03,0.53,0.5662100456621004,0.7187739463601532,0.9876543209876543,0.45977011494252873,0.6274509803921569,0.3662051309441768,0.0738
0.02,0.53,0.5662100456621004,0.7187739463601532,0.9876543209876543,0.45977011494252873,0.6274509803921569,0.3662051309441768,0.07929999999999998
0.01,0.53,0.5662100456621004,0.7187739463601532,0.9876543209876543,0.45977011494252873,0.6274509803921569,0.3662051309441768,0.08499999999999999
0.0,0.53,0.5662100456621004,0.7187739463601532,0.9876543209876543,0.45977011494252873,0.6274509803921569,0.3662051309441768,0.0909
0.27,0.53,0.5525114155251142,0.7183908045977012,1.0,0.4367816091954023,0.608,0.37074082340418535,0.0018
0.12,0.54,0.5525114155251142,0.7183908045977012,1.0,0.4367816091954023,0.608,0.37074082340418535,0.034
0.11,0.54,0.5525114155251142,0.7183908045977012,1.0,0.4367816091954023,0.608,0.37074082340418535,0.037700000000000004
0.1,0.54,0.5525114155251142,0.7183908045977012,1.0,0.4367816091954023,0.608,0.37074082340418535,0.0416
0.09,0.54,0.5525114155251142,0.7183908045977012,1.0,0.4367816091954023,0.608,0.37074082340418535,0.0457
0.08,0.54,0.5525114155251142,0.7183908045977012,1.0,0.4367816091954023,0.608,0.37074082340418535,0.049999999999999996
0.34,0.28,0.5525114155251142,0.7183908045977012,1.0,0.4367816091954023,0.608,0.37074082340418535,0.049999999999999996
0.07,0.54,0.5525114155251142,0.7183908045977012,1.0,0.4367816091954023,0.608,0.37074082340418535,0.05449999999999999
0.34,0.27,0.5525114155251142,0.7183908045977012,1.0,0.4367816091954023,0.608,0.37074082340418535,0.05449999999999999
0.06,0.54,0.5525114155251142,0.7183908045977012,1.0,0.4367816091954023,0.608,0.37074082340418535,0.0592
0.34,0.26,0.5525114155251142,0.7183908045977012,1.0,0.4367816091954023,0.608,0.37074082340418535,0.0592
0.05,0.54,0.5525114155251142,0.7183908045977012,1.0,0.4367816091954023,0.608,0.37074082340418535,0.0641
0.04,0.54,0.5525114155251142,0.7183908045977012,1.0,0.4367816091954023,0.608,0.37074082340418535,0.06920000000000001
0.03,0.54,0.5525114155251142,0.7183908045977012,1.0,0.4367816091954023,0.608,0.37074082340418535,0.07450000000000001
0.02,0.54,0.5525114155251142,0.7183908045977012,1.0,0.4367816091954023,0.608,0.37074082340418535,0.07999999999999999
0.01,0.54,0.5525114155251142,0.7183908045977012,1.0,0.4367816091954023,0.608,0.37074082340418535,0.0857
0.0,0.54,0.5525114155251142,0.7183908045977012,1.0,0.4367816091954023,0.608,0.37074082340418535,0.0916
0.0,0.06,0.8767123287671232,0.7164750957854407,0.8730964467005076,0.9885057471264368,0.9272237196765498,0.5819348464684126,0.28359999999999996
0.0,0.05,0.8767123287671232,0.7164750957854407,0.8730964467005076,0.9885057471264368,0.9272237196765498,0.5819348464684126,0.2925
0.2,0.53,0.5616438356164384,0.7159003831417624,0.9875,0.4540229885057471,0.6220472440944882,0.3623363424669901,0.010899999999999996
0.19,0.53,0.5616438356164384,0.7159003831417624,0.9875,0.4540229885057471,0.6220472440944882,0.3623363424669901,0.013
0.18,0.53,0.5616438356164384,0.7159003831417624,0.9875,0.4540229885057471,0.6220472440944882,0.3623363424669901,0.015300000000000001
0.17,0.53,0.5616438356164384,0.7159003831417624,0.9875,0.4540229885057471,0.6220472440944882,0.3623363424669901,0.017799999999999996
0.16,0.53,0.5616438356164384,0.7159003831417624,0.9875,0.4540229885057471,0.6220472440944882,0.3623363424669901,0.020499999999999997
0.15,0.53,0.5616438356164384,0.7159003831417624,0.9875,0.4540229885057471,0.6220472440944882,0.3623363424669901,0.0234
0.14,0.53,0.5616438356164384,0.7159003831417624,0.9875,0.4540229885057471,0.6220472440944882,0.3623363424669901,0.026499999999999992
0.13,0.53,0.5616438356164384,0.7159003831417624,0.9875,0.4540229885057471,0.6220472440944882,0.3623363424669901,0.029799999999999997
0.35,0.25,0.5616438356164384,0.7159003831417624,0.9875,0.4540229885057471,0.6220472440944882,0.3623363424669901,0.065
0.28,0.52,0.547945205479452,0.7155172413793103,1.0,0.43103448275862066,0.6024096385542169,0.36701263719668964,0.0007999999999999993
0.2,0.54,0.547945205479452,0.7155172413793103,1.0,0.43103448275862066,0.6024096385542169,0.36701263719668964,0.011599999999999997
0.19,0.54,0.547945205479452,0.7155172413793103,1.0,0.43103448275862066,0.6024096385542169,0.36701263719668964,0.0137
0.18,0.54,0.547945205479452,0.7155172413793103,1.0,0.43103448275862066,0.6024096385542169,0.36701263719668964,0.016000000000000004
0.17,0.54,0.547945205479452,0.7155172413793103,1.0,0.43103448275862066,0.6024096385542169,0.36701263719668964,0.0185
0.16,0.54,0.547945205479452,0.7155172413793103,1.0,0.43103448275862066,0.6024096385542169,0.36701263719668964,0.0212
0.15,0.54,0.547945205479452,0.7155172413793103,1.0,0.43103448275862066,0.6024096385542169,0.36701263719668964,0.024100000000000003
0.14,0.54,0.547945205479452,0.7155172413793103,1.0,0.43103448275862066,0.6024096385542169,0.36701263719668964,0.027199999999999995
0.13,0.54,0.547945205479452,0.7155172413793103,1.0,0.43103448275862066,0.6024096385542169,0.36701263719668964,0.0305
0.34,0.3,0.547945205479452,0.7155172413793103,1.0,0.43103448275862066,0.6024096385542169,0.36701263719668964,0.04160000000000001
0.34,0.29,0.547945205479452,0.7155172413793103,1.0,0.43103448275862066,0.6024096385542169,0.36701263719668964,0.04570000000000001
0.35,0.28,0.547945205479452,0.7155172413793103,1.0,0.43103448275862066,0.6024096385542169,0.36701263719668964,0.05089999999999999
0.35,0.27,0.547945205479452,0.7155172413793103,1.0,0.43103448275862066,0.6024096385542169,0.36701263719668964,0.05539999999999999
0.35,0.26,0.547945205479452,0.7155172413793103,1.0,0.43103448275862066,0.6024096385542169,0.36701263719668964,0.0601
0.0,0.13,0.8721461187214612,0.7136015325670497,0.8724489795918368,0.9827586206896551,0.9243243243243243,0.5630193063512259,0.2269
0.0,0.12,0.8721461187214612,0.7136015325670497,0.8724489795918368,0.9827586206896551,0.9243243243243243,0.5630193063512259,0.2344
0.0,0.11,0.8721461187214612,0.7136015325670497,0.8724489795918368,0.9827586206896551,0.9243243243243243,0.5630193063512259,0.2421
0.0,0.1,0.8721461187214612,0.7136015325670497,0.8724489795918368,0.9827586206896551,0.9243243243243243,0.5630193063512259,0.25
0.0,0.09,0.8721461187214612,0.7136015325670497,0.8724489795918368,0.9827586206896551,0.9243243243243243,0.5630193063512259,0.2581
0.0,0.08,0.8721461187214612,0.7136015325670497,0.8724489795918368,0.9827586206896551,0.9243243243243243,0.5630193063512259,0.26639999999999997
0.0,0.07,0.8721461187214612,0.7136015325670497,0.8724489795918368,0.9827586206896551,0.9243243243243243,0.5630193063512259,0.2749
0.26,0.53,0.5570776255707762,0.7130268199233716,0.9873417721518988,0.4482758620689655,0.616600790513834,0.3584822010568575,0.0025
0.25,0.53,0.5570776255707762,0.7130268199233716,0.9873417721518988,0.4482758620689655,0.616600790513834,0.3584822010568575,0.0034000000000000002
0.24,0.53,0.5570776255707762,0.7130268199233716,0.9873417721518988,0.4482758620689655,0.616600790513834,0.3584822010568575,0.004500000000000001
0.23,0.53,0.5570776255707762,0.7130268199233716,0.9873417721518988,0.4482758620689655,0.616600790513834,0.3584822010568575,0.005799999999999999
0.22,0.53,0.5570776255707762,0.7130268199233716,0.9873417721518988,0.4482758620689655,0.616600790513834,0.3584822010568575,0.007299999999999999
0.21,0.53,0.5570776255707762,0.7130268199233716,0.9873417721518988,0.4482758620689655,0.616600790513834,0.3584822010568575,0.009000000000000001
0.28,0.53,0.54337899543379,0.7126436781609196,1.0,0.42528735632183906,0.5967741935483871,0.36329840527078405,0.0013000000000000002
0.26,0.54,0.54337899543379,0.7126436781609196,1.0,0.42528735632183906,0.5967741935483871,0.36329840527078405,0.0032000000000000015
0.25,0.54,0.54337899543379,0.7126436781609196,1.0,0.42528735632183906,0.5967741935483871,0.36329840527078405,0.004100000000000001
0.24,0.54,0.54337899543379,0.7126436781609196,1.0,0.42528735632183906,0.5967741935483871,0.36329840527078405,0.005200000000000003
0.23,0.54,0.54337899543379,0.7126436781609196,1.0,0.42528735632183906,0.5967741935483871,0.36329840527078405,0.006500000000000001
0.22,0.54,0.54337899543379,0.7126436781609196,1.0,0.42528735632183906,0.5967741935483871,0.36329840527078405,0.008
0.21,0.54,0.54337899543379,0.7126436781609196,1.0,0.42528735632183906,0.5967741935483871,0.36329840527078405,0.009700000000000002
0.35,0.3,0.54337899543379,0.7126436781609196,1.0,0.42528735632183906,0.5967741935483871,0.36329840527078405,0.04250000000000001
0.35,0.29,0.54337899543379,0.7126436781609196,1.0,0.42528735632183906,0.5967741935483871,0.36329840527078405,0.0466
0.36,0.25,0.5525114155251142,0.7101532567049809,0.9871794871794872,0.4425287356321839,0.6111111111111112,0.3546419804792664,0.0661
0.37,0.24,0.5525114155251142,0.7101532567049809,0.9871794871794872,0.4425287356321839,0.6111111111111112,0.3546419804792664,0.07250000000000001
0.37,0.23,0.5525114155251142,0.7101532567049809,0.9871794871794872,0.4425287356321839,0.6111111111111112,0.3546419804792664,0.07780000000000001
0.37,0.22,0.5525114155251142,0.7101532567049809,0.9871794871794872,0.4425287356321839,0.6111111111111112,0.3546419804792664,0.08330000000000001
0.37,0.21,0.5525114155251142,0.7101532567049809,0.9871794871794872,0.4425287356321839,0.6111111111111112,0.3546419804792664,0.08900000000000002
0.37,0.2,0.5525114155251142,0.7101532567049809,0.9871794871794872,0.4425287356321839,0.6111111111111112,0.3546419804792664,0.0949
0.37,0.19,0.5525114155251142,0.7101532567049809,0.9871794871794872,0.4425287356321839,0.6111111111111112,0.3546419804792664,0.101
0.37,0.18,0.5525114155251142,0.7101532567049809,0.9871794871794872,0.4425287356321839,0.6111111111111112,0.3546419804792664,0.1073
0.37,0.17,0.5525114155251142,0.7101532567049809,0.9871794871794872,0.4425287356321839,0.6111111111111112,0.3546419804792664,0.11379999999999997
0.37,0.16,0.5525114155251142,0.7101532567049809,0.9871794871794872,0.4425287356321839,0.6111111111111112,0.3546419804792664,0.12049999999999998
0.37,0.15,0.5525114155251142,0.7101532567049809,0.9871794871794872,0.4425287356321839,0.6111111111111112,0.3546419804792664,0.12739999999999999
0.37,0.14,0.5525114155251142,0.7101532567049809,0.9871794871794872,0.4425287356321839,0.6111111111111112,0.3546419804792664,0.13449999999999998
0.37,0.13,0.5525114155251142,0.7101532567049809,0.9871794871794872,0.4425287356321839,0.6111111111111112,0.3546419804792664,0.14179999999999998
0.37,0.12,0.5525114155251142,0.7101532567049809,0.9871794871794872,0.4425287356321839,0.6111111111111112,0.3546419804792664,0.1493
0.37,0.11,0.5525114155251142,0.7101532567049809,0.9871794871794872,0.4425287356321839,0.6111111111111112,0.3546419804792664,0.157
0.37,0.1,0.5525114155251142,0.7101532567049809,0.9871794871794872,0.4425287356321839,0.6111111111111112,0.3546419804792664,0.16490000000000002
0.37,0.09,0.5525114155251142,0.7101532567049809,0.9871794871794872,0.4425287356321839,0.6111111111111112,0.3546419804792664,0.17300000000000001
0.37,0.08,0.5525114155251142,0.7101532567049809,0.9871794871794872,0.4425287356321839,0.6111111111111112,0.3546419804792664,0.18129999999999996
0.37,0.07,0.5525114155251142,0.7101532567049809,0.9871794871794872,0.4425287356321839,0.6111111111111112,0.3546419804792664,0.18979999999999997
0.37,0.06,0.5525114155251142,0.7101532567049809,0.9871794871794872,0.4425287356321839,0.6111111111111112,0.3546419804792664,0.19849999999999998
0.37,0.05,0.5525114155251142,0.7101532567049809,0.9871794871794872,0.4425287356321839,0.6111111111111112,0.3546419804792664,0.2074
0.37,0.04,0.5525114155251142,0.7101532567049809,0.9871794871794872,0.4425287356321839,0.6111111111111112,0.3546419804792664,0.2165
0.37,0.03,0.5525114155251142,0.7101532567049809,0.9871794871794872,0.4425287356321839,0.6111111111111112,0.3546419804792664,0.22579999999999997
0.37,0.02,0.5525114155251142,0.7101532567049809,0.9871794871794872,0.4425287356321839,0.6111111111111112,0.3546419804792664,0.23529999999999998
0.37,0.01,0.5525114155251142,0.7101532567049809,0.9871794871794872,0.4425287356321839,0.6111111111111112,0.3546419804792664,0.24499999999999997
0.37,0.0,0.5525114155251142,0.7101532567049809,0.9871794871794872,0.4425287356321839,0.6111111111111112,0.3546419804792664,0.2549
0.32,0.49,0.5388127853881278,0.7097701149425287,1.0,0.41954022988505746,0.5910931174089069,0.3595974761140381,0.0005000000000000009
0.33,0.48,0.5388127853881278,0.7097701149425287,1.0,0.41954022988505746,0.5910931174089069,0.3595974761140381,0.0013000000000000023
0.27,0.54,0.5388127853881278,0.7097701149425287,1.0,0.41954022988505746,0.5910931174089069,0.3595974761140381,0.0025000000000000014
0.34,0.39,0.5388127853881278,0.7097701149425287,1.0,0.41954022988505746,0.5910931174089069,0.3595974761140381,0.0137
0.34,0.38,0.5388127853881278,0.7097701149425287,1.0,0.41954022988505746,0.5910931174089069,0.3595974761140381,0.016000000000000004
0.34,0.37,0.5388127853881278,0.7097701149425287,1.0,0.41954022988505746,0.5910931174089069,0.3595974761140381,0.018500000000000006
0.34,0.36,0.5388127853881278,0.7097701149425287,1.0,0.41954022988505746,0.5910931174089069,0.3595974761140381,0.021200000000000007
0.34,0.35,0.5388127853881278,0.7097701149425287,1.0,0.41954022988505746,0.5910931174089069,0.3595974761140381,0.02410000000000001
0.34,0.34,0.5388127853881278,0.7097701149425287,1.0,0.41954022988505746,0.5910931174089069,0.3595974761140381,0.027199999999999995
0.34,0.33,0.5388127853881278,0.7097701149425287,1.0,0.41954022988505746,0.5910931174089069,0.3595974761140381,0.0305
0.34,0.32,0.5388127853881278,0.7097701149425287,1.0,0.41954022988505746,0.5910931174089069,0.3595974761140381,0.034
0.12,0.55,0.5388127853881278,0.7097701149425287,1.0,0.41954022988505746,0.5910931174089069,0.3595974761140381,0.0349
0.34,0.31,0.5388127853881278,0.7097701149425287,1.0,0.41954022988505746,0.5910931174089069,0.3595974761140381,0.037700000000000004
0.11,0.55,0.5388127853881278,0.7097701149425287,1.0,0.41954022988505746,0.5910931174089069,0.3595974761140381,0.0386
0.1,0.55,0.5388127853881278,0.7097701149425287,1.0,0.41954022988505746,0.5910931174089069,0.3595974761140381,0.042499999999999996
0.09,0.55,0.5388127853881278,0.7097701149425287,1.0,0.41954022988505746,0.5910931174089069,0.3595974761140381,0.046599999999999996
0.08,0.55,0.5388127853881278,0.7097701149425287,1.0,0.41954022988505746,0.5910931174089069,0.3595974761140381,0.050899999999999994
0.36,0.28,0.5388127853881278,0.7097701149425287,1.0,0.41954022988505746,0.5910931174089069,0.3595974761140381,0.05199999999999999
0.07,0.55,0.5388127853881278,0.7097701149425287,1.0,0.41954022988505746,0.5910931174089069,0.3595974761140381,0.05539999999999999
0.36,0.27,0.5388127853881278,0.7097701149425287,1.0,0.41954022988505746,0.5910931174089069,0.3595974761140381,0.05649999999999999
0.06,0.55,0.5388127853881278,0.7097701149425287,1.0,0.41954022988505746,0.5910931174089069,0.3595974761140381,0.0601
0.36,0.26,0.5388127853881278,0.7097701149425287,1.0,0.41954022988505746,0.5910931174089069,0.3595974761140381,0.0612
0.05,0.55,0.5388127853881278,0.7097701149425287,1.0,0.41954022988505746,0.5910931174089069,0.3595974761140381,0.065
0.04,0.55,0.5388127853881278,0.7097701149425287,1.0,0.41954022988505746,0.5910931174089069,0.3595974761140381,0.07010000000000001
0.03,0.55,0.5388127853881278,0.7097701149425287,1.0,0.41954022988505746,0.5910931174089069,0.3595974761140381,0.07540000000000001
0.02,0.55,0.5388127853881278,0.7097701149425287,1.0,0.41954022988505746,0.5910931174089069,0.3595974761140381,0.08089999999999999
0.01,0.55,0.5388127853881278,0.7097701149425287,1.0,0.41954022988505746,0.5910931174089069,0.3595974761140381,0.0866
0.0,0.55,0.5388127853881278,0.7097701149425287,1.0,0.41954022988505746,0.5910931174089069,0.3595974761140381,0.0925
0.38,0.24,0.547945205479452,0.70727969348659,0.987012987012987,0.4367816091954023,0.6055776892430279,0.35081495574323,0.07400000000000001
0.39,0.24,0.547945205479452,0.70727969348659,0.987012987012987,0.4367816091954023,0.6055776892430279,0.35081495574323,0.07570000000000002
0.4,0.24,0.547945205479452,0.70727969348659,0.987012987012987,0.4367816091954023,0.6055776892430279,0.35081495574323,0.07760000000000002
0.38,0.23,0.547945205479452,0.70727969348659,0.987012987012987,0.4367816091954023,0.6055776892430279,0.35081495574323,0.07930000000000001
0.39,0.23,0.547945205479452,0.70727969348659,0.987012987012987,0.4367816091954023,0.6055776892430279,0.35081495574323,0.08100000000000002
0.4,0.23,0.547945205479452,0.70727969348659,0.987012987012987,0.4367816091954023,0.6055776892430279,0.35081495574323,0.08290000000000002
0.38,0.22,0.547945205479452,0.70727969348659,0.987012987012987,0.4367816091954023,0.6055776892430279,0.35081495574323,0.08480000000000001
0.39,0.22,0.547945205479452,0.70727969348659,0.987012987012987,0.4367816091954023,0.6055776892430279,0.35081495574323,0.08650000000000002
0.4,0.22,0.547945205479452,0.70727969348659,0.987012987012987,0.4367816091954023,0.6055776892430279,0.35081495574323,0.08840000000000002
0.38,0.21,0.547945205479452,0.70727969348659,0.987012987012987,0.4367816091954023,0.6055776892430279,0.35081495574323,0.09050000000000002
0.39,0.21,0.547945205479452,0.70727969348659,0.987012987012987,0.4367816091954023,0.6055776892430279,0.35081495574323,0.09220000000000003
0.4,0.21,0.547945205479452,0.70727969348659,0.987012987012987,0.4367816091954023,0.6055776892430279,0.35081495574323,0.09410000000000003
0.38,0.2,0.547945205479452,0.70727969348659,0.987012987012987,0.4367816091954023,0.6055776892430279,0.35081495574323,0.0964
0.39,0.2,0.547945205479452,0.70727969348659,0.987012987012987,0.4367816091954023,0.6055776892430279,0.35081495574323,0.0981
0.4,0.2,0.547945205479452,0.70727969348659,0.987012987012987,0.4367816091954023,0.6055776892430279,0.35081495574323,0.1
0.38,0.19,0.547945205479452,0.70727969348659,0.987012987012987,0.4367816091954023,0.6055776892430279,0.35081495574323,0.10250000000000001
0.39,0.19,0.547945205479452,0.70727969348659,0.987012987012987,0.4367816091954023,0.6055776892430279,0.35081495574323,0.10420000000000001
0.4,0.19,0.547945205479452,0.70727969348659,0.987012987012987,0.4367816091954023,0.6055776892430279,0.35081495574323,0.10610000000000001
0.38,0.18,0.547945205479452,0.70727969348659,0.987012987012987,0.4367816091954023,0.6055776892430279,0.35081495574323,0.10880000000000001
0.39,0.18,0.547945205479452,0.70727969348659,0.987012987012987,0.4367816091954023,0.6055776892430279,0.35081495574323,0.11050000000000001
0.4,0.18,0.547945205479452,0.70727969348659,0.987012987012987,0.4367816091954023,0.6055776892430279,0.35081495574323,0.11240000000000001
0.38,0.17,0.547945205479452,0.70727969348659,0.987012987012987,0.4367816091954023,0.6055776892430279,0.35081495574323,0.11529999999999997
0.39,0.17,0.547945205479452,0.70727969348659,0.987012987012987,0.4367816091954023,0.6055776892430279,0.35081495574323,0.11699999999999998
0.4,0.17,0.547945205479452,0.70727969348659,0.987012987012987,0.4367816091954023,0.6055776892430279,0.35081495574323,0.11889999999999998
0.38,0.16,0.547945205479452,0.70727969348659,0.987012987012987,0.4367816091954023,0.6055776892430279,0.35081495574323,0.12199999999999998
0.39,0.16,0.547945205479452,0.70727969348659,0.987012987012987,0.4367816091954023,0.6055776892430279,0.35081495574323,0.12369999999999999
0.4,0.16,0.547945205479452,0.70727969348659,0.987012987012987,0.4367816091954023,0.6055776892430279,0.35081495574323,0.1256
0.38,0.15,0.547945205479452,0.70727969348659,0.987012987012987,0.4367816091954023,0.6055776892430279,0.35081495574323,0.1289
0.39,0.15,0.547945205479452,0.70727969348659,0.987012987012987,0.4367816091954023,0.6055776892430279,0.35081495574323,0.1306
0.4,0.15,0.547945205479452,0.70727969348659,0.987012987012987,0.4367816091954023,0.6055776892430279,0.35081495574323,0.13249999999999998
0.38,0.14,0.547945205479452,0.70727969348659,0.987012987012987,0.4367816091954023,0.6055776892430279,0.35081495574323,0.136
0.39,0.14,0.547945205479452,0.70727969348659,0.987012987012987,0.4367816091954023,0.6055776892430279,0.35081495574323,0.1377
0.4,0.14,0.547945205479452,0.70727969348659,0.987012987012987,0.4367816091954023,0.6055776892430279,0.35081495574323,0.1396
0.38,0.13,0.547945205479452,0.70727969348659,0.987012987012987,0.4367816091954023,0.6055776892430279,0.35081495574323,0.14329999999999998
0.39,0.13,0.547945205479452,0.70727969348659,0.987012987012987,0.4367816091954023,0.6055776892430279,0.35081495574323,0.145
0.4,0.13,0.547945205479452,0.70727969348659,0.987012987012987,0.4367816091954023,0.6055776892430279,0.35081495574323,0.1469
0.38,0.12,0.547945205479452,0.70727969348659,0.987012987012987,0.4367816091954023,0.6055776892430279,0.35081495574323,0.1508
0.39,0.12,0.547945205479452,0.70727969348659,0.987012987012987,0.4367816091954023,0.6055776892430279,0.35081495574323,0.1525
0.4,0.12,0.547945205479452,0.70727969348659,0.987012987012987,0.4367816091954023,0.6055776892430279,0.35081495574323,0.1544
0.38,0.11,0.547945205479452,0.70727969348659,0.987012987012987,0.4367816091954023,0.6055776892430279,0.35081495574323,0.15850000000000003
0.39,0.11,0.547945205479452,0.70727969348659,0.987012987012987,0.4367816091954023,0.6055776892430279,0.35081495574323,0.1602
0.4,0.11,0.547945205479452,0.70727969348659,0.987012987012987,0.4367816091954023,0.6055776892430279,0.35081495574323,0.16210000000000002
0.38,0.1,0.547945205479452,0.70727969348659,0.987012987012987,0.4367816091954023,0.6055776892430279,0.35081495574323,0.16640000000000005
0.39,0.1,0.547945205479452,0.70727969348659,0.987012987012987,0.4367816091954023,0.6055776892430279,0.35081495574323,0.16810000000000003
0.4,0.1,0.547945205479452,0.70727969348659,0.987012987012987,0.4367816091954023,0.6055776892430279,0.35081495574323,0.17000000000000004
0.38,0.09,0.547945205479452,0.70727969348659,0.987012987012987,0.4367816091954023,0.6055776892430279,0.35081495574323,0.17450000000000004
0.39,0.09,0.547945205479452,0.70727969348659,0.987012987012987,0.4367816091954023,0.6055776892430279,0.35081495574323,0.17620000000000002
0.4,0.09,0.547945205479452,0.70727969348659,0.987012987012987,0.4367816091954023,0.6055776892430279,0.35081495574323,0.17810000000000004
0.38,0.08,0.547945205479452,0.70727969348659,0.987012987012987,0.4367816091954023,0.6055776892430279,0.35081495574323,0.18279999999999996
0.39,0.08,0.547945205479452,0.70727969348659,0.987012987012987,0.4367816091954023,0.6055776892430279,0.35081495574323,0.18449999999999997
0.4,0.08,0.547945205479452,0.70727969348659,0.987012987012987,0.4367816091954023,0.6055776892430279,0.35081495574323,0.18639999999999998
0.38,0.07,0.547945205479452,0.70727969348659,0.987012987012987,0.4367816091954023,0.6055776892430279,0.35081495574323,0.19129999999999997
0.39,0.07,0.547945205479452,0.70727969348659,0.987012987012987,0.4367816091954023,0.6055776892430279,0.35081495574323,0.19299999999999998
0.4,0.07,0.547945205479452,0.70727969348659,0.987012987012987,0.4367816091954023,0.6055776892430279,0.35081495574323,0.1949
0.38,0.06,0.547945205479452,0.70727969348659,0.987012987012987,0.4367816091954023,0.6055776892430279,0.35081495574323,0.2
0.39,0.06,0.547945205479452,0.70727969348659,0.987012987012987,0.4367816091954023,0.6055776892430279,0.35081495574323,0.2017
0.4,0.06,0.547945205479452,0.70727969348659,0.987012987012987,0.4367816091954023,0.6055776892430279,0.35081495574323,0.2036
0.38,0.05,0.547945205479452,0.70727969348659,0.987012987012987,0.4367816091954023,0.6055776892430279,0.35081495574323,0.20890000000000003
0.39,0.05,0.547945205479452,0.70727969348659,0.987012987012987,0.4367816091954023,0.6055776892430279,0.35081495574323,0.2106
0.4,0.05,0.547945205479452,0.70727969348659,0.987012987012987,0.4367816091954023,0.6055776892430279,0.35081495574323,0.21250000000000002
0.38,0.04,0.547945205479452,0.70727969348659,0.987012987012987,0.4367816091954023,0.6055776892430279,0.35081495574323,0.21800000000000003
0.39,0.04,0.547945205479452,0.70727969348659,0.987012987012987,0.4367816091954023,0.6055776892430279,0.35081495574323,0.2197
0.4,0.04,0.547945205479452,0.70727969348659,0.987012987012987,0.4367816091954023,0.6055776892430279,0.35081495574323,0.22160000000000002
0.38,0.03,0.547945205479452,0.70727969348659,0.987012987012987,0.4367816091954023,0.6055776892430279,0.35081495574323,0.2273
0.39,0.03,0.547945205479452,0.70727969348659,0.987012987012987,0.4367816091954023,0.6055776892430279,0.35081495574323,0.22899999999999998
0.4,0.03,0.547945205479452,0.70727969348659,0.987012987012987,0.4367816091954023,0.6055776892430279,0.35081495574323,0.2309
0.38,0.02,0.547945205479452,0.70727969348659,0.987012987012987,0.4367816091954023,0.6055776892430279,0.35081495574323,0.2368
0.39,0.02,0.547945205479452,0.70727969348659,0.987012987012987,0.4367816091954023,0.6055776892430279,0.35081495574323,0.2385
0.4,0.02,0.547945205479452,0.70727969348659,0.987012987012987,0.4367816091954023,0.6055776892430279,0.35081495574323,0.2404
0.38,0.01,0.547945205479452,0.70727969348659,0.987012987012987,0.4367816091954023,0.6055776892430279,0.35081495574323,0.2465
0.39,0.01,0.547945205479452,0.70727969348659,0.987012987012987,0.4367816091954023,0.6055776892430279,0.35081495574323,0.24819999999999998
0.4,0.01,0.547945205479452,0.70727969348659,0.987012987012987,0.4367816091954023,0.6055776892430279,0.35081495574323,0.2501
0.38,0.0,0.547945205479452,0.70727969348659,0.987012987012987,0.4367816091954023,0.6055776892430279,0.35081495574323,0.2564
0.39,0.0,0.547945205479452,0.70727969348659,0.987012987012987,0.4367816091954023,0.6055776892430279,0.35081495574323,0.2581
0.4,0.0,0.547945205479452,0.70727969348659,0.987012987012987,0.4367816091954023,0.6055776892430279,0.35081495574323,0.26
0.32,0.5,0.5342465753424658,0.7068965517241379,1.0,0.41379310344827586,0.5853658536585366,0.3559091993731713,0.0004000000000000007
0.34,0.4,0.5342465753424658,0.7068965517241379,1.0,0.41379310344827586,0.5853658536585366,0.3559091993731713,0.011599999999999997
0.2,0.55,0.5342465753424658,0.7068965517241379,1.0,0.41379310344827586,0.5853658536585366,0.3559091993731713,0.012499999999999999
0.35,0.39,0.5342465753424658,0.7068965517241379,1.0,0.41379310344827586,0.5853658536585366,0.3559091993731713,0.014599999999999997
0.19,0.55,0.5342465753424658,0.7068965517241379,1.0,0.41379310344827586,0.5853658536585366,0.3559091993731713,0.014600000000000002
0.35,0.38,0.5342465753424658,0.7068965517241379,1.0,0.41379310344827586,0.5853658536585366,0.3559091993731713,0.0169
0.18,0.55,0.5342465753424658,0.7068965517241379,1.0,0.41379310344827586,0.5853658536585366,0.3559091993731713,0.016900000000000005
0.17,0.55,0.5342465753424658,0.7068965517241379,1.0,0.41379310344827586,0.5853658536585366,0.3559091993731713,0.0194
0.35,0.37,0.5342465753424658,0.7068965517241379,1.0,0.41379310344827586,0.5853658536585366,0.3559091993731713,0.0194
0.16,0.55,0.5342465753424658,0.7068965517241379,1.0,0.41379310344827586,0.5853658536585366,0.3559091993731713,0.0221
0.35,0.36,0.5342465753424658,0.7068965517241379,1.0,0.41379310344827586,0.5853658536585366,0.3559091993731713,0.0221
0.15,0.55,0.5342465753424658,0.7068965517241379,1.0,0.41379310344827586,0.5853658536585366,0.3559091993731713,0.025000000000000005
0.35,0.35,0.5342465753424658,0.7068965517241379,1.0,0.41379310344827586,0.5853658536585366,0.3559091993731713,0.025000000000000005
0.35,0.34,0.5342465753424658,0.7068965517241379,1.0,0.41379310344827586,0.5853658536585366,0.3559091993731713,0.02809999999999999
0.14,0.55,0.5342465753424658,0.7068965517241379,1.0,0.41379310344827586,0.5853658536585366,0.3559091993731713,0.028099999999999997
0.13,0.55,0.5342465753424658,0.7068965517241379,1.0,0.41379310344827586,0.5853658536585366,0.3559091993731713,0.0314
0.35,0.33,0.5342465753424658,0.7068965517241379,1.0,0.41379310344827586,0.5853658536585366,0.3559091993731713,0.0314
0.35,0.32,0.5342465753424658,0.7068965517241379,1.0,0.41379310344827586,0.5853658536585366,0.3559091993731713,0.0349
0.35,0.31,0.5342465753424658,0.7068965517241379,1.0,0.41379310344827586,0.5853658536585366,0.3559091993731713,0.038599999999999995
0.36,0.3,0.5342465753424658,0.7068965517241379,1.0,0.41379310344827586,0.5853658536585366,0.3559091993731713,0.04360000000000001
0.36,0.29,0.5342465753424658,0.7068965517241379,1.0,0.41379310344827586,0.5853658536585366,0.3559091993731713,0.047700000000000006
0.0,0.04,0.8721461187214612,0.7053639846743295,0.8686868686868687,0.9885057471264368,0.9247311827956989,0.5636284628315232,0.3016
0.0,0.03,0.8721461187214612,0.7053639846743295,0.8686868686868687,0.9885057471264368,0.9247311827956989,0.5636284628315232,0.31089999999999995
0.41,0.24,0.54337899543379,0.7044061302681992,0.9868421052631579,0.43103448275862066,0.6,0.34700040225637346,0.07970000000000001
0.42,0.24,0.54337899543379,0.7044061302681992,0.9868421052631579,0.43103448275862066,0.6,0.34700040225637346,0.082
0.43,0.24,0.54337899543379,0.7044061302681992,0.9868421052631579,0.43103448275862066,0.6,0.34700040225637346,0.0845
0.41,0.23,0.54337899543379,0.7044061302681992,0.9868421052631579,0.43103448275862066,0.6,0.34700040225637346,0.085
0.44,0.24,0.54337899543379,0.7044061302681992,0.9868421052631579,0.43103448275862066,0.6,0.34700040225637346,0.08720000000000001
0.42,0.23,0.54337899543379,0.7044061302681992,0.9868421052631579,0.43103448275862066,0.6,0.34700040225637346,0.0873
0.43,0.23,0.54337899543379,0.7044061302681992,0.9868421052631579,0.43103448275862066,0.6,0.34700040225637346,0.0898
0.45,0.24,0.54337899543379,0.7044061302681992,0.9868421052631579,0.43103448275862066,0.6,0.34700040225637346,0.09010000000000001
0.41,0.22,0.54337899543379,0.7044061302681992,0.9868421052631579,0.43103448275862066,0.6,0.34700040225637346,0.09050000000000001
0.44,0.23,0.54337899543379,0.7044061302681992,0.9868421052631579,0.43103448275862066,0.6,0.34700040225637346,0.09250000000000001
0.42,0.22,0.54337899543379,0.7044061302681992,0.9868421052631579,0.43103448275862066,0.6,0.34700040225637346,0.09280000000000001
0.46,0.24,0.54337899543379,0.7044061302681992,0.9868421052631579,0.43103448275862066,0.6,0.34700040225637346,0.09320000000000002
0.43,0.22,0.54337899543379,0.7044061302681992,0.9868421052631579,0.43103448275862066,0.6,0.34700040225637346,0.09530000000000001
0.45,0.23,0.54337899543379,0.7044061302681992,0.9868421052631579,0.43103448275862066,0.6,0.34700040225637346,0.09540000000000001
0.41,0.21,0.54337899543379,0.7044061302681992,0.9868421052631579,0.43103448275862066,0.6,0.34700040225637346,0.09620000000000002
0.47,0.24,0.54337899543379,0.7044061302681992,0.9868421052631579,0.43103448275862066,0.6,0.34700040225637346,0.0965
0.44,0.22,0.54337899543379,0.7044061302681992,0.9868421052631579,0.43103448275862066,0.6,0.34700040225637346,0.09800000000000002
0.42,0.21,0.54337899543379,0.7044061302681992,0.9868421052631579,0.43103448275862066,0.6,0.34700040225637346,0.09850000000000002
0.46,0.23,0.54337899543379,0.7044061302681992,0.9868421052631579,0.43103448275862066,0.6,0.34700040225637346,0.09850000000000002
0.48,0.24,0.54337899543379,0.7044061302681992,0.9868421052631579,0.43103448275862066,0.6,0.34700040225637346,0.1
0.45,0.22,0.54337899543379,0.7044061302681992,0.9868421052631579,0.43103448275862066,0.6,0.34700040225637346,0.10090000000000002
0.43,0.21,0.54337899543379,0.7044061302681992,0.9868421052631579,0.43103448275862066,0.6,0.34700040225637346,0.10100000000000002
0.47,0.23,0.54337899543379,0.7044061302681992,0.9868421052631579,0.43103448275862066,0.6,0.34700040225637346,0.1018
0.41,0.2,0.54337899543379,0.7044061302681992,0.9868421052631579,0.43103448275862066,0.6,0.34700040225637346,0.1021
0.49,0.24,0.54337899543379,0.7044061302681992,0.9868421052631579,0.43103448275862066,0.6,0.34700040225637346,0.10370000000000001
0.44,0.21,0.54337899543379,0.7044061302681992,0.9868421052631579,0.43103448275862066,0.6,0.34700040225637346,0.10370000000000003
0.46,0.22,0.54337899543379,0.7044061302681992,0.9868421052631579,0.43103448275862066,0.6,0.34700040225637346,0.10400000000000002
0.42,0.2,0.54337899543379,0.7044061302681992,0.9868421052631579,0.43103448275862066,0.6,0.34700040225637346,0.10439999999999999
0.48,0.23,0.54337899543379,0.7044061302681992,0.9868421052631579,0.43103448275862066,0.6,0.34700040225637346,0.1053
0.45,0.21,0.54337899543379,0.7044061302681992,0.9868421052631579,0.43103448275862066,0.6,0.34700040225637346,0.10660000000000003
0.43,0.2,0.54337899543379,0.7044061302681992,0.9868421052631579,0.43103448275862066,0.6,0.34700040225637346,0.1069
0.47,0.22,0.54337899543379,0.7044061302681992,0.9868421052631579,0.43103448275862066,0.6,0.34700040225637346,0.1073
0.5,0.24,0.54337899543379,0.7044061302681992,0.9868421052631579,0.43103448275862066,0.6,0.34700040225637346,0.10760000000000002
0.41,0.19,0.54337899543379,0.7044061302681992,0.9868421052631579,0.43103448275862066,0.6,0.34700040225637346,0.1082
0.49,0.23,0.54337899543379,0.7044061302681992,0.9868421052631579,0.43103448275862066,0.6,0.34700040225637346,0.10900000000000001
0.44,0.2,0.54337899543379,0.7044061302681992,0.9868421052631579,0.43103448275862066,0.6,0.34700040225637346,0.1096
0.46,0.21,0.54337899543379,0.7044061302681992,0.9868421052631579,0.43103448275862066,0.6,0.34700040225637346,0.10970000000000003
0.42,0.19,0.54337899543379,0.7044061302681992,0.9868421052631579,0.43103448275862066,0.6,0.34700040225637346,0.1105
0.48,0.22,0.54337899543379,0.7044061302681992,0.9868421052631579,0.43103448275862066,0.6,0.34700040225637346,0.11080000000000001
0.51,0.24,0.54337899543379,0.7044061302681992,0.9868421052631579,0.43103448275862066,0.6,0.34700040225637346,0.11170000000000002
0.45,0.2,0.54337899543379,0.7044061302681992,0.9868421052631579,0.43103448275862066,0.6,0.34700040225637346,0.1125
0.5,0.23,0.54337899543379,0.7044061302681992,0.9868421052631579,0.43103448275862066,0.6,0.34700040225637346,0.11290000000000001
0.43,0.19,0.54337899543379,0.7044061302681992,0.9868421052631579,0.43103448275862066,0.6,0.34700040225637346,0.113
0.47,0.21,0.54337899543379,0.7044061302681992,0.9868421052631579,0.43103448275862066,0.6,0.34700040225637346,0.11300000000000002
0.41,0.18,0.54337899543379,0.7044061302681992,0.9868421052631579,0.43103448275862066,0.6,0.34700040225637346,0.1145
0.49,0.22,0.54337899543379,0.7044061302681992,0.9868421052631579,0.43103448275862066,0.6,0.34700040225637346,0.11450000000000002
0.46,0.2,0.54337899543379,0.7044061302681992,0.9868421052631579,0.43103448275862066,0.6,0.34700040225637346,0.11560000000000001
0.44,0.19,0.54337899543379,0.7044061302681992,0.9868421052631579,0.43103448275862066,0.6,0.34700040225637346,0.11570000000000001
0.52,0.24,0.54337899543379,0.7044061302681992,0.9868421052631579,0.43103448275862066,0.6,0.34700040225637346,0.11600000000000002
0.48,0.21,0.54337899543379,0.7044061302681992,0.9868421052631579,0.43103448275862066,0.6,0.34700040225637346,0.11650000000000002
0.42,0.18,0.54337899543379,0.7044061302681992,0.9868421052631579,0.43103448275862066,0.6,0.34700040225637346,0.1168
0.51,0.23,0.54337899543379,0.7044061302681992,0.9868421052631579,0.43103448275862066,0.6,0.34700040225637346,0.11700000000000002
0.5,0.22,0.54337899543379,0.7044061302681992,0.9868421052631579,0.43103448275862066,0.6,0.34700040225637346,0.11840000000000002
0.45,0.19,0.54337899543379,0.7044061302681992,0.9868421052631579,0.43103448275862066,0.6,0.34700040225637346,0.11860000000000001
0.47,0.2,0.54337899543379,0.7044061302681992,0.9868421052631579,0.43103448275862066,0.6,0.34700040225637346,0.11889999999999999
0.43,0.18,0.54337899543379,0.7044061302681992,0.9868421052631579,0.43103448275862066,0.6,0.34700040225637346,0.1193
0.49,0.21,0.54337899543379,0.7044061302681992,0.9868421052631579,0.43103448275862066,0.6,0.34700040225637346,0.12020000000000003
0.53,0.24,0.54337899543379,0.7044061302681992,0.9868421052631579,0.43103448275862066,0.6,0.34700040225637346,0.12050000000000002
0.41,0.17,0.54337899543379,0.7044061302681992,0.9868421052631579,0.43103448275862066,0.6,0.34700040225637346,0.12099999999999997
0.52,0.23,0.54337899543379,0.7044061302681992,0.9868421052631579,0.43103448275862066,0.6,0.34700040225637346,0.12130000000000002
0.46,0.19,0.54337899543379,0.7044061302681992,0.9868421052631579,0.43103448275862066,0.6,0.34700040225637346,0.12170000000000002
0.44,0.18,0.54337899543379,0.7044061302681992,0.9868421052631579,0.43103448275862066,0.6,0.34700040225637346,0.12200000000000001
0.48,0.2,0.54337899543379,0.7044061302681992,0.9868421052631579,0.43103448275862066,0.6,0.34700040225637346,0.1224
0.51,0.22,0.54337899543379,0.7044061302681992,0.9868421052631579,0.43103448275862066,0.6,0.34700040225637346,0.12250000000000003
0.42,0.17,0.54337899543379,0.7044061302681992,0.9868421052631579,0.43103448275862066,0.6,0.34700040225637346,0.12329999999999997
0.5,0.21,0.54337899543379,0.7044061302681992,0.9868421052631579,0.43103448275862066,0.6,0.34700040225637346,0.12410000000000003
0.45,0.18,0.54337899543379,0.7044061302681992,0.9868421052631579,0.43103448275862066,0.6,0.34700040225637346,0.12490000000000001
0.47,0.19,0.54337899543379,0.7044061302681992,0.9868421052631579,0.43103448275862066,0.6,0.34700040225637346,0.125
0.43,0.17,0.54337899543379,0.7044061302681992,0.9868421052631579,0.43103448275862066,0.6,0.34700040225637346,0.12579999999999997
0.53,0.23,0.54337899543379,0.7044061302681992,0.9868421052631579,0.43103448275862066,0.6,0.34700040225637346,0.12580000000000002
0.49,0.2,0.54337899543379,0.7044061302681992,0.9868421052631579,0.43103448275862066,0.6,0.34700040225637346,0.1261
0.52,0.22,0.54337899543379,0.7044061302681992,0.9868421052631579,0.43103448275862066,0.6,0.34700040225637346,0.12680000000000002
0.41,0.16,0.54337899543379,0.7044061302681992,0.9868421052631579,0.43103448275862066,0.6,0.34700040225637346,0.12769999999999998
0.46,0.18,0.54337899543379,0.7044061302681992,0.9868421052631579,0.43103448275862066,0.6,0.34700040225637346,0.128
0.51,0.21,0.54337899543379,0.7044061302681992,0.9868421052631579,0.43103448275862066,0.6,0.34700040225637346,0.12820000000000004
0.44,0.17,0.54337899543379,0.7044061302681992,0.9868421052631579,0.43103448275862066,0.6,0.34700040225637346,0.12849999999999998
0.48,0.19,0.54337899543379,0.7044061302681992,0.9868421052631579,0.43103448275862066,0.6,0.34700040225637346,0.1285
0.42,0.16,0.54337899543379,0.7044061302681992,0.9868421052631579,0.43103448275862066,0.6,0.34700040225637346,0.12999999999999998
0.5,0.2,0.54337899543379,0.7044061302681992,0.9868421052631579,0.43103448275862066,0.6,0.34700040225637346,0.13
0.47,0.18,0.54337899543379,0.7044061302681992,0.9868421052631579,0.43103448275862066,0.6,0.34700040225637346,0.1313
0.53,0.22,0.54337899543379,0.7044061302681992,0.9868421052631579,0.43103448275862066,0.6,0.34700040225637346,0.13130000000000003
0.45,0.17,0.54337899543379,0.7044061302681992,0.9868421052631579,0.43103448275862066,0.6,0.34700040225637346,0.13139999999999996
0.49,0.19,0.54337899543379,0.7044061302681992,0.9868421052631579,0.43103448275862066,0.6,0.34700040225637346,0.1322
0.43,0.16,0.54337899543379,0.7044061302681992,0.9868421052631579,0.43103448275862066,0.6,0.34700040225637346,0.13249999999999998
0.52,0.21,0.54337899543379,0.7044061302681992,0.9868421052631579,0.43103448275862066,0.6,0.34700040225637346,0.13250000000000003
0.51,0.2,0.54337899543379,0.7044061302681992,0.9868421052631579,0.43103448275862066,0.6,0.34700040225637346,0.1341
0.46,0.17,0.54337899543379,0.7044061302681992,0.9868421052631579,0.43103448275862066,0.6,0.34700040225637346,0.13449999999999998
0.41,0.15,0.54337899543379,0.7044061302681992,0.9868421052631579,0.43103448275862066,0.6,0.34700040225637346,0.13459999999999997
0.48,0.18,0.54337899543379,0.7044061302681992,0.9868421052631579,0.43103448275862066,0.6,0.34700040225637346,0.1348
0.44,0.16,0.54337899543379,0.7044061302681992,0.9868421052631579,0.43103448275862066,0.6,0.34700040225637346,0.1352
0.5,0.19,0.54337899543379,0.7044061302681992,0.9868421052631579,0.43103448275862066,0.6,0.34700040225637346,0.1361
0.42,0.15,0.54337899543379,0.7044061302681992,0.9868421052631579,0.43103448275862066,0.6,0.34700040225637346,0.1369
0.53,0.21,0.54337899543379,0.7044061302681992,0.9868421052631579,0.43103448275862066,0.6,0.34700040225637346,0.13700000000000004
0.47,0.17,0.54337899543379,0.7044061302681992,0.9868421052631579,0.43103448275862066,0.6,0.34700040225637346,0.13779999999999998
0.45,0.16,0.54337899543379,0.7044061302681992,0.9868421052631579,0.43103448275862066,0.6,0.34700040225637346,0.1381
0.52,0.2,0.54337899543379,0.7044061302681992,0.9868421052631579,0.43103448275862066,0.6,0.34700040225637346,0.13840000000000002
0.49,0.18,0.54337899543379,0.7044061302681992,0.9868421052631579,0.43103448275862066,0.6,0.34700040225637346,0.1385
0.43,0.15,0.54337899543379,0.7044061302681992,0.9868421052631579,0.43103448275862066,0.6,0.34700040225637346,0.1394
0.51,0.19,0.54337899543379,0.7044061302681992,0.9868421052631579,0.43103448275862066,0.6,0.34700040225637346,0.14020000000000002
0.46,0.16,0.54337899543379,0.7044061302681992,0.9868421052631579,0.43103448275862066,0.6,0.34700040225637346,0.1412
0.48,0.17,0.54337899543379,0.7044061302681992,0.9868421052631579,0.43103448275862066,0.6,0.34700040225637346,0.14129999999999998
0.41,0.14,0.54337899543379,0.7044061302681992,0.9868421052631579,0.43103448275862066,0.6,0.34700040225637346,0.1417
0.44,0.15,0.54337899543379,0.7044061302681992,0.9868421052631579,0.43103448275862066,0.6,0.34700040225637346,0.14209999999999998
0.5,0.18,0.54337899543379,0.7044061302681992,0.9868421052631579,0.43103448275862066,0.6,0.34700040225637346,0.14240000000000003
0.53,0.2,0.54337899543379,0.7044061302681992,0.9868421052631579,0.43103448275862066,0.6,0.34700040225637346,0.14290000000000003
0.42,0.14,0.54337899543379,0.7044061302681992,0.9868421052631579,0.43103448275862066,0.6,0.34700040225637346,0.144
0.47,0.16,0.54337899543379,0.7044061302681992,0.9868421052631579,0.43103448275862066,0.6,0.34700040225637346,0.14449999999999996
0.52,0.19,0.54337899543379,0.7044061302681992,0.9868421052631579,0.43103448275862066,0.6,0.34700040225637346,0.14450000000000002
0.49,0.17,0.54337899543379,0.7044061302681992,0.9868421052631579,0.43103448275862066,0.6,0.34700040225637346,0.14499999999999996
0.45,0.15,0.54337899543379,0.7044061302681992,0.9868421052631579,0.43103448275862066,0.6,0.34700040225637346,0.145
0.43,0.14,0.54337899543379,0.7044061302681992,0.9868421052631579,0.43103448275862066,0.6,0.34700040225637346,0.1465
0.51,0.18,0.54337899543379,0.7044061302681992,0.9868421052631579,0.43103448275862066,0.6,0.34700040225637346,0.14650000000000002
0.48,0.16,0.54337899543379,0.7044061302681992,0.9868421052631579,0.43103448275862066,0.6,0.34700040225637346,0.14799999999999996
0.46,0.15,0.54337899543379,0.7044061302681992,0.9868421052631579,0.43103448275862066,0.6,0.34700040225637346,0.1481
0.5,0.17,0.54337899543379,0.7044061302681992,0.9868421052631579,0.43103448275862066,0.6,0.34700040225637346,0.14889999999999998
0.41,0.13,0.54337899543379,0.7044061302681992,0.9868421052631579,0.43103448275862066,0.6,0.34700040225637346,0.149
0.53,0.19,0.54337899543379,0.7044061302681992,0.9868421052631579,0.43103448275862066,0.6,0.34700040225637346,0.14900000000000002
0.44,0.14,0.54337899543379,0.7044061302681992,0.9868421052631579,0.43103448275862066,0.6,0.34700040225637346,0.1492
0.52,0.18,0.54337899543379,0.7044061302681992,0.9868421052631579,0.43103448275862066,0.6,0.34700040225637346,0.15080000000000002
0.42,0.13,0.54337899543379,0.7044061302681992,0.9868421052631579,0.43103448275862066,0.6,0.34700040225637346,0.1513
0.47,0.15,0.54337899543379,0.7044061302681992,0.9868421052631579,0.43103448275862066,0.6,0.34700040225637346,0.15139999999999998
0.49,0.16,0.54337899543379,0.7044061302681992,0.9868421052631579,0.43103448275862066,0.6,0.34700040225637346,0.15169999999999997
0.45,0.14,0.54337899543379,0.7044061302681992,0.9868421052631579,0.43103448275862066,0.6,0.34700040225637346,0.1521
0.51,0.17,0.54337899543379,0.7044061302681992,0.9868421052631579,0.43103448275862066,0.6,0.34700040225637346,0.15299999999999997
0.43,0.13,0.54337899543379,0.7044061302681992,0.9868421052631579,0.43103448275862066,0.6,0.34700040225637346,0.1538
0.48,0.15,0.54337899543379,0.7044061302681992,0.9868421052631579,0.43103448275862066,0.6,0.34700040225637346,0.15489999999999998
0.46,0.14,0.54337899543379,0.7044061302681992,0.9868421052631579,0.43103448275862066,0.6,0.34700040225637346,0.1552
0.53,0.18,0.54337899543379,0.7044061302681992,0.9868421052631579,0.43103448275862066,0.6,0.34700040225637346,0.15530000000000002
0.5,0.16,0.54337899543379,0.7044061302681992,0.9868421052631579,0.43103448275862066,0.6,0.34700040225637346,0.1556
0.41,0.12,0.54337899543379,0.7044061302681992,0.9868421052631579,0.43103448275862066,0.6,0.34700040225637346,0.1565
0.44,0.13,0.54337899543379,0.7044061302681992,0.9868421052631579,0.43103448275862066,0.6,0.34700040225637346,0.1565
0.52,0.17,0.54337899543379,0.7044061302681992,0.9868421052631579,0.43103448275862066,0.6,0.34700040225637346,0.1573
0.47,0.14,0.54337899543379,0.7044061302681992,0.9868421052631579,0.43103448275862066,0.6,0.34700040225637346,0.15849999999999997
0.49,0.15,0.54337899543379,0.7044061302681992,0.9868421052631579,0.43103448275862066,0.6,0.34700040225637346,0.1586
0.42,0.12,0.54337899543379,0.7044061302681992,0.9868421052631579,0.43103448275862066,0.6,0.34700040225637346,0.1588
0.45,0.13,0.54337899543379,0.7044061302681992,0.9868421052631579,0.43103448275862066,0.6,0.34700040225637346,0.1594
0.51,0.16,0.54337899543379,0.7044061302681992,0.9868421052631579,0.43103448275862066,0.6,0.34700040225637346,0.15969999999999998
0.43,0.12,0.54337899543379,0.7044061302681992,0.9868421052631579,0.43103448275862066,0.6,0.34700040225637346,0.1613
0.53,0.17,0.54337899543379,0.7044061302681992,0.9868421052631579,0.43103448275862066,0.6,0.34700040225637346,0.1618
0.48,0.14,0.54337899543379,0.7044061302681992,0.9868421052631579,0.43103448275862066,0.6,0.34700040225637346,0.16199999999999998
0.5,0.15,0.54337899543379,0.7044061302681992,0.9868421052631579,0.43103448275862066,0.6,0.34700040225637346,0.16249999999999998
0.46,0.13,0.54337899543379,0.7044061302681992,0.9868421052631579,0.43103448275862066,0.6,0.34700040225637346,0.1625
0.52,0.16,0.54337899543379,0.7044061302681992,0.9868421052631579,0.43103448275862066,0.6,0.34700040225637346,0.16399999999999998
0.44,0.12,0.54337899543379,0.7044061302681992,0.9868421052631579,0.43103448275862066,0.6,0.34700040225637346,0.164
0.41,0.11,0.54337899543379,0.7044061302681992,0.9868421052631579,0.43103448275862066,0.6,0.34700040225637346,0.1642
0.49,0.14,0.54337899543379,0.7044061302681992,0.9868421052631579,0.43103448275862066,0.6,0.34700040225637346,0.1657
0.47,0.13,0.54337899543379,0.7044061302681992,0.9868421052631579,0.43103448275862066,0.6,0.34700040225637346,0.1658
0.42,0.11,0.54337899543379,0.7044061302681992,0.9868421052631579,0.43103448275862066,0.6,0.34700040225637346,0.1665
0.51,0.15,0.54337899543379,0.7044061302681992,0.9868421052631579,0.43103448275862066,0.6,0.34700040225637346,0.1666
0.45,0.12,0.54337899543379,0.7044061302681992,0.9868421052631579,0.43103448275862066,0.6,0.34700040225637346,0.1669
0.53,0.16,0.54337899543379,0.7044061302681992,0.9868421052631579,0.43103448275862066,0.6,0.34700040225637346,0.16849999999999998
0.43,0.11,0.54337899543379,0.7044061302681992,0.9868421052631579,0.43103448275862066,0.6,0.34700040225637346,0.169
0.48,0.13,0.54337899543379,0.7044061302681992,0.9868421052631579,0.43103448275862066,0.6,0.34700040225637346,0.1693
0.5,0.14,0.54337899543379,0.7044061302681992,0.9868421052631579,0.43103448275862066,0.6,0.34700040225637346,0.1696
0.46,0.12,0.54337899543379,0.7044061302681992,0.9868421052631579,0.43103448275862066,0.6,0.34700040225637346,0.17
0.52,0.15,0.54337899543379,0.7044061302681992,0.9868421052631579,0.43103448275862066,0.6,0.34700040225637346,0.1709
0.44,0.11,0.54337899543379,0.7044061302681992,0.9868421052631579,0.43103448275862066,0.6,0.34700040225637346,0.17170000000000002
0.41,0.1,0.54337899543379,0.7044061302681992,0.9868421052631579,0.43103448275862066,0.6,0.34700040225637346,0.17210000000000003
0.49,0.13,0.54337899543379,0.7044061302681992,0.9868421052631579,0.43103448275862066,0.6,0.34700040225637346,0.173
0.47,0.12,0.54337899543379,0.7044061302681992,0.9868421052631579,0.43103448275862066,0.6,0.34700040225637346,0.1733
0.51,0.14,0.54337899543379,0.7044061302681992,0.9868421052631579,0.43103448275862066,0.6,0.34700040225637346,0.1737
0.42,0.1,0.54337899543379,0.7044061302681992,0.9868421052631579,0.43103448275862066,0.6,0.34700040225637346,0.17440000000000003
0.45,0.11,0.54337899543379,0.7044061302681992,0.9868421052631579,0.43103448275862066,0.6,0.34700040225637346,0.17460000000000003
0.53,0.15,0.54337899543379,0.7044061302681992,0.9868421052631579,0.43103448275862066,0.6,0.34700040225637346,0.1754
0.48,0.12,0.54337899543379,0.7044061302681992,0.9868421052631579,0.43103448275862066,0.6,0.34700040225637346,0.1768
0.5,0.13,0.54337899543379,0.7044061302681992,0.9868421052631579,0.43103448275862066,0.6,0.34700040225637346,0.1769
0.43,0.1,0.54337899543379,0.7044061302681992,0.9868421052631579,0.43103448275862066,0.6,0.34700040225637346,0.17690000000000003
0.46,0.11,0.54337899543379,0.7044061302681992,0.9868421052631579,0.43103448275862066,0.6,0.34700040225637346,0.17770000000000002
0.52,0.14,0.54337899543379,0.7044061302681992,0.9868421052631579,0.43103448275862066,0.6,0.34700040225637346,0.178
0.44,0.1,0.54337899543379,0.7044061302681992,0.9868421052631579,0.43103448275862066,0.6,0.34700040225637346,0.17960000000000004
0.41,0.09,0.54337899543379,0.7044061302681992,0.9868421052631579,0.43103448275862066,0.6,0.34700040225637346,0.18020000000000003
0.49,0.12,0.54337899543379,0.7044061302681992,0.9868421052631579,0.43103448275862066,0.6,0.34700040225637346,0.1805
0.47,0.11,0.54337899543379,0.7044061302681992,0.9868421052631579,0.43103448275862066,0.6,0.34700040225637346,0.181
0.51,0.13,0.54337899543379,0.7044061302681992,0.9868421052631579,0.43103448275862066,0.6,0.34700040225637346,0.181
0.53,0.14,0.54337899543379,0.7044061302681992,0.9868421052631579,0.43103448275862066,0.6,0.34700040225637346,0.1825
0.42,0.09,0.54337899543379,0.7044061302681992,0.9868421052631579,0.43103448275862066,0.6,0.34700040225637346,0.18250000000000002
0.45,0.1,0.54337899543379,0.7044061302681992,0.9868421052631579,0.43103448275862066,0.6,0.34700040225637346,0.18250000000000005
0.5,0.12,0.54337899543379,0.7044061302681992,0.9868421052631579,0.43103448275862066,0.6,0.34700040225637346,0.1844
0.48,0.11,0.54337899543379,0.7044061302681992,0.9868421052631579,0.43103448275862066,0.6,0.34700040225637346,0.1845
0.43,0.09,0.54337899543379,0.7044061302681992,0.9868421052631579,0.43103448275862066,0.6,0.34700040225637346,0.18500000000000003
0.52,0.13,0.54337899543379,0.7044061302681992,0.9868421052631579,0.43103448275862066,0.6,0.34700040225637346,0.18530000000000002
0.46,0.1,0.54337899543379,0.7044061302681992,0.9868421052631579,0.43103448275862066,0.6,0.34700040225637346,0.18560000000000004
0.44,0.09,0.54337899543379,0.7044061302681992,0.9868421052631579,0.43103448275862066,0.6,0.34700040225637346,0.18770000000000003
0.49,0.11,0.54337899543379,0.7044061302681992,0.9868421052631579,0.43103448275862066,0.6,0.34700040225637346,0.1882
0.41,0.08,0.54337899543379,0.7044061302681992,0.9868421052631579,0.43103448275862066,0.6,0.34700040225637346,0.18849999999999997
0.51,0.12,0.54337899543379,0.7044061302681992,0.9868421052631579,0.43103448275862066,0.6,0.34700040225637346,0.1885
0.47,0.1,0.54337899543379,0.7044061302681992,0.9868421052631579,0.43103448275862066,0.6,0.34700040225637346,0.1889
0.53,0.13,0.54337899543379,0.7044061302681992,0.9868421052631579,0.43103448275862066,0.6,0.34700040225637346,0.18980000000000002
0.45,0.09,0.54337899543379,0.7044061302681992,0.9868421052631579,0.43103448275862066,0.6,0.34700040225637346,0.19060000000000005
0.42,0.08,0.54337899543379,0.7044061302681992,0.9868421052631579,0.43103448275862066,0.6,0.34700040225637346,0.19079999999999997
0.5,0.11,0.54337899543379,0.7044061302681992,0.9868421052631579,0.43103448275862066,0.6,0.34700040225637346,0.19210000000000002
0.48,0.1,0.54337899543379,0.7044061302681992,0.9868421052631579,0.43103448275862066,0.6,0.34700040225637346,0.19240000000000002
0.52,0.12,0.54337899543379,0.7044061302681992,0.9868421052631579,0.43103448275862066,0.6,0.34700040225637346,0.19280000000000003
0.43,0.08,0.54337899543379,0.7044061302681992,0.9868421052631579,0.43103448275862066,0.6,0.34700040225637346,0.19329999999999997
0.46,0.09,0.54337899543379,0.7044061302681992,0.9868421052631579,0.43103448275862066,0.6,0.34700040225637346,0.19370000000000004
0.44,0.08,0.54337899543379,0.7044061302681992,0.9868421052631579,0.43103448275862066,0.6,0.34700040225637346,0.19599999999999998
0.49,0.1,0.54337899543379,0.7044061302681992,0.9868421052631579,0.43103448275862066,0.6,0.34700040225637346,0.19610000000000002
0.51,0.11,0.54337899543379,0.7044061302681992,0.9868421052631579,0.43103448275862066,0.6,0.34700040225637346,0.1962
0.41,0.07,0.54337899543379,0.7044061302681992,0.9868421052631579,0.43103448275862066,0.6,0.34700040225637346,0.19699999999999998
0.47,0.09,0.54337899543379,0.7044061302681992,0.9868421052631579,0.43103448275862066,0.6,0.34700040225637346,0.197
0.53,0.12,0.54337899543379,0.7044061302681992,0.9868421052631579,0.43103448275862066,0.6,0.34700040225637346,0.19730000000000003
0.45,0.08,0.54337899543379,0.7044061302681992,0.9868421052631579,0.43103448275862066,0.6,0.34700040225637346,0.19889999999999997
0.42,0.07,0.54337899543379,0.7044061302681992,0.9868421052631579,0.43103448275862066,0.6,0.34700040225637346,0.19929999999999998
0.5,0.1,0.54337899543379,0.7044061302681992,0.9868421052631579,0.43103448275862066,0.6,0.34700040225637346,0.20000000000000004
0.48,0.09,0.54337899543379,0.7044061302681992,0.9868421052631579,0.43103448275862066,0.6,0.34700040225637346,0.2005
0.52,0.11,0.54337899543379,0.7044061302681992,0.9868421052631579,0.43103448275862066,0.6,0.34700040225637346,0.2005
0.43,0.07,0.54337899543379,0.7044061302681992,0.9868421052631579,0.43103448275862066,0.6,0.34700040225637346,0.20179999999999998
0.46,0.08,0.54337899543379,0.7044061302681992,0.9868421052631579,0.43103448275862066,0.6,0.34700040225637346,0.20199999999999999
0.51,0.1,0.54337899543379,0.7044061302681992,0.9868421052631579,0.43103448275862066,0.6,0.34700040225637346,0.20410000000000003
0.49,0.09,0.54337899543379,0.7044061302681992,0.9868421052631579,0.43103448275862066,0.6,0.34700040225637346,0.20420000000000002
0.44,0.07,0.54337899543379,0.7044061302681992,0.9868421052631579,0.43103448275862066,0.6,0.34700040225637346,0.2045
0.53,0.11,0.54337899543379,0.7044061302681992,0.9868421052631579,0.43103448275862066,0.6,0.34700040225637346,0.20500000000000002
0.47,0.08,0.54337899543379,0.7044061302681992,0.9868421052631579,0.43103448275862066,0.6,0.34700040225637346,0.20529999999999998
0.41,0.06,0.54337899543379,0.7044061302681992,0.9868421052631579,0.43103448275862066,0.6,0.34700040225637346,0.2057
0.45,0.07,0.54337899543379,0.7044061302681992,0.9868421052631579,0.43103448275862066,0.6,0.34700040225637346,0.20739999999999997
0.42,0.06,0.54337899543379,0.7044061302681992,0.9868421052631579,0.43103448275862066,0.6,0.34700040225637346,0.208
0.5,0.09,0.54337899543379,0.7044061302681992,0.9868421052631579,0.43103448275862066,0.6,0.34700040225637346,0.20810000000000003
0.52,0.1,0.54337899543379,0.7044061302681992,0.9868421052631579,0.43103448275862066,0.6,0.34700040225637346,0.20840000000000003
0.48,0.08,0.54337899543379,0.7044061302681992,0.9868421052631579,0.43103448275862066,0.6,0.34700040225637346,0.20879999999999999
0.43,0.06,0.54337899543379,0.7044061302681992,0.9868421052631579,0.43103448275862066,0.6,0.34700040225637346,0.2105
0.46,0.07,0.54337899543379,0.7044061302681992,0.9868421052631579,0.43103448275862066,0.6,0.34700040225637346,0.2105
0.51,0.09,0.54337899543379,0.7044061302681992,0.9868421052631579,0.43103448275862066,0.6,0.34700040225637346,0.21220000000000003
0.49,0.08,0.54337899543379,0.7044061302681992,0.9868421052631579,0.43103448275862066,0.6,0.34700040225637346,0.21249999999999997
0.53,0.1,0.54337899543379,0.7044061302681992,0.9868421052631579,0.43103448275862066,0.6,0.34700040225637346,0.21290000000000003
0.44,0.06,0.54337899543379,0.7044061302681992,0.9868421052631579,0.43103448275862066,0.6,0.34700040225637346,0.2132
0.47,0.07,0.54337899543379,0.7044061302681992,0.9868421052631579,0.43103448275862066,0.6,0.34700040225637346,0.2138
0.41,0.05,0.54337899543379,0.7044061302681992,0.9868421052631579,0.43103448275862066,0.6,0.34700040225637346,0.2146
0.45,0.06,0.54337899543379,0.7044061302681992,0.9868421052631579,0.43103448275862066,0.6,0.34700040225637346,0.21610000000000001
0.5,0.08,0.54337899543379,0.7044061302681992,0.9868421052631579,0.43103448275862066,0.6,0.34700040225637346,0.21639999999999998
0.52,0.09,0.54337899543379,0.7044061302681992,0.9868421052631579,0.43103448275862066,0.6,0.34700040225637346,0.21650000000000003
0.42,0.05,0.54337899543379,0.7044061302681992,0.9868421052631579,0.43103448275862066,0.6,0.34700040225637346,0.2169
0.48,0.07,0.54337899543379,0.7044061302681992,0.9868421052631579,0.43103448275862066,0.6,0.34700040225637346,0.2173
0.46,0.06,0.54337899543379,0.7044061302681992,0.9868421052631579,0.43103448275862066,0.6,0.34700040225637346,0.2192
0.43,0.05,0.54337899543379,0.7044061302681992,0.9868421052631579,0.43103448275862066,0.6,0.34700040225637346,0.2194
0.51,0.08,0.54337899543379,0.7044061302681992,0.9868421052631579,0.43103448275862066,0.6,0.34700040225637346,0.22049999999999997
0.49,0.07,0.54337899543379,0.7044061302681992,0.9868421052631579,0.43103448275862066,0.6,0.34700040225637346,0.22099999999999997
0.53,0.09,0.54337899543379,0.7044061302681992,0.9868421052631579,0.43103448275862066,0.6,0.34700040225637346,0.22100000000000003
0.44,0.05,0.54337899543379,0.7044061302681992,0.9868421052631579,0.43103448275862066,0.6,0.34700040225637346,0.22210000000000002
0.47,0.06,0.54337899543379,0.7044061302681992,0.9868421052631579,0.43103448275862066,0.6,0.34700040225637346,0.22249999999999998
0.41,0.04,0.54337899543379,0.7044061302681992,0.9868421052631579,0.43103448275862066,0.6,0.34700040225637346,0.2237
0.52,0.08,0.54337899543379,0.7044061302681992,0.9868421052631579,0.43103448275862066,0.6,0.34700040225637346,0.2248
0.5,0.07,0.54337899543379,0.7044061302681992,0.9868421052631579,0.43103448275862066,0.6,0.34700040225637346,0.2249
0.45,0.05,0.54337899543379,0.7044061302681992,0.9868421052631579,0.43103448275862066,0.6,0.34700040225637346,0.22500000000000003
0.48,0.06,0.54337899543379,0.7044061302681992,0.9868421052631579,0.43103448275862066,0.6,0.34700040225637346,0.22599999999999998
0.42,0.04,0.54337899543379,0.7044061302681992,0.9868421052631579,0.43103448275862066,0.6,0.34700040225637346,0.226
0.46,0.05,0.54337899543379,0.7044061302681992,0.9868421052631579,0.43103448275862066,0.6,0.34700040225637346,0.22810000000000002
0.43,0.04,0.54337899543379,0.7044061302681992,0.9868421052631579,0.43103448275862066,0.6,0.34700040225637346,0.2285
0.51,0.07,0.54337899543379,0.7044061302681992,0.9868421052631579,0.43103448275862066,0.6,0.34700040225637346,0.22899999999999998
0.53,0.08,0.54337899543379,0.7044061302681992,0.9868421052631579,0.43103448275862066,0.6,0.34700040225637346,0.2293
0.49,0.06,0.54337899543379,0.7044061302681992,0.9868421052631579,0.43103448275862066,0.6,0.34700040225637346,0.2297
0.44,0.04,0.54337899543379,0.7044061302681992,0.9868421052631579,0.43103448275862066,0.6,0.34700040225637346,0.23120000000000002
0.47,0.05,0.54337899543379,0.7044061302681992,0.9868421052631579,0.43103448275862066,0.6,0.34700040225637346,0.2314
0.41,0.03,0.54337899543379,0.7044061302681992,0.9868421052631579,0.43103448275862066,0.6,0.34700040225637346,0.23299999999999998
0.52,0.07,0.54337899543379,0.7044061302681992,0.9868421052631579,0.43103448275862066,0.6,0.34700040225637346,0.2333
0.5,0.06,0.54337899543379,0.7044061302681992,0.9868421052631579,0.43103448275862066,0.6,0.34700040225637346,0.2336
0.45,0.04,0.54337899543379,0.7044061302681992,0.9868421052631579,0.43103448275862066,0.6,0.34700040225637346,0.23410000000000003
0.48,0.05,0.54337899543379,0.7044061302681992,0.9868421052631579,0.43103448275862066,0.6,0.34700040225637346,0.2349
0.42,0.03,0.54337899543379,0.7044061302681992,0.9868421052631579,0.43103448275862066,0.6,0.34700040225637346,0.23529999999999998
0.46,0.04,0.54337899543379,0.7044061302681992,0.9868421052631579,0.43103448275862066,0.6,0.34700040225637346,0.23720000000000002
0.51,0.06,0.54337899543379,0.7044061302681992,0.9868421052631579,0.43103448275862066,0.6,0.34700040225637346,0.2377
0.43,0.03,0.54337899543379,0.7044061302681992,0.9868421052631579,0.43103448275862066,0.6,0.34700040225637346,0.23779999999999998
0.53,0.07,0.54337899543379,0.7044061302681992,0.9868421052631579,0.43103448275862066,0.6,0.34700040225637346,0.2378
0.49,0.05,0.54337899543379,0.7044061302681992,0.9868421052631579,0.43103448275862066,0.6,0.34700040225637346,0.2386
0.44,0.03,0.54337899543379,0.7044061302681992,0.9868421052631579,0.43103448275862066,0.6,0.34700040225637346,0.2405
0.47,0.04,0.54337899543379,0.7044061302681992,0.9868421052631579,0.43103448275862066,0.6,0.34700040225637346,0.2405
0.52,0.06,0.54337899543379,0.7044061302681992,0.9868421052631579,0.43103448275862066,0.6,0.34700040225637346,0.242
0.41,0.02,0.54337899543379,0.7044061302681992,0.9868421052631579,0.43103448275862066,0.6,0.34700040225637346,0.2425
0.5,0.05,0.54337899543379,0.7044061302681992,0.9868421052631579,0.43103448275862066,0.6,0.34700040225637346,0.24250000000000002
0.45,0.03,0.54337899543379,0.7044061302681992,0.9868421052631579,0.43103448275862066,0.6,0.34700040225637346,0.2434
0.48,0.04,0.54337899543379,0.7044061302681992,0.9868421052631579,0.43103448275862066,0.6,0.34700040225637346,0.244
0.42,0.02,0.54337899543379,0.7044061302681992,0.9868421052631579,0.43103448275862066,0.6,0.34700040225637346,0.2448
0.46,0.03,0.54337899543379,0.7044061302681992,0.9868421052631579,0.43103448275862066,0.6,0.34700040225637346,0.2465
0.53,0.06,0.54337899543379,0.7044061302681992,0.9868421052631579,0.43103448275862066,0.6,0.34700040225637346,0.2465
0.51,0.05,0.54337899543379,0.7044061302681992,0.9868421052631579,0.43103448275862066,0.6,0.34700040225637346,0.2466
0.43,0.02,0.54337899543379,0.7044061302681992,0.9868421052631579,0.43103448275862066,0.6,0.34700040225637346,0.2473
0.49,0.04,0.54337899543379,0.7044061302681992,0.9868421052631579,0.43103448275862066,0.6,0.34700040225637346,0.2477
0.47,0.03,0.54337899543379,0.7044061302681992,0.9868421052631579,0.43103448275862066,0.6,0.34700040225637346,0.24979999999999997
0.44,0.02,0.54337899543379,0.7044061302681992,0.9868421052631579,0.43103448275862066,0.6,0.34700040225637346,0.25
0.52,0.05,0.54337899543379,0.7044061302681992,0.9868421052631579,0.43103448275862066,0.6,0.34700040225637346,0.2509
0.5,0.04,0.54337899543379,0.7044061302681992,0.9868421052631579,0.43103448275862066,0.6,0.34700040225637346,0.25160000000000005
0.41,0.01,0.54337899543379,0.7044061302681992,0.9868421052631579,0.43103448275862066,0.6,0.34700040225637346,0.2522
0.45,0.02,0.54337899543379,0.7044061302681992,0.9868421052631579,0.43103448275862066,0.6,0.34700040225637346,0.2529
0.48,0.03,0.54337899543379,0.7044061302681992,0.9868421052631579,0.43103448275862066,0.6,0.34700040225637346,0.25329999999999997
0.42,0.01,0.54337899543379,0.7044061302681992,0.9868421052631579,0.43103448275862066,0.6,0.34700040225637346,0.2545
0.53,0.05,0.54337899543379,0.7044061302681992,0.9868421052631579,0.43103448275862066,0.6,0.34700040225637346,0.2554
0.51,0.04,0.54337899543379,0.7044061302681992,0.9868421052631579,0.43103448275862066,0.6,0.34700040225637346,0.25570000000000004
0.46,0.02,0.54337899543379,0.7044061302681992,0.9868421052631579,0.43103448275862066,0.6,0.34700040225637346,0.256
0.43,0.01,0.54337899543379,0.7044061302681992,0.9868421052631579,0.43103448275862066,0.6,0.34700040225637346,0.257
0.49,0.03,0.54337899543379,0.7044061302681992,0.9868421052631579,0.43103448275862066,0.6,0.34700040225637346,0.257
0.47,0.02,0.54337899543379,0.7044061302681992,0.9868421052631579,0.43103448275862066,0.6,0.34700040225637346,0.2593
0.44,0.01,0.54337899543379,0.7044061302681992,0.9868421052631579,0.43103448275862066,0.6,0.34700040225637346,0.2597
0.52,0.04,0.54337899543379,0.7044061302681992,0.9868421052631579,0.43103448275862066,0.6,0.34700040225637346,0.26
0.5,0.03,0.54337899543379,0.7044061302681992,0.9868421052631579,0.43103448275862066,0.6,0.34700040225637346,0.2609
0.41,0.0,0.54337899543379,0.7044061302681992,0.9868421052631579,0.43103448275862066,0.6,0.34700040225637346,0.2621
0.45,0.01,0.54337899543379,0.7044061302681992,0.9868421052631579,0.43103448275862066,0.6,0.34700040225637346,0.2626
0.48,0.02,0.54337899543379,0.7044061302681992,0.9868421052631579,0.43103448275862066,0.6,0.34700040225637346,0.2628
0.42,0.0,0.54337899543379,0.7044061302681992,0.9868421052631579,0.43103448275862066,0.6,0.34700040225637346,0.2644
0.53,0.04,0.54337899543379,0.7044061302681992,0.9868421052631579,0.43103448275862066,0.6,0.34700040225637346,0.2645
0.51,0.03,0.54337899543379,0.7044061302681992,0.9868421052631579,0.43103448275862066,0.6,0.34700040225637346,0.265
0.46,0.01,0.54337899543379,0.7044061302681992,0.9868421052631579,0.43103448275862066,0.6,0.34700040225637346,0.2657
0.49,0.02,0.54337899543379,0.7044061302681992,0.9868421052631579,0.43103448275862066,0.6,0.34700040225637346,0.2665
0.43,0.0,0.54337899543379,0.7044061302681992,0.9868421052631579,0.43103448275862066,0.6,0.34700040225637346,0.2669
0.47,0.01,0.54337899543379,0.7044061302681992,0.9868421052631579,0.43103448275862066,0.6,0.34700040225637346,0.26899999999999996
0.52,0.03,0.54337899543379,0.7044061302681992,0.9868421052631579,0.43103448275862066,0.6,0.34700040225637346,0.2693
0.44,0.0,0.54337899543379,0.7044061302681992,0.9868421052631579,0.43103448275862066,0.6,0.34700040225637346,0.2696
0.5,0.02,0.54337899543379,0.7044061302681992,0.9868421052631579,0.43103448275862066,0.6,0.34700040225637346,0.2704
0.48,0.01,0.54337899543379,0.7044061302681992,0.9868421052631579,0.43103448275862066,0.6,0.34700040225637346,0.27249999999999996
0.45,0.0,0.54337899543379,0.7044061302681992,0.9868421052631579,0.43103448275862066,0.6,0.34700040225637346,0.2725
0.53,0.03,0.54337899543379,0.7044061302681992,0.9868421052631579,0.43103448275862066,0.6,0.34700040225637346,0.2738
0.51,0.02,0.54337899543379,0.7044061302681992,0.9868421052631579,0.43103448275862066,0.6,0.34700040225637346,0.2745
0.46,0.0,0.54337899543379,0.7044061302681992,0.9868421052631579,0.43103448275862066,0.6,0.34700040225637346,0.2756
0.49,0.01,0.54337899543379,0.7044061302681992,0.9868421052631579,0.43103448275862066,0.6,0.34700040225637346,0.2762
0.52,0.02,0.54337899543379,0.7044061302681992,0.9868421052631579,0.43103448275862066,0.6,0.34700040225637346,0.2788
0.47,0.0,0.54337899543379,0.7044061302681992,0.9868421052631579,0.43103448275862066,0.6,0.34700040225637346,0.2789
0.5,0.01,0.54337899543379,0.7044061302681992,0.9868421052631579,0.43103448275862066,0.6,0.34700040225637346,0.2801
0.48,0.0,0.54337899543379,0.7044061302681992,0.9868421052631579,0.43103448275862066,0.6,0.34700040225637346,0.2824
0.53,0.02,0.54337899543379,0.7044061302681992,0.9868421052631579,0.43103448275862066,0.6,0.34700040225637346,0.2833
0.51,0.01,0.54337899543379,0.7044061302681992,0.9868421052631579,0.43103448275862066,0.6,0.34700040225637346,0.2842
0.49,0.0,0.54337899543379,0.7044061302681992,0.9868421052631579,0.43103448275862066,0.6,0.34700040225637346,0.2861
0.52,0.01,0.54337899543379,0.7044061302681992,0.9868421052631579,0.43103448275862066,0.6,0.34700040225637346,0.2885
0.5,0.0,0.54337899543379,0.7044061302681992,0.9868421052631579,0.43103448275862066,0.6,0.34700040225637346,0.29000000000000004
0.53,0.01,0.54337899543379,0.7044061302681992,0.9868421052631579,0.43103448275862066,0.6,0.34700040225637346,0.293
0.51,0.0,0.54337899543379,0.7044061302681992,0.9868421052631579,0.43103448275862066,0.6,0.34700040225637346,0.29410000000000003
0.52,0.0,0.54337899543379,0.7044061302681992,0.9868421052631579,0.43103448275862066,0.6,0.34700040225637346,0.2984
0.53,0.0,0.54337899543379,0.7044061302681992,0.9868421052631579,0.43103448275862066,0.6,0.34700040225637346,0.3029
0.29,0.51,0.5296803652968036,0.7040229885057472,1.0,0.40804597701149425,0.5795918367346938,0.352232925137319,0.00020000000000000036
0.28,0.54,0.5296803652968036,0.7040229885057472,1.0,0.40804597701149425,0.5795918367346938,0.352232925137319,0.0020000000000000013
0.26,0.55,0.5296803652968036,0.7040229885057472,1.0,0.40804597701149425,0.5795918367346938,0.352232925137319,0.004100000000000003
0.25,0.55,0.5296803652968036,0.7040229885057472,1.0,0.40804597701149425,0.5795918367346938,0.352232925137319,0.005000000000000003
0.24,0.55,0.5296803652968036,0.7040229885057472,1.0,0.40804597701149425,0.5795918367346938,0.352232925137319,0.006100000000000005
0.23,0.55,0.5296803652968036,0.7040229885057472,1.0,0.40804597701149425,0.5795918367346938,0.352232925137319,0.007400000000000002
0.22,0.55,0.5296803652968036,0.7040229885057472,1.0,0.40804597701149425,0.5795918367346938,0.352232925137319,0.008900000000000002
0.21,0.55,0.5296803652968036,0.7040229885057472,1.0,0.40804597701149425,0.5795918367346938,0.352232925137319,0.010600000000000004
0.35,0.4,0.5296803652968036,0.7040229885057472,1.0,0.40804597701149425,0.5795918367346938,0.352232925137319,0.012499999999999994
0.54,0.24,0.5388127853881278,0.7015325670498084,0.9866666666666667,0.42528735632183906,0.5943775100401606,0.3431975949608156,0.12520000000000003
0.55,0.24,0.5388127853881278,0.7015325670498084,0.9866666666666667,0.42528735632183906,0.5943775100401606,0.3431975949608156,0.13010000000000005
0.54,0.23,0.5388127853881278,0.7015325670498084,0.9866666666666667,0.42528735632183906,0.5943775100401606,0.3431975949608156,0.13050000000000003
0.55,0.23,0.5388127853881278,0.7015325670498084,0.9866666666666667,0.42528735632183906,0.5943775100401606,0.3431975949608156,0.13540000000000002
0.54,0.22,0.5388127853881278,0.7015325670498084,0.9866666666666667,0.42528735632183906,0.5943775100401606,0.3431975949608156,0.13600000000000004
0.55,0.22,0.5388127853881278,0.7015325670498084,0.9866666666666667,0.42528735632183906,0.5943775100401606,0.3431975949608156,0.14090000000000003
0.54,0.21,0.5388127853881278,0.7015325670498084,0.9866666666666667,0.42528735632183906,0.5943775100401606,0.3431975949608156,0.14170000000000005
0.55,0.21,0.5388127853881278,0.7015325670498084,0.9866666666666667,0.42528735632183906,0.5943775100401606,0.3431975949608156,0.14660000000000006
0.54,0.2,0.5388127853881278,0.7015325670498084,0.9866666666666667,0.42528735632183906,0.5943775100401606,0.3431975949608156,0.1476
0.55,0.2,0.5388127853881278,0.7015325670498084,0.9866666666666667,0.42528735632183906,0.5943775100401606,0.3431975949608156,0.15250000000000002
0.54,0.19,0.5388127853881278,0.7015325670498084,0.9866666666666667,0.42528735632183906,0.5943775100401606,0.3431975949608156,0.15370000000000003
0.55,0.19,0.5388127853881278,0.7015325670498084,0.9866666666666667,0.42528735632183906,0.5943775100401606,0.3431975949608156,0.15860000000000002
0.54,0.18,0.5388127853881278,0.7015325670498084,0.9866666666666667,0.42528735632183906,0.5943775100401606,0.3431975949608156,0.16000000000000003
0.55,0.18,0.5388127853881278,0.7015325670498084,0.9866666666666667,0.42528735632183906,0.5943775100401606,0.3431975949608156,0.16490000000000005
0.54,0.17,0.5388127853881278,0.7015325670498084,0.9866666666666667,0.42528735632183906,0.5943775100401606,0.3431975949608156,0.16649999999999998
0.55,0.17,0.5388127853881278,0.7015325670498084,0.9866666666666667,0.42528735632183906,0.5943775100401606,0.3431975949608156,0.1714
0.54,0.16,0.5388127853881278,0.7015325670498084,0.9866666666666667,0.42528735632183906,0.5943775100401606,0.3431975949608156,0.1732
0.55,0.16,0.5388127853881278,0.7015325670498084,0.9866666666666667,0.42528735632183906,0.5943775100401606,0.3431975949608156,0.1781
0.54,0.15,0.5388127853881278,0.7015325670498084,0.9866666666666667,0.42528735632183906,0.5943775100401606,0.3431975949608156,0.1801
0.55,0.15,0.5388127853881278,0.7015325670498084,0.9866666666666667,0.42528735632183906,0.5943775100401606,0.3431975949608156,0.185
0.54,0.14,0.5388127853881278,0.7015325670498084,0.9866666666666667,0.42528735632183906,0.5943775100401606,0.3431975949608156,0.1872
0.55,0.14,0.5388127853881278,0.7015325670498084,0.9866666666666667,0.42528735632183906,0.5943775100401606,0.3431975949608156,0.19210000000000002
0.54,0.13,0.5388127853881278,0.7015325670498084,0.9866666666666667,0.42528735632183906,0.5943775100401606,0.3431975949608156,0.1945
0.55,0.13,0.5388127853881278,0.7015325670498084,0.9866666666666667,0.42528735632183906,0.5943775100401606,0.3431975949608156,0.19940000000000002
0.54,0.12,0.5388127853881278,0.7015325670498084,0.9866666666666667,0.42528735632183906,0.5943775100401606,0.3431975949608156,0.202
0.55,0.12,0.5388127853881278,0.7015325670498084,0.9866666666666667,0.42528735632183906,0.5943775100401606,0.3431975949608156,0.20690000000000003
0.54,0.11,0.5388127853881278,0.7015325670498084,0.9866666666666667,0.42528735632183906,0.5943775100401606,0.3431975949608156,0.20970000000000003
0.55,0.11,0.5388127853881278,0.7015325670498084,0.9866666666666667,0.42528735632183906,0.5943775100401606,0.3431975949608156,0.21460000000000004
0.54,0.1,0.5388127853881278,0.7015325670498084,0.9866666666666667,0.42528735632183906,0.5943775100401606,0.3431975949608156,0.21760000000000004
0.55,0.1,0.5388127853881278,0.7015325670498084,0.9866666666666667,0.42528735632183906,0.5943775100401606,0.3431975949608156,0.22250000000000006
0.54,0.09,0.5388127853881278,0.7015325670498084,0.9866666666666667,0.42528735632183906,0.5943775100401606,0.3431975949608156,0.22570000000000004
0.55,0.09,0.5388127853881278,0.7015325670498084,0.9866666666666667,0.42528735632183906,0.5943775100401606,0.3431975949608156,0.23060000000000005
0.54,0.08,0.5388127853881278,0.7015325670498084,0.9866666666666667,0.42528735632183906,0.5943775100401606,0.3431975949608156,0.23399999999999999
0.55,0.08,0.5388127853881278,0.7015325670498084,0.9866666666666667,0.42528735632183906,0.5943775100401606,0.3431975949608156,0.2389
0.54,0.07,0.5388127853881278,0.7015325670498084,0.9866666666666667,0.42528735632183906,0.5943775100401606,0.3431975949608156,0.2425
0.55,0.07,0.5388127853881278,0.7015325670498084,0.9866666666666667,0.42528735632183906,0.5943775100401606,0.3431975949608156,0.2474
0.54,0.06,0.5388127853881278,0.7015325670498084,0.9866666666666667,0.42528735632183906,0.5943775100401606,0.3431975949608156,0.25120000000000003
0.55,0.06,0.5388127853881278,0.7015325670498084,0.9866666666666667,0.42528735632183906,0.5943775100401606,0.3431975949608156,0.2561
0.54,0.05,0.5388127853881278,0.7015325670498084,0.9866666666666667,0.42528735632183906,0.5943775100401606,0.3431975949608156,0.26010000000000005
0.55,0.05,0.5388127853881278,0.7015325670498084,0.9866666666666667,0.42528735632183906,0.5943775100401606,0.3431975949608156,0.265
0.54,0.04,0.5388127853881278,0.7015325670498084,0.9866666666666667,0.42528735632183906,0.5943775100401606,0.3431975949608156,0.26920000000000005
0.55,0.04,0.5388127853881278,0.7015325670498084,0.9866666666666667,0.42528735632183906,0.5943775100401606,0.3431975949608156,0.2741
0.54,0.03,0.5388127853881278,0.7015325670498084,0.9866666666666667,0.42528735632183906,0.5943775100401606,0.3431975949608156,0.2785
0.55,0.03,0.5388127853881278,0.7015325670498084,0.9866666666666667,0.42528735632183906,0.5943775100401606,0.3431975949608156,0.2834
0.54,0.02,0.5388127853881278,0.7015325670498084,0.9866666666666667,0.42528735632183906,0.5943775100401606,0.3431975949608156,0.28800000000000003
0.55,0.02,0.5388127853881278,0.7015325670498084,0.9866666666666667,0.42528735632183906,0.5943775100401606,0.3431975949608156,0.29290000000000005
0.54,0.01,0.5388127853881278,0.7015325670498084,0.9866666666666667,0.42528735632183906,0.5943775100401606,0.3431975949608156,0.2977
0.55,0.01,0.5388127853881278,0.7015325670498084,0.9866666666666667,0.42528735632183906,0.5943775100401606,0.3431975949608156,0.3026
0.54,0.0,0.5388127853881278,0.7015325670498084,0.9866666666666667,0.42528735632183906,0.5943775100401606,0.3431975949608156,0.30760000000000004
0.55,0.0,0.5388127853881278,0.7015325670498084,0.9866666666666667,0.42528735632183906,0.5943775100401606,0.3431975949608156,0.3125
0.3,0.51,0.5251141552511416,0.7011494252873564,1.0,0.40229885057471265,0.5737704918032787,0.3485680032047329,0.00010000000000000018
0.29,0.52,0.5251141552511416,0.7011494252873564,1.0,0.40229885057471265,0.5737704918032787,0.3485680032047329,0.0005000000000000009
0.29,0.53,0.5251141552511416,0.7011494252873564,1.0,0.40229885057471265,0.5737704918032787,0.3485680032047329,0.0010000000000000018
0.27,0.55,0.5251141552511416,0.7011494252873564,1.0,0.40229885057471265,0.5737704918032787,0.3485680032047329,0.003400000000000003
0.36,0.39,0.5251141552511416,0.7011494252873564,1.0,0.40229885057471265,0.5737704918032787,0.3485680032047329,0.0157
0.36,0.38,0.5251141552511416,0.7011494252873564,1.0,0.40229885057471265,0.5737704918032787,0.3485680032047329,0.018
0.36,0.37,0.5251141552511416,0.7011494252873564,1.0,0.40229885057471265,0.5737704918032787,0.3485680032047329,0.0205
0.36,0.36,0.5251141552511416,0.7011494252873564,1.0,0.40229885057471265,0.5737704918032787,0.3485680032047329,0.023200000000000002
0.36,0.35,0.5251141552511416,0.7011494252873564,1.0,0.40229885057471265,0.5737704918032787,0.3485680032047329,0.026100000000000005
0.36,0.34,0.5251141552511416,0.7011494252873564,1.0,0.40229885057471265,0.5737704918032787,0.3485680032047329,0.02919999999999999
0.36,0.33,0.5251141552511416,0.7011494252873564,1.0,0.40229885057471265,0.5737704918032787,0.3485680032047329,0.032499999999999994
0.36,0.32,0.5251141552511416,0.7011494252873564,1.0,0.40229885057471265,0.5737704918032787,0.3485680032047329,0.036
0.36,0.31,0.5251141552511416,0.7011494252873564,1.0,0.40229885057471265,0.5737704918032787,0.3485680032047329,0.0397
0.31,0.51,0.5205479452054794,0.6982758620689655,1.0,0.39655172413793105,0.5679012345679012,0.3449137823302793,0.00020000000000000036
0.3,0.52,0.5205479452054794,0.6982758620689655,1.0,0.39655172413793105,0.5679012345679012,0.3449137823302793,0.0004000000000000007
0.3,0.53,0.5205479452054794,0.6982758620689655,1.0,0.39655172413793105,0.5679012345679012,0.3449137823302793,0.0009000000000000016
0.33,0.49,0.5205479452054794,0.6982758620689655,1.0,0.39655172413793105,0.5679012345679012,0.3449137823302793,0.0010000000000000018
0.29,0.54,0.5205479452054794,0.6982758620689655,1.0,0.39655172413793105,0.5679012345679012,0.3449137823302793,0.0017000000000000032
0.34,0.42,0.5205479452054794,0.6982758620689655,1.0,0.39655172413793105,0.5679012345679012,0.3449137823302793,0.008000000000000005
0.34,0.41,0.5205479452054794,0.6982758620689655,1.0,0.39655172413793105,0.5679012345679012,0.3449137823302793,0.009700000000000007
0.36,0.4,0.5205479452054794,0.6982758620689655,1.0,0.39655172413793105,0.5679012345679012,0.3449137823302793,0.013599999999999994
0.37,0.25,0.5296803652968036,0.6957854406130268,0.9863013698630136,0.41379310344827586,0.582995951417004,0.33562431103976886,0.0674
0.31,0.52,0.5159817351598174,0.6954022988505747,1.0,0.39080459770114945,0.5619834710743802,0.34126960945091434,0.0005000000000000009
0.33,0.5,0.5159817351598174,0.6954022988505747,1.0,0.39080459770114945,0.5619834710743802,0.34126960945091434,0.0009000000000000016
0.31,0.53,0.5159817351598174,0.6954022988505747,1.0,0.39080459770114945,0.5619834710743802,0.34126960945091434,0.0010000000000000018
0.3,0.54,0.5159817351598174,0.6954022988505747,1.0,0.39080459770114945,0.5619834710743802,0.34126960945091434,0.001600000000000003
0.28,0.55,0.5159817351598174,0.6954022988505747,1.0,0.39080459770114945,0.5619834710743802,0.34126960945091434,0.002900000000000003
0.34,0.43,0.5159817351598174,0.6954022988505747,1.0,0.39080459770114945,0.5619834710743802,0.34126960945091434,0.006500000000000004
0.35,0.42,0.5159817351598174,0.6954022988505747,1.0,0.39080459770114945,0.5619834710743802,0.34126960945091434,0.008900000000000002
0.35,0.41,0.5159817351598174,0.6954022988505747,1.0,0.39080459770114945,0.5619834710743802,0.34126960945091434,0.010600000000000004
0.37,0.28,0.5159817351598174,0.6954022988505747,1.0,0.39080459770114945,0.5619834710743802,0.34126960945091434,0.05329999999999999
0.37,0.27,0.5159817351598174,0.6954022988505747,1.0,0.39080459770114945,0.5619834710743802,0.34126960945091434,0.05779999999999999
0.37,0.26,0.5159817351598174,0.6954022988505747,1.0,0.39080459770114945,0.5619834710743802,0.34126960945091434,0.0625
0.0,0.02,0.867579908675799,0.6942528735632184,0.864321608040201,0.9885057471264368,0.9222520107238605,0.5449250750117285,0.3204
0.0,0.01,0.867579908675799,0.6942528735632184,0.864321608040201,0.9885057471264368,0.9222520107238605,0.5449250750117285,0.33009999999999995
0.38,0.25,0.5251141552511416,0.692911877394636,0.9861111111111112,0.40804597701149425,0.5772357723577236,0.33185237385998473,0.0689
0.39,0.25,0.5251141552511416,0.692911877394636,0.9861111111111112,0.40804597701149425,0.5772357723577236,0.33185237385998473,0.07060000000000001
0.4,0.25,0.5251141552511416,0.692911877394636,0.9861111111111112,0.40804597701149425,0.5772357723577236,0.33185237385998473,0.07250000000000001
0.31,0.54,0.5114155251141552,0.6925287356321839,1.0,0.3850574712643678,0.5560165975103735,0.33763482888610735,0.0017000000000000032
0.35,0.43,0.5114155251141552,0.6925287356321839,1.0,0.3850574712643678,0.5560165975103735,0.33763482888610735,0.0073999999999999995
0.37,0.3,0.5114155251141552,0.6925287356321839,1.0,0.3850574712643678,0.5560165975103735,0.33763482888610735,0.04490000000000001
0.37,0.29,0.5114155251141552,0.6925287356321839,1.0,0.3850574712643678,0.5560165975103735,0.33763482888610735,0.04900000000000001
0.38,0.28,0.5114155251141552,0.6925287356321839,1.0,0.3850574712643678,0.5560165975103735,0.33763482888610735,0.054799999999999995
0.39,0.28,0.5114155251141552,0.6925287356321839,1.0,0.3850574712643678,0.5560165975103735,0.33763482888610735,0.056499999999999995
0.4,0.28,0.5114155251141552,0.6925287356321839,1.0,0.3850574712643678,0.5560165975103735,0.33763482888610735,0.0584
0.38,0.27,0.5114155251141552,0.6925287356321839,1.0,0.3850574712643678,0.5560165975103735,0.33763482888610735,0.05929999999999999
0.41,0.28,0.5114155251141552,0.6925287356321839,1.0,0.3850574712643678,0.5560165975103735,0.33763482888610735,0.06049999999999999
0.39,0.27,0.5114155251141552,0.6925287356321839,1.0,0.3850574712643678,0.5560165975103735,0.33763482888610735,0.06099999999999999
0.42,0.28,0.5114155251141552,0.6925287356321839,1.0,0.3850574712643678,0.5560165975103735,0.33763482888610735,0.0628
0.4,0.27,0.5114155251141552,0.6925287356321839,1.0,0.3850574712643678,0.5560165975103735,0.33763482888610735,0.0629
0.38,0.26,0.5114155251141552,0.6925287356321839,1.0,0.3850574712643678,0.5560165975103735,0.33763482888610735,0.064
0.41,0.27,0.5114155251141552,0.6925287356321839,1.0,0.3850574712643678,0.5560165975103735,0.33763482888610735,0.06499999999999999
0.43,0.28,0.5114155251141552,0.6925287356321839,1.0,0.3850574712643678,0.5560165975103735,0.33763482888610735,0.0653
0.39,0.26,0.5114155251141552,0.6925287356321839,1.0,0.3850574712643678,0.5560165975103735,0.33763482888610735,0.06570000000000001
0.42,0.27,0.5114155251141552,0.6925287356321839,1.0,0.3850574712643678,0.5560165975103735,0.33763482888610735,0.06729999999999998
0.4,0.26,0.5114155251141552,0.6925287356321839,1.0,0.3850574712643678,0.5560165975103735,0.33763482888610735,0.06760000000000001
0.44,0.28,0.5114155251141552,0.6925287356321839,1.0,0.3850574712643678,0.5560165975103735,0.33763482888610735,0.06799999999999999
0.41,0.26,0.5114155251141552,0.6925287356321839,1.0,0.3850574712643678,0.5560165975103735,0.33763482888610735,0.0697
0.43,0.27,0.5114155251141552,0.6925287356321839,1.0,0.3850574712643678,0.5560165975103735,0.33763482888610735,0.06979999999999999
0.45,0.28,0.5114155251141552,0.6925287356321839,1.0,0.3850574712643678,0.5560165975103735,0.33763482888610735,0.07089999999999999
0.42,0.26,0.5114155251141552,0.6925287356321839,1.0,0.3850574712643678,0.5560165975103735,0.33763482888610735,0.072
0.44,0.27,0.5114155251141552,0.6925287356321839,1.0,0.3850574712643678,0.5560165975103735,0.33763482888610735,0.0725
0.46,0.28,0.5114155251141552,0.6925287356321839,1.0,0.3850574712643678,0.5560165975103735,0.33763482888610735,0.07400000000000001
0.43,0.26,0.5114155251141552,0.6925287356321839,1.0,0.3850574712643678,0.5560165975103735,0.33763482888610735,0.0745
0.45,0.27,0.5114155251141552,0.6925287356321839,1.0,0.3850574712643678,0.5560165975103735,0.33763482888610735,0.0754
0.44,0.26,0.5114155251141552,0.6925287356321839,1.0,0.3850574712643678,0.5560165975103735,0.33763482888610735,0.0772
0.47,0.28,0.5114155251141552,0.6925287356321839,1.0,0.3850574712643678,0.5560165975103735,0.33763482888610735,0.07729999999999998
0.46,0.27,0.5114155251141552,0.6925287356321839,1.0,0.3850574712643678,0.5560165975103735,0.33763482888610735,0.0785
0.45,0.26,0.5114155251141552,0.6925287356321839,1.0,0.3850574712643678,0.5560165975103735,0.33763482888610735,0.0801
0.48,0.28,0.5114155251141552,0.6925287356321839,1.0,0.3850574712643678,0.5560165975103735,0.33763482888610735,0.08079999999999998
0.47,0.27,0.5114155251141552,0.6925287356321839,1.0,0.3850574712643678,0.5560165975103735,0.33763482888610735,0.08179999999999998
0.46,0.26,0.5114155251141552,0.6925287356321839,1.0,0.3850574712643678,0.5560165975103735,0.33763482888610735,0.08320000000000001
0.49,0.28,0.5114155251141552,0.6925287356321839,1.0,0.3850574712643678,0.5560165975103735,0.33763482888610735,0.08449999999999999
0.48,0.27,0.5114155251141552,0.6925287356321839,1.0,0.3850574712643678,0.5560165975103735,0.33763482888610735,0.08529999999999999
0.47,0.26,0.5114155251141552,0.6925287356321839,1.0,0.3850574712643678,0.5560165975103735,0.33763482888610735,0.0865
0.5,0.28,0.5114155251141552,0.6925287356321839,1.0,0.3850574712643678,0.5560165975103735,0.33763482888610735,0.0884
0.49,0.27,0.5114155251141552,0.6925287356321839,1.0,0.3850574712643678,0.5560165975103735,0.33763482888610735,0.089
0.48,0.26,0.5114155251141552,0.6925287356321839,1.0,0.3850574712643678,0.5560165975103735,0.33763482888610735,0.09
0.51,0.28,0.5114155251141552,0.6925287356321839,1.0,0.3850574712643678,0.5560165975103735,0.33763482888610735,0.0925
0.5,0.27,0.5114155251141552,0.6925287356321839,1.0,0.3850574712643678,0.5560165975103735,0.33763482888610735,0.0929
0.49,0.26,0.5114155251141552,0.6925287356321839,1.0,0.3850574712643678,0.5560165975103735,0.33763482888610735,0.0937
0.52,0.28,0.5114155251141552,0.6925287356321839,1.0,0.3850574712643678,0.5560165975103735,0.33763482888610735,0.0968
0.51,0.27,0.5114155251141552,0.6925287356321839,1.0,0.3850574712643678,0.5560165975103735,0.33763482888610735,0.097
0.5,0.26,0.5114155251141552,0.6925287356321839,1.0,0.3850574712643678,0.5560165975103735,0.33763482888610735,0.0976
0.52,0.27,0.5114155251141552,0.6925287356321839,1.0,0.3850574712643678,0.5560165975103735,0.33763482888610735,0.1013
0.53,0.28,0.5114155251141552,0.6925287356321839,1.0,0.3850574712643678,0.5560165975103735,0.33763482888610735,0.1013
0.51,0.26,0.5114155251141552,0.6925287356321839,1.0,0.3850574712643678,0.5560165975103735,0.33763482888610735,0.10170000000000001
0.53,0.27,0.5114155251141552,0.6925287356321839,1.0,0.3850574712643678,0.5560165975103735,0.33763482888610735,0.1058
0.52,0.26,0.5114155251141552,0.6925287356321839,1.0,0.3850574712643678,0.5560165975103735,0.33763482888610735,0.10600000000000001
0.53,0.26,0.5114155251141552,0.6925287356321839,1.0,0.3850574712643678,0.5560165975103735,0.33763482888610735,0.11050000000000001
0.41,0.25,0.5205479452054794,0.6900383141762452,0.9859154929577465,0.40229885057471265,0.5714285714285714,0.3280892598462164,0.0746
0.42,0.25,0.5205479452054794,0.6900383141762452,0.9859154929577465,0.40229885057471265,0.5714285714285714,0.3280892598462164,0.0769
0.43,0.25,0.5205479452054794,0.6900383141762452,0.9859154929577465,0.40229885057471265,0.5714285714285714,0.3280892598462164,0.0794
0.44,0.25,0.5205479452054794,0.6900383141762452,0.9859154929577465,0.40229885057471265,0.5714285714285714,0.3280892598462164,0.0821
0.45,0.25,0.5205479452054794,0.6900383141762452,0.9859154929577465,0.40229885057471265,0.5714285714285714,0.3280892598462164,0.085
0.46,0.25,0.5205479452054794,0.6900383141762452,0.9859154929577465,0.40229885057471265,0.5714285714285714,0.3280892598462164,0.08810000000000001
0.47,0.25,0.5205479452054794,0.6900383141762452,0.9859154929577465,0.40229885057471265,0.5714285714285714,0.3280892598462164,0.0914
0.48,0.25,0.5205479452054794,0.6900383141762452,0.9859154929577465,0.40229885057471265,0.5714285714285714,0.3280892598462164,0.0949
0.49,0.25,0.5205479452054794,0.6900383141762452,0.9859154929577465,0.40229885057471265,0.5714285714285714,0.3280892598462164,0.0986
0.5,0.25,0.5205479452054794,0.6900383141762452,0.9859154929577465,0.40229885057471265,0.5714285714285714,0.3280892598462164,0.10250000000000001
0.51,0.25,0.5205479452054794,0.6900383141762452,0.9859154929577465,0.40229885057471265,0.5714285714285714,0.3280892598462164,0.1066
0.52,0.25,0.5205479452054794,0.6900383141762452,0.9859154929577465,0.40229885057471265,0.5714285714285714,0.3280892598462164,0.11090000000000001
0.53,0.25,0.5205479452054794,0.6900383141762452,0.9859154929577465,0.40229885057471265,0.5714285714285714,0.3280892598462164,0.11540000000000002
0.29,0.55,0.5068493150684932,0.6896551724137931,1.0,0.3793103448275862,0.55,0.3340087815099487,0.0026000000000000047
0.36,0.42,0.5068493150684932,0.6896551724137931,1.0,0.3793103448275862,0.55,0.3340087815099487,0.010000000000000002
0.36,0.41,0.5068493150684932,0.6896551724137931,1.0,0.3793103448275862,0.55,0.3340087815099487,0.011700000000000006
0.38,0.3,0.5068493150684932,0.6896551724137931,1.0,0.3793103448275862,0.55,0.3340087815099487,0.04640000000000001
0.39,0.3,0.5068493150684932,0.6896551724137931,1.0,0.3793103448275862,0.55,0.3340087815099487,0.04810000000000001
0.4,0.3,0.5068493150684932,0.6896551724137931,1.0,0.3793103448275862,0.55,0.3340087815099487,0.05000000000000002
0.38,0.29,0.5068493150684932,0.6896551724137931,1.0,0.3793103448275862,0.55,0.3340087815099487,0.05050000000000001
0.41,0.3,0.5068493150684932,0.6896551724137931,1.0,0.3793103448275862,0.55,0.3340087815099487,0.05210000000000001
0.39,0.29,0.5068493150684932,0.6896551724137931,1.0,0.3793103448275862,0.55,0.3340087815099487,0.05220000000000001
0.4,0.29,0.5068493150684932,0.6896551724137931,1.0,0.3793103448275862,0.55,0.3340087815099487,0.054100000000000016
0.42,0.3,0.5068493150684932,0.6896551724137931,1.0,0.3793103448275862,0.55,0.3340087815099487,0.054400000000000004
0.41,0.29,0.5068493150684932,0.6896551724137931,1.0,0.3793103448275862,0.55,0.3340087815099487,0.05620000000000001
0.43,0.3,0.5068493150684932,0.6896551724137931,1.0,0.3793103448275862,0.55,0.3340087815099487,0.056900000000000006
0.42,0.29,0.5068493150684932,0.6896551724137931,1.0,0.3793103448275862,0.55,0.3340087815099487,0.05850000000000001
0.44,0.3,0.5068493150684932,0.6896551724137931,1.0,0.3793103448275862,0.55,0.3340087815099487,0.059600000000000014
0.43,0.29,0.5068493150684932,0.6896551724137931,1.0,0.3793103448275862,0.55,0.3340087815099487,0.06100000000000001
0.45,0.3,0.5068493150684932,0.6896551724137931,1.0,0.3793103448275862,0.55,0.3340087815099487,0.06250000000000001
0.44,0.29,0.5068493150684932,0.6896551724137931,1.0,0.3793103448275862,0.55,0.3340087815099487,0.0637
0.46,0.3,0.5068493150684932,0.6896551724137931,1.0,0.3793103448275862,0.55,0.3340087815099487,0.06560000000000002
0.45,0.29,0.5068493150684932,0.6896551724137931,1.0,0.3793103448275862,0.55,0.3340087815099487,0.06660000000000002
0.47,0.3,0.5068493150684932,0.6896551724137931,1.0,0.3793103448275862,0.55,0.3340087815099487,0.0689
0.46,0.29,0.5068493150684932,0.6896551724137931,1.0,0.3793103448275862,0.55,0.3340087815099487,0.06970000000000001
0.48,0.3,0.5068493150684932,0.6896551724137931,1.0,0.3793103448275862,0.55,0.3340087815099487,0.0724
0.47,0.29,0.5068493150684932,0.6896551724137931,1.0,0.3793103448275862,0.55,0.3340087815099487,0.07300000000000001
0.49,0.3,0.5068493150684932,0.6896551724137931,1.0,0.3793103448275862,0.55,0.3340087815099487,0.0761
0.48,0.29,0.5068493150684932,0.6896551724137931,1.0,0.3793103448275862,0.55,0.3340087815099487,0.07650000000000001
0.5,0.3,0.5068493150684932,0.6896551724137931,1.0,0.3793103448275862,0.55,0.3340087815099487,0.08000000000000002
0.49,0.29,0.5068493150684932,0.6896551724137931,1.0,0.3793103448275862,0.55,0.3340087815099487,0.08020000000000001
0.5,0.29,0.5068493150684932,0.6896551724137931,1.0,0.3793103448275862,0.55,0.3340087815099487,0.08410000000000001
0.51,0.3,0.5068493150684932,0.6896551724137931,1.0,0.3793103448275862,0.55,0.3340087815099487,0.08410000000000001
0.51,0.29,0.5068493150684932,0.6896551724137931,1.0,0.3793103448275862,0.55,0.3340087815099487,0.08820000000000001
0.52,0.3,0.5068493150684932,0.6896551724137931,1.0,0.3793103448275862,0.55,0.3340087815099487,0.08840000000000002
0.52,0.29,0.5068493150684932,0.6896551724137931,1.0,0.3793103448275862,0.55,0.3340087815099487,0.09250000000000003
0.53,0.3,0.5068493150684932,0.6896551724137931,1.0,0.3793103448275862,0.55,0.3340087815099487,0.09290000000000002
0.53,0.29,0.5068493150684932,0.6896551724137931,1.0,0.3793103448275862,0.55,0.3340087815099487,0.09700000000000003
0.54,0.28,0.5068493150684932,0.6896551724137931,1.0,0.3793103448275862,0.55,0.3340087815099487,0.10600000000000001
0.54,0.27,0.5068493150684932,0.6896551724137931,1.0,0.3793103448275862,0.55,0.3340087815099487,0.11050000000000001
0.55,0.28,0.5068493150684932,0.6896551724137931,1.0,0.3793103448275862,0.55,0.3340087815099487,0.11090000000000003
0.54,0.26,0.5068493150684932,0.6896551724137931,1.0,0.3793103448275862,0.55,0.3340087815099487,0.11520000000000002
0.55,0.27,0.5068493150684932,0.6896551724137931,1.0,0.3793103448275862,0.55,0.3340087815099487,0.11540000000000002
0.55,0.26,0.5068493150684932,0.6896551724137931,1.0,0.3793103448275862,0.55,0.3340087815099487,0.12010000000000003
0.54,0.25,0.5159817351598174,0.6871647509578545,0.9857142857142858,0.39655172413793105,0.5655737704918032,0.32433422774383247,0.12010000000000001
0.55,0.25,0.5159817351598174,0.6871647509578545,0.9857142857142858,0.39655172413793105,0.5655737704918032,0.32433422774383247,0.12500000000000003
0.3,0.55,0.502283105022831,0.6867816091954023,1.0,0.3735632183908046,0.5439330543933054,0.33039080389141334,0.0025000000000000044
0.31,0.55,0.502283105022831,0.6867816091954023,1.0,0.3735632183908046,0.5439330543933054,0.33039080389141334,0.0026000000000000047
0.36,0.43,0.502283105022831,0.6867816091954023,1.0,0.3735632183908046,0.5439330543933054,0.33039080389141334,0.0085
0.37,0.39,0.502283105022831,0.6867816091954023,1.0,0.3735632183908046,0.5439330543933054,0.33039080389141334,0.016999999999999998
0.37,0.38,0.502283105022831,0.6867816091954023,1.0,0.3735632183908046,0.5439330543933054,0.33039080389141334,0.0193
0.37,0.37,0.502283105022831,0.6867816091954023,1.0,0.3735632183908046,0.5439330543933054,0.33039080389141334,0.021800000000000003
0.37,0.36,0.502283105022831,0.6867816091954023,1.0,0.3735632183908046,0.5439330543933054,0.33039080389141334,0.024500000000000004
0.37,0.35,0.502283105022831,0.6867816091954023,1.0,0.3735632183908046,0.5439330543933054,0.33039080389141334,0.027400000000000008
0.37,0.34,0.502283105022831,0.6867816091954023,1.0,0.3735632183908046,0.5439330543933054,0.33039080389141334,0.030499999999999992
0.37,0.33,0.502283105022831,0.6867816091954023,1.0,0.3735632183908046,0.5439330543933054,0.33039080389141334,0.0338
0.37,0.32,0.502283105022831,0.6867816091954023,1.0,0.3735632183908046,0.5439330543933054,0.33039080389141334,0.0373
0.37,0.31,0.502283105022831,0.6867816091954023,1.0,0.3735632183908046,0.5439330543933054,0.33039080389141334,0.041
0.54,0.3,0.502283105022831,0.6867816091954023,1.0,0.3735632183908046,0.5439330543933054,0.33039080389141334,0.09760000000000002
0.54,0.29,0.502283105022831,0.6867816091954023,1.0,0.3735632183908046,0.5439330543933054,0.33039080389141334,0.10170000000000003
0.55,0.3,0.502283105022831,0.6867816091954023,1.0,0.3735632183908046,0.5439330543933054,0.33039080389141334,0.10250000000000004
0.55,0.29,0.502283105022831,0.6867816091954023,1.0,0.3735632183908046,0.5439330543933054,0.33039080389141334,0.10660000000000003
0.32,0.51,0.4977168949771689,0.6839080459770115,1.0,0.367816091954023,0.5378151260504201,0.3267802273989507,0.0005000000000000009
0.37,0.4,0.4977168949771689,0.6839080459770115,1.0,0.367816091954023,0.5378151260504201,0.3267802273989507,0.014899999999999997
0.38,0.39,0.4977168949771689,0.6839080459770115,1.0,0.367816091954023,0.5378151260504201,0.3267802273989507,0.018500000000000003
0.39,0.39,0.4977168949771689,0.6839080459770115,1.0,0.367816091954023,0.5378151260504201,0.3267802273989507,0.020200000000000003
0.38,0.38,0.4977168949771689,0.6839080459770115,1.0,0.367816091954023,0.5378151260504201,0.3267802273989507,0.020800000000000003
0.4,0.39,0.4977168949771689,0.6839080459770115,1.0,0.367816091954023,0.5378151260504201,0.3267802273989507,0.022100000000000005
0.39,0.38,0.4977168949771689,0.6839080459770115,1.0,0.367816091954023,0.5378151260504201,0.3267802273989507,0.022500000000000006
0.38,0.37,0.4977168949771689,0.6839080459770115,1.0,0.367816091954023,0.5378151260504201,0.3267802273989507,0.023300000000000005
0.41,0.39,0.4977168949771689,0.6839080459770115,1.0,0.367816091954023,0.5378151260504201,0.3267802273989507,0.024199999999999996
0.4,0.38,0.4977168949771689,0.6839080459770115,1.0,0.367816091954023,0.5378151260504201,0.3267802273989507,0.024400000000000005
0.39,0.37,0.4977168949771689,0.6839080459770115,1.0,0.367816091954023,0.5378151260504201,0.3267802273989507,0.02500000000000001
0.38,0.36,0.4977168949771689,0.6839080459770115,1.0,0.367816091954023,0.5378151260504201,0.3267802273989507,0.026000000000000006
0.41,0.38,0.4977168949771689,0.6839080459770115,1.0,0.367816091954023,0.5378151260504201,0.3267802273989507,0.026499999999999996
0.42,0.39,0.4977168949771689,0.6839080459770115,1.0,0.367816091954023,0.5378151260504201,0.3267802273989507,0.026499999999999996
0.4,0.37,0.4977168949771689,0.6839080459770115,1.0,0.367816091954023,0.5378151260504201,0.3267802273989507,0.026900000000000007
0.39,0.36,0.4977168949771689,0.6839080459770115,1.0,0.367816091954023,0.5378151260504201,0.3267802273989507,0.02770000000000001
0.42,0.38,0.4977168949771689,0.6839080459770115,1.0,0.367816091954023,0.5378151260504201,0.3267802273989507,0.0288
0.38,0.35,0.4977168949771689,0.6839080459770115,1.0,0.367816091954023,0.5378151260504201,0.3267802273989507,0.02890000000000001
0.41,0.37,0.4977168949771689,0.6839080459770115,1.0,0.367816091954023,0.5378151260504201,0.3267802273989507,0.028999999999999998
0.43,0.39,0.4977168949771689,0.6839080459770115,1.0,0.367816091954023,0.5378151260504201,0.3267802273989507,0.028999999999999998
0.4,0.36,0.4977168949771689,0.6839080459770115,1.0,0.367816091954023,0.5378151260504201,0.3267802273989507,0.029600000000000008
0.39,0.35,0.4977168949771689,0.6839080459770115,1.0,0.367816091954023,0.5378151260504201,0.3267802273989507,0.03060000000000001
0.42,0.37,0.4977168949771689,0.6839080459770115,1.0,0.367816091954023,0.5378151260504201,0.3267802273989507,0.0313
0.43,0.38,0.4977168949771689,0.6839080459770115,1.0,0.367816091954023,0.5378151260504201,0.3267802273989507,0.0313
0.41,0.36,0.4977168949771689,0.6839080459770115,1.0,0.367816091954023,0.5378151260504201,0.3267802273989507,0.0317
0.44,0.39,0.4977168949771689,0.6839080459770115,1.0,0.367816091954023,0.5378151260504201,0.3267802273989507,0.0317
0.38,0.34,0.4977168949771689,0.6839080459770115,1.0,0.367816091954023,0.5378151260504201,0.3267802273989507,0.031999999999999994
0.4,0.35,0.4977168949771689,0.6839080459770115,1.0,0.367816091954023,0.5378151260504201,0.3267802273989507,0.032500000000000015
0.39,0.34,0.4977168949771689,0.6839080459770115,1.0,0.367816091954023,0.5378151260504201,0.3267802273989507,0.033699999999999994
0.43,0.37,0.4977168949771689,0.6839080459770115,1.0,0.367816091954023,0.5378151260504201,0.3267802273989507,0.033800000000000004
0.42,0.36,0.4977168949771689,0.6839080459770115,1.0,0.367816091954023,0.5378151260504201,0.3267802273989507,0.034
0.44,0.38,0.4977168949771689,0.6839080459770115,1.0,0.367816091954023,0.5378151260504201,0.3267802273989507,0.034
0.41,0.35,0.4977168949771689,0.6839080459770115,1.0,0.367816091954023,0.5378151260504201,0.3267802273989507,0.034600000000000006
0.45,0.39,0.4977168949771689,0.6839080459770115,1.0,0.367816091954023,0.5378151260504201,0.3267802273989507,0.034600000000000006
0.38,0.33,0.4977168949771689,0.6839080459770115,1.0,0.367816091954023,0.5378151260504201,0.3267802273989507,0.0353
0.4,0.34,0.4977168949771689,0.6839080459770115,1.0,0.367816091954023,0.5378151260504201,0.3267802273989507,0.0356
0.43,0.36,0.4977168949771689,0.6839080459770115,1.0,0.367816091954023,0.5378151260504201,0.3267802273989507,0.036500000000000005
0.44,0.37,0.4977168949771689,0.6839080459770115,1.0,0.367816091954023,0.5378151260504201,0.3267802273989507,0.036500000000000005
0.42,0.35,0.4977168949771689,0.6839080459770115,1.0,0.367816091954023,0.5378151260504201,0.3267802273989507,0.0369
0.45,0.38,0.4977168949771689,0.6839080459770115,1.0,0.367816091954023,0.5378151260504201,0.3267802273989507,0.0369
0.39,0.33,0.4977168949771689,0.6839080459770115,1.0,0.367816091954023,0.5378151260504201,0.3267802273989507,0.037
0.41,0.34,0.4977168949771689,0.6839080459770115,1.0,0.367816091954023,0.5378151260504201,0.3267802273989507,0.03769999999999999
0.46,0.39,0.4977168949771689,0.6839080459770115,1.0,0.367816091954023,0.5378151260504201,0.3267802273989507,0.03770000000000001
0.38,0.32,0.4977168949771689,0.6839080459770115,1.0,0.367816091954023,0.5378151260504201,0.3267802273989507,0.0388
0.4,0.33,0.4977168949771689,0.6839080459770115,1.0,0.367816091954023,0.5378151260504201,0.3267802273989507,0.038900000000000004
0.44,0.36,0.4977168949771689,0.6839080459770115,1.0,0.367816091954023,0.5378151260504201,0.3267802273989507,0.039200000000000006
0.43,0.35,0.4977168949771689,0.6839080459770115,1.0,0.367816091954023,0.5378151260504201,0.3267802273989507,0.039400000000000004
0.45,0.37,0.4977168949771689,0.6839080459770115,1.0,0.367816091954023,0.5378151260504201,0.3267802273989507,0.039400000000000004
0.42,0.34,0.4977168949771689,0.6839080459770115,1.0,0.367816091954023,0.5378151260504201,0.3267802273989507,0.039999999999999994
0.46,0.38,0.4977168949771689,0.6839080459770115,1.0,0.367816091954023,0.5378151260504201,0.3267802273989507,0.04000000000000001
0.39,0.32,0.4977168949771689,0.6839080459770115,1.0,0.367816091954023,0.5378151260504201,0.3267802273989507,0.0405
0.41,0.33,0.4977168949771689,0.6839080459770115,1.0,0.367816091954023,0.5378151260504201,0.3267802273989507,0.040999999999999995
0.47,0.39,0.4977168949771689,0.6839080459770115,1.0,0.367816091954023,0.5378151260504201,0.3267802273989507,0.040999999999999995
0.44,0.35,0.4977168949771689,0.6839080459770115,1.0,0.367816091954023,0.5378151260504201,0.3267802273989507,0.04210000000000001
0.45,0.36,0.4977168949771689,0.6839080459770115,1.0,0.367816091954023,0.5378151260504201,0.3267802273989507,0.04210000000000001
0.4,0.32,0.4977168949771689,0.6839080459770115,1.0,0.367816091954023,0.5378151260504201,0.3267802273989507,0.04240000000000001
0.43,0.34,0.4977168949771689,0.6839080459770115,1.0,0.367816091954023,0.5378151260504201,0.3267802273989507,0.042499999999999996
0.38,0.31,0.4977168949771689,0.6839080459770115,1.0,0.367816091954023,0.5378151260504201,0.3267802273989507,0.0425
0.46,0.37,0.4977168949771689,0.6839080459770115,1.0,0.367816091954023,0.5378151260504201,0.3267802273989507,0.04250000000000001
0.42,0.33,0.4977168949771689,0.6839080459770115,1.0,0.367816091954023,0.5378151260504201,0.3267802273989507,0.04329999999999999
0.47,0.38,0.4977168949771689,0.6839080459770115,1.0,0.367816091954023,0.5378151260504201,0.3267802273989507,0.04329999999999999
0.39,0.31,0.4977168949771689,0.6839080459770115,1.0,0.367816091954023,0.5378151260504201,0.3267802273989507,0.0442
0.41,0.32,0.4977168949771689,0.6839080459770115,1.0,0.367816091954023,0.5378151260504201,0.3267802273989507,0.0445
0.48,0.39,0.4977168949771689,0.6839080459770115,1.0,0.367816091954023,0.5378151260504201,0.3267802273989507,0.0445
0.45,0.35,0.4977168949771689,0.6839080459770115,1.0,0.367816091954023,0.5378151260504201,0.3267802273989507,0.04500000000000001
0.44,0.34,0.4977168949771689,0.6839080459770115,1.0,0.367816091954023,0.5378151260504201,0.3267802273989507,0.04519999999999999
0.46,0.36,0.4977168949771689,0.6839080459770115,1.0,0.367816091954023,0.5378151260504201,0.3267802273989507,0.04520000000000002
0.43,0.33,0.4977168949771689,0.6839080459770115,1.0,0.367816091954023,0.5378151260504201,0.3267802273989507,0.045799999999999993
0.47,0.37,0.4977168949771689,0.6839080459770115,1.0,0.367816091954023,0.5378151260504201,0.3267802273989507,0.045799999999999993
0.4,0.31,0.4977168949771689,0.6839080459770115,1.0,0.367816091954023,0.5378151260504201,0.3267802273989507,0.04610000000000001
0.42,0.32,0.4977168949771689,0.6839080459770115,1.0,0.367816091954023,0.5378151260504201,0.3267802273989507,0.046799999999999994
0.48,0.38,0.4977168949771689,0.6839080459770115,1.0,0.367816091954023,0.5378151260504201,0.3267802273989507,0.046799999999999994
0.45,0.34,0.4977168949771689,0.6839080459770115,1.0,0.367816091954023,0.5378151260504201,0.3267802273989507,0.0481
0.46,0.35,0.4977168949771689,0.6839080459770115,1.0,0.367816091954023,0.5378151260504201,0.3267802273989507,0.04810000000000002
0.41,0.31,0.4977168949771689,0.6839080459770115,1.0,0.367816091954023,0.5378151260504201,0.3267802273989507,0.0482
0.49,0.39,0.4977168949771689,0.6839080459770115,1.0,0.367816091954023,0.5378151260504201,0.3267802273989507,0.0482
0.44,0.33,0.4977168949771689,0.6839080459770115,1.0,0.367816091954023,0.5378151260504201,0.3267802273989507,0.0485
0.47,0.36,0.4977168949771689,0.6839080459770115,1.0,0.367816091954023,0.5378151260504201,0.3267802273989507,0.0485
0.43,0.32,0.4977168949771689,0.6839080459770115,1.0,0.367816091954023,0.5378151260504201,0.3267802273989507,0.0493
0.48,0.37,0.4977168949771689,0.6839080459770115,1.0,0.367816091954023,0.5378151260504201,0.3267802273989507,0.0493
0.42,0.31,0.4977168949771689,0.6839080459770115,1.0,0.367816091954023,0.5378151260504201,0.3267802273989507,0.0505
0.49,0.38,0.4977168949771689,0.6839080459770115,1.0,0.367816091954023,0.5378151260504201,0.3267802273989507,0.0505
0.46,0.34,0.4977168949771689,0.6839080459770115,1.0,0.367816091954023,0.5378151260504201,0.3267802273989507,0.0512
0.45,0.33,0.4977168949771689,0.6839080459770115,1.0,0.367816091954023,0.5378151260504201,0.3267802273989507,0.0514
0.47,0.35,0.4977168949771689,0.6839080459770115,1.0,0.367816091954023,0.5378151260504201,0.3267802273989507,0.0514
0.44,0.32,0.4977168949771689,0.6839080459770115,1.0,0.367816091954023,0.5378151260504201,0.3267802273989507,0.052000000000000005
0.48,0.36,0.4977168949771689,0.6839080459770115,1.0,0.367816091954023,0.5378151260504201,0.3267802273989507,0.052000000000000005
0.5,0.39,0.4977168949771689,0.6839080459770115,1.0,0.367816091954023,0.5378151260504201,0.3267802273989507,0.05210000000000001
0.43,0.31,0.4977168949771689,0.6839080459770115,1.0,0.367816091954023,0.5378151260504201,0.3267802273989507,0.053000000000000005
0.49,0.37,0.4977168949771689,0.6839080459770115,1.0,0.367816091954023,0.5378151260504201,0.3267802273989507,0.053000000000000005
0.5,0.38,0.4977168949771689,0.6839080459770115,1.0,0.367816091954023,0.5378151260504201,0.3267802273989507,0.054400000000000004
0.47,0.34,0.4977168949771689,0.6839080459770115,1.0,0.367816091954023,0.5378151260504201,0.3267802273989507,0.054499999999999986
0.46,0.33,0.4977168949771689,0.6839080459770115,1.0,0.367816091954023,0.5378151260504201,0.3267802273989507,0.05450000000000001
0.45,0.32,0.4977168949771689,0.6839080459770115,1.0,0.367816091954023,0.5378151260504201,0.3267802273989507,0.054900000000000004
0.48,0.35,0.4977168949771689,0.6839080459770115,1.0,0.367816091954023,0.5378151260504201,0.3267802273989507,0.054900000000000004
0.44,0.31,0.4977168949771689,0.6839080459770115,1.0,0.367816091954023,0.5378151260504201,0.3267802273989507,0.0557
0.49,0.36,0.4977168949771689,0.6839080459770115,1.0,0.367816091954023,0.5378151260504201,0.3267802273989507,0.0557
0.51,0.39,0.4977168949771689,0.6839080459770115,1.0,0.367816091954023,0.5378151260504201,0.3267802273989507,0.05620000000000001
0.5,0.37,0.4977168949771689,0.6839080459770115,1.0,0.367816091954023,0.5378151260504201,0.3267802273989507,0.056900000000000006
0.47,0.33,0.4977168949771689,0.6839080459770115,1.0,0.367816091954023,0.5378151260504201,0.3267802273989507,0.05779999999999999
0.48,0.34,0.4977168949771689,0.6839080459770115,1.0,0.367816091954023,0.5378151260504201,0.3267802273989507,0.05799999999999999
0.46,0.32,0.4977168949771689,0.6839080459770115,1.0,0.367816091954023,0.5378151260504201,0.3267802273989507,0.05800000000000001
0.51,0.38,0.4977168949771689,0.6839080459770115,1.0,0.367816091954023,0.5378151260504201,0.3267802273989507,0.05850000000000001
0.45,0.31,0.4977168949771689,0.6839080459770115,1.0,0.367816091954023,0.5378151260504201,0.3267802273989507,0.058600000000000006
0.49,0.35,0.4977168949771689,0.6839080459770115,1.0,0.367816091954023,0.5378151260504201,0.3267802273989507,0.058600000000000006
0.5,0.36,0.4977168949771689,0.6839080459770115,1.0,0.367816091954023,0.5378151260504201,0.3267802273989507,0.059600000000000014
0.52,0.39,0.4977168949771689,0.6839080459770115,1.0,0.367816091954023,0.5378151260504201,0.3267802273989507,0.06050000000000001
0.51,0.37,0.4977168949771689,0.6839080459770115,1.0,0.367816091954023,0.5378151260504201,0.3267802273989507,0.06100000000000001
0.47,0.32,0.4977168949771689,0.6839080459770115,1.0,0.367816091954023,0.5378151260504201,0.3267802273989507,0.06129999999999999
0.48,0.33,0.4977168949771689,0.6839080459770115,1.0,0.367816091954023,0.5378151260504201,0.3267802273989507,0.06129999999999999
0.49,0.34,0.4977168949771689,0.6839080459770115,1.0,0.367816091954023,0.5378151260504201,0.3267802273989507,0.06169999999999999
0.46,0.31,0.4977168949771689,0.6839080459770115,1.0,0.367816091954023,0.5378151260504201,0.3267802273989507,0.06170000000000001
0.5,0.35,0.4977168949771689,0.6839080459770115,1.0,0.367816091954023,0.5378151260504201,0.3267802273989507,0.06250000000000001
0.52,0.38,0.4977168949771689,0.6839080459770115,1.0,0.367816091954023,0.5378151260504201,0.3267802273989507,0.06280000000000001
0.51,0.36,0.4977168949771689,0.6839080459770115,1.0,0.367816091954023,0.5378151260504201,0.3267802273989507,0.0637
0.48,0.32,0.4977168949771689,0.6839080459770115,1.0,0.367816091954023,0.5378151260504201,0.3267802273989507,0.0648
0.47,0.31,0.4977168949771689,0.6839080459770115,1.0,0.367816091954023,0.5378151260504201,0.3267802273989507,0.065
0.49,0.33,0.4977168949771689,0.6839080459770115,1.0,0.367816091954023,0.5378151260504201,0.3267802273989507,0.065
0.53,0.39,0.4977168949771689,0.6839080459770115,1.0,0.367816091954023,0.5378151260504201,0.3267802273989507,0.06500000000000002
0.52,0.37,0.4977168949771689,0.6839080459770115,1.0,0.367816091954023,0.5378151260504201,0.3267802273989507,0.06530000000000001
0.5,0.34,0.4977168949771689,0.6839080459770115,1.0,0.367816091954023,0.5378151260504201,0.3267802273989507,0.06559999999999999
0.51,0.35,0.4977168949771689,0.6839080459770115,1.0,0.367816091954023,0.5378151260504201,0.3267802273989507,0.06660000000000002
0.53,0.38,0.4977168949771689,0.6839080459770115,1.0,0.367816091954023,0.5378151260504201,0.3267802273989507,0.06730000000000001
0.52,0.36,0.4977168949771689,0.6839080459770115,1.0,0.367816091954023,0.5378151260504201,0.3267802273989507,0.06800000000000002
0.48,0.31,0.4977168949771689,0.6839080459770115,1.0,0.367816091954023,0.5378151260504201,0.3267802273989507,0.0685
0.49,0.32,0.4977168949771689,0.6839080459770115,1.0,0.367816091954023,0.5378151260504201,0.3267802273989507,0.0685
0.5,0.33,0.4977168949771689,0.6839080459770115,1.0,0.367816091954023,0.5378151260504201,0.3267802273989507,0.0689
0.51,0.34,0.4977168949771689,0.6839080459770115,1.0,0.367816091954023,0.5378151260504201,0.3267802273989507,0.0697
0.53,0.37,0.4977168949771689,0.6839080459770115,1.0,0.367816091954023,0.5378151260504201,0.3267802273989507,0.06980000000000001
0.52,0.35,0.4977168949771689,0.6839080459770115,1.0,0.367816091954023,0.5378151260504201,0.3267802273989507,0.07090000000000002
0.49,0.31,0.4977168949771689,0.6839080459770115,1.0,0.367816091954023,0.5378151260504201,0.3267802273989507,0.0722
0.5,0.32,0.4977168949771689,0.6839080459770115,1.0,0.367816091954023,0.5378151260504201,0.3267802273989507,0.0724
0.53,0.36,0.4977168949771689,0.6839080459770115,1.0,0.367816091954023,0.5378151260504201,0.3267802273989507,0.07250000000000002
0.51,0.33,0.4977168949771689,0.6839080459770115,1.0,0.367816091954023,0.5378151260504201,0.3267802273989507,0.07300000000000001
0.52,0.34,0.4977168949771689,0.6839080459770115,1.0,0.367816091954023,0.5378151260504201,0.3267802273989507,0.07400000000000001
0.53,0.35,0.4977168949771689,0.6839080459770115,1.0,0.367816091954023,0.5378151260504201,0.3267802273989507,0.07540000000000002
0.5,0.31,0.4977168949771689,0.6839080459770115,1.0,0.367816091954023,0.5378151260504201,0.3267802273989507,0.0761
0.51,0.32,0.4977168949771689,0.6839080459770115,1.0,0.367816091954023,0.5378151260504201,0.3267802273989507,0.07650000000000001
0.52,0.33,0.4977168949771689,0.6839080459770115,1.0,0.367816091954023,0.5378151260504201,0.3267802273989507,0.07730000000000001
0.53,0.34,0.4977168949771689,0.6839080459770115,1.0,0.367816091954023,0.5378151260504201,0.3267802273989507,0.07850000000000001
0.51,0.31,0.4977168949771689,0.6839080459770115,1.0,0.367816091954023,0.5378151260504201,0.3267802273989507,0.08020000000000001
0.52,0.32,0.4977168949771689,0.6839080459770115,1.0,0.367816091954023,0.5378151260504201,0.3267802273989507,0.08080000000000001
0.53,0.33,0.4977168949771689,0.6839080459770115,1.0,0.367816091954023,0.5378151260504201,0.3267802273989507,0.08180000000000001
0.52,0.31,0.4977168949771689,0.6839080459770115,1.0,0.367816091954023,0.5378151260504201,0.3267802273989507,0.08450000000000002
0.53,0.32,0.4977168949771689,0.6839080459770115,1.0,0.367816091954023,0.5378151260504201,0.3267802273989507,0.08530000000000001
0.53,0.31,0.4977168949771689,0.6839080459770115,1.0,0.367816091954023,0.5378151260504201,0.3267802273989507,0.08900000000000002
0.56,0.24,0.5068493150684932,0.6814176245210728,0.9852941176470589,0.3850574712643678,0.5537190082644629,0.3168454119117803,0.13520000000000004
0.57,0.24,0.5068493150684932,0.6814176245210728,0.9852941176470589,0.3850574712643678,0.5537190082644629,0.3168454119117803,0.14049999999999999
0.56,0.23,0.5068493150684932,0.6814176245210728,0.9852941176470589,0.3850574712643678,0.5537190082644629,0.3168454119117803,0.14050000000000004
0.57,0.23,0.5068493150684932,0.6814176245210728,0.9852941176470589,0.3850574712643678,0.5537190082644629,0.3168454119117803,0.14579999999999999
0.56,0.22,0.5068493150684932,0.6814176245210728,0.9852941176470589,0.3850574712643678,0.5537190082644629,0.3168454119117803,0.14600000000000005
0.57,0.22,0.5068493150684932,0.6814176245210728,0.9852941176470589,0.3850574712643678,0.5537190082644629,0.3168454119117803,0.1513
0.56,0.21,0.5068493150684932,0.6814176245210728,0.9852941176470589,0.3850574712643678,0.5537190082644629,0.3168454119117803,0.15170000000000006
0.57,0.21,0.5068493150684932,0.6814176245210728,0.9852941176470589,0.3850574712643678,0.5537190082644629,0.3168454119117803,0.157
0.56,0.2,0.5068493150684932,0.6814176245210728,0.9852941176470589,0.3850574712643678,0.5537190082644629,0.3168454119117803,0.15760000000000002
0.57,0.2,0.5068493150684932,0.6814176245210728,0.9852941176470589,0.3850574712643678,0.5537190082644629,0.3168454119117803,0.1629
0.56,0.19,0.5068493150684932,0.6814176245210728,0.9852941176470589,0.3850574712643678,0.5537190082644629,0.3168454119117803,0.16370000000000004
0.57,0.19,0.5068493150684932,0.6814176245210728,0.9852941176470589,0.3850574712643678,0.5537190082644629,0.3168454119117803,0.16899999999999998
0.56,0.18,0.5068493150684932,0.6814176245210728,0.9852941176470589,0.3850574712643678,0.5537190082644629,0.3168454119117803,0.17000000000000004
0.57,0.18,0.5068493150684932,0.6814176245210728,0.9852941176470589,0.3850574712643678,0.5537190082644629,0.3168454119117803,0.17529999999999998
0.56,0.17,0.5068493150684932,0.6814176245210728,0.9852941176470589,0.3850574712643678,0.5537190082644629,0.3168454119117803,0.1765
0.57,0.17,0.5068493150684932,0.6814176245210728,0.9852941176470589,0.3850574712643678,0.5537190082644629,0.3168454119117803,0.18179999999999996
0.56,0.16,0.5068493150684932,0.6814176245210728,0.9852941176470589,0.3850574712643678,0.5537190082644629,0.3168454119117803,0.18320000000000003
0.57,0.16,0.5068493150684932,0.6814176245210728,0.9852941176470589,0.3850574712643678,0.5537190082644629,0.3168454119117803,0.18849999999999995
0.56,0.15,0.5068493150684932,0.6814176245210728,0.9852941176470589,0.3850574712643678,0.5537190082644629,0.3168454119117803,0.19010000000000002
0.57,0.15,0.5068493150684932,0.6814176245210728,0.9852941176470589,0.3850574712643678,0.5537190082644629,0.3168454119117803,0.19539999999999996
0.56,0.14,0.5068493150684932,0.6814176245210728,0.9852941176470589,0.3850574712643678,0.5537190082644629,0.3168454119117803,0.19720000000000004
0.57,0.14,0.5068493150684932,0.6814176245210728,0.9852941176470589,0.3850574712643678,0.5537190082644629,0.3168454119117803,0.20249999999999996
0.56,0.13,0.5068493150684932,0.6814176245210728,0.9852941176470589,0.3850574712643678,0.5537190082644629,0.3168454119117803,0.20450000000000002
0.57,0.13,0.5068493150684932,0.6814176245210728,0.9852941176470589,0.3850574712643678,0.5537190082644629,0.3168454119117803,0.2098
0.56,0.12,0.5068493150684932,0.6814176245210728,0.9852941176470589,0.3850574712643678,0.5537190082644629,0.3168454119117803,0.21200000000000002
0.57,0.12,0.5068493150684932,0.6814176245210728,0.9852941176470589,0.3850574712643678,0.5537190082644629,0.3168454119117803,0.2173
0.56,0.11,0.5068493150684932,0.6814176245210728,0.9852941176470589,0.3850574712643678,0.5537190082644629,0.3168454119117803,0.21970000000000006
0.57,0.11,0.5068493150684932,0.6814176245210728,0.9852941176470589,0.3850574712643678,0.5537190082644629,0.3168454119117803,0.22499999999999998
0.56,0.1,0.5068493150684932,0.6814176245210728,0.9852941176470589,0.3850574712643678,0.5537190082644629,0.3168454119117803,0.22760000000000008
0.57,0.1,0.5068493150684932,0.6814176245210728,0.9852941176470589,0.3850574712643678,0.5537190082644629,0.3168454119117803,0.2329
0.56,0.09,0.5068493150684932,0.6814176245210728,0.9852941176470589,0.3850574712643678,0.5537190082644629,0.3168454119117803,0.23570000000000008
0.57,0.09,0.5068493150684932,0.6814176245210728,0.9852941176470589,0.3850574712643678,0.5537190082644629,0.3168454119117803,0.241
0.56,0.08,0.5068493150684932,0.6814176245210728,0.9852941176470589,0.3850574712643678,0.5537190082644629,0.3168454119117803,0.244
0.57,0.08,0.5068493150684932,0.6814176245210728,0.9852941176470589,0.3850574712643678,0.5537190082644629,0.3168454119117803,0.24929999999999997
0.56,0.07,0.5068493150684932,0.6814176245210728,0.9852941176470589,0.3850574712643678,0.5537190082644629,0.3168454119117803,0.2525
0.57,0.07,0.5068493150684932,0.6814176245210728,0.9852941176470589,0.3850574712643678,0.5537190082644629,0.3168454119117803,0.2578
0.56,0.06,0.5068493150684932,0.6814176245210728,0.9852941176470589,0.3850574712643678,0.5537190082644629,0.3168454119117803,0.26120000000000004
0.57,0.06,0.5068493150684932,0.6814176245210728,0.9852941176470589,0.3850574712643678,0.5537190082644629,0.3168454119117803,0.26649999999999996
0.56,0.05,0.5068493150684932,0.6814176245210728,0.9852941176470589,0.3850574712643678,0.5537190082644629,0.3168454119117803,0.27010000000000006
0.57,0.05,0.5068493150684932,0.6814176245210728,0.9852941176470589,0.3850574712643678,0.5537190082644629,0.3168454119117803,0.2754
0.56,0.04,0.5068493150684932,0.6814176245210728,0.9852941176470589,0.3850574712643678,0.5537190082644629,0.3168454119117803,0.27920000000000006
0.57,0.04,0.5068493150684932,0.6814176245210728,0.9852941176470589,0.3850574712643678,0.5537190082644629,0.3168454119117803,0.2845
0.56,0.03,0.5068493150684932,0.6814176245210728,0.9852941176470589,0.3850574712643678,0.5537190082644629,0.3168454119117803,0.28850000000000003
0.57,0.03,0.5068493150684932,0.6814176245210728,0.9852941176470589,0.3850574712643678,0.5537190082644629,0.3168454119117803,0.29379999999999995
0.56,0.02,0.5068493150684932,0.6814176245210728,0.9852941176470589,0.3850574712643678,0.5537190082644629,0.3168454119117803,0.29800000000000004
0.57,0.02,0.5068493150684932,0.6814176245210728,0.9852941176470589,0.3850574712643678,0.5537190082644629,0.3168454119117803,0.30329999999999996
0.56,0.01,0.5068493150684932,0.6814176245210728,0.9852941176470589,0.3850574712643678,0.5537190082644629,0.3168454119117803,0.30770000000000003
0.57,0.01,0.5068493150684932,0.6814176245210728,0.9852941176470589,0.3850574712643678,0.5537190082644629,0.3168454119117803,0.31299999999999994
0.56,0.0,0.5068493150684932,0.6814176245210728,0.9852941176470589,0.3850574712643678,0.5537190082644629,0.3168454119117803,0.31760000000000005
0.57,0.0,0.5068493150684932,0.6814176245210728,0.9852941176470589,0.3850574712643678,0.5537190082644629,0.3168454119117803,0.32289999999999996
0.32,0.52,0.4931506849315068,0.6810344827586207,1.0,0.3620689655172414,0.5316455696202531,0.3231763772652345,0.0008000000000000014
0.32,0.53,0.4931506849315068,0.6810344827586207,1.0,0.3620689655172414,0.5316455696202531,0.3231763772652345,0.0013000000000000023
0.34,0.46,0.4931506849315068,0.6810344827586207,1.0,0.3620689655172414,0.5316455696202531,0.3231763772652345,0.0032000000000000015
0.34,0.45,0.4931506849315068,0.6810344827586207,1.0,0.3620689655172414,0.5316455696202531,0.3231763772652345,0.004100000000000001
0.34,0.44,0.4931506849315068,0.6810344827586207,1.0,0.3620689655172414,0.5316455696202531,0.3231763772652345,0.005200000000000003
0.38,0.4,0.4931506849315068,0.6810344827586207,1.0,0.3620689655172414,0.5316455696202531,0.3231763772652345,0.016399999999999998
0.39,0.4,0.4931506849315068,0.6810344827586207,1.0,0.3620689655172414,0.5316455696202531,0.3231763772652345,0.018099999999999998
0.4,0.4,0.4931506849315068,0.6810344827586207,1.0,0.3620689655172414,0.5316455696202531,0.3231763772652345,0.020000000000000004
0.41,0.4,0.4931506849315068,0.6810344827586207,1.0,0.3620689655172414,0.5316455696202531,0.3231763772652345,0.022099999999999995
0.42,0.4,0.4931506849315068,0.6810344827586207,1.0,0.3620689655172414,0.5316455696202531,0.3231763772652345,0.024399999999999995
0.43,0.4,0.4931506849315068,0.6810344827586207,1.0,0.3620689655172414,0.5316455696202531,0.3231763772652345,0.026899999999999997
0.44,0.4,0.4931506849315068,0.6810344827586207,1.0,0.3620689655172414,0.5316455696202531,0.3231763772652345,0.029599999999999998
0.45,0.4,0.4931506849315068,0.6810344827586207,1.0,0.3620689655172414,0.5316455696202531,0.3231763772652345,0.0325
0.46,0.4,0.4931506849315068,0.6810344827586207,1.0,0.3620689655172414,0.5316455696202531,0.3231763772652345,0.03560000000000001
0.47,0.4,0.4931506849315068,0.6810344827586207,1.0,0.3620689655172414,0.5316455696202531,0.3231763772652345,0.03889999999999999
0.48,0.4,0.4931506849315068,0.6810344827586207,1.0,0.3620689655172414,0.5316455696202531,0.3231763772652345,0.04239999999999999
0.49,0.4,0.4931506849315068,0.6810344827586207,1.0,0.3620689655172414,0.5316455696202531,0.3231763772652345,0.046099999999999995
0.5,0.4,0.4931506849315068,0.6810344827586207,1.0,0.3620689655172414,0.5316455696202531,0.3231763772652345,0.05
0.51,0.4,0.4931506849315068,0.6810344827586207,1.0,0.3620689655172414,0.5316455696202531,0.3231763772652345,0.0541
0.52,0.4,0.4931506849315068,0.6810344827586207,1.0,0.3620689655172414,0.5316455696202531,0.3231763772652345,0.05840000000000001
0.53,0.4,0.4931506849315068,0.6810344827586207,1.0,0.3620689655172414,0.5316455696202531,0.3231763772652345,0.06290000000000001
0.54,0.39,0.4931506849315068,0.6810344827586207,1.0,0.3620689655172414,0.5316455696202531,0.3231763772652345,0.06970000000000001
0.54,0.38,0.4931506849315068,0.6810344827586207,1.0,0.3620689655172414,0.5316455696202531,0.3231763772652345,0.07200000000000002
0.54,0.37,0.4931506849315068,0.6810344827586207,1.0,0.3620689655172414,0.5316455696202531,0.3231763772652345,0.07450000000000002
0.55,0.39,0.4931506849315068,0.6810344827586207,1.0,0.3620689655172414,0.5316455696202531,0.3231763772652345,0.07460000000000003
0.55,0.38,0.4931506849315068,0.6810344827586207,1.0,0.3620689655172414,0.5316455696202531,0.3231763772652345,0.07690000000000002
0.54,0.36,0.4931506849315068,0.6810344827586207,1.0,0.3620689655172414,0.5316455696202531,0.3231763772652345,0.07720000000000002
0.55,0.37,0.4931506849315068,0.6810344827586207,1.0,0.3620689655172414,0.5316455696202531,0.3231763772652345,0.07940000000000003
0.54,0.35,0.4931506849315068,0.6810344827586207,1.0,0.3620689655172414,0.5316455696202531,0.3231763772652345,0.08010000000000003
0.55,0.36,0.4931506849315068,0.6810344827586207,1.0,0.3620689655172414,0.5316455696202531,0.3231763772652345,0.08210000000000003
0.54,0.34,0.4931506849315068,0.6810344827586207,1.0,0.3620689655172414,0.5316455696202531,0.3231763772652345,0.08320000000000001
0.55,0.35,0.4931506849315068,0.6810344827586207,1.0,0.3620689655172414,0.5316455696202531,0.3231763772652345,0.08500000000000003
0.54,0.33,0.4931506849315068,0.6810344827586207,1.0,0.3620689655172414,0.5316455696202531,0.3231763772652345,0.08650000000000002
0.55,0.34,0.4931506849315068,0.6810344827586207,1.0,0.3620689655172414,0.5316455696202531,0.3231763772652345,0.08810000000000001
0.54,0.32,0.4931506849315068,0.6810344827586207,1.0,0.3620689655172414,0.5316455696202531,0.3231763772652345,0.09000000000000002
0.55,0.33,0.4931506849315068,0.6810344827586207,1.0,0.3620689655172414,0.5316455696202531,0.3231763772652345,0.09140000000000002
0.54,0.31,0.4931506849315068,0.6810344827586207,1.0,0.3620689655172414,0.5316455696202531,0.3231763772652345,0.09370000000000002
0.55,0.32,0.4931506849315068,0.6810344827586207,1.0,0.3620689655172414,0.5316455696202531,0.3231763772652345,0.09490000000000003
0.55,0.31,0.4931506849315068,0.6810344827586207,1.0,0.3620689655172414,0.5316455696202531,0.3231763772652345,0.09860000000000002
0.58,0.24,0.502283105022831,0.678544061302682,0.9850746268656716,0.3793103448275862,0.5477178423236515,0.3131101099719921,0.146
0.58,0.23,0.502283105022831,0.678544061302682,0.9850746268656716,0.3793103448275862,0.5477178423236515,0.3131101099719921,0.1513
0.58,0.22,0.502283105022831,0.678544061302682,0.9850746268656716,0.3793103448275862,0.5477178423236515,0.3131101099719921,0.1568
0.58,0.21,0.502283105022831,0.678544061302682,0.9850746268656716,0.3793103448275862,0.5477178423236515,0.3131101099719921,0.1625
0.58,0.2,0.502283105022831,0.678544061302682,0.9850746268656716,0.3793103448275862,0.5477178423236515,0.3131101099719921,0.1684
0.58,0.19,0.502283105022831,0.678544061302682,0.9850746268656716,0.3793103448275862,0.5477178423236515,0.3131101099719921,0.1745
0.58,0.18,0.502283105022831,0.678544061302682,0.9850746268656716,0.3793103448275862,0.5477178423236515,0.3131101099719921,0.1808
0.58,0.17,0.502283105022831,0.678544061302682,0.9850746268656716,0.3793103448275862,0.5477178423236515,0.3131101099719921,0.18729999999999997
0.58,0.16,0.502283105022831,0.678544061302682,0.9850746268656716,0.3793103448275862,0.5477178423236515,0.3131101099719921,0.19399999999999995
0.58,0.15,0.502283105022831,0.678544061302682,0.9850746268656716,0.3793103448275862,0.5477178423236515,0.3131101099719921,0.20089999999999997
0.58,0.14,0.502283105022831,0.678544061302682,0.9850746268656716,0.3793103448275862,0.5477178423236515,0.3131101099719921,0.20799999999999996
0.58,0.13,0.502283105022831,0.678544061302682,0.9850746268656716,0.3793103448275862,0.5477178423236515,0.3131101099719921,0.2153
0.58,0.12,0.502283105022831,0.678544061302682,0.9850746268656716,0.3793103448275862,0.5477178423236515,0.3131101099719921,0.2228
0.58,0.11,0.502283105022831,0.678544061302682,0.9850746268656716,0.3793103448275862,0.5477178423236515,0.3131101099719921,0.23049999999999998
0.58,0.1,0.502283105022831,0.678544061302682,0.9850746268656716,0.3793103448275862,0.5477178423236515,0.3131101099719921,0.2384
0.58,0.09,0.502283105022831,0.678544061302682,0.9850746268656716,0.3793103448275862,0.5477178423236515,0.3131101099719921,0.2465
0.58,0.08,0.502283105022831,0.678544061302682,0.9850746268656716,0.3793103448275862,0.5477178423236515,0.3131101099719921,0.25479999999999997
0.58,0.07,0.502283105022831,0.678544061302682,0.9850746268656716,0.3793103448275862,0.5477178423236515,0.3131101099719921,0.2633
0.58,0.06,0.502283105022831,0.678544061302682,0.9850746268656716,0.3793103448275862,0.5477178423236515,0.3131101099719921,0.27199999999999996
0.58,0.05,0.502283105022831,0.678544061302682,0.9850746268656716,0.3793103448275862,0.5477178423236515,0.3131101099719921,0.2809
0.58,0.04,0.502283105022831,0.678544061302682,0.9850746268656716,0.3793103448275862,0.5477178423236515,0.3131101099719921,0.29
0.58,0.03,0.502283105022831,0.678544061302682,0.9850746268656716,0.3793103448275862,0.5477178423236515,0.3131101099719921,0.29929999999999995
0.58,0.02,0.502283105022831,0.678544061302682,0.9850746268656716,0.3793103448275862,0.5477178423236515,0.3131101099719921,0.30879999999999996
0.58,0.01,0.502283105022831,0.678544061302682,0.9850746268656716,0.3793103448275862,0.5477178423236515,0.3131101099719921,0.31849999999999995
0.58,0.0,0.502283105022831,0.678544061302682,0.9850746268656716,0.3793103448275862,0.5477178423236515,0.3131101099719921,0.32839999999999997
0.32,0.54,0.4885844748858447,0.6781609195402298,1.0,0.3563218390804598,0.5254237288135594,0.3195785716075235,0.0020000000000000035
0.34,0.47,0.4885844748858447,0.6781609195402298,1.0,0.3563218390804598,0.5254237288135594,0.3195785716075235,0.0025000000000000044
0.35,0.46,0.4885844748858447,0.6781609195402298,1.0,0.3563218390804598,0.5254237288135594,0.3195785716075235,0.004099999999999997
0.35,0.45,0.4885844748858447,0.6781609195402298,1.0,0.3563218390804598,0.5254237288135594,0.3195785716075235,0.0049999999999999975
0.35,0.44,0.4885844748858447,0.6781609195402298,1.0,0.3563218390804598,0.5254237288135594,0.3195785716075235,0.006099999999999999
0.2,0.56,0.4885844748858447,0.6781609195402298,1.0,0.3563218390804598,0.5254237288135594,0.3195785716075235,0.013600000000000001
0.19,0.56,0.4885844748858447,0.6781609195402298,1.0,0.3563218390804598,0.5254237288135594,0.3195785716075235,0.015700000000000006
0.18,0.56,0.4885844748858447,0.6781609195402298,1.0,0.3563218390804598,0.5254237288135594,0.3195785716075235,0.018000000000000006
0.17,0.56,0.4885844748858447,0.6781609195402298,1.0,0.3563218390804598,0.5254237288135594,0.3195785716075235,0.0205
0.16,0.56,0.4885844748858447,0.6781609195402298,1.0,0.3563218390804598,0.5254237288135594,0.3195785716075235,0.023200000000000002
0.15,0.56,0.4885844748858447,0.6781609195402298,1.0,0.3563218390804598,0.5254237288135594,0.3195785716075235,0.026100000000000005
0.14,0.56,0.4885844748858447,0.6781609195402298,1.0,0.3563218390804598,0.5254237288135594,0.3195785716075235,0.029199999999999997
0.13,0.56,0.4885844748858447,0.6781609195402298,1.0,0.3563218390804598,0.5254237288135594,0.3195785716075235,0.0325
0.12,0.56,0.4885844748858447,0.6781609195402298,1.0,0.3563218390804598,0.5254237288135594,0.3195785716075235,0.036000000000000004
0.11,0.56,0.4885844748858447,0.6781609195402298,1.0,0.3563218390804598,0.5254237288135594,0.3195785716075235,0.039700000000000006
0.1,0.56,0.4885844748858447,0.6781609195402298,1.0,0.3563218390804598,0.5254237288135594,0.3195785716075235,0.0436
0.09,0.56,0.4885844748858447,0.6781609195402298,1.0,0.3563218390804598,0.5254237288135594,0.3195785716075235,0.0477
0.08,0.56,0.4885844748858447,0.6781609195402298,1.0,0.3563218390804598,0.5254237288135594,0.3195785716075235,0.052
0.07,0.56,0.4885844748858447,0.6781609195402298,1.0,0.3563218390804598,0.5254237288135594,0.3195785716075235,0.056499999999999995
0.06,0.56,0.4885844748858447,0.6781609195402298,1.0,0.3563218390804598,0.5254237288135594,0.3195785716075235,0.061200000000000004
0.05,0.56,0.4885844748858447,0.6781609195402298,1.0,0.3563218390804598,0.5254237288135594,0.3195785716075235,0.0661
0.54,0.4,0.4885844748858447,0.6781609195402298,1.0,0.3563218390804598,0.5254237288135594,0.3195785716075235,0.06760000000000002
0.04,0.56,0.4885844748858447,0.6781609195402298,1.0,0.3563218390804598,0.5254237288135594,0.3195785716075235,0.07120000000000001
0.55,0.4,0.4885844748858447,0.6781609195402298,1.0,0.3563218390804598,0.5254237288135594,0.3195785716075235,0.07250000000000002
0.03,0.56,0.4885844748858447,0.6781609195402298,1.0,0.3563218390804598,0.5254237288135594,0.3195785716075235,0.07650000000000001
0.02,0.56,0.4885844748858447,0.6781609195402298,1.0,0.3563218390804598,0.5254237288135594,0.3195785716075235,0.08199999999999999
0.01,0.56,0.4885844748858447,0.6781609195402298,1.0,0.3563218390804598,0.5254237288135594,0.3195785716075235,0.0877
0.0,0.56,0.4885844748858447,0.6781609195402298,1.0,0.3563218390804598,0.5254237288135594,0.3195785716075235,0.0936
0.59,0.24,0.4977168949771689,0.6756704980842911,0.9848484848484849,0.3735632183908046,0.5416666666666666,0.3093798511561848,0.1517
0.59,0.23,0.4977168949771689,0.6756704980842911,0.9848484848484849,0.3735632183908046,0.5416666666666666,0.3093798511561848,0.157
0.59,0.22,0.4977168949771689,0.6756704980842911,0.9848484848484849,0.3735632183908046,0.5416666666666666,0.3093798511561848,0.1625
0.59,0.21,0.4977168949771689,0.6756704980842911,0.9848484848484849,0.3735632183908046,0.5416666666666666,0.3093798511561848,0.16820000000000002
0.59,0.2,0.4977168949771689,0.6756704980842911,0.9848484848484849,0.3735632183908046,0.5416666666666666,0.3093798511561848,0.17409999999999998
0.59,0.19,0.4977168949771689,0.6756704980842911,0.9848484848484849,0.3735632183908046,0.5416666666666666,0.3093798511561848,0.1802
0.59,0.18,0.4977168949771689,0.6756704980842911,0.9848484848484849,0.3735632183908046,0.5416666666666666,0.3093798511561848,0.1865
0.59,0.17,0.4977168949771689,0.6756704980842911,0.9848484848484849,0.3735632183908046,0.5416666666666666,0.3093798511561848,0.19299999999999995
0.59,0.16,0.4977168949771689,0.6756704980842911,0.9848484848484849,0.3735632183908046,0.5416666666666666,0.3093798511561848,0.1997
0.59,0.15,0.4977168949771689,0.6756704980842911,0.9848484848484849,0.3735632183908046,0.5416666666666666,0.3093798511561848,0.20659999999999998
0.59,0.14,0.4977168949771689,0.6756704980842911,0.9848484848484849,0.3735632183908046,0.5416666666666666,0.3093798511561848,0.2137
0.59,0.13,0.4977168949771689,0.6756704980842911,0.9848484848484849,0.3735632183908046,0.5416666666666666,0.3093798511561848,0.22099999999999997
0.59,0.12,0.4977168949771689,0.6756704980842911,0.9848484848484849,0.3735632183908046,0.5416666666666666,0.3093798511561848,0.22849999999999998
0.59,0.11,0.4977168949771689,0.6756704980842911,0.9848484848484849,0.3735632183908046,0.5416666666666666,0.3093798511561848,0.23620000000000002
0.59,0.1,0.4977168949771689,0.6756704980842911,0.9848484848484849,0.3735632183908046,0.5416666666666666,0.3093798511561848,0.24410000000000004
0.59,0.09,0.4977168949771689,0.6756704980842911,0.9848484848484849,0.3735632183908046,0.5416666666666666,0.3093798511561848,0.25220000000000004
0.59,0.08,0.4977168949771689,0.6756704980842911,0.9848484848484849,0.3735632183908046,0.5416666666666666,0.3093798511561848,0.26049999999999995
0.59,0.07,0.4977168949771689,0.6756704980842911,0.9848484848484849,0.3735632183908046,0.5416666666666666,0.3093798511561848,0.26899999999999996
0.59,0.06,0.4977168949771689,0.6756704980842911,0.9848484848484849,0.3735632183908046,0.5416666666666666,0.3093798511561848,0.2777
0.59,0.05,0.4977168949771689,0.6756704980842911,0.9848484848484849,0.3735632183908046,0.5416666666666666,0.3093798511561848,0.2866
0.59,0.04,0.4977168949771689,0.6756704980842911,0.9848484848484849,0.3735632183908046,0.5416666666666666,0.3093798511561848,0.2957
0.59,0.03,0.4977168949771689,0.6756704980842911,0.9848484848484849,0.3735632183908046,0.5416666666666666,0.3093798511561848,0.305
0.59,0.02,0.4977168949771689,0.6756704980842911,0.9848484848484849,0.3735632183908046,0.5416666666666666,0.3093798511561848,0.3145
0.59,0.01,0.4977168949771689,0.6756704980842911,0.9848484848484849,0.3735632183908046,0.5416666666666666,0.3093798511561848,0.3242
0.59,0.0,0.4977168949771689,0.6756704980842911,0.9848484848484849,0.3735632183908046,0.5416666666666666,0.3093798511561848,0.3341
0.35,0.47,0.4840182648401826,0.6752873563218391,1.0,0.3505747126436782,0.5191489361702127,0.3159861203986528,0.0034000000000000002
0.27,0.56,0.4840182648401826,0.6752873563218391,1.0,0.3505747126436782,0.5191489361702127,0.3159861203986528,0.004500000000000005
0.26,0.56,0.4840182648401826,0.6752873563218391,1.0,0.3505747126436782,0.5191489361702127,0.3159861203986528,0.005200000000000005
0.25,0.56,0.4840182648401826,0.6752873563218391,1.0,0.3505747126436782,0.5191489361702127,0.3159861203986528,0.006100000000000005
0.24,0.56,0.4840182648401826,0.6752873563218391,1.0,0.3505747126436782,0.5191489361702127,0.3159861203986528,0.007200000000000007
0.23,0.56,0.4840182648401826,0.6752873563218391,1.0,0.3505747126436782,0.5191489361702127,0.3159861203986528,0.008500000000000004
0.22,0.56,0.4840182648401826,0.6752873563218391,1.0,0.3505747126436782,0.5191489361702127,0.3159861203986528,0.010000000000000004
0.37,0.42,0.4840182648401826,0.6752873563218391,1.0,0.3505747126436782,0.5191489361702127,0.3159861203986528,0.011300000000000004
0.21,0.56,0.4840182648401826,0.6752873563218391,1.0,0.3505747126436782,0.5191489361702127,0.3159861203986528,0.011700000000000006
0.37,0.41,0.4840182648401826,0.6752873563218391,1.0,0.3505747126436782,0.5191489361702127,0.3159861203986528,0.013000000000000005
0.67,0.24,0.4840182648401826,0.6752873563218391,1.0,0.3505747126436782,0.5191489361702127,0.3159861203986528,0.20450000000000007
0.67,0.23,0.4840182648401826,0.6752873563218391,1.0,0.3505747126436782,0.5191489361702127,0.3159861203986528,0.20980000000000004
0.68,0.24,0.4840182648401826,0.6752873563218391,1.0,0.3505747126436782,0.5191489361702127,0.3159861203986528,0.21200000000000008
0.67,0.22,0.4840182648401826,0.6752873563218391,1.0,0.3505747126436782,0.5191489361702127,0.3159861203986528,0.21530000000000005
0.68,0.23,0.4840182648401826,0.6752873563218391,1.0,0.3505747126436782,0.5191489361702127,0.3159861203986528,0.21730000000000005
0.69,0.24,0.4840182648401826,0.6752873563218391,1.0,0.3505747126436782,0.5191489361702127,0.3159861203986528,0.21969999999999995
0.67,0.21,0.4840182648401826,0.6752873563218391,1.0,0.3505747126436782,0.5191489361702127,0.3159861203986528,0.22100000000000009
0.68,0.22,0.4840182648401826,0.6752873563218391,1.0,0.3505747126436782,0.5191489361702127,0.3159861203986528,0.22280000000000005
0.69,0.23,0.4840182648401826,0.6752873563218391,1.0,0.3505747126436782,0.5191489361702127,0.3159861203986528,0.22499999999999998
0.67,0.2,0.4840182648401826,0.6752873563218391,1.0,0.3505747126436782,0.5191489361702127,0.3159861203986528,0.22690000000000005
0.68,0.21,0.4840182648401826,0.6752873563218391,1.0,0.3505747126436782,0.5191489361702127,0.3159861203986528,0.2285000000000001
0.69,0.22,0.4840182648401826,0.6752873563218391,1.0,0.3505747126436782,0.5191489361702127,0.3159861203986528,0.23049999999999998
0.67,0.19,0.4840182648401826,0.6752873563218391,1.0,0.3505747126436782,0.5191489361702127,0.3159861203986528,0.23300000000000004
0.68,0.2,0.4840182648401826,0.6752873563218391,1.0,0.3505747126436782,0.5191489361702127,0.3159861203986528,0.23440000000000005
0.69,0.21,0.4840182648401826,0.6752873563218391,1.0,0.3505747126436782,0.5191489361702127,0.3159861203986528,0.23619999999999997
0.67,0.18,0.4840182648401826,0.6752873563218391,1.0,0.3505747126436782,0.5191489361702127,0.3159861203986528,0.23930000000000007
0.68,0.19,0.4840182648401826,0.6752873563218391,1.0,0.3505747126436782,0.5191489361702127,0.3159861203986528,0.24050000000000005
0.69,0.2,0.4840182648401826,0.6752873563218391,1.0,0.3505747126436782,0.5191489361702127,0.3159861203986528,0.24209999999999995
0.67,0.17,0.4840182648401826,0.6752873563218391,1.0,0.3505747126436782,0.5191489361702127,0.3159861203986528,0.24580000000000002
0.68,0.18,0.4840182648401826,0.6752873563218391,1.0,0.3505747126436782,0.5191489361702127,0.3159861203986528,0.24680000000000007
0.69,0.19,0.4840182648401826,0.6752873563218391,1.0,0.3505747126436782,0.5191489361702127,0.3159861203986528,0.24819999999999998
0.67,0.16,0.4840182648401826,0.6752873563218391,1.0,0.3505747126436782,0.5191489361702127,0.3159861203986528,0.25250000000000006
0.68,0.17,0.4840182648401826,0.6752873563218391,1.0,0.3505747126436782,0.5191489361702127,0.3159861203986528,0.2533
0.69,0.18,0.4840182648401826,0.6752873563218391,1.0,0.3505747126436782,0.5191489361702127,0.3159861203986528,0.25449999999999995
0.67,0.15,0.4840182648401826,0.6752873563218391,1.0,0.3505747126436782,0.5191489361702127,0.3159861203986528,0.2594
0.68,0.16,0.4840182648401826,0.6752873563218391,1.0,0.3505747126436782,0.5191489361702127,0.3159861203986528,0.26
0.69,0.17,0.4840182648401826,0.6752873563218391,1.0,0.3505747126436782,0.5191489361702127,0.3159861203986528,0.2609999999999999
0.67,0.14,0.4840182648401826,0.6752873563218391,1.0,0.3505747126436782,0.5191489361702127,0.3159861203986528,0.26650000000000007
0.68,0.15,0.4840182648401826,0.6752873563218391,1.0,0.3505747126436782,0.5191489361702127,0.3159861203986528,0.2669
0.69,0.16,0.4840182648401826,0.6752873563218391,1.0,0.3505747126436782,0.5191489361702127,0.3159861203986528,0.26769999999999994
0.67,0.13,0.4840182648401826,0.6752873563218391,1.0,0.3505747126436782,0.5191489361702127,0.3159861203986528,0.27380000000000004
0.68,0.14,0.4840182648401826,0.6752873563218391,1.0,0.3505747126436782,0.5191489361702127,0.3159861203986528,0.274
0.69,0.15,0.4840182648401826,0.6752873563218391,1.0,0.3505747126436782,0.5191489361702127,0.3159861203986528,0.27459999999999996
0.67,0.12,0.4840182648401826,0.6752873563218391,1.0,0.3505747126436782,0.5191489361702127,0.3159861203986528,0.28130000000000005
0.68,0.13,0.4840182648401826,0.6752873563218391,1.0,0.3505747126436782,0.5191489361702127,0.3159861203986528,0.28130000000000005
0.69,0.14,0.4840182648401826,0.6752873563218391,1.0,0.3505747126436782,0.5191489361702127,0.3159861203986528,0.28169999999999995
0.68,0.12,0.4840182648401826,0.6752873563218391,1.0,0.3505747126436782,0.5191489361702127,0.3159861203986528,0.28880000000000006
0.69,0.13,0.4840182648401826,0.6752873563218391,1.0,0.3505747126436782,0.5191489361702127,0.3159861203986528,0.2889999999999999
0.67,0.11,0.4840182648401826,0.6752873563218391,1.0,0.3505747126436782,0.5191489361702127,0.3159861203986528,0.28900000000000003
0.69,0.12,0.4840182648401826,0.6752873563218391,1.0,0.3505747126436782,0.5191489361702127,0.3159861203986528,0.2965
0.68,0.11,0.4840182648401826,0.6752873563218391,1.0,0.3505747126436782,0.5191489361702127,0.3159861203986528,0.2965000000000001
0.67,0.1,0.4840182648401826,0.6752873563218391,1.0,0.3505747126436782,0.5191489361702127,0.3159861203986528,0.29690000000000005
0.69,0.11,0.4840182648401826,0.6752873563218391,1.0,0.3505747126436782,0.5191489361702127,0.3159861203986528,0.30419999999999997
0.68,0.1,0.4840182648401826,0.6752873563218391,1.0,0.3505747126436782,0.5191489361702127,0.3159861203986528,0.3044000000000001
0.67,0.09,0.4840182648401826,0.6752873563218391,1.0,0.3505747126436782,0.5191489361702127,0.3159861203986528,0.30500000000000005
0.69,0.1,0.4840182648401826,0.6752873563218391,1.0,0.3505747126436782,0.5191489361702127,0.3159861203986528,0.3121
0.68,0.09,0.4840182648401826,0.6752873563218391,1.0,0.3505747126436782,0.5191489361702127,0.3159861203986528,0.3125000000000001
0.67,0.08,0.4840182648401826,0.6752873563218391,1.0,0.3505747126436782,0.5191489361702127,0.3159861203986528,0.3133
0.69,0.09,0.4840182648401826,0.6752873563218391,1.0,0.3505747126436782,0.5191489361702127,0.3159861203986528,0.3202
0.68,0.08,0.4840182648401826,0.6752873563218391,1.0,0.3505747126436782,0.5191489361702127,0.3159861203986528,0.32080000000000003
0.67,0.07,0.4840182648401826,0.6752873563218391,1.0,0.3505747126436782,0.5191489361702127,0.3159861203986528,0.32180000000000003
0.69,0.08,0.4840182648401826,0.6752873563218391,1.0,0.3505747126436782,0.5191489361702127,0.3159861203986528,0.3284999999999999
0.68,0.07,0.4840182648401826,0.6752873563218391,1.0,0.3505747126436782,0.5191489361702127,0.3159861203986528,0.32930000000000004
0.67,0.06,0.4840182648401826,0.6752873563218391,1.0,0.3505747126436782,0.5191489361702127,0.3159861203986528,0.3305
0.69,0.07,0.4840182648401826,0.6752873563218391,1.0,0.3505747126436782,0.5191489361702127,0.3159861203986528,0.33699999999999997
0.68,0.06,0.4840182648401826,0.6752873563218391,1.0,0.3505747126436782,0.5191489361702127,0.3159861203986528,0.3380000000000001
0.67,0.05,0.4840182648401826,0.6752873563218391,1.0,0.3505747126436782,0.5191489361702127,0.3159861203986528,0.33940000000000003
0.69,0.06,0.4840182648401826,0.6752873563218391,1.0,0.3505747126436782,0.5191489361702127,0.3159861203986528,0.34569999999999995
0.68,0.05,0.4840182648401826,0.6752873563218391,1.0,0.3505747126436782,0.5191489361702127,0.3159861203986528,0.3469000000000001
0.67,0.04,0.4840182648401826,0.6752873563218391,1.0,0.3505747126436782,0.5191489361702127,0.3159861203986528,0.34850000000000003
0.69,0.05,0.4840182648401826,0.6752873563218391,1.0,0.3505747126436782,0.5191489361702127,0.3159861203986528,0.35459999999999997
0.68,0.04,0.4840182648401826,0.6752873563218391,1.0,0.3505747126436782,0.5191489361702127,0.3159861203986528,0.3560000000000001
0.67,0.03,0.4840182648401826,0.6752873563218391,1.0,0.3505747126436782,0.5191489361702127,0.3159861203986528,0.3578
0.69,0.04,0.4840182648401826,0.6752873563218391,1.0,0.3505747126436782,0.5191489361702127,0.3159861203986528,0.36369999999999997
0.68,0.03,0.4840182648401826,0.6752873563218391,1.0,0.3505747126436782,0.5191489361702127,0.3159861203986528,0.36530000000000007
0.67,0.02,0.4840182648401826,0.6752873563218391,1.0,0.3505747126436782,0.5191489361702127,0.3159861203986528,0.36730000000000007
0.69,0.03,0.4840182648401826,0.6752873563218391,1.0,0.3505747126436782,0.5191489361702127,0.3159861203986528,0.37299999999999994
0.68,0.02,0.4840182648401826,0.6752873563218391,1.0,0.3505747126436782,0.5191489361702127,0.3159861203986528,0.3748
0.67,0.01,0.4840182648401826,0.6752873563218391,1.0,0.3505747126436782,0.5191489361702127,0.3159861203986528,0.377
0.69,0.02,0.4840182648401826,0.6752873563218391,1.0,0.3505747126436782,0.5191489361702127,0.3159861203986528,0.38249999999999995
0.68,0.01,0.4840182648401826,0.6752873563218391,1.0,0.3505747126436782,0.5191489361702127,0.3159861203986528,0.38450000000000006
0.67,0.0,0.4840182648401826,0.6752873563218391,1.0,0.3505747126436782,0.5191489361702127,0.3159861203986528,0.3869
0.69,0.01,0.4840182648401826,0.6752873563218391,1.0,0.3505747126436782,0.5191489361702127,0.3159861203986528,0.39219999999999994
0.68,0.0,0.4840182648401826,0.6752873563218391,1.0,0.3505747126436782,0.5191489361702127,0.3159861203986528,0.3944000000000001
0.69,0.0,0.4840182648401826,0.6752873563218391,1.0,0.3505747126436782,0.5191489361702127,0.3159861203986528,0.40209999999999996
0.6,0.24,0.4931506849315068,0.6727969348659004,0.9846153846153847,0.367816091954023,0.5355648535564853,0.30565385139492807,0.15760000000000002
0.6,0.23,0.4931506849315068,0.6727969348659004,0.9846153846153847,0.367816091954023,0.5355648535564853,0.30565385139492807,0.1629
0.6,0.22,0.4931506849315068,0.6727969348659004,0.9846153846153847,0.367816091954023,0.5355648535564853,0.30565385139492807,0.1684
0.6,0.21,0.4931506849315068,0.6727969348659004,0.9846153846153847,0.367816091954023,0.5355648535564853,0.30565385139492807,0.17410000000000003
0.6,0.2,0.4931506849315068,0.6727969348659004,0.9846153846153847,0.367816091954023,0.5355648535564853,0.30565385139492807,0.18
0.6,0.19,0.4931506849315068,0.6727969348659004,0.9846153846153847,0.367816091954023,0.5355648535564853,0.30565385139492807,0.1861
0.6,0.18,0.4931506849315068,0.6727969348659004,0.9846153846153847,0.367816091954023,0.5355648535564853,0.30565385139492807,0.19240000000000002
0.6,0.17,0.4931506849315068,0.6727969348659004,0.9846153846153847,0.367816091954023,0.5355648535564853,0.30565385139492807,0.19889999999999997
0.6,0.16,0.4931506849315068,0.6727969348659004,0.9846153846153847,0.367816091954023,0.5355648535564853,0.30565385139492807,0.20559999999999998
0.6,0.15,0.4931506849315068,0.6727969348659004,0.9846153846153847,0.367816091954023,0.5355648535564853,0.30565385139492807,0.21249999999999997
0.6,0.14,0.4931506849315068,0.6727969348659004,0.9846153846153847,0.367816091954023,0.5355648535564853,0.30565385139492807,0.2196
0.6,0.13,0.4931506849315068,0.6727969348659004,0.9846153846153847,0.367816091954023,0.5355648535564853,0.30565385139492807,0.2269
0.6,0.12,0.4931506849315068,0.6727969348659004,0.9846153846153847,0.367816091954023,0.5355648535564853,0.30565385139492807,0.2344
0.6,0.11,0.4931506849315068,0.6727969348659004,0.9846153846153847,0.367816091954023,0.5355648535564853,0.30565385139492807,0.2421
0.6,0.1,0.4931506849315068,0.6727969348659004,0.9846153846153847,0.367816091954023,0.5355648535564853,0.30565385139492807,0.25
0.6,0.09,0.4931506849315068,0.6727969348659004,0.9846153846153847,0.367816091954023,0.5355648535564853,0.30565385139492807,0.2581
0.6,0.08,0.4931506849315068,0.6727969348659004,0.9846153846153847,0.367816091954023,0.5355648535564853,0.30565385139492807,0.26639999999999997
0.6,0.07,0.4931506849315068,0.6727969348659004,0.9846153846153847,0.367816091954023,0.5355648535564853,0.30565385139492807,0.2749
0.6,0.06,0.4931506849315068,0.6727969348659004,0.9846153846153847,0.367816091954023,0.5355648535564853,0.30565385139492807,0.28359999999999996
0.6,0.05,0.4931506849315068,0.6727969348659004,0.9846153846153847,0.367816091954023,0.5355648535564853,0.30565385139492807,0.2925
0.6,0.04,0.4931506849315068,0.6727969348659004,0.9846153846153847,0.367816091954023,0.5355648535564853,0.30565385139492807,0.3016
0.6,0.03,0.4931506849315068,0.6727969348659004,0.9846153846153847,0.367816091954023,0.5355648535564853,0.30565385139492807,0.31089999999999995
0.6,0.02,0.4931506849315068,0.6727969348659004,0.9846153846153847,0.367816091954023,0.5355648535564853,0.30565385139492807,0.3204
0.6,0.01,0.4931506849315068,0.6727969348659004,0.9846153846153847,0.367816091954023,0.5355648535564853,0.30565385139492807,0.33009999999999995
0.6,0.0,0.4931506849315068,0.6727969348659004,0.9846153846153847,0.367816091954023,0.5355648535564853,0.30565385139492807,0.33999999999999997
0.33,0.51,0.4794520547945205,0.6724137931034483,1.0,0.3448275862068966,0.5128205128205128,0.312398324383188,0.0010000000000000018
0.32,0.55,0.4794520547945205,0.6724137931034483,1.0,0.3448275862068966,0.5128205128205128,0.312398324383188,0.002900000000000005
0.29,0.56,0.4794520547945205,0.6724137931034483,1.0,0.3448275862068966,0.5128205128205128,0.312398324383188,0.0037000000000000067
0.28,0.56,0.4794520547945205,0.6724137931034483,1.0,0.3448275862068966,0.5128205128205128,0.312398324383188,0.004000000000000005
0.36,0.46,0.4794520547945205,0.6724137931034483,1.0,0.3448275862068966,0.5128205128205128,0.312398324383188,0.005199999999999998
0.36,0.45,0.4794520547945205,0.6724137931034483,1.0,0.3448275862068966,0.5128205128205128,0.312398324383188,0.006099999999999999
0.36,0.44,0.4794520547945205,0.6724137931034483,1.0,0.3448275862068966,0.5128205128205128,0.312398324383188,0.0072
0.37,0.43,0.4794520547945205,0.6724137931034483,1.0,0.3448275862068966,0.5128205128205128,0.312398324383188,0.009800000000000001
0.38,0.42,0.4794520547945205,0.6724137931034483,1.0,0.3448275862068966,0.5128205128205128,0.312398324383188,0.012800000000000006
0.38,0.41,0.4794520547945205,0.6724137931034483,1.0,0.3448275862068966,0.5128205128205128,0.312398324383188,0.014500000000000008
0.39,0.42,0.4794520547945205,0.6724137931034483,1.0,0.3448275862068966,0.5128205128205128,0.312398324383188,0.014500000000000008
0.39,0.41,0.4794520547945205,0.6724137931034483,1.0,0.3448275862068966,0.5128205128205128,0.312398324383188,0.01620000000000001
0.4,0.42,0.4794520547945205,0.6724137931034483,1.0,0.3448275862068966,0.5128205128205128,0.312398324383188,0.016400000000000012
0.4,0.41,0.4794520547945205,0.6724137931034483,1.0,0.3448275862068966,0.5128205128205128,0.312398324383188,0.018100000000000012
0.41,0.42,0.4794520547945205,0.6724137931034483,1.0,0.3448275862068966,0.5128205128205128,0.312398324383188,0.018500000000000003
0.41,0.41,0.4794520547945205,0.6724137931034483,1.0,0.3448275862068966,0.5128205128205128,0.312398324383188,0.020200000000000003
0.42,0.42,0.4794520547945205,0.6724137931034483,1.0,0.3448275862068966,0.5128205128205128,0.312398324383188,0.020800000000000003
0.42,0.41,0.4794520547945205,0.6724137931034483,1.0,0.3448275862068966,0.5128205128205128,0.312398324383188,0.022500000000000006
0.43,0.42,0.4794520547945205,0.6724137931034483,1.0,0.3448275862068966,0.5128205128205128,0.312398324383188,0.023300000000000005
0.43,0.41,0.4794520547945205,0.6724137931034483,1.0,0.3448275862068966,0.5128205128205128,0.312398324383188,0.02500000000000001
0.44,0.42,0.4794520547945205,0.6724137931034483,1.0,0.3448275862068966,0.5128205128205128,0.312398324383188,0.026000000000000006
0.44,0.41,0.4794520547945205,0.6724137931034483,1.0,0.3448275862068966,0.5128205128205128,0.312398324383188,0.02770000000000001
0.45,0.42,0.4794520547945205,0.6724137931034483,1.0,0.3448275862068966,0.5128205128205128,0.312398324383188,0.02890000000000001
0.45,0.41,0.4794520547945205,0.6724137931034483,1.0,0.3448275862068966,0.5128205128205128,0.312398324383188,0.03060000000000001
0.46,0.42,0.4794520547945205,0.6724137931034483,1.0,0.3448275862068966,0.5128205128205128,0.312398324383188,0.032000000000000015
0.46,0.41,0.4794520547945205,0.6724137931034483,1.0,0.3448275862068966,0.5128205128205128,0.312398324383188,0.033700000000000015
0.47,0.42,0.4794520547945205,0.6724137931034483,1.0,0.3448275862068966,0.5128205128205128,0.312398324383188,0.0353
0.47,0.41,0.4794520547945205,0.6724137931034483,1.0,0.3448275862068966,0.5128205128205128,0.312398324383188,0.037
0.48,0.42,0.4794520547945205,0.6724137931034483,1.0,0.3448275862068966,0.5128205128205128,0.312398324383188,0.0388
0.48,0.41,0.4794520547945205,0.6724137931034483,1.0,0.3448275862068966,0.5128205128205128,0.312398324383188,0.0405
0.49,0.42,0.4794520547945205,0.6724137931034483,1.0,0.3448275862068966,0.5128205128205128,0.312398324383188,0.0425
0.49,0.41,0.4794520547945205,0.6724137931034483,1.0,0.3448275862068966,0.5128205128205128,0.312398324383188,0.0442
0.5,0.42,0.4794520547945205,0.6724137931034483,1.0,0.3448275862068966,0.5128205128205128,0.312398324383188,0.04640000000000001
0.5,0.41,0.4794520547945205,0.6724137931034483,1.0,0.3448275862068966,0.5128205128205128,0.312398324383188,0.04810000000000001
0.51,0.42,0.4794520547945205,0.6724137931034483,1.0,0.3448275862068966,0.5128205128205128,0.312398324383188,0.05050000000000001
0.51,0.41,0.4794520547945205,0.6724137931034483,1.0,0.3448275862068966,0.5128205128205128,0.312398324383188,0.05220000000000001
0.52,0.42,0.4794520547945205,0.6724137931034483,1.0,0.3448275862068966,0.5128205128205128,0.312398324383188,0.054800000000000015
0.52,0.41,0.4794520547945205,0.6724137931034483,1.0,0.3448275862068966,0.5128205128205128,0.312398324383188,0.056500000000000015
0.53,0.42,0.4794520547945205,0.6724137931034483,1.0,0.3448275862068966,0.5128205128205128,0.312398324383188,0.05930000000000002
0.53,0.41,0.4794520547945205,0.6724137931034483,1.0,0.3448275862068966,0.5128205128205128,0.312398324383188,0.06100000000000002
0.61,0.24,0.4885844748858447,0.6699233716475096,0.984375,0.3620689655172414,0.5294117647058824,0.30193131427382214,0.1637
0.61,0.23,0.4885844748858447,0.6699233716475096,0.984375,0.3620689655172414,0.5294117647058824,0.30193131427382214,0.169
0.61,0.22,0.4885844748858447,0.6699233716475096,0.984375,0.3620689655172414,0.5294117647058824,0.30193131427382214,0.17450000000000002
0.61,0.21,0.4885844748858447,0.6699233716475096,0.984375,0.3620689655172414,0.5294117647058824,0.30193131427382214,0.18020000000000003
0.61,0.2,0.4885844748858447,0.6699233716475096,0.984375,0.3620689655172414,0.5294117647058824,0.30193131427382214,0.1861
0.61,0.19,0.4885844748858447,0.6699233716475096,0.984375,0.3620689655172414,0.5294117647058824,0.30193131427382214,0.1922
0.61,0.18,0.4885844748858447,0.6699233716475096,0.984375,0.3620689655172414,0.5294117647058824,0.30193131427382214,0.1985
0.61,0.17,0.4885844748858447,0.6699233716475096,0.984375,0.3620689655172414,0.5294117647058824,0.30193131427382214,0.20499999999999996
0.61,0.16,0.4885844748858447,0.6699233716475096,0.984375,0.3620689655172414,0.5294117647058824,0.30193131427382214,0.2117
0.61,0.15,0.4885844748858447,0.6699233716475096,0.984375,0.3620689655172414,0.5294117647058824,0.30193131427382214,0.2186
0.61,0.14,0.4885844748858447,0.6699233716475096,0.984375,0.3620689655172414,0.5294117647058824,0.30193131427382214,0.2257
0.61,0.13,0.4885844748858447,0.6699233716475096,0.984375,0.3620689655172414,0.5294117647058824,0.30193131427382214,0.23299999999999998
0.61,0.12,0.4885844748858447,0.6699233716475096,0.984375,0.3620689655172414,0.5294117647058824,0.30193131427382214,0.2405
0.61,0.11,0.4885844748858447,0.6699233716475096,0.984375,0.3620689655172414,0.5294117647058824,0.30193131427382214,0.24820000000000003
0.61,0.1,0.4885844748858447,0.6699233716475096,0.984375,0.3620689655172414,0.5294117647058824,0.30193131427382214,0.25610000000000005
0.61,0.09,0.4885844748858447,0.6699233716475096,0.984375,0.3620689655172414,0.5294117647058824,0.30193131427382214,0.26420000000000005
0.61,0.08,0.4885844748858447,0.6699233716475096,0.984375,0.3620689655172414,0.5294117647058824,0.30193131427382214,0.27249999999999996
0.61,0.07,0.4885844748858447,0.6699233716475096,0.984375,0.3620689655172414,0.5294117647058824,0.30193131427382214,0.28099999999999997
0.61,0.06,0.4885844748858447,0.6699233716475096,0.984375,0.3620689655172414,0.5294117647058824,0.30193131427382214,0.2897
0.61,0.05,0.4885844748858447,0.6699233716475096,0.984375,0.3620689655172414,0.5294117647058824,0.30193131427382214,0.29860000000000003
0.61,0.04,0.4885844748858447,0.6699233716475096,0.984375,0.3620689655172414,0.5294117647058824,0.30193131427382214,0.30770000000000003
0.61,0.03,0.4885844748858447,0.6699233716475096,0.984375,0.3620689655172414,0.5294117647058824,0.30193131427382214,0.317
0.61,0.02,0.4885844748858447,0.6699233716475096,0.984375,0.3620689655172414,0.5294117647058824,0.30193131427382214,0.3265
0.61,0.01,0.4885844748858447,0.6699233716475096,0.984375,0.3620689655172414,0.5294117647058824,0.30193131427382214,0.3362
0.61,0.0,0.4885844748858447,0.6699233716475096,0.984375,0.3620689655172414,0.5294117647058824,0.30193131427382214,0.3461
0.33,0.52,0.4748858447488584,0.6695402298850575,1.0,0.3390804597701149,0.5064377682403434,0.3088144739327236,0.0013000000000000023
0.33,0.53,0.4748858447488584,0.6695402298850575,1.0,0.3390804597701149,0.5064377682403434,0.3088144739327236,0.0018000000000000032
0.3,0.56,0.4748858447488584,0.6695402298850575,1.0,0.3390804597701149,0.5064377682403434,0.3088144739327236,0.0036000000000000064
0.31,0.56,0.4748858447488584,0.6695402298850575,1.0,0.3390804597701149,0.5064377682403434,0.3088144739327236,0.0037000000000000067
0.36,0.47,0.4748858447488584,0.6695402298850575,1.0,0.3390804597701149,0.5064377682403434,0.3088144739327236,0.004500000000000001
0.38,0.43,0.4748858447488584,0.6695402298850575,1.0,0.3390804597701149,0.5064377682403434,0.3088144739327236,0.011300000000000004
0.39,0.43,0.4748858447488584,0.6695402298850575,1.0,0.3390804597701149,0.5064377682403434,0.3088144739327236,0.013000000000000005
0.4,0.43,0.4748858447488584,0.6695402298850575,1.0,0.3390804597701149,0.5064377682403434,0.3088144739327236,0.014900000000000007
0.41,0.43,0.4748858447488584,0.6695402298850575,1.0,0.3390804597701149,0.5064377682403434,0.3088144739327236,0.016999999999999998
0.42,0.43,0.4748858447488584,0.6695402298850575,1.0,0.3390804597701149,0.5064377682403434,0.3088144739327236,0.0193
0.43,0.43,0.4748858447488584,0.6695402298850575,1.0,0.3390804597701149,0.5064377682403434,0.3088144739327236,0.021800000000000003
0.44,0.43,0.4748858447488584,0.6695402298850575,1.0,0.3390804597701149,0.5064377682403434,0.3088144739327236,0.024500000000000004
0.45,0.43,0.4748858447488584,0.6695402298850575,1.0,0.3390804597701149,0.5064377682403434,0.3088144739327236,0.027400000000000008
0.46,0.43,0.4748858447488584,0.6695402298850575,1.0,0.3390804597701149,0.5064377682403434,0.3088144739327236,0.030500000000000013
0.47,0.43,0.4748858447488584,0.6695402298850575,1.0,0.3390804597701149,0.5064377682403434,0.3088144739327236,0.0338
0.48,0.43,0.4748858447488584,0.6695402298850575,1.0,0.3390804597701149,0.5064377682403434,0.3088144739327236,0.0373
0.49,0.43,0.4748858447488584,0.6695402298850575,1.0,0.3390804597701149,0.5064377682403434,0.3088144739327236,0.041
0.5,0.43,0.4748858447488584,0.6695402298850575,1.0,0.3390804597701149,0.5064377682403434,0.3088144739327236,0.04490000000000001
0.51,0.43,0.4748858447488584,0.6695402298850575,1.0,0.3390804597701149,0.5064377682403434,0.3088144739327236,0.04900000000000001
0.52,0.43,0.4748858447488584,0.6695402298850575,1.0,0.3390804597701149,0.5064377682403434,0.3088144739327236,0.053300000000000014
0.53,0.43,0.4748858447488584,0.6695402298850575,1.0,0.3390804597701149,0.5064377682403434,0.3088144739327236,0.05780000000000002
0.54,0.42,0.4748858447488584,0.6695402298850575,1.0,0.3390804597701149,0.5064377682403434,0.3088144739327236,0.06400000000000003
0.54,0.41,0.4748858447488584,0.6695402298850575,1.0,0.3390804597701149,0.5064377682403434,0.3088144739327236,0.06570000000000002
0.55,0.42,0.4748858447488584,0.6695402298850575,1.0,0.3390804597701149,0.5064377682403434,0.3088144739327236,0.06890000000000003
0.55,0.41,0.4748858447488584,0.6695402298850575,1.0,0.3390804597701149,0.5064377682403434,0.3088144739327236,0.07060000000000004
0.56,0.28,0.4748858447488584,0.6695402298850575,1.0,0.3390804597701149,0.5064377682403434,0.3088144739327236,0.11600000000000002
0.56,0.27,0.4748858447488584,0.6695402298850575,1.0,0.3390804597701149,0.5064377682403434,0.3088144739327236,0.12050000000000002
0.57,0.28,0.4748858447488584,0.6695402298850575,1.0,0.3390804597701149,0.5064377682403434,0.3088144739327236,0.12129999999999996
0.56,0.26,0.4748858447488584,0.6695402298850575,1.0,0.3390804597701149,0.5064377682403434,0.3088144739327236,0.12520000000000003
0.57,0.27,0.4748858447488584,0.6695402298850575,1.0,0.3390804597701149,0.5064377682403434,0.3088144739327236,0.12579999999999997
0.57,0.26,0.4748858447488584,0.6695402298850575,1.0,0.3390804597701149,0.5064377682403434,0.3088144739327236,0.13049999999999998
0.7,0.24,0.4748858447488584,0.6695402298850575,1.0,0.3390804597701149,0.5064377682403434,0.3088144739327236,0.22759999999999997
0.7,0.23,0.4748858447488584,0.6695402298850575,1.0,0.3390804597701149,0.5064377682403434,0.3088144739327236,0.2329
0.71,0.24,0.4748858447488584,0.6695402298850575,1.0,0.3390804597701149,0.5064377682403434,0.3088144739327236,0.23569999999999997
0.7,0.22,0.4748858447488584,0.6695402298850575,1.0,0.3390804597701149,0.5064377682403434,0.3088144739327236,0.2384
0.71,0.23,0.4748858447488584,0.6695402298850575,1.0,0.3390804597701149,0.5064377682403434,0.3088144739327236,0.241
0.72,0.24,0.4748858447488584,0.6695402298850575,1.0,0.3390804597701149,0.5064377682403434,0.3088144739327236,0.244
0.7,0.21,0.4748858447488584,0.6695402298850575,1.0,0.3390804597701149,0.5064377682403434,0.3088144739327236,0.24409999999999998
0.71,0.22,0.4748858447488584,0.6695402298850575,1.0,0.3390804597701149,0.5064377682403434,0.3088144739327236,0.2465
0.72,0.23,0.4748858447488584,0.6695402298850575,1.0,0.3390804597701149,0.5064377682403434,0.3088144739327236,0.24929999999999997
0.7,0.2,0.4748858447488584,0.6695402298850575,1.0,0.3390804597701149,0.5064377682403434,0.3088144739327236,0.24999999999999997
0.71,0.21,0.4748858447488584,0.6695402298850575,1.0,0.3390804597701149,0.5064377682403434,0.3088144739327236,0.2522
0.73,0.24,0.4748858447488584,0.6695402298850575,1.0,0.3390804597701149,0.5064377682403434,0.3088144739327236,0.2525
0.72,0.22,0.4748858447488584,0.6695402298850575,1.0,0.3390804597701149,0.5064377682403434,0.3088144739327236,0.25479999999999997
0.7,0.19,0.4748858447488584,0.6695402298850575,1.0,0.3390804597701149,0.5064377682403434,0.3088144739327236,0.2561
0.73,0.23,0.4748858447488584,0.6695402298850575,1.0,0.3390804597701149,0.5064377682403434,0.3088144739327236,0.2578
0.71,0.2,0.4748858447488584,0.6695402298850575,1.0,0.3390804597701149,0.5064377682403434,0.3088144739327236,0.2581
0.72,0.21,0.4748858447488584,0.6695402298850575,1.0,0.3390804597701149,0.5064377682403434,0.3088144739327236,0.2605
0.74,0.24,0.4748858447488584,0.6695402298850575,1.0,0.3390804597701149,0.5064377682403434,0.3088144739327236,0.2612
0.7,0.18,0.4748858447488584,0.6695402298850575,1.0,0.3390804597701149,0.5064377682403434,0.3088144739327236,0.26239999999999997
0.73,0.22,0.4748858447488584,0.6695402298850575,1.0,0.3390804597701149,0.5064377682403434,0.3088144739327236,0.2633
0.71,0.19,0.4748858447488584,0.6695402298850575,1.0,0.3390804597701149,0.5064377682403434,0.3088144739327236,0.2642
0.72,0.2,0.4748858447488584,0.6695402298850575,1.0,0.3390804597701149,0.5064377682403434,0.3088144739327236,0.26639999999999997
0.74,0.23,0.4748858447488584,0.6695402298850575,1.0,0.3390804597701149,0.5064377682403434,0.3088144739327236,0.2665
0.7,0.17,0.4748858447488584,0.6695402298850575,1.0,0.3390804597701149,0.5064377682403434,0.3088144739327236,0.2688999999999999
0.73,0.21,0.4748858447488584,0.6695402298850575,1.0,0.3390804597701149,0.5064377682403434,0.3088144739327236,0.269
0.75,0.24,0.4748858447488584,0.6695402298850575,1.0,0.3390804597701149,0.5064377682403434,0.3088144739327236,0.2701
0.71,0.18,0.4748858447488584,0.6695402298850575,1.0,0.3390804597701149,0.5064377682403434,0.3088144739327236,0.27049999999999996
0.74,0.22,0.4748858447488584,0.6695402298850575,1.0,0.3390804597701149,0.5064377682403434,0.3088144739327236,0.272
0.72,0.19,0.4748858447488584,0.6695402298850575,1.0,0.3390804597701149,0.5064377682403434,0.3088144739327236,0.27249999999999996
0.73,0.2,0.4748858447488584,0.6695402298850575,1.0,0.3390804597701149,0.5064377682403434,0.3088144739327236,0.2749
0.75,0.23,0.4748858447488584,0.6695402298850575,1.0,0.3390804597701149,0.5064377682403434,0.3088144739327236,0.27540000000000003
0.7,0.16,0.4748858447488584,0.6695402298850575,1.0,0.3390804597701149,0.5064377682403434,0.3088144739327236,0.27559999999999996
0.71,0.17,0.4748858447488584,0.6695402298850575,1.0,0.3390804597701149,0.5064377682403434,0.3088144739327236,0.2769999999999999
0.74,0.21,0.4748858447488584,0.6695402298850575,1.0,0.3390804597701149,0.5064377682403434,0.3088144739327236,0.2777
0.72,0.18,0.4748858447488584,0.6695402298850575,1.0,0.3390804597701149,0.5064377682403434,0.3088144739327236,0.2788
0.76,0.24,0.4748858447488584,0.6695402298850575,1.0,0.3390804597701149,0.5064377682403434,0.3088144739327236,0.2792
0.75,0.22,0.4748858447488584,0.6695402298850575,1.0,0.3390804597701149,0.5064377682403434,0.3088144739327236,0.28090000000000004
0.73,0.19,0.4748858447488584,0.6695402298850575,1.0,0.3390804597701149,0.5064377682403434,0.3088144739327236,0.28099999999999997
0.7,0.15,0.4748858447488584,0.6695402298850575,1.0,0.3390804597701149,0.5064377682403434,0.3088144739327236,0.2825
0.74,0.2,0.4748858447488584,0.6695402298850575,1.0,0.3390804597701149,0.5064377682403434,0.3088144739327236,0.28359999999999996
0.71,0.16,0.4748858447488584,0.6695402298850575,1.0,0.3390804597701149,0.5064377682403434,0.3088144739327236,0.28369999999999995
0.76,0.23,0.4748858447488584,0.6695402298850575,1.0,0.3390804597701149,0.5064377682403434,0.3088144739327236,0.28450000000000003
0.72,0.17,0.4748858447488584,0.6695402298850575,1.0,0.3390804597701149,0.5064377682403434,0.3088144739327236,0.28529999999999994
0.75,0.21,0.4748858447488584,0.6695402298850575,1.0,0.3390804597701149,0.5064377682403434,0.3088144739327236,0.2866
0.73,0.18,0.4748858447488584,0.6695402298850575,1.0,0.3390804597701149,0.5064377682403434,0.3088144739327236,0.2873
0.7,0.14,0.4748858447488584,0.6695402298850575,1.0,0.3390804597701149,0.5064377682403434,0.3088144739327236,0.28959999999999997
0.74,0.19,0.4748858447488584,0.6695402298850575,1.0,0.3390804597701149,0.5064377682403434,0.3088144739327236,0.2897
0.76,0.22,0.4748858447488584,0.6695402298850575,1.0,0.3390804597701149,0.5064377682403434,0.3088144739327236,0.29000000000000004
0.71,0.15,0.4748858447488584,0.6695402298850575,1.0,0.3390804597701149,0.5064377682403434,0.3088144739327236,0.29059999999999997
0.72,0.16,0.4748858447488584,0.6695402298850575,1.0,0.3390804597701149,0.5064377682403434,0.3088144739327236,0.2919999999999999
0.75,0.2,0.4748858447488584,0.6695402298850575,1.0,0.3390804597701149,0.5064377682403434,0.3088144739327236,0.2925
0.73,0.17,0.4748858447488584,0.6695402298850575,1.0,0.3390804597701149,0.5064377682403434,0.3088144739327236,0.29379999999999995
0.76,0.21,0.4748858447488584,0.6695402298850575,1.0,0.3390804597701149,0.5064377682403434,0.3088144739327236,0.2957
0.74,0.18,0.4748858447488584,0.6695402298850575,1.0,0.3390804597701149,0.5064377682403434,0.3088144739327236,0.296
0.7,0.13,0.4748858447488584,0.6695402298850575,1.0,0.3390804597701149,0.5064377682403434,0.3088144739327236,0.29689999999999994
0.71,0.14,0.4748858447488584,0.6695402298850575,1.0,0.3390804597701149,0.5064377682403434,0.3088144739327236,0.29769999999999996
0.75,0.19,0.4748858447488584,0.6695402298850575,1.0,0.3390804597701149,0.5064377682403434,0.3088144739327236,0.29860000000000003
0.72,0.15,0.4748858447488584,0.6695402298850575,1.0,0.3390804597701149,0.5064377682403434,0.3088144739327236,0.29889999999999994
0.73,0.16,0.4748858447488584,0.6695402298850575,1.0,0.3390804597701149,0.5064377682403434,0.3088144739327236,0.3005
0.76,0.2,0.4748858447488584,0.6695402298850575,1.0,0.3390804597701149,0.5064377682403434,0.3088144739327236,0.3016
0.74,0.17,0.4748858447488584,0.6695402298850575,1.0,0.3390804597701149,0.5064377682403434,0.3088144739327236,0.3025
0.7,0.12,0.4748858447488584,0.6695402298850575,1.0,0.3390804597701149,0.5064377682403434,0.3088144739327236,0.3044
0.75,0.18,0.4748858447488584,0.6695402298850575,1.0,0.3390804597701149,0.5064377682403434,0.3088144739327236,0.3049
0.71,0.13,0.4748858447488584,0.6695402298850575,1.0,0.3390804597701149,0.5064377682403434,0.3088144739327236,0.30499999999999994
0.72,0.14,0.4748858447488584,0.6695402298850575,1.0,0.3390804597701149,0.5064377682403434,0.3088144739327236,0.30599999999999994
0.73,0.15,0.4748858447488584,0.6695402298850575,1.0,0.3390804597701149,0.5064377682403434,0.3088144739327236,0.30739999999999995
0.76,0.19,0.4748858447488584,0.6695402298850575,1.0,0.3390804597701149,0.5064377682403434,0.3088144739327236,0.30770000000000003
0.74,0.16,0.4748858447488584,0.6695402298850575,1.0,0.3390804597701149,0.5064377682403434,0.3088144739327236,0.3092
0.75,0.17,0.4748858447488584,0.6695402298850575,1.0,0.3390804597701149,0.5064377682403434,0.3088144739327236,0.3114
0.7,0.11,0.4748858447488584,0.6695402298850575,1.0,0.3390804597701149,0.5064377682403434,0.3088144739327236,0.3121
0.71,0.12,0.4748858447488584,0.6695402298850575,1.0,0.3390804597701149,0.5064377682403434,0.3088144739327236,0.3125
0.72,0.13,0.4748858447488584,0.6695402298850575,1.0,0.3390804597701149,0.5064377682403434,0.3088144739327236,0.31329999999999997
0.76,0.18,0.4748858447488584,0.6695402298850575,1.0,0.3390804597701149,0.5064377682403434,0.3088144739327236,0.314
0.73,0.14,0.4748858447488584,0.6695402298850575,1.0,0.3390804597701149,0.5064377682403434,0.3088144739327236,0.3145
0.74,0.15,0.4748858447488584,0.6695402298850575,1.0,0.3390804597701149,0.5064377682403434,0.3088144739327236,0.3161
0.75,0.16,0.4748858447488584,0.6695402298850575,1.0,0.3390804597701149,0.5064377682403434,0.3088144739327236,0.3181
0.7,0.1,0.4748858447488584,0.6695402298850575,1.0,0.3390804597701149,0.5064377682403434,0.3088144739327236,0.32
0.71,0.11,0.4748858447488584,0.6695402298850575,1.0,0.3390804597701149,0.5064377682403434,0.3088144739327236,0.3202
0.76,0.17,0.4748858447488584,0.6695402298850575,1.0,0.3390804597701149,0.5064377682403434,0.3088144739327236,0.3205
0.72,0.12,0.4748858447488584,0.6695402298850575,1.0,0.3390804597701149,0.5064377682403434,0.3088144739327236,0.3208
0.73,0.13,0.4748858447488584,0.6695402298850575,1.0,0.3390804597701149,0.5064377682403434,0.3088144739327236,0.3218
0.74,0.14,0.4748858447488584,0.6695402298850575,1.0,0.3390804597701149,0.5064377682403434,0.3088144739327236,0.3232
0.75,0.15,0.4748858447488584,0.6695402298850575,1.0,0.3390804597701149,0.5064377682403434,0.3088144739327236,0.325
0.76,0.16,0.4748858447488584,0.6695402298850575,1.0,0.3390804597701149,0.5064377682403434,0.3088144739327236,0.3272
0.7,0.09,0.4748858447488584,0.6695402298850575,1.0,0.3390804597701149,0.5064377682403434,0.3088144739327236,0.3281
0.71,0.1,0.4748858447488584,0.6695402298850575,1.0,0.3390804597701149,0.5064377682403434,0.3088144739327236,0.3281
0.72,0.11,0.4748858447488584,0.6695402298850575,1.0,0.3390804597701149,0.5064377682403434,0.3088144739327236,0.3285
0.73,0.12,0.4748858447488584,0.6695402298850575,1.0,0.3390804597701149,0.5064377682403434,0.3088144739327236,0.3293
0.74,0.13,0.4748858447488584,0.6695402298850575,1.0,0.3390804597701149,0.5064377682403434,0.3088144739327236,0.3305
0.75,0.14,0.4748858447488584,0.6695402298850575,1.0,0.3390804597701149,0.5064377682403434,0.3088144739327236,0.3321
0.76,0.15,0.4748858447488584,0.6695402298850575,1.0,0.3390804597701149,0.5064377682403434,0.3088144739327236,0.3341
0.71,0.09,0.4748858447488584,0.6695402298850575,1.0,0.3390804597701149,0.5064377682403434,0.3088144739327236,0.3362
0.7,0.08,0.4748858447488584,0.6695402298850575,1.0,0.3390804597701149,0.5064377682403434,0.3088144739327236,0.3363999999999999
0.72,0.1,0.4748858447488584,0.6695402298850575,1.0,0.3390804597701149,0.5064377682403434,0.3088144739327236,0.33640000000000003
0.73,0.11,0.4748858447488584,0.6695402298850575,1.0,0.3390804597701149,0.5064377682403434,0.3088144739327236,0.33699999999999997
0.74,0.12,0.4748858447488584,0.6695402298850575,1.0,0.3390804597701149,0.5064377682403434,0.3088144739327236,0.33799999999999997
0.75,0.13,0.4748858447488584,0.6695402298850575,1.0,0.3390804597701149,0.5064377682403434,0.3088144739327236,0.33940000000000003
0.76,0.14,0.4748858447488584,0.6695402298850575,1.0,0.3390804597701149,0.5064377682403434,0.3088144739327236,0.3412
0.71,0.08,0.4748858447488584,0.6695402298850575,1.0,0.3390804597701149,0.5064377682403434,0.3088144739327236,0.3444999999999999
0.72,0.09,0.4748858447488584,0.6695402298850575,1.0,0.3390804597701149,0.5064377682403434,0.3088144739327236,0.34450000000000003
0.7,0.07,0.4748858447488584,0.6695402298850575,1.0,0.3390804597701149,0.5064377682403434,0.3088144739327236,0.3449
0.73,0.1,0.4748858447488584,0.6695402298850575,1.0,0.3390804597701149,0.5064377682403434,0.3088144739327236,0.3449
0.74,0.11,0.4748858447488584,0.6695402298850575,1.0,0.3390804597701149,0.5064377682403434,0.3088144739327236,0.3457
0.75,0.12,0.4748858447488584,0.6695402298850575,1.0,0.3390804597701149,0.5064377682403434,0.3088144739327236,0.3469
0.76,0.13,0.4748858447488584,0.6695402298850575,1.0,0.3390804597701149,0.5064377682403434,0.3088144739327236,0.34850000000000003
0.72,0.08,0.4748858447488584,0.6695402298850575,1.0,0.3390804597701149,0.5064377682403434,0.3088144739327236,0.35279999999999995
0.71,0.07,0.4748858447488584,0.6695402298850575,1.0,0.3390804597701149,0.5064377682403434,0.3088144739327236,0.353
0.73,0.09,0.4748858447488584,0.6695402298850575,1.0,0.3390804597701149,0.5064377682403434,0.3088144739327236,0.353
0.7,0.06,0.4748858447488584,0.6695402298850575,1.0,0.3390804597701149,0.5064377682403434,0.3088144739327236,0.35359999999999997
0.74,0.1,0.4748858447488584,0.6695402298850575,1.0,0.3390804597701149,0.5064377682403434,0.3088144739327236,0.3536
0.75,0.11,0.4748858447488584,0.6695402298850575,1.0,0.3390804597701149,0.5064377682403434,0.3088144739327236,0.3546
0.76,0.12,0.4748858447488584,0.6695402298850575,1.0,0.3390804597701149,0.5064377682403434,0.3088144739327236,0.356
0.72,0.07,0.4748858447488584,0.6695402298850575,1.0,0.3390804597701149,0.5064377682403434,0.3088144739327236,0.36129999999999995
0.73,0.08,0.4748858447488584,0.6695402298850575,1.0,0.3390804597701149,0.5064377682403434,0.3088144739327236,0.36129999999999995
0.71,0.06,0.4748858447488584,0.6695402298850575,1.0,0.3390804597701149,0.5064377682403434,0.3088144739327236,0.36169999999999997
0.74,0.09,0.4748858447488584,0.6695402298850575,1.0,0.3390804597701149,0.5064377682403434,0.3088144739327236,0.3617
0.7,0.05,0.4748858447488584,0.6695402298850575,1.0,0.3390804597701149,0.5064377682403434,0.3088144739327236,0.3625
0.75,0.1,0.4748858447488584,0.6695402298850575,1.0,0.3390804597701149,0.5064377682403434,0.3088144739327236,0.36250000000000004
0.76,0.11,0.4748858447488584,0.6695402298850575,1.0,0.3390804597701149,0.5064377682403434,0.3088144739327236,0.3637
0.73,0.07,0.4748858447488584,0.6695402298850575,1.0,0.3390804597701149,0.5064377682403434,0.3088144739327236,0.36979999999999996
0.72,0.06,0.4748858447488584,0.6695402298850575,1.0,0.3390804597701149,0.5064377682403434,0.3088144739327236,0.37
0.74,0.08,0.4748858447488584,0.6695402298850575,1.0,0.3390804597701149,0.5064377682403434,0.3088144739327236,0.37
0.71,0.05,0.4748858447488584,0.6695402298850575,1.0,0.3390804597701149,0.5064377682403434,0.3088144739327236,0.3706
0.75,0.09,0.4748858447488584,0.6695402298850575,1.0,0.3390804597701149,0.5064377682403434,0.3088144739327236,0.37060000000000004
0.7,0.04,0.4748858447488584,0.6695402298850575,1.0,0.3390804597701149,0.5064377682403434,0.3088144739327236,0.3716
0.76,0.1,0.4748858447488584,0.6695402298850575,1.0,0.3390804597701149,0.5064377682403434,0.3088144739327236,0.37160000000000004
0.73,0.06,0.4748858447488584,0.6695402298850575,1.0,0.3390804597701149,0.5064377682403434,0.3088144739327236,0.37849999999999995
0.74,0.07,0.4748858447488584,0.6695402298850575,1.0,0.3390804597701149,0.5064377682403434,0.3088144739327236,0.37849999999999995
0.72,0.05,0.4748858447488584,0.6695402298850575,1.0,0.3390804597701149,0.5064377682403434,0.3088144739327236,0.3789
0.75,0.08,0.4748858447488584,0.6695402298850575,1.0,0.3390804597701149,0.5064377682403434,0.3088144739327236,0.3789
0.71,0.04,0.4748858447488584,0.6695402298850575,1.0,0.3390804597701149,0.5064377682403434,0.3088144739327236,0.3797
0.76,0.09,0.4748858447488584,0.6695402298850575,1.0,0.3390804597701149,0.5064377682403434,0.3088144739327236,0.37970000000000004
0.7,0.03,0.4748858447488584,0.6695402298850575,1.0,0.3390804597701149,0.5064377682403434,0.3088144739327236,0.38089999999999996
0.74,0.06,0.4748858447488584,0.6695402298850575,1.0,0.3390804597701149,0.5064377682403434,0.3088144739327236,0.3872
0.73,0.05,0.4748858447488584,0.6695402298850575,1.0,0.3390804597701149,0.5064377682403434,0.3088144739327236,0.38739999999999997
0.75,0.07,0.4748858447488584,0.6695402298850575,1.0,0.3390804597701149,0.5064377682403434,0.3088144739327236,0.38739999999999997
0.72,0.04,0.4748858447488584,0.6695402298850575,1.0,0.3390804597701149,0.5064377682403434,0.3088144739327236,0.388
0.76,0.08,0.4748858447488584,0.6695402298850575,1.0,0.3390804597701149,0.5064377682403434,0.3088144739327236,0.388
0.71,0.03,0.4748858447488584,0.6695402298850575,1.0,0.3390804597701149,0.5064377682403434,0.3088144739327236,0.38899999999999996
0.7,0.02,0.4748858447488584,0.6695402298850575,1.0,0.3390804597701149,0.5064377682403434,0.3088144739327236,0.39039999999999997
0.74,0.05,0.4748858447488584,0.6695402298850575,1.0,0.3390804597701149,0.5064377682403434,0.3088144739327236,0.3961
0.75,0.06,0.4748858447488584,0.6695402298850575,1.0,0.3390804597701149,0.5064377682403434,0.3088144739327236,0.3961
0.73,0.04,0.4748858447488584,0.6695402298850575,1.0,0.3390804597701149,0.5064377682403434,0.3088144739327236,0.39649999999999996
0.76,0.07,0.4748858447488584,0.6695402298850575,1.0,0.3390804597701149,0.5064377682403434,0.3088144739327236,0.39649999999999996
0.72,0.03,0.4748858447488584,0.6695402298850575,1.0,0.3390804597701149,0.5064377682403434,0.3088144739327236,0.3973
0.71,0.02,0.4748858447488584,0.6695402298850575,1.0,0.3390804597701149,0.5064377682403434,0.3088144739327236,0.39849999999999997
0.7,0.01,0.4748858447488584,0.6695402298850575,1.0,0.3390804597701149,0.5064377682403434,0.3088144739327236,0.40009999999999996
0.75,0.05,0.4748858447488584,0.6695402298850575,1.0,0.3390804597701149,0.5064377682403434,0.3088144739327236,0.405
0.74,0.04,0.4748858447488584,0.6695402298850575,1.0,0.3390804597701149,0.5064377682403434,0.3088144739327236,0.4052
0.76,0.06,0.4748858447488584,0.6695402298850575,1.0,0.3390804597701149,0.5064377682403434,0.3088144739327236,0.4052
0.73,0.03,0.4748858447488584,0.6695402298850575,1.0,0.3390804597701149,0.5064377682403434,0.3088144739327236,0.40579999999999994
0.72,0.02,0.4748858447488584,0.6695402298850575,1.0,0.3390804597701149,0.5064377682403434,0.3088144739327236,0.40679999999999994
0.71,0.01,0.4748858447488584,0.6695402298850575,1.0,0.3390804597701149,0.5064377682403434,0.3088144739327236,0.40819999999999995
0.7,0.0,0.4748858447488584,0.6695402298850575,1.0,0.3390804597701149,0.5064377682403434,0.3088144739327236,0.41
0.75,0.04,0.4748858447488584,0.6695402298850575,1.0,0.3390804597701149,0.5064377682403434,0.3088144739327236,0.4141
0.76,0.05,0.4748858447488584,0.6695402298850575,1.0,0.3390804597701149,0.5064377682403434,0.3088144739327236,0.4141
0.74,0.03,0.4748858447488584,0.6695402298850575,1.0,0.3390804597701149,0.5064377682403434,0.3088144739327236,0.4145
0.73,0.02,0.4748858447488584,0.6695402298850575,1.0,0.3390804597701149,0.5064377682403434,0.3088144739327236,0.4153
0.72,0.01,0.4748858447488584,0.6695402298850575,1.0,0.3390804597701149,0.5064377682403434,0.3088144739327236,0.4165
0.71,0.0,0.4748858447488584,0.6695402298850575,1.0,0.3390804597701149,0.5064377682403434,0.3088144739327236,0.41809999999999997
0.76,0.04,0.4748858447488584,0.6695402298850575,1.0,0.3390804597701149,0.5064377682403434,0.3088144739327236,0.4232
0.75,0.03,0.4748858447488584,0.6695402298850575,1.0,0.3390804597701149,0.5064377682403434,0.3088144739327236,0.4234
0.74,0.02,0.4748858447488584,0.6695402298850575,1.0,0.3390804597701149,0.5064377682403434,0.3088144739327236,0.424
0.73,0.01,0.4748858447488584,0.6695402298850575,1.0,0.3390804597701149,0.5064377682403434,0.3088144739327236,0.42499999999999993
0.72,0.0,0.4748858447488584,0.6695402298850575,1.0,0.3390804597701149,0.5064377682403434,0.3088144739327236,0.4264
0.76,0.03,0.4748858447488584,0.6695402298850575,1.0,0.3390804597701149,0.5064377682403434,0.3088144739327236,0.4325
0.75,0.02,0.4748858447488584,0.6695402298850575,1.0,0.3390804597701149,0.5064377682403434,0.3088144739327236,0.4329
0.74,0.01,0.4748858447488584,0.6695402298850575,1.0,0.3390804597701149,0.5064377682403434,0.3088144739327236,0.4337
0.73,0.0,0.4748858447488584,0.6695402298850575,1.0,0.3390804597701149,0.5064377682403434,0.3088144739327236,0.43489999999999995
0.76,0.02,0.4748858447488584,0.6695402298850575,1.0,0.3390804597701149,0.5064377682403434,0.3088144739327236,0.442
0.75,0.01,0.4748858447488584,0.6695402298850575,1.0,0.3390804597701149,0.5064377682403434,0.3088144739327236,0.4426
0.74,0.0,0.4748858447488584,0.6695402298850575,1.0,0.3390804597701149,0.5064377682403434,0.3088144739327236,0.4436
0.76,0.01,0.4748858447488584,0.6695402298850575,1.0,0.3390804597701149,0.5064377682403434,0.3088144739327236,0.4517
0.75,0.0,0.4748858447488584,0.6695402298850575,1.0,0.3390804597701149,0.5064377682403434,0.3088144739327236,0.4525
0.76,0.0,0.4748858447488584,0.6695402298850575,1.0,0.3390804597701149,0.5064377682403434,0.3088144739327236,0.4616
0.56,0.25,0.4840182648401826,0.6670498084291188,0.9841269841269841,0.3563218390804598,0.5232067510548524,0.29821142960347563,0.13010000000000005
0.57,0.25,0.4840182648401826,0.6670498084291188,0.9841269841269841,0.3563218390804598,0.5232067510548524,0.29821142960347563,0.13539999999999996
0.62,0.24,0.4840182648401826,0.6670498084291188,0.9841269841269841,0.3563218390804598,0.5232067510548524,0.29821142960347563,0.17
0.62,0.23,0.4840182648401826,0.6670498084291188,0.9841269841269841,0.3563218390804598,0.5232067510548524,0.29821142960347563,0.1753
0.63,0.24,0.4840182648401826,0.6670498084291188,0.9841269841269841,0.3563218390804598,0.5232067510548524,0.29821142960347563,0.17650000000000002
0.62,0.22,0.4840182648401826,0.6670498084291188,0.9841269841269841,0.3563218390804598,0.5232067510548524,0.29821142960347563,0.18080000000000002
0.63,0.23,0.4840182648401826,0.6670498084291188,0.9841269841269841,0.3563218390804598,0.5232067510548524,0.29821142960347563,0.18180000000000002
0.64,0.24,0.4840182648401826,0.6670498084291188,0.9841269841269841,0.3563218390804598,0.5232067510548524,0.29821142960347563,0.18320000000000003
0.62,0.21,0.4840182648401826,0.6670498084291188,0.9841269841269841,0.3563218390804598,0.5232067510548524,0.29821142960347563,0.18650000000000003
0.63,0.22,0.4840182648401826,0.6670498084291188,0.9841269841269841,0.3563218390804598,0.5232067510548524,0.29821142960347563,0.18730000000000002
0.64,0.23,0.4840182648401826,0.6670498084291188,0.9841269841269841,0.3563218390804598,0.5232067510548524,0.29821142960347563,0.18850000000000003
0.65,0.24,0.4840182648401826,0.6670498084291188,0.9841269841269841,0.3563218390804598,0.5232067510548524,0.29821142960347563,0.19010000000000005
0.62,0.2,0.4840182648401826,0.6670498084291188,0.9841269841269841,0.3563218390804598,0.5232067510548524,0.29821142960347563,0.19240000000000002
0.63,0.21,0.4840182648401826,0.6670498084291188,0.9841269841269841,0.3563218390804598,0.5232067510548524,0.29821142960347563,0.19300000000000003
0.64,0.22,0.4840182648401826,0.6670498084291188,0.9841269841269841,0.3563218390804598,0.5232067510548524,0.29821142960347563,0.19400000000000003
0.65,0.23,0.4840182648401826,0.6670498084291188,0.9841269841269841,0.3563218390804598,0.5232067510548524,0.29821142960347563,0.19540000000000002
0.66,0.24,0.4840182648401826,0.6670498084291188,0.9841269841269841,0.3563218390804598,0.5232067510548524,0.29821142960347563,0.19720000000000004
0.62,0.19,0.4840182648401826,0.6670498084291188,0.9841269841269841,0.3563218390804598,0.5232067510548524,0.29821142960347563,0.1985
0.63,0.2,0.4840182648401826,0.6670498084291188,0.9841269841269841,0.3563218390804598,0.5232067510548524,0.29821142960347563,0.19890000000000002
0.64,0.21,0.4840182648401826,0.6670498084291188,0.9841269841269841,0.3563218390804598,0.5232067510548524,0.29821142960347563,0.19970000000000004
0.65,0.22,0.4840182648401826,0.6670498084291188,0.9841269841269841,0.3563218390804598,0.5232067510548524,0.29821142960347563,0.20090000000000002
0.66,0.23,0.4840182648401826,0.6670498084291188,0.9841269841269841,0.3563218390804598,0.5232067510548524,0.29821142960347563,0.2025
0.62,0.18,0.4840182648401826,0.6670498084291188,0.9841269841269841,0.3563218390804598,0.5232067510548524,0.29821142960347563,0.2048
0.63,0.19,0.4840182648401826,0.6670498084291188,0.9841269841269841,0.3563218390804598,0.5232067510548524,0.29821142960347563,0.20500000000000002
0.64,0.2,0.4840182648401826,0.6670498084291188,0.9841269841269841,0.3563218390804598,0.5232067510548524,0.29821142960347563,0.2056
0.65,0.21,0.4840182648401826,0.6670498084291188,0.9841269841269841,0.3563218390804598,0.5232067510548524,0.29821142960347563,0.20660000000000006
0.66,0.22,0.4840182648401826,0.6670498084291188,0.9841269841269841,0.3563218390804598,0.5232067510548524,0.29821142960347563,0.20800000000000002
0.62,0.17,0.4840182648401826,0.6670498084291188,0.9841269841269841,0.3563218390804598,0.5232067510548524,0.29821142960347563,0.2113
0.63,0.18,0.4840182648401826,0.6670498084291188,0.9841269841269841,0.3563218390804598,0.5232067510548524,0.29821142960347563,0.21130000000000002
0.64,0.19,0.4840182648401826,0.6670498084291188,0.9841269841269841,0.3563218390804598,0.5232067510548524,0.29821142960347563,0.21170000000000003
0.65,0.2,0.4840182648401826,0.6670498084291188,0.9841269841269841,0.3563218390804598,0.5232067510548524,0.29821142960347563,0.21250000000000002
0.66,0.21,0.4840182648401826,0.6670498084291188,0.9841269841269841,0.3563218390804598,0.5232067510548524,0.29821142960347563,0.21370000000000006
0.63,0.17,0.4840182648401826,0.6670498084291188,0.9841269841269841,0.3563218390804598,0.5232067510548524,0.29821142960347563,0.2178
0.62,0.16,0.4840182648401826,0.6670498084291188,0.9841269841269841,0.3563218390804598,0.5232067510548524,0.29821142960347563,0.21799999999999997
0.64,0.18,0.4840182648401826,0.6670498084291188,0.9841269841269841,0.3563218390804598,0.5232067510548524,0.29821142960347563,0.21800000000000003
0.65,0.19,0.4840182648401826,0.6670498084291188,0.9841269841269841,0.3563218390804598,0.5232067510548524,0.29821142960347563,0.21860000000000002
0.66,0.2,0.4840182648401826,0.6670498084291188,0.9841269841269841,0.3563218390804598,0.5232067510548524,0.29821142960347563,0.21960000000000002
0.63,0.16,0.4840182648401826,0.6670498084291188,0.9841269841269841,0.3563218390804598,0.5232067510548524,0.29821142960347563,0.22449999999999998
0.64,0.17,0.4840182648401826,0.6670498084291188,0.9841269841269841,0.3563218390804598,0.5232067510548524,0.29821142960347563,0.22449999999999998
0.62,0.15,0.4840182648401826,0.6670498084291188,0.9841269841269841,0.3563218390804598,0.5232067510548524,0.29821142960347563,0.2249
0.65,0.18,0.4840182648401826,0.6670498084291188,0.9841269841269841,0.3563218390804598,0.5232067510548524,0.29821142960347563,0.22490000000000004
0.66,0.19,0.4840182648401826,0.6670498084291188,0.9841269841269841,0.3563218390804598,0.5232067510548524,0.29821142960347563,0.2257
0.64,0.16,0.4840182648401826,0.6670498084291188,0.9841269841269841,0.3563218390804598,0.5232067510548524,0.29821142960347563,0.23120000000000002
0.63,0.15,0.4840182648401826,0.6670498084291188,0.9841269841269841,0.3563218390804598,0.5232067510548524,0.29821142960347563,0.2314
0.65,0.17,0.4840182648401826,0.6670498084291188,0.9841269841269841,0.3563218390804598,0.5232067510548524,0.29821142960347563,0.2314
0.62,0.14,0.4840182648401826,0.6670498084291188,0.9841269841269841,0.3563218390804598,0.5232067510548524,0.29821142960347563,0.23199999999999998
0.66,0.18,0.4840182648401826,0.6670498084291188,0.9841269841269841,0.3563218390804598,0.5232067510548524,0.29821142960347563,0.23200000000000004
0.64,0.15,0.4840182648401826,0.6670498084291188,0.9841269841269841,0.3563218390804598,0.5232067510548524,0.29821142960347563,0.2381
0.65,0.16,0.4840182648401826,0.6670498084291188,0.9841269841269841,0.3563218390804598,0.5232067510548524,0.29821142960347563,0.2381
0.63,0.14,0.4840182648401826,0.6670498084291188,0.9841269841269841,0.3563218390804598,0.5232067510548524,0.29821142960347563,0.2385
0.66,0.17,0.4840182648401826,0.6670498084291188,0.9841269841269841,0.3563218390804598,0.5232067510548524,0.29821142960347563,0.2385
0.62,0.13,0.4840182648401826,0.6670498084291188,0.9841269841269841,0.3563218390804598,0.5232067510548524,0.29821142960347563,0.2393
0.65,0.15,0.4840182648401826,0.6670498084291188,0.9841269841269841,0.3563218390804598,0.5232067510548524,0.29821142960347563,0.245
0.66,0.16,0.4840182648401826,0.6670498084291188,0.9841269841269841,0.3563218390804598,0.5232067510548524,0.29821142960347563,0.2452
0.64,0.14,0.4840182648401826,0.6670498084291188,0.9841269841269841,0.3563218390804598,0.5232067510548524,0.29821142960347563,0.24520000000000003
0.63,0.13,0.4840182648401826,0.6670498084291188,0.9841269841269841,0.3563218390804598,0.5232067510548524,0.29821142960347563,0.24580000000000002
0.62,0.12,0.4840182648401826,0.6670498084291188,0.9841269841269841,0.3563218390804598,0.5232067510548524,0.29821142960347563,0.24680000000000002
0.65,0.14,0.4840182648401826,0.6670498084291188,0.9841269841269841,0.3563218390804598,0.5232067510548524,0.29821142960347563,0.2521
0.66,0.15,0.4840182648401826,0.6670498084291188,0.9841269841269841,0.3563218390804598,0.5232067510548524,0.29821142960347563,0.2521
0.64,0.13,0.4840182648401826,0.6670498084291188,0.9841269841269841,0.3563218390804598,0.5232067510548524,0.29821142960347563,0.2525
0.63,0.12,0.4840182648401826,0.6670498084291188,0.9841269841269841,0.3563218390804598,0.5232067510548524,0.29821142960347563,0.2533
0.62,0.11,0.4840182648401826,0.6670498084291188,0.9841269841269841,0.3563218390804598,0.5232067510548524,0.29821142960347563,0.2545
0.66,0.14,0.4840182648401826,0.6670498084291188,0.9841269841269841,0.3563218390804598,0.5232067510548524,0.29821142960347563,0.2592
0.65,0.13,0.4840182648401826,0.6670498084291188,0.9841269841269841,0.3563218390804598,0.5232067510548524,0.29821142960347563,0.2594
0.64,0.12,0.4840182648401826,0.6670498084291188,0.9841269841269841,0.3563218390804598,0.5232067510548524,0.29821142960347563,0.26
0.63,0.11,0.4840182648401826,0.6670498084291188,0.9841269841269841,0.3563218390804598,0.5232067510548524,0.29821142960347563,0.261
0.62,0.1,0.4840182648401826,0.6670498084291188,0.9841269841269841,0.3563218390804598,0.5232067510548524,0.29821142960347563,0.2624
0.66,0.13,0.4840182648401826,0.6670498084291188,0.9841269841269841,0.3563218390804598,0.5232067510548524,0.29821142960347563,0.2665
0.65,0.12,0.4840182648401826,0.6670498084291188,0.9841269841269841,0.3563218390804598,0.5232067510548524,0.29821142960347563,0.2669
0.64,0.11,0.4840182648401826,0.6670498084291188,0.9841269841269841,0.3563218390804598,0.5232067510548524,0.29821142960347563,0.26770000000000005
0.63,0.1,0.4840182648401826,0.6670498084291188,0.9841269841269841,0.3563218390804598,0.5232067510548524,0.29821142960347563,0.26890000000000003
0.62,0.09,0.4840182648401826,0.6670498084291188,0.9841269841269841,0.3563218390804598,0.5232067510548524,0.29821142960347563,0.2705
0.66,0.12,0.4840182648401826,0.6670498084291188,0.9841269841269841,0.3563218390804598,0.5232067510548524,0.29821142960347563,0.274
0.65,0.11,0.4840182648401826,0.6670498084291188,0.9841269841269841,0.3563218390804598,0.5232067510548524,0.29821142960347563,0.27460000000000007
0.64,0.1,0.4840182648401826,0.6670498084291188,0.9841269841269841,0.3563218390804598,0.5232067510548524,0.29821142960347563,0.27560000000000007
0.63,0.09,0.4840182648401826,0.6670498084291188,0.9841269841269841,0.3563218390804598,0.5232067510548524,0.29821142960347563,0.277
0.62,0.08,0.4840182648401826,0.6670498084291188,0.9841269841269841,0.3563218390804598,0.5232067510548524,0.29821142960347563,0.2788
0.66,0.11,0.4840182648401826,0.6670498084291188,0.9841269841269841,0.3563218390804598,0.5232067510548524,0.29821142960347563,0.28170000000000006
0.65,0.1,0.4840182648401826,0.6670498084291188,0.9841269841269841,0.3563218390804598,0.5232067510548524,0.29821142960347563,0.2825000000000001
0.64,0.09,0.4840182648401826,0.6670498084291188,0.9841269841269841,0.3563218390804598,0.5232067510548524,0.29821142960347563,0.28370000000000006
0.63,0.08,0.4840182648401826,0.6670498084291188,0.9841269841269841,0.3563218390804598,0.5232067510548524,0.29821142960347563,0.2853
0.62,0.07,0.4840182648401826,0.6670498084291188,0.9841269841269841,0.3563218390804598,0.5232067510548524,0.29821142960347563,0.2873
0.66,0.1,0.4840182648401826,0.6670498084291188,0.9841269841269841,0.3563218390804598,0.5232067510548524,0.29821142960347563,0.2896000000000001
0.65,0.09,0.4840182648401826,0.6670498084291188,0.9841269841269841,0.3563218390804598,0.5232067510548524,0.29821142960347563,0.2906000000000001
0.64,0.08,0.4840182648401826,0.6670498084291188,0.9841269841269841,0.3563218390804598,0.5232067510548524,0.29821142960347563,0.292
0.63,0.07,0.4840182648401826,0.6670498084291188,0.9841269841269841,0.3563218390804598,0.5232067510548524,0.29821142960347563,0.2938
0.62,0.06,0.4840182648401826,0.6670498084291188,0.9841269841269841,0.3563218390804598,0.5232067510548524,0.29821142960347563,0.296
0.66,0.09,0.4840182648401826,0.6670498084291188,0.9841269841269841,0.3563218390804598,0.5232067510548524,0.29821142960347563,0.2977000000000001
0.65,0.08,0.4840182648401826,0.6670498084291188,0.9841269841269841,0.3563218390804598,0.5232067510548524,0.29821142960347563,0.2989
0.64,0.07,0.4840182648401826,0.6670498084291188,0.9841269841269841,0.3563218390804598,0.5232067510548524,0.29821142960347563,0.3005
0.63,0.06,0.4840182648401826,0.6670498084291188,0.9841269841269841,0.3563218390804598,0.5232067510548524,0.29821142960347563,0.3025
0.62,0.05,0.4840182648401826,0.6670498084291188,0.9841269841269841,0.3563218390804598,0.5232067510548524,0.29821142960347563,0.3049
0.66,0.08,0.4840182648401826,0.6670498084291188,0.9841269841269841,0.3563218390804598,0.5232067510548524,0.29821142960347563,0.306
0.65,0.07,0.4840182648401826,0.6670498084291188,0.9841269841269841,0.3563218390804598,0.5232067510548524,0.29821142960347563,0.3074
0.64,0.06,0.4840182648401826,0.6670498084291188,0.9841269841269841,0.3563218390804598,0.5232067510548524,0.29821142960347563,0.30920000000000003
0.63,0.05,0.4840182648401826,0.6670498084291188,0.9841269841269841,0.3563218390804598,0.5232067510548524,0.29821142960347563,0.3114
0.62,0.04,0.4840182648401826,0.6670498084291188,0.9841269841269841,0.3563218390804598,0.5232067510548524,0.29821142960347563,0.314
0.66,0.07,0.4840182648401826,0.6670498084291188,0.9841269841269841,0.3563218390804598,0.5232067510548524,0.29821142960347563,0.3145
0.65,0.06,0.4840182648401826,0.6670498084291188,0.9841269841269841,0.3563218390804598,0.5232067510548524,0.29821142960347563,0.31610000000000005
0.64,0.05,0.4840182648401826,0.6670498084291188,0.9841269841269841,0.3563218390804598,0.5232067510548524,0.29821142960347563,0.31810000000000005
0.63,0.04,0.4840182648401826,0.6670498084291188,0.9841269841269841,0.3563218390804598,0.5232067510548524,0.29821142960347563,0.3205
0.66,0.06,0.4840182648401826,0.6670498084291188,0.9841269841269841,0.3563218390804598,0.5232067510548524,0.29821142960347563,0.32320000000000004
0.62,0.03,0.4840182648401826,0.6670498084291188,0.9841269841269841,0.3563218390804598,0.5232067510548524,0.29821142960347563,0.3233
0.65,0.05,0.4840182648401826,0.6670498084291188,0.9841269841269841,0.3563218390804598,0.5232067510548524,0.29821142960347563,0.32500000000000007
0.64,0.04,0.4840182648401826,0.6670498084291188,0.9841269841269841,0.3563218390804598,0.5232067510548524,0.29821142960347563,0.32720000000000005
0.63,0.03,0.4840182648401826,0.6670498084291188,0.9841269841269841,0.3563218390804598,0.5232067510548524,0.29821142960347563,0.3298
0.66,0.05,0.4840182648401826,0.6670498084291188,0.9841269841269841,0.3563218390804598,0.5232067510548524,0.29821142960347563,0.33210000000000006
0.62,0.02,0.4840182648401826,0.6670498084291188,0.9841269841269841,0.3563218390804598,0.5232067510548524,0.29821142960347563,0.3328
0.65,0.04,0.4840182648401826,0.6670498084291188,0.9841269841269841,0.3563218390804598,0.5232067510548524,0.29821142960347563,0.33410000000000006
0.64,0.03,0.4840182648401826,0.6670498084291188,0.9841269841269841,0.3563218390804598,0.5232067510548524,0.29821142960347563,0.3365
0.63,0.02,0.4840182648401826,0.6670498084291188,0.9841269841269841,0.3563218390804598,0.5232067510548524,0.29821142960347563,0.3393
0.66,0.04,0.4840182648401826,0.6670498084291188,0.9841269841269841,0.3563218390804598,0.5232067510548524,0.29821142960347563,0.34120000000000006
0.62,0.01,0.4840182648401826,0.6670498084291188,0.9841269841269841,0.3563218390804598,0.5232067510548524,0.29821142960347563,0.34249999999999997
0.65,0.03,0.4840182648401826,0.6670498084291188,0.9841269841269841,0.3563218390804598,0.5232067510548524,0.29821142960347563,0.34340000000000004
0.64,0.02,0.4840182648401826,0.6670498084291188,0.9841269841269841,0.3563218390804598,0.5232067510548524,0.29821142960347563,0.34600000000000003
0.63,0.01,0.4840182648401826,0.6670498084291188,0.9841269841269841,0.3563218390804598,0.5232067510548524,0.29821142960347563,0.349
0.66,0.03,0.4840182648401826,0.6670498084291188,0.9841269841269841,0.3563218390804598,0.5232067510548524,0.29821142960347563,0.35050000000000003
0.62,0.0,0.4840182648401826,0.6670498084291188,0.9841269841269841,0.3563218390804598,0.5232067510548524,0.29821142960347563,0.3524
0.65,0.02,0.4840182648401826,0.6670498084291188,0.9841269841269841,0.3563218390804598,0.5232067510548524,0.29821142960347563,0.3529
0.64,0.01,0.4840182648401826,0.6670498084291188,0.9841269841269841,0.3563218390804598,0.5232067510548524,0.29821142960347563,0.3557
0.63,0.0,0.4840182648401826,0.6670498084291188,0.9841269841269841,0.3563218390804598,0.5232067510548524,0.29821142960347563,0.3589
0.66,0.02,0.4840182648401826,0.6670498084291188,0.9841269841269841,0.3563218390804598,0.5232067510548524,0.29821142960347563,0.36
0.65,0.01,0.4840182648401826,0.6670498084291188,0.9841269841269841,0.3563218390804598,0.5232067510548524,0.29821142960347563,0.36260000000000003
0.64,0.0,0.4840182648401826,0.6670498084291188,0.9841269841269841,0.3563218390804598,0.5232067510548524,0.29821142960347563,0.36560000000000004
0.66,0.01,0.4840182648401826,0.6670498084291188,0.9841269841269841,0.3563218390804598,0.5232067510548524,0.29821142960347563,0.36970000000000003
0.65,0.0,0.4840182648401826,0.6670498084291188,0.9841269841269841,0.3563218390804598,0.5232067510548524,0.29821142960347563,0.37250000000000005
0.66,0.0,0.4840182648401826,0.6670498084291188,0.9841269841269841,0.3563218390804598,0.5232067510548524,0.29821142960347563,0.37960000000000005
0.34,0.48,0.4703196347031963,0.6666666666666666,1.0,0.3333333333333333,0.5,0.30523384783367985,0.0020000000000000035
0.33,0.54,0.4703196347031963,0.6666666666666666,1.0,0.3333333333333333,0.5,0.30523384783367985,0.0025000000000000044
0.35,0.48,0.4703196347031963,0.6666666666666666,1.0,0.3333333333333333,0.5,0.30523384783367985,0.0028999999999999994
0.33,0.55,0.4703196347031963,0.6666666666666666,1.0,0.3333333333333333,0.5,0.30523384783367985,0.003400000000000006
0.27,0.57,0.4703196347031963,0.6666666666666666,1.0,0.3333333333333333,0.5,0.30523384783367985,0.005799999999999991
0.26,0.57,0.4703196347031963,0.6666666666666666,1.0,0.3333333333333333,0.5,0.30523384783367985,0.006499999999999991
0.25,0.57,0.4703196347031963,0.6666666666666666,1.0,0.3333333333333333,0.5,0.30523384783367985,0.007399999999999992
0.24,0.57,0.4703196347031963,0.6666666666666666,1.0,0.3333333333333333,0.5,0.30523384783367985,0.008499999999999994
0.23,0.57,0.4703196347031963,0.6666666666666666,1.0,0.3333333333333333,0.5,0.30523384783367985,0.00979999999999999
0.22,0.57,0.4703196347031963,0.6666666666666666,1.0,0.3333333333333333,0.5,0.30523384783367985,0.01129999999999999
0.21,0.57,0.4703196347031963,0.6666666666666666,1.0,0.3333333333333333,0.5,0.30523384783367985,0.012999999999999992
0.2,0.57,0.4703196347031963,0.6666666666666666,1.0,0.3333333333333333,0.5,0.30523384783367985,0.014899999999999988
0.19,0.57,0.4703196347031963,0.6666666666666666,1.0,0.3333333333333333,0.5,0.30523384783367985,0.01699999999999999
0.18,0.57,0.4703196347031963,0.6666666666666666,1.0,0.3333333333333333,0.5,0.30523384783367985,0.01929999999999999
0.17,0.57,0.4703196347031963,0.6666666666666666,1.0,0.3333333333333333,0.5,0.30523384783367985,0.021799999999999986
0.16,0.57,0.4703196347031963,0.6666666666666666,1.0,0.3333333333333333,0.5,0.30523384783367985,0.024499999999999987
0.15,0.57,0.4703196347031963,0.6666666666666666,1.0,0.3333333333333333,0.5,0.30523384783367985,0.027399999999999994
0.14,0.57,0.4703196347031963,0.6666666666666666,1.0,0.3333333333333333,0.5,0.30523384783367985,0.030499999999999985
0.13,0.57,0.4703196347031963,0.6666666666666666,1.0,0.3333333333333333,0.5,0.30523384783367985,0.03379999999999999
0.12,0.57,0.4703196347031963,0.6666666666666666,1.0,0.3333333333333333,0.5,0.30523384783367985,0.03729999999999999
0.11,0.57,0.4703196347031963,0.6666666666666666,1.0,0.3333333333333333,0.5,0.30523384783367985,0.040999999999999995
0.1,0.57,0.4703196347031963,0.6666666666666666,1.0,0.3333333333333333,0.5,0.30523384783367985,0.04489999999999999
0.09,0.57,0.4703196347031963,0.6666666666666666,1.0,0.3333333333333333,0.5,0.30523384783367985,0.04899999999999999
0.08,0.57,0.4703196347031963,0.6666666666666666,1.0,0.3333333333333333,0.5,0.30523384783367985,0.053299999999999986
0.07,0.57,0.4703196347031963,0.6666666666666666,1.0,0.3333333333333333,0.5,0.30523384783367985,0.05779999999999998
0.06,0.57,0.4703196347031963,0.6666666666666666,1.0,0.3333333333333333,0.5,0.30523384783367985,0.06249999999999999
0.54,0.43,0.4703196347031963,0.6666666666666666,1.0,0.3333333333333333,0.5,0.30523384783367985,0.06250000000000001
0.05,0.57,0.4703196347031963,0.6666666666666666,1.0,0.3333333333333333,0.5,0.30523384783367985,0.06739999999999999
0.55,0.43,0.4703196347031963,0.6666666666666666,1.0,0.3333333333333333,0.5,0.30523384783367985,0.06740000000000003
0.04,0.57,0.4703196347031963,0.6666666666666666,1.0,0.3333333333333333,0.5,0.30523384783367985,0.0725
0.03,0.57,0.4703196347031963,0.6666666666666666,1.0,0.3333333333333333,0.5,0.30523384783367985,0.0778
0.02,0.57,0.4703196347031963,0.6666666666666666,1.0,0.3333333333333333,0.5,0.30523384783367985,0.08329999999999997
0.01,0.57,0.4703196347031963,0.6666666666666666,1.0,0.3333333333333333,0.5,0.30523384783367985,0.08899999999999998
0.0,0.57,0.4703196347031963,0.6666666666666666,1.0,0.3333333333333333,0.5,0.30523384783367985,0.09489999999999998
0.56,0.3,0.4703196347031963,0.6666666666666666,1.0,0.3333333333333333,0.5,0.30523384783367985,0.10760000000000004
0.56,0.29,0.4703196347031963,0.6666666666666666,1.0,0.3333333333333333,0.5,0.30523384783367985,0.11170000000000005
0.57,0.3,0.4703196347031963,0.6666666666666666,1.0,0.3333333333333333,0.5,0.30523384783367985,0.11289999999999999
0.57,0.29,0.4703196347031963,0.6666666666666666,1.0,0.3333333333333333,0.5,0.30523384783367985,0.11699999999999999
0.58,0.28,0.4703196347031963,0.6666666666666666,1.0,0.3333333333333333,0.5,0.30523384783367985,0.12679999999999997
0.58,0.27,0.4703196347031963,0.6666666666666666,1.0,0.3333333333333333,0.5,0.30523384783367985,0.13129999999999997
0.58,0.26,0.4703196347031963,0.6666666666666666,1.0,0.3333333333333333,0.5,0.30523384783367985,0.13599999999999998
0.77,0.24,0.4703196347031963,0.6666666666666666,1.0,0.3333333333333333,0.5,0.30523384783367985,0.28850000000000003
0.77,0.23,0.4703196347031963,0.6666666666666666,1.0,0.3333333333333333,0.5,0.30523384783367985,0.29380000000000006
0.78,0.24,0.4703196347031963,0.6666666666666666,1.0,0.3333333333333333,0.5,0.30523384783367985,0.29800000000000004
0.77,0.22,0.4703196347031963,0.6666666666666666,1.0,0.3333333333333333,0.5,0.30523384783367985,0.29930000000000007
0.78,0.23,0.4703196347031963,0.6666666666666666,1.0,0.3333333333333333,0.5,0.30523384783367985,0.30330000000000007
0.77,0.21,0.4703196347031963,0.6666666666666666,1.0,0.3333333333333333,0.5,0.30523384783367985,0.30500000000000005
0.79,0.24,0.4703196347031963,0.6666666666666666,1.0,0.3333333333333333,0.5,0.30523384783367985,0.30770000000000003
0.78,0.22,0.4703196347031963,0.6666666666666666,1.0,0.3333333333333333,0.5,0.30523384783367985,0.3088000000000001
0.77,0.2,0.4703196347031963,0.6666666666666666,1.0,0.3333333333333333,0.5,0.30523384783367985,0.31090000000000007
0.79,0.23,0.4703196347031963,0.6666666666666666,1.0,0.3333333333333333,0.5,0.30523384783367985,0.31300000000000006
0.78,0.21,0.4703196347031963,0.6666666666666666,1.0,0.3333333333333333,0.5,0.30523384783367985,0.31450000000000006
0.77,0.19,0.4703196347031963,0.6666666666666666,1.0,0.3333333333333333,0.5,0.30523384783367985,0.31700000000000006
0.8,0.24,0.4703196347031963,0.6666666666666666,1.0,0.3333333333333333,0.5,0.30523384783367985,0.3176
0.79,0.22,0.4703196347031963,0.6666666666666666,1.0,0.3333333333333333,0.5,0.30523384783367985,0.31850000000000006
0.78,0.2,0.4703196347031963,0.6666666666666666,1.0,0.3333333333333333,0.5,0.30523384783367985,0.3204
0.8,0.23,0.4703196347031963,0.6666666666666666,1.0,0.3333333333333333,0.5,0.30523384783367985,0.3229
0.77,0.18,0.4703196347031963,0.6666666666666666,1.0,0.3333333333333333,0.5,0.30523384783367985,0.32330000000000003
0.79,0.21,0.4703196347031963,0.6666666666666666,1.0,0.3333333333333333,0.5,0.30523384783367985,0.32420000000000004
0.78,0.19,0.4703196347031963,0.6666666666666666,1.0,0.3333333333333333,0.5,0.30523384783367985,0.32650000000000007
0.8,0.22,0.4703196347031963,0.6666666666666666,1.0,0.3333333333333333,0.5,0.30523384783367985,0.3284
0.77,0.17,0.4703196347031963,0.6666666666666666,1.0,0.3333333333333333,0.5,0.30523384783367985,0.3298
0.79,0.2,0.4703196347031963,0.6666666666666666,1.0,0.3333333333333333,0.5,0.30523384783367985,0.33010000000000006
0.78,0.18,0.4703196347031963,0.6666666666666666,1.0,0.3333333333333333,0.5,0.30523384783367985,0.33280000000000004
0.8,0.21,0.4703196347031963,0.6666666666666666,1.0,0.3333333333333333,0.5,0.30523384783367985,0.3341
0.79,0.19,0.4703196347031963,0.6666666666666666,1.0,0.3333333333333333,0.5,0.30523384783367985,0.33620000000000005
0.77,0.16,0.4703196347031963,0.6666666666666666,1.0,0.3333333333333333,0.5,0.30523384783367985,0.3365
0.78,0.17,0.4703196347031963,0.6666666666666666,1.0,0.3333333333333333,0.5,0.30523384783367985,0.33930000000000005
0.8,0.2,0.4703196347031963,0.6666666666666666,1.0,0.3333333333333333,0.5,0.30523384783367985,0.33999999999999997
0.79,0.18,0.4703196347031963,0.6666666666666666,1.0,0.3333333333333333,0.5,0.30523384783367985,0.3425
0.77,0.15,0.4703196347031963,0.6666666666666666,1.0,0.3333333333333333,0.5,0.30523384783367985,0.34340000000000004
0.78,0.16,0.4703196347031963,0.6666666666666666,1.0,0.3333333333333333,0.5,0.30523384783367985,0.34600000000000003
0.8,0.19,0.4703196347031963,0.6666666666666666,1.0,0.3333333333333333,0.5,0.30523384783367985,0.3461
0.79,0.17,0.4703196347031963,0.6666666666666666,1.0,0.3333333333333333,0.5,0.30523384783367985,0.349
0.77,0.14,0.4703196347031963,0.6666666666666666,1.0,0.3333333333333333,0.5,0.30523384783367985,0.35050000000000003
0.8,0.18,0.4703196347031963,0.6666666666666666,1.0,0.3333333333333333,0.5,0.30523384783367985,0.3524
0.78,0.15,0.4703196347031963,0.6666666666666666,1.0,0.3333333333333333,0.5,0.30523384783367985,0.35290000000000005
0.79,0.16,0.4703196347031963,0.6666666666666666,1.0,0.3333333333333333,0.5,0.30523384783367985,0.3557
0.77,0.13,0.4703196347031963,0.6666666666666666,1.0,0.3333333333333333,0.5,0.30523384783367985,0.3578
0.8,0.17,0.4703196347031963,0.6666666666666666,1.0,0.3333333333333333,0.5,0.30523384783367985,0.3589
0.78,0.14,0.4703196347031963,0.6666666666666666,1.0,0.3333333333333333,0.5,0.30523384783367985,0.36000000000000004
0.79,0.15,0.4703196347031963,0.6666666666666666,1.0,0.3333333333333333,0.5,0.30523384783367985,0.36260000000000003
0.77,0.12,0.4703196347031963,0.6666666666666666,1.0,0.3333333333333333,0.5,0.30523384783367985,0.36530000000000007
0.8,0.16,0.4703196347031963,0.6666666666666666,1.0,0.3333333333333333,0.5,0.30523384783367985,0.3656
0.78,0.13,0.4703196347031963,0.6666666666666666,1.0,0.3333333333333333,0.5,0.30523384783367985,0.36730000000000007
0.79,0.14,0.4703196347031963,0.6666666666666666,1.0,0.3333333333333333,0.5,0.30523384783367985,0.36970000000000003
0.8,0.15,0.4703196347031963,0.6666666666666666,1.0,0.3333333333333333,0.5,0.30523384783367985,0.3725
0.77,0.11,0.4703196347031963,0.6666666666666666,1.0,0.3333333333333333,0.5,0.30523384783367985,0.37300000000000005
0.78,0.12,0.4703196347031963,0.6666666666666666,1.0,0.3333333333333333,0.5,0.30523384783367985,0.3748
0.79,0.13,0.4703196347031963,0.6666666666666666,1.0,0.3333333333333333,0.5,0.30523384783367985,0.377
0.8,0.14,0.4703196347031963,0.6666666666666666,1.0,0.3333333333333333,0.5,0.30523384783367985,0.3796
0.77,0.1,0.4703196347031963,0.6666666666666666,1.0,0.3333333333333333,0.5,0.30523384783367985,0.38090000000000007
0.78,0.11,0.4703196347031963,0.6666666666666666,1.0,0.3333333333333333,0.5,0.30523384783367985,0.38250000000000006
0.79,0.12,0.4703196347031963,0.6666666666666666,1.0,0.3333333333333333,0.5,0.30523384783367985,0.38450000000000006
0.8,0.13,0.4703196347031963,0.6666666666666666,1.0,0.3333333333333333,0.5,0.30523384783367985,0.3869
0.77,0.09,0.4703196347031963,0.6666666666666666,1.0,0.3333333333333333,0.5,0.30523384783367985,0.38900000000000007
0.78,0.1,0.4703196347031963,0.6666666666666666,1.0,0.3333333333333333,0.5,0.30523384783367985,0.3904000000000001
0.79,0.11,0.4703196347031963,0.6666666666666666,1.0,0.3333333333333333,0.5,0.30523384783367985,0.39220000000000005
0.8,0.12,0.4703196347031963,0.6666666666666666,1.0,0.3333333333333333,0.5,0.30523384783367985,0.3944
0.77,0.08,0.4703196347031963,0.6666666666666666,1.0,0.3333333333333333,0.5,0.30523384783367985,0.3973
0.78,0.09,0.4703196347031963,0.6666666666666666,1.0,0.3333333333333333,0.5,0.30523384783367985,0.3985000000000001
0.79,0.1,0.4703196347031963,0.6666666666666666,1.0,0.3333333333333333,0.5,0.30523384783367985,0.40010000000000007
0.8,0.11,0.4703196347031963,0.6666666666666666,1.0,0.3333333333333333,0.5,0.30523384783367985,0.4021
0.77,0.07,0.4703196347031963,0.6666666666666666,1.0,0.3333333333333333,0.5,0.30523384783367985,0.40580000000000005
0.78,0.08,0.4703196347031963,0.6666666666666666,1.0,0.3333333333333333,0.5,0.30523384783367985,0.40680000000000005
0.79,0.09,0.4703196347031963,0.6666666666666666,1.0,0.3333333333333333,0.5,0.30523384783367985,0.40820000000000006
0.8,0.1,0.4703196347031963,0.6666666666666666,1.0,0.3333333333333333,0.5,0.30523384783367985,0.41000000000000003
0.77,0.06,0.4703196347031963,0.6666666666666666,1.0,0.3333333333333333,0.5,0.30523384783367985,0.41450000000000004
0.78,0.07,0.4703196347031963,0.6666666666666666,1.0,0.3333333333333333,0.5,0.30523384783367985,0.4153
0.79,0.08,0.4703196347031963,0.6666666666666666,1.0,0.3333333333333333,0.5,0.30523384783367985,0.4165
0.8,0.09,0.4703196347031963,0.6666666666666666,1.0,0.3333333333333333,0.5,0.30523384783367985,0.4181
0.77,0.05,0.4703196347031963,0.6666666666666666,1.0,0.3333333333333333,0.5,0.30523384783367985,0.42340000000000005
0.78,0.06,0.4703196347031963,0.6666666666666666,1.0,0.3333333333333333,0.5,0.30523384783367985,0.42400000000000004
0.79,0.07,0.4703196347031963,0.6666666666666666,1.0,0.3333333333333333,0.5,0.30523384783367985,0.42500000000000004
0.8,0.08,0.4703196347031963,0.6666666666666666,1.0,0.3333333333333333,0.5,0.30523384783367985,0.4264
0.77,0.04,0.4703196347031963,0.6666666666666666,1.0,0.3333333333333333,0.5,0.30523384783367985,0.43250000000000005
0.78,0.05,0.4703196347031963,0.6666666666666666,1.0,0.3333333333333333,0.5,0.30523384783367985,0.43290000000000006
0.79,0.06,0.4703196347031963,0.6666666666666666,1.0,0.3333333333333333,0.5,0.30523384783367985,0.43370000000000003
0.8,0.07,0.4703196347031963,0.6666666666666666,1.0,0.3333333333333333,0.5,0.30523384783367985,0.43489999999999995
0.77,0.03,0.4703196347031963,0.6666666666666666,1.0,0.3333333333333333,0.5,0.30523384783367985,0.4418
0.78,0.04,0.4703196347031963,0.6666666666666666,1.0,0.3333333333333333,0.5,0.30523384783367985,0.44200000000000006
0.79,0.05,0.4703196347031963,0.6666666666666666,1.0,0.3333333333333333,0.5,0.30523384783367985,0.44260000000000005
0.8,0.06,0.4703196347031963,0.6666666666666666,1.0,0.3333333333333333,0.5,0.30523384783367985,0.4436
0.77,0.02,0.4703196347031963,0.6666666666666666,1.0,0.3333333333333333,0.5,0.30523384783367985,0.45130000000000003
0.78,0.03,0.4703196347031963,0.6666666666666666,1.0,0.3333333333333333,0.5,0.30523384783367985,0.45130000000000003
0.79,0.04,0.4703196347031963,0.6666666666666666,1.0,0.3333333333333333,0.5,0.30523384783367985,0.45170000000000005
0.8,0.05,0.4703196347031963,0.6666666666666666,1.0,0.3333333333333333,0.5,0.30523384783367985,0.4525
0.78,0.02,0.4703196347031963,0.6666666666666666,1.0,0.3333333333333333,0.5,0.30523384783367985,0.46080000000000004
0.77,0.01,0.4703196347031963,0.6666666666666666,1.0,0.3333333333333333,0.5,0.30523384783367985,0.461
0.79,0.03,0.4703196347031963,0.6666666666666666,1.0,0.3333333333333333,0.5,0.30523384783367985,0.461
0.8,0.04,0.4703196347031963,0.6666666666666666,1.0,0.3333333333333333,0.5,0.30523384783367985,0.4616
0.78,0.01,0.4703196347031963,0.6666666666666666,1.0,0.3333333333333333,0.5,0.30523384783367985,0.47050000000000003
0.79,0.02,0.4703196347031963,0.6666666666666666,1.0,0.3333333333333333,0.5,0.30523384783367985,0.47050000000000003
0.8,0.03,0.4703196347031963,0.6666666666666666,1.0,0.3333333333333333,0.5,0.30523384783367985,0.4709
0.77,0.0,0.4703196347031963,0.6666666666666666,1.0,0.3333333333333333,0.5,0.30523384783367985,0.47090000000000004
0.79,0.01,0.4703196347031963,0.6666666666666666,1.0,0.3333333333333333,0.5,0.30523384783367985,0.4802
0.8,0.02,0.4703196347031963,0.6666666666666666,1.0,0.3333333333333333,0.5,0.30523384783367985,0.4804
0.78,0.0,0.4703196347031963,0.6666666666666666,1.0,0.3333333333333333,0.5,0.30523384783367985,0.48040000000000005
0.8,0.01,0.4703196347031963,0.6666666666666666,1.0,0.3333333333333333,0.5,0.30523384783367985,0.4901
0.79,0.0,0.4703196347031963,0.6666666666666666,1.0,0.3333333333333333,0.5,0.30523384783367985,0.49010000000000004
0.8,0.0,0.4703196347031963,0.6666666666666666,1.0,0.3333333333333333,0.5,0.30523384783367985,0.5
0.58,0.25,0.4794520547945205,0.6641762452107279,0.9838709677419355,0.3505747126436782,0.5169491525423728,0.29449337190069635,0.14089999999999997
0.34,0.5,0.4657534246575342,0.6637931034482758,1.0,0.3275862068965517,0.4935064935064935,0.3016557120002462,0.001600000000000003
0.34,0.49,0.4657534246575342,0.6637931034482758,1.0,0.3275862068965517,0.4935064935064935,0.3016557120002462,0.0017000000000000032
0.35,0.5,0.4657534246575342,0.6637931034482758,1.0,0.3275862068965517,0.4935064935064935,0.3016557120002462,0.0024999999999999988
0.35,0.49,0.4657534246575342,0.6637931034482758,1.0,0.3275862068965517,0.4935064935064935,0.3016557120002462,0.002599999999999999
0.29,0.57,0.4657534246575342,0.6637931034482758,1.0,0.3275862068965517,0.4935064935064935,0.3016557120002462,0.004999999999999993
0.28,0.57,0.4657534246575342,0.6637931034482758,1.0,0.3275862068965517,0.4935064935064935,0.3016557120002462,0.005299999999999991
0.58,0.3,0.4657534246575342,0.6637931034482758,1.0,0.3275862068965517,0.4935064935064935,0.3016557120002462,0.11839999999999999
0.58,0.29,0.4657534246575342,0.6637931034482758,1.0,0.3275862068965517,0.4935064935064935,0.3016557120002462,0.1225
0.59,0.28,0.4657534246575342,0.6637931034482758,1.0,0.3275862068965517,0.4935064935064935,0.3016557120002462,0.13249999999999998
0.59,0.27,0.4657534246575342,0.6637931034482758,1.0,0.3275862068965517,0.4935064935064935,0.3016557120002462,0.13699999999999998
0.59,0.26,0.4657534246575342,0.6637931034482758,1.0,0.3275862068965517,0.4935064935064935,0.3016557120002462,0.1417
0.59,0.25,0.4748858447488584,0.6613026819923371,0.9836065573770492,0.3448275862068966,0.5106382978723404,0.2907762987712193,0.1466
0.34,0.51,0.4611872146118721,0.6609195402298851,1.0,0.3218390804597701,0.48695652173913045,0.298079318104312,0.0017000000000000032
0.35,0.51,0.4611872146118721,0.6609195402298851,1.0,0.3218390804597701,0.48695652173913045,0.298079318104312,0.002599999999999999
0.36,0.48,0.4611872146118721,0.6609195402298851,1.0,0.3218390804597701,0.48695652173913045,0.298079318104312,0.004000000000000001
0.3,0.57,0.4611872146118721,0.6609195402298851,1.0,0.3218390804597701,0.48695652173913045,0.298079318104312,0.004899999999999993
0.31,0.57,0.4611872146118721,0.6609195402298851,1.0,0.3218390804597701,0.48695652173913045,0.298079318104312,0.004999999999999993
0.56,0.39,0.4611872146118721,0.6609195402298851,1.0,0.3218390804597701,0.48695652173913045,0.298079318104312,0.07970000000000003
0.56,0.38,0.4611872146118721,0.6609195402298851,1.0,0.3218390804597701,0.48695652173913045,0.298079318104312,0.08200000000000003
0.56,0.37,0.4611872146118721,0.6609195402298851,1.0,0.3218390804597701,0.48695652173913045,0.298079318104312,0.08450000000000003
0.57,0.39,0.4611872146118721,0.6609195402298851,1.0,0.3218390804597701,0.48695652173913045,0.298079318104312,0.08499999999999998
0.56,0.36,0.4611872146118721,0.6609195402298851,1.0,0.3218390804597701,0.48695652173913045,0.298079318104312,0.08720000000000004
0.57,0.38,0.4611872146118721,0.6609195402298851,1.0,0.3218390804597701,0.48695652173913045,0.298079318104312,0.08729999999999997
0.57,0.37,0.4611872146118721,0.6609195402298851,1.0,0.3218390804597701,0.48695652173913045,0.298079318104312,0.08979999999999998
0.56,0.35,0.4611872146118721,0.6609195402298851,1.0,0.3218390804597701,0.48695652173913045,0.298079318104312,0.09010000000000004
0.57,0.36,0.4611872146118721,0.6609195402298851,1.0,0.3218390804597701,0.48695652173913045,0.298079318104312,0.09249999999999999
0.56,0.34,0.4611872146118721,0.6609195402298851,1.0,0.3218390804597701,0.48695652173913045,0.298079318104312,0.09320000000000003
0.57,0.35,0.4611872146118721,0.6609195402298851,1.0,0.3218390804597701,0.48695652173913045,0.298079318104312,0.09539999999999998
0.56,0.33,0.4611872146118721,0.6609195402298851,1.0,0.3218390804597701,0.48695652173913045,0.298079318104312,0.09650000000000003
0.57,0.34,0.4611872146118721,0.6609195402298851,1.0,0.3218390804597701,0.48695652173913045,0.298079318104312,0.09849999999999998
0.56,0.32,0.4611872146118721,0.6609195402298851,1.0,0.3218390804597701,0.48695652173913045,0.298079318104312,0.10000000000000003
0.57,0.33,0.4611872146118721,0.6609195402298851,1.0,0.3218390804597701,0.48695652173913045,0.298079318104312,0.10179999999999997
0.56,0.31,0.4611872146118721,0.6609195402298851,1.0,0.3218390804597701,0.48695652173913045,0.298079318104312,0.10370000000000004
0.57,0.32,0.4611872146118721,0.6609195402298851,1.0,0.3218390804597701,0.48695652173913045,0.298079318104312,0.10529999999999998
0.57,0.31,0.4611872146118721,0.6609195402298851,1.0,0.3218390804597701,0.48695652173913045,0.298079318104312,0.10899999999999999
0.59,0.3,0.4611872146118721,0.6609195402298851,1.0,0.3218390804597701,0.48695652173913045,0.298079318104312,0.1241
0.59,0.29,0.4611872146118721,0.6609195402298851,1.0,0.3218390804597701,0.48695652173913045,0.298079318104312,0.1282
0.6,0.28,0.4611872146118721,0.6609195402298851,1.0,0.3218390804597701,0.48695652173913045,0.298079318104312,0.1384
0.6,0.27,0.4611872146118721,0.6609195402298851,1.0,0.3218390804597701,0.48695652173913045,0.298079318104312,0.14289999999999997
0.6,0.26,0.4611872146118721,0.6609195402298851,1.0,0.3218390804597701,0.48695652173913045,0.298079318104312,0.1476
0.67,0.25,0.4611872146118721,0.6609195402298851,1.0,0.3218390804597701,0.48695652173913045,0.298079318104312,0.19940000000000005
0.68,0.25,0.4611872146118721,0.6609195402298851,1.0,0.3218390804597701,0.48695652173913045,0.298079318104312,0.20690000000000006
0.69,0.25,0.4611872146118721,0.6609195402298851,1.0,0.3218390804597701,0.48695652173913045,0.298079318104312,0.21459999999999996
0.6,0.25,0.4703196347031963,0.6584291187739464,0.9833333333333333,0.3390804597701149,0.5042735042735043,0.2870593491832183,0.1525
0.34,0.52,0.45662100456621,0.6580459770114943,1.0,0.3160919540229885,0.48034934497816595,0.29450390211331046,0.0020000000000000035
0.34,0.53,0.45662100456621,0.6580459770114943,1.0,0.3160919540229885,0.48034934497816595,0.29450390211331046,0.0025000000000000044
0.35,0.52,0.45662100456621,0.6580459770114943,1.0,0.3160919540229885,0.48034934497816595,0.29450390211331046,0.0028999999999999994
0.34,0.54,0.45662100456621,0.6580459770114943,1.0,0.3160919540229885,0.48034934497816595,0.29450390211331046,0.003200000000000006
0.35,0.53,0.45662100456621,0.6580459770114943,1.0,0.3160919540229885,0.48034934497816595,0.29450390211331046,0.0034000000000000002
0.36,0.5,0.45662100456621,0.6580459770114943,1.0,0.3160919540229885,0.48034934497816595,0.29450390211331046,0.0036
0.36,0.49,0.45662100456621,0.6580459770114943,1.0,0.3160919540229885,0.48034934497816595,0.29450390211331046,0.0037
0.36,0.51,0.45662100456621,0.6580459770114943,1.0,0.3160919540229885,0.48034934497816595,0.29450390211331046,0.0037
0.35,0.54,0.45662100456621,0.6580459770114943,1.0,0.3160919540229885,0.48034934497816595,0.29450390211331046,0.004100000000000001
0.34,0.55,0.45662100456621,0.6580459770114943,1.0,0.3160919540229885,0.48034934497816595,0.29450390211331046,0.004100000000000007
0.35,0.55,0.45662100456621,0.6580459770114943,1.0,0.3160919540229885,0.48034934497816595,0.29450390211331046,0.005000000000000003
0.37,0.46,0.45662100456621,0.6580459770114943,1.0,0.3160919540229885,0.48034934497816595,0.29450390211331046,0.006499999999999999
0.37,0.45,0.45662100456621,0.6580459770114943,1.0,0.3160919540229885,0.48034934497816595,0.29450390211331046,0.0073999999999999995
0.37,0.44,0.45662100456621,0.6580459770114943,1.0,0.3160919540229885,0.48034934497816595,0.29450390211331046,0.0085
0.56,0.4,0.45662100456621,0.6580459770114943,1.0,0.3160919540229885,0.48034934497816595,0.29450390211331046,0.07760000000000003
0.57,0.4,0.45662100456621,0.6580459770114943,1.0,0.3160919540229885,0.48034934497816595,0.29450390211331046,0.08289999999999997
0.58,0.39,0.45662100456621,0.6580459770114943,1.0,0.3160919540229885,0.48034934497816595,0.29450390211331046,0.09049999999999998
0.58,0.38,0.45662100456621,0.6580459770114943,1.0,0.3160919540229885,0.48034934497816595,0.29450390211331046,0.09279999999999998
0.58,0.37,0.45662100456621,0.6580459770114943,1.0,0.3160919540229885,0.48034934497816595,0.29450390211331046,0.09529999999999998
0.58,0.36,0.45662100456621,0.6580459770114943,1.0,0.3160919540229885,0.48034934497816595,0.29450390211331046,0.09799999999999999
0.58,0.35,0.45662100456621,0.6580459770114943,1.0,0.3160919540229885,0.48034934497816595,0.29450390211331046,0.10089999999999999
0.58,0.34,0.45662100456621,0.6580459770114943,1.0,0.3160919540229885,0.48034934497816595,0.29450390211331046,0.10399999999999998
0.58,0.33,0.45662100456621,0.6580459770114943,1.0,0.3160919540229885,0.48034934497816595,0.29450390211331046,0.10729999999999998
0.58,0.32,0.45662100456621,0.6580459770114943,1.0,0.3160919540229885,0.48034934497816595,0.29450390211331046,0.11079999999999998
0.58,0.31,0.45662100456621,0.6580459770114943,1.0,0.3160919540229885,0.48034934497816595,0.29450390211331046,0.11449999999999999
0.6,0.3,0.45662100456621,0.6580459770114943,1.0,0.3160919540229885,0.48034934497816595,0.29450390211331046,0.13
0.6,0.29,0.45662100456621,0.6580459770114943,1.0,0.3160919540229885,0.48034934497816595,0.29450390211331046,0.1341
0.61,0.28,0.45662100456621,0.6580459770114943,1.0,0.3160919540229885,0.48034934497816595,0.29450390211331046,0.1445
0.61,0.27,0.45662100456621,0.6580459770114943,1.0,0.3160919540229885,0.48034934497816595,0.29450390211331046,0.149
0.61,0.26,0.45662100456621,0.6580459770114943,1.0,0.3160919540229885,0.48034934497816595,0.29450390211331046,0.1537
0.61,0.25,0.4657534246575342,0.6555555555555556,0.9830508474576272,0.3333333333333333,0.4978540772532189,0.2833416416196289,0.15860000000000002
0.36,0.52,0.4520547945205479,0.6551724137931034,1.0,0.3103448275862069,0.47368421052631576,0.29092868272585615,0.004000000000000001
0.32,0.56,0.4520547945205479,0.6551724137931034,1.0,0.3103448275862069,0.47368421052631576,0.29092868272585615,0.004000000000000007
0.36,0.53,0.4520547945205479,0.6551724137931034,1.0,0.3103448275862069,0.47368421052631576,0.29092868272585615,0.004500000000000001
0.36,0.54,0.4520547945205479,0.6551724137931034,1.0,0.3103448275862069,0.47368421052631576,0.29092868272585615,0.005200000000000003
0.32,0.57,0.4520547945205479,0.6551724137931034,1.0,0.3103448275862069,0.47368421052631576,0.29092868272585615,0.005299999999999994
0.37,0.48,0.4520547945205479,0.6551724137931034,1.0,0.3103448275862069,0.47368421052631576,0.29092868272585615,0.005300000000000002
0.37,0.47,0.4520547945205479,0.6551724137931034,1.0,0.3103448275862069,0.47368421052631576,0.29092868272585615,0.005800000000000002
0.36,0.55,0.4520547945205479,0.6551724137931034,1.0,0.3103448275862069,0.47368421052631576,0.29092868272585615,0.006100000000000005
0.38,0.46,0.4520547945205479,0.6551724137931034,1.0,0.3103448275862069,0.47368421052631576,0.29092868272585615,0.008000000000000002
0.38,0.45,0.4520547945205479,0.6551724137931034,1.0,0.3103448275862069,0.47368421052631576,0.29092868272585615,0.008900000000000002
0.39,0.46,0.4520547945205479,0.6551724137931034,1.0,0.3103448275862069,0.47368421052631576,0.29092868272585615,0.009700000000000004
0.38,0.44,0.4520547945205479,0.6551724137931034,1.0,0.3103448275862069,0.47368421052631576,0.29092868272585615,0.010000000000000002
0.39,0.45,0.4520547945205479,0.6551724137931034,1.0,0.3103448275862069,0.47368421052631576,0.29092868272585615,0.010600000000000004
0.4,0.46,0.4520547945205479,0.6551724137931034,1.0,0.3103448275862069,0.47368421052631576,0.29092868272585615,0.011600000000000006
0.39,0.44,0.4520547945205479,0.6551724137931034,1.0,0.3103448275862069,0.47368421052631576,0.29092868272585615,0.011700000000000006
0.4,0.45,0.4520547945205479,0.6551724137931034,1.0,0.3103448275862069,0.47368421052631576,0.29092868272585615,0.012500000000000006
0.4,0.44,0.4520547945205479,0.6551724137931034,1.0,0.3103448275862069,0.47368421052631576,0.29092868272585615,0.013600000000000008
0.41,0.46,0.4520547945205479,0.6551724137931034,1.0,0.3103448275862069,0.47368421052631576,0.29092868272585615,0.013699999999999997
0.41,0.45,0.4520547945205479,0.6551724137931034,1.0,0.3103448275862069,0.47368421052631576,0.29092868272585615,0.014599999999999997
0.41,0.44,0.4520547945205479,0.6551724137931034,1.0,0.3103448275862069,0.47368421052631576,0.29092868272585615,0.0157
0.42,0.46,0.4520547945205479,0.6551724137931034,1.0,0.3103448275862069,0.47368421052631576,0.29092868272585615,0.015999999999999997
0.42,0.45,0.4520547945205479,0.6551724137931034,1.0,0.3103448275862069,0.47368421052631576,0.29092868272585615,0.0169
0.42,0.44,0.4520547945205479,0.6551724137931034,1.0,0.3103448275862069,0.47368421052631576,0.29092868272585615,0.018
0.43,0.46,0.4520547945205479,0.6551724137931034,1.0,0.3103448275862069,0.47368421052631576,0.29092868272585615,0.0185
0.43,0.45,0.4520547945205479,0.6551724137931034,1.0,0.3103448275862069,0.47368421052631576,0.29092868272585615,0.0194
0.43,0.44,0.4520547945205479,0.6551724137931034,1.0,0.3103448275862069,0.47368421052631576,0.29092868272585615,0.0205
0.44,0.46,0.4520547945205479,0.6551724137931034,1.0,0.3103448275862069,0.47368421052631576,0.29092868272585615,0.0212
0.44,0.45,0.4520547945205479,0.6551724137931034,1.0,0.3103448275862069,0.47368421052631576,0.29092868272585615,0.0221
0.44,0.44,0.4520547945205479,0.6551724137931034,1.0,0.3103448275862069,0.47368421052631576,0.29092868272585615,0.023200000000000002
0.45,0.46,0.4520547945205479,0.6551724137931034,1.0,0.3103448275862069,0.47368421052631576,0.29092868272585615,0.024100000000000003
0.45,0.45,0.4520547945205479,0.6551724137931034,1.0,0.3103448275862069,0.47368421052631576,0.29092868272585615,0.025000000000000005
0.45,0.44,0.4520547945205479,0.6551724137931034,1.0,0.3103448275862069,0.47368421052631576,0.29092868272585615,0.026100000000000005
0.46,0.46,0.4520547945205479,0.6551724137931034,1.0,0.3103448275862069,0.47368421052631576,0.29092868272585615,0.02720000000000001
0.46,0.45,0.4520547945205479,0.6551724137931034,1.0,0.3103448275862069,0.47368421052631576,0.29092868272585615,0.02810000000000001
0.46,0.44,0.4520547945205479,0.6551724137931034,1.0,0.3103448275862069,0.47368421052631576,0.29092868272585615,0.02920000000000001
0.47,0.46,0.4520547945205479,0.6551724137931034,1.0,0.3103448275862069,0.47368421052631576,0.29092868272585615,0.030499999999999992
0.47,0.45,0.4520547945205479,0.6551724137931034,1.0,0.3103448275862069,0.47368421052631576,0.29092868272585615,0.0314
0.47,0.44,0.4520547945205479,0.6551724137931034,1.0,0.3103448275862069,0.47368421052631576,0.29092868272585615,0.032499999999999994
0.48,0.46,0.4520547945205479,0.6551724137931034,1.0,0.3103448275862069,0.47368421052631576,0.29092868272585615,0.033999999999999996
0.48,0.45,0.4520547945205479,0.6551724137931034,1.0,0.3103448275862069,0.47368421052631576,0.29092868272585615,0.0349
0.48,0.44,0.4520547945205479,0.6551724137931034,1.0,0.3103448275862069,0.47368421052631576,0.29092868272585615,0.036
0.49,0.46,0.4520547945205479,0.6551724137931034,1.0,0.3103448275862069,0.47368421052631576,0.29092868272585615,0.0377
0.49,0.45,0.4520547945205479,0.6551724137931034,1.0,0.3103448275862069,0.47368421052631576,0.29092868272585615,0.038599999999999995
0.49,0.44,0.4520547945205479,0.6551724137931034,1.0,0.3103448275862069,0.47368421052631576,0.29092868272585615,0.0397
0.5,0.46,0.4520547945205479,0.6551724137931034,1.0,0.3103448275862069,0.47368421052631576,0.29092868272585615,0.041600000000000005
0.5,0.45,0.4520547945205479,0.6551724137931034,1.0,0.3103448275862069,0.47368421052631576,0.29092868272585615,0.04250000000000001
0.5,0.44,0.4520547945205479,0.6551724137931034,1.0,0.3103448275862069,0.47368421052631576,0.29092868272585615,0.04360000000000001
0.51,0.46,0.4520547945205479,0.6551724137931034,1.0,0.3103448275862069,0.47368421052631576,0.29092868272585615,0.045700000000000005
0.51,0.45,0.4520547945205479,0.6551724137931034,1.0,0.3103448275862069,0.47368421052631576,0.29092868272585615,0.0466
0.51,0.44,0.4520547945205479,0.6551724137931034,1.0,0.3103448275862069,0.47368421052631576,0.29092868272585615,0.047700000000000006
0.52,0.46,0.4520547945205479,0.6551724137931034,1.0,0.3103448275862069,0.47368421052631576,0.29092868272585615,0.05000000000000001
0.52,0.45,0.4520547945205479,0.6551724137931034,1.0,0.3103448275862069,0.47368421052631576,0.29092868272585615,0.050900000000000015
0.52,0.44,0.4520547945205479,0.6551724137931034,1.0,0.3103448275862069,0.47368421052631576,0.29092868272585615,0.05200000000000001
0.53,0.46,0.4520547945205479,0.6551724137931034,1.0,0.3103448275862069,0.47368421052631576,0.29092868272585615,0.054500000000000014
0.53,0.45,0.4520547945205479,0.6551724137931034,1.0,0.3103448275862069,0.47368421052631576,0.29092868272585615,0.05540000000000002
0.53,0.44,0.4520547945205479,0.6551724137931034,1.0,0.3103448275862069,0.47368421052631576,0.29092868272585615,0.056500000000000015
0.58,0.4,0.4520547945205479,0.6551724137931034,1.0,0.3103448275862069,0.47368421052631576,0.29092868272585615,0.08839999999999998
0.59,0.39,0.4520547945205479,0.6551724137931034,1.0,0.3103448275862069,0.47368421052631576,0.29092868272585615,0.0962
0.59,0.38,0.4520547945205479,0.6551724137931034,1.0,0.3103448275862069,0.47368421052631576,0.29092868272585615,0.09849999999999999
0.59,0.37,0.4520547945205479,0.6551724137931034,1.0,0.3103448275862069,0.47368421052631576,0.29092868272585615,0.10099999999999999
0.59,0.36,0.4520547945205479,0.6551724137931034,1.0,0.3103448275862069,0.47368421052631576,0.29092868272585615,0.1037
0.59,0.35,0.4520547945205479,0.6551724137931034,1.0,0.3103448275862069,0.47368421052631576,0.29092868272585615,0.1066
0.59,0.34,0.4520547945205479,0.6551724137931034,1.0,0.3103448275862069,0.47368421052631576,0.29092868272585615,0.10969999999999999
0.59,0.33,0.4520547945205479,0.6551724137931034,1.0,0.3103448275862069,0.47368421052631576,0.29092868272585615,0.11299999999999999
0.59,0.32,0.4520547945205479,0.6551724137931034,1.0,0.3103448275862069,0.47368421052631576,0.29092868272585615,0.11649999999999999
0.59,0.31,0.4520547945205479,0.6551724137931034,1.0,0.3103448275862069,0.47368421052631576,0.29092868272585615,0.1202
0.61,0.3,0.4520547945205479,0.6551724137931034,1.0,0.3103448275862069,0.47368421052631576,0.29092868272585615,0.1361
0.61,0.29,0.4520547945205479,0.6551724137931034,1.0,0.3103448275862069,0.47368421052631576,0.29092868272585615,0.14020000000000002
0.62,0.28,0.4520547945205479,0.6551724137931034,1.0,0.3103448275862069,0.47368421052631576,0.29092868272585615,0.1508
0.62,0.27,0.4520547945205479,0.6551724137931034,1.0,0.3103448275862069,0.47368421052631576,0.29092868272585615,0.1553
0.63,0.28,0.4520547945205479,0.6551724137931034,1.0,0.3103448275862069,0.47368421052631576,0.29092868272585615,0.1573
0.62,0.26,0.4520547945205479,0.6551724137931034,1.0,0.3103448275862069,0.47368421052631576,0.29092868272585615,0.16
0.63,0.27,0.4520547945205479,0.6551724137931034,1.0,0.3103448275862069,0.47368421052631576,0.29092868272585615,0.1618
0.64,0.28,0.4520547945205479,0.6551724137931034,1.0,0.3103448275862069,0.47368421052631576,0.29092868272585615,0.164
0.63,0.26,0.4520547945205479,0.6551724137931034,1.0,0.3103448275862069,0.47368421052631576,0.29092868272585615,0.1665
0.64,0.27,0.4520547945205479,0.6551724137931034,1.0,0.3103448275862069,0.47368421052631576,0.29092868272585615,0.1685
0.65,0.28,0.4520547945205479,0.6551724137931034,1.0,0.3103448275862069,0.47368421052631576,0.29092868272585615,0.17090000000000002
0.64,0.26,0.4520547945205479,0.6551724137931034,1.0,0.3103448275862069,0.47368421052631576,0.29092868272585615,0.17320000000000002
0.65,0.27,0.4520547945205479,0.6551724137931034,1.0,0.3103448275862069,0.47368421052631576,0.29092868272585615,0.1754
0.66,0.28,0.4520547945205479,0.6551724137931034,1.0,0.3103448275862069,0.47368421052631576,0.29092868272585615,0.17800000000000002
0.65,0.26,0.4520547945205479,0.6551724137931034,1.0,0.3103448275862069,0.47368421052631576,0.29092868272585615,0.18010000000000004
0.66,0.27,0.4520547945205479,0.6551724137931034,1.0,0.3103448275862069,0.47368421052631576,0.29092868272585615,0.1825
0.66,0.26,0.4520547945205479,0.6551724137931034,1.0,0.3103448275862069,0.47368421052631576,0.29092868272585615,0.18720000000000003
0.7,0.25,0.4520547945205479,0.6551724137931034,1.0,0.3103448275862069,0.47368421052631576,0.29092868272585615,0.22249999999999998
0.71,0.25,0.4520547945205479,0.6551724137931034,1.0,0.3103448275862069,0.47368421052631576,0.29092868272585615,0.23059999999999997
0.72,0.25,0.4520547945205479,0.6551724137931034,1.0,0.3103448275862069,0.47368421052631576,0.29092868272585615,0.23889999999999997
0.73,0.25,0.4520547945205479,0.6551724137931034,1.0,0.3103448275862069,0.47368421052631576,0.29092868272585615,0.24739999999999998
0.74,0.25,0.4520547945205479,0.6551724137931034,1.0,0.3103448275862069,0.47368421052631576,0.29092868272585615,0.2561
0.75,0.25,0.4520547945205479,0.6551724137931034,1.0,0.3103448275862069,0.47368421052631576,0.29092868272585615,0.265
0.76,0.25,0.4520547945205479,0.6551724137931034,1.0,0.3103448275862069,0.47368421052631576,0.29092868272585615,0.2741
0.62,0.25,0.4611872146118721,0.6526819923371647,0.9827586206896551,0.3275862068965517,0.49137931034482757,0.27962227209591134,0.1649
0.63,0.25,0.4611872146118721,0.6526819923371647,0.9827586206896551,0.3275862068965517,0.49137931034482757,0.27962227209591134,0.1714
0.64,0.25,0.4611872146118721,0.6526819923371647,0.9827586206896551,0.3275862068965517,0.49137931034482757,0.27962227209591134,0.17810000000000004
0.65,0.25,0.4611872146118721,0.6526819923371647,0.9827586206896551,0.3275862068965517,0.49137931034482757,0.27962227209591134,0.18500000000000003
0.66,0.25,0.4611872146118721,0.6526819923371647,0.9827586206896551,0.3275862068965517,0.49137931034482757,0.27962227209591134,0.19210000000000002
0.37,0.5,0.4474885844748858,0.6522988505747127,1.0,0.3045977011494253,0.4669603524229075,0.28735285969386454,0.004900000000000001
0.37,0.49,0.4474885844748858,0.6522988505747127,1.0,0.3045977011494253,0.4669603524229075,0.28735285969386454,0.005000000000000001
0.37,0.51,0.4474885844748858,0.6522988505747127,1.0,0.3045977011494253,0.4669603524229075,0.28735285969386454,0.005000000000000001
0.37,0.52,0.4474885844748858,0.6522988505747127,1.0,0.3045977011494253,0.4669603524229075,0.28735285969386454,0.005300000000000002
0.37,0.53,0.4474885844748858,0.6522988505747127,1.0,0.3045977011494253,0.4669603524229075,0.28735285969386454,0.005800000000000002
0.37,0.54,0.4474885844748858,0.6522988505747127,1.0,0.3045977011494253,0.4669603524229075,0.28735285969386454,0.006500000000000004
0.38,0.48,0.4474885844748858,0.6522988505747127,1.0,0.3045977011494253,0.4669603524229075,0.28735285969386454,0.006800000000000004
0.38,0.47,0.4474885844748858,0.6522988505747127,1.0,0.3045977011494253,0.4669603524229075,0.28735285969386454,0.007300000000000004
0.37,0.55,0.4474885844748858,0.6522988505747127,1.0,0.3045977011494253,0.4669603524229075,0.28735285969386454,0.0074000000000000055
0.39,0.48,0.4474885844748858,0.6522988505747127,1.0,0.3045977011494253,0.4669603524229075,0.28735285969386454,0.008500000000000006
0.39,0.47,0.4474885844748858,0.6522988505747127,1.0,0.3045977011494253,0.4669603524229075,0.28735285969386454,0.009000000000000006
0.4,0.48,0.4474885844748858,0.6522988505747127,1.0,0.3045977011494253,0.4669603524229075,0.28735285969386454,0.010400000000000008
0.4,0.47,0.4474885844748858,0.6522988505747127,1.0,0.3045977011494253,0.4669603524229075,0.28735285969386454,0.010900000000000009
0.41,0.48,0.4474885844748858,0.6522988505747127,1.0,0.3045977011494253,0.4669603524229075,0.28735285969386454,0.012499999999999999
0.41,0.47,0.4474885844748858,0.6522988505747127,1.0,0.3045977011494253,0.4669603524229075,0.28735285969386454,0.013
0.42,0.48,0.4474885844748858,0.6522988505747127,1.0,0.3045977011494253,0.4669603524229075,0.28735285969386454,0.0148
0.42,0.47,0.4474885844748858,0.6522988505747127,1.0,0.3045977011494253,0.4669603524229075,0.28735285969386454,0.015300000000000001
0.43,0.48,0.4474885844748858,0.6522988505747127,1.0,0.3045977011494253,0.4669603524229075,0.28735285969386454,0.017300000000000003
0.43,0.47,0.4474885844748858,0.6522988505747127,1.0,0.3045977011494253,0.4669603524229075,0.28735285969386454,0.017800000000000003
0.44,0.48,0.4474885844748858,0.6522988505747127,1.0,0.3045977011494253,0.4669603524229075,0.28735285969386454,0.020000000000000004
0.44,0.47,0.4474885844748858,0.6522988505747127,1.0,0.3045977011494253,0.4669603524229075,0.28735285969386454,0.020500000000000004
0.45,0.48,0.4474885844748858,0.6522988505747127,1.0,0.3045977011494253,0.4669603524229075,0.28735285969386454,0.022900000000000007
0.45,0.47,0.4474885844748858,0.6522988505747127,1.0,0.3045977011494253,0.4669603524229075,0.28735285969386454,0.023400000000000008
0.46,0.48,0.4474885844748858,0.6522988505747127,1.0,0.3045977011494253,0.4669603524229075,0.28735285969386454,0.026000000000000013
0.46,0.47,0.4474885844748858,0.6522988505747127,1.0,0.3045977011494253,0.4669603524229075,0.28735285969386454,0.026500000000000013
0.47,0.48,0.4474885844748858,0.6522988505747127,1.0,0.3045977011494253,0.4669603524229075,0.28735285969386454,0.029299999999999996
0.47,0.47,0.4474885844748858,0.6522988505747127,1.0,0.3045977011494253,0.4669603524229075,0.28735285969386454,0.029799999999999997
0.48,0.48,0.4474885844748858,0.6522988505747127,1.0,0.3045977011494253,0.4669603524229075,0.28735285969386454,0.032799999999999996
0.48,0.47,0.4474885844748858,0.6522988505747127,1.0,0.3045977011494253,0.4669603524229075,0.28735285969386454,0.0333
0.49,0.48,0.4474885844748858,0.6522988505747127,1.0,0.3045977011494253,0.4669603524229075,0.28735285969386454,0.0365
0.49,0.47,0.4474885844748858,0.6522988505747127,1.0,0.3045977011494253,0.4669603524229075,0.28735285969386454,0.037000000000000005
0.5,0.48,0.4474885844748858,0.6522988505747127,1.0,0.3045977011494253,0.4669603524229075,0.28735285969386454,0.040400000000000005
0.5,0.47,0.4474885844748858,0.6522988505747127,1.0,0.3045977011494253,0.4669603524229075,0.28735285969386454,0.04090000000000001
0.51,0.48,0.4474885844748858,0.6522988505747127,1.0,0.3045977011494253,0.4669603524229075,0.28735285969386454,0.044500000000000005
0.51,0.47,0.4474885844748858,0.6522988505747127,1.0,0.3045977011494253,0.4669603524229075,0.28735285969386454,0.04500000000000001
0.52,0.48,0.4474885844748858,0.6522988505747127,1.0,0.3045977011494253,0.4669603524229075,0.28735285969386454,0.04880000000000001
0.52,0.47,0.4474885844748858,0.6522988505747127,1.0,0.3045977011494253,0.4669603524229075,0.28735285969386454,0.04930000000000002
0.53,0.48,0.4474885844748858,0.6522988505747127,1.0,0.3045977011494253,0.4669603524229075,0.28735285969386454,0.053300000000000014
0.53,0.47,0.4474885844748858,0.6522988505747127,1.0,0.3045977011494253,0.4669603524229075,0.28735285969386454,0.05380000000000002
0.54,0.46,0.4474885844748858,0.6522988505747127,1.0,0.3045977011494253,0.4669603524229075,0.28735285969386454,0.059200000000000016
0.54,0.45,0.4474885844748858,0.6522988505747127,1.0,0.3045977011494253,0.4669603524229075,0.28735285969386454,0.060100000000000015
0.54,0.44,0.4474885844748858,0.6522988505747127,1.0,0.3045977011494253,0.4669603524229075,0.28735285969386454,0.06120000000000002
0.55,0.46,0.4474885844748858,0.6522988505747127,1.0,0.3045977011494253,0.4669603524229075,0.28735285969386454,0.06410000000000003
0.55,0.45,0.4474885844748858,0.6522988505747127,1.0,0.3045977011494253,0.4669603524229075,0.28735285969386454,0.06500000000000003
0.55,0.44,0.4474885844748858,0.6522988505747127,1.0,0.3045977011494253,0.4669603524229075,0.28735285969386454,0.06610000000000003
0.59,0.4,0.4474885844748858,0.6522988505747127,1.0,0.3045977011494253,0.4669603524229075,0.28735285969386454,0.09409999999999999
0.6,0.39,0.4474885844748858,0.6522988505747127,1.0,0.3045977011494253,0.4669603524229075,0.28735285969386454,0.1021
0.6,0.38,0.4474885844748858,0.6522988505747127,1.0,0.3045977011494253,0.4669603524229075,0.28735285969386454,0.10439999999999999
0.6,0.37,0.4474885844748858,0.6522988505747127,1.0,0.3045977011494253,0.4669603524229075,0.28735285969386454,0.1069
0.6,0.36,0.4474885844748858,0.6522988505747127,1.0,0.3045977011494253,0.4669603524229075,0.28735285969386454,0.1096
0.6,0.35,0.4474885844748858,0.6522988505747127,1.0,0.3045977011494253,0.4669603524229075,0.28735285969386454,0.1125
0.6,0.34,0.4474885844748858,0.6522988505747127,1.0,0.3045977011494253,0.4669603524229075,0.28735285969386454,0.11559999999999998
0.6,0.33,0.4474885844748858,0.6522988505747127,1.0,0.3045977011494253,0.4669603524229075,0.28735285969386454,0.11889999999999999
0.6,0.32,0.4474885844748858,0.6522988505747127,1.0,0.3045977011494253,0.4669603524229075,0.28735285969386454,0.1224
0.6,0.31,0.4474885844748858,0.6522988505747127,1.0,0.3045977011494253,0.4669603524229075,0.28735285969386454,0.1261
0.62,0.3,0.4474885844748858,0.6522988505747127,1.0,0.3045977011494253,0.4669603524229075,0.28735285969386454,0.14240000000000003
0.62,0.29,0.4474885844748858,0.6522988505747127,1.0,0.3045977011494253,0.4669603524229075,0.28735285969386454,0.14650000000000002
0.63,0.3,0.4474885844748858,0.6522988505747127,1.0,0.3045977011494253,0.4669603524229075,0.28735285969386454,0.14890000000000003
0.63,0.29,0.4474885844748858,0.6522988505747127,1.0,0.3045977011494253,0.4669603524229075,0.28735285969386454,0.15300000000000002
0.64,0.3,0.4474885844748858,0.6522988505747127,1.0,0.3045977011494253,0.4669603524229075,0.28735285969386454,0.15560000000000002
0.64,0.29,0.4474885844748858,0.6522988505747127,1.0,0.3045977011494253,0.4669603524229075,0.28735285969386454,0.15970000000000004
0.65,0.3,0.4474885844748858,0.6522988505747127,1.0,0.3045977011494253,0.4669603524229075,0.28735285969386454,0.16250000000000003
0.65,0.29,0.4474885844748858,0.6522988505747127,1.0,0.3045977011494253,0.4669603524229075,0.28735285969386454,0.16660000000000003
0.66,0.3,0.4474885844748858,0.6522988505747127,1.0,0.3045977011494253,0.4669603524229075,0.28735285969386454,0.16960000000000003
0.66,0.29,0.4474885844748858,0.6522988505747127,1.0,0.3045977011494253,0.4669603524229075,0.28735285969386454,0.17370000000000002
0.67,0.28,0.4474885844748858,0.6522988505747127,1.0,0.3045977011494253,0.4669603524229075,0.28735285969386454,0.18530000000000005
0.67,0.27,0.4474885844748858,0.6522988505747127,1.0,0.3045977011494253,0.4669603524229075,0.28735285969386454,0.18980000000000002
0.68,0.28,0.4474885844748858,0.6522988505747127,1.0,0.3045977011494253,0.4669603524229075,0.28735285969386454,0.19280000000000005
0.67,0.26,0.4474885844748858,0.6522988505747127,1.0,0.3045977011494253,0.4669603524229075,0.28735285969386454,0.19450000000000006
0.68,0.27,0.4474885844748858,0.6522988505747127,1.0,0.3045977011494253,0.4669603524229075,0.28735285969386454,0.19730000000000003
0.69,0.28,0.4474885844748858,0.6522988505747127,1.0,0.3045977011494253,0.4669603524229075,0.28735285969386454,0.20049999999999996
0.68,0.26,0.4474885844748858,0.6522988505747127,1.0,0.3045977011494253,0.4669603524229075,0.28735285969386454,0.20200000000000007
0.69,0.27,0.4474885844748858,0.6522988505747127,1.0,0.3045977011494253,0.4669603524229075,0.28735285969386454,0.20499999999999996
0.69,0.26,0.4474885844748858,0.6522988505747127,1.0,0.3045977011494253,0.4669603524229075,0.28735285969386454,0.20969999999999994
0.77,0.25,0.4474885844748858,0.6522988505747127,1.0,0.3045977011494253,0.4669603524229075,0.28735285969386454,0.28340000000000004
0.78,0.25,0.4474885844748858,0.6522988505747127,1.0,0.3045977011494253,0.4669603524229075,0.28735285969386454,0.29290000000000005
0.79,0.25,0.4474885844748858,0.6522988505747127,1.0,0.3045977011494253,0.4669603524229075,0.28735285969386454,0.30260000000000004
0.8,0.25,0.4474885844748858,0.6522988505747127,1.0,0.3045977011494253,0.4669603524229075,0.28735285969386454,0.3125
0.33,0.56,0.4429223744292237,0.6494252873563219,1.0,0.2988505747126437,0.46017699115044247,0.2837756120184764,0.004500000000000008
0.33,0.57,0.4429223744292237,0.6494252873563219,1.0,0.2988505747126437,0.46017699115044247,0.2837756120184764,0.005799999999999994
0.3,0.58,0.4429223744292237,0.6494252873563219,1.0,0.2988505747126437,0.46017699115044247,0.2837756120184764,0.006399999999999993
0.38,0.5,0.4429223744292237,0.6494252873563219,1.0,0.2988505747126437,0.46017699115044247,0.2837756120184764,0.006400000000000003
0.29,0.58,0.4429223744292237,0.6494252873563219,1.0,0.2988505747126437,0.46017699115044247,0.2837756120184764,0.006499999999999994
0.31,0.58,0.4429223744292237,0.6494252873563219,1.0,0.2988505747126437,0.46017699115044247,0.2837756120184764,0.006499999999999994
0.38,0.49,0.4429223744292237,0.6494252873563219,1.0,0.2988505747126437,0.46017699115044247,0.2837756120184764,0.006500000000000003
0.38,0.51,0.4429223744292237,0.6494252873563219,1.0,0.2988505747126437,0.46017699115044247,0.2837756120184764,0.006500000000000003
0.28,0.58,0.4429223744292237,0.6494252873563219,1.0,0.2988505747126437,0.46017699115044247,0.2837756120184764,0.006799999999999992
0.38,0.52,0.4429223744292237,0.6494252873563219,1.0,0.2988505747126437,0.46017699115044247,0.2837756120184764,0.006800000000000004
0.27,0.58,0.4429223744292237,0.6494252873563219,1.0,0.2988505747126437,0.46017699115044247,0.2837756120184764,0.007299999999999991
0.38,0.53,0.4429223744292237,0.6494252873563219,1.0,0.2988505747126437,0.46017699115044247,0.2837756120184764,0.007300000000000004
0.26,0.58,0.4429223744292237,0.6494252873563219,1.0,0.2988505747126437,0.46017699115044247,0.2837756120184764,0.007999999999999991
0.38,0.54,0.4429223744292237,0.6494252873563219,1.0,0.2988505747126437,0.46017699115044247,0.2837756120184764,0.008000000000000005
0.39,0.5,0.4429223744292237,0.6494252873563219,1.0,0.2988505747126437,0.46017699115044247,0.2837756120184764,0.008100000000000005
0.39,0.49,0.4429223744292237,0.6494252873563219,1.0,0.2988505747126437,0.46017699115044247,0.2837756120184764,0.008200000000000004
0.39,0.51,0.4429223744292237,0.6494252873563219,1.0,0.2988505747126437,0.46017699115044247,0.2837756120184764,0.008200000000000004
0.39,0.52,0.4429223744292237,0.6494252873563219,1.0,0.2988505747126437,0.46017699115044247,0.2837756120184764,0.008500000000000006
0.25,0.58,0.4429223744292237,0.6494252873563219,1.0,0.2988505747126437,0.46017699115044247,0.2837756120184764,0.008899999999999991
0.38,0.55,0.4429223744292237,0.6494252873563219,1.0,0.2988505747126437,0.46017699115044247,0.2837756120184764,0.008900000000000007
0.39,0.53,0.4429223744292237,0.6494252873563219,1.0,0.2988505747126437,0.46017699115044247,0.2837756120184764,0.009000000000000006
0.39,0.54,0.4429223744292237,0.6494252873563219,1.0,0.2988505747126437,0.46017699115044247,0.2837756120184764,0.009700000000000007
0.24,0.58,0.4429223744292237,0.6494252873563219,1.0,0.2988505747126437,0.46017699115044247,0.2837756120184764,0.009999999999999993
0.4,0.5,0.4429223744292237,0.6494252873563219,1.0,0.2988505747126437,0.46017699115044247,0.2837756120184764,0.010000000000000007
0.4,0.49,0.4429223744292237,0.6494252873563219,1.0,0.2988505747126437,0.46017699115044247,0.2837756120184764,0.010100000000000007
0.4,0.51,0.4429223744292237,0.6494252873563219,1.0,0.2988505747126437,0.46017699115044247,0.2837756120184764,0.010100000000000007
0.4,0.52,0.4429223744292237,0.6494252873563219,1.0,0.2988505747126437,0.46017699115044247,0.2837756120184764,0.010400000000000008
0.39,0.55,0.4429223744292237,0.6494252873563219,1.0,0.2988505747126437,0.46017699115044247,0.2837756120184764,0.010600000000000009
0.4,0.53,0.4429223744292237,0.6494252873563219,1.0,0.2988505747126437,0.46017699115044247,0.2837756120184764,0.010900000000000009
0.23,0.58,0.4429223744292237,0.6494252873563219,1.0,0.2988505747126437,0.46017699115044247,0.2837756120184764,0.01129999999999999
0.4,0.54,0.4429223744292237,0.6494252873563219,1.0,0.2988505747126437,0.46017699115044247,0.2837756120184764,0.01160000000000001
0.41,0.5,0.4429223744292237,0.6494252873563219,1.0,0.2988505747126437,0.46017699115044247,0.2837756120184764,0.012099999999999998
0.41,0.49,0.4429223744292237,0.6494252873563219,1.0,0.2988505747126437,0.46017699115044247,0.2837756120184764,0.012199999999999997
0.41,0.51,0.4429223744292237,0.6494252873563219,1.0,0.2988505747126437,0.46017699115044247,0.2837756120184764,0.012199999999999997
0.41,0.52,0.4429223744292237,0.6494252873563219,1.0,0.2988505747126437,0.46017699115044247,0.2837756120184764,0.012499999999999999
0.4,0.55,0.4429223744292237,0.6494252873563219,1.0,0.2988505747126437,0.46017699115044247,0.2837756120184764,0.012500000000000011
0.22,0.58,0.4429223744292237,0.6494252873563219,1.0,0.2988505747126437,0.46017699115044247,0.2837756120184764,0.012799999999999992
0.41,0.53,0.4429223744292237,0.6494252873563219,1.0,0.2988505747126437,0.46017699115044247,0.2837756120184764,0.013
0.41,0.54,0.4429223744292237,0.6494252873563219,1.0,0.2988505747126437,0.46017699115044247,0.2837756120184764,0.0137
0.42,0.5,0.4429223744292237,0.6494252873563219,1.0,0.2988505747126437,0.46017699115044247,0.2837756120184764,0.0144
0.21,0.58,0.4429223744292237,0.6494252873563219,1.0,0.2988505747126437,0.46017699115044247,0.2837756120184764,0.014499999999999992
0.42,0.49,0.4429223744292237,0.6494252873563219,1.0,0.2988505747126437,0.46017699115044247,0.2837756120184764,0.014499999999999999
0.42,0.51,0.4429223744292237,0.6494252873563219,1.0,0.2988505747126437,0.46017699115044247,0.2837756120184764,0.014499999999999999
0.41,0.55,0.4429223744292237,0.6494252873563219,1.0,0.2988505747126437,0.46017699115044247,0.2837756120184764,0.014600000000000002
0.42,0.52,0.4429223744292237,0.6494252873563219,1.0,0.2988505747126437,0.46017699115044247,0.2837756120184764,0.0148
0.42,0.53,0.4429223744292237,0.6494252873563219,1.0,0.2988505747126437,0.46017699115044247,0.2837756120184764,0.015300000000000001
0.42,0.54,0.4429223744292237,0.6494252873563219,1.0,0.2988505747126437,0.46017699115044247,0.2837756120184764,0.016000000000000004
0.2,0.58,0.4429223744292237,0.6494252873563219,1.0,0.2988505747126437,0.46017699115044247,0.2837756120184764,0.016399999999999988
0.43,0.5,0.4429223744292237,0.6494252873563219,1.0,0.2988505747126437,0.46017699115044247,0.2837756120184764,0.016900000000000002
0.42,0.55,0.4429223744292237,0.6494252873563219,1.0,0.2988505747126437,0.46017699115044247,0.2837756120184764,0.016900000000000005
0.43,0.49,0.4429223744292237,0.6494252873563219,1.0,0.2988505747126437,0.46017699115044247,0.2837756120184764,0.017
0.43,0.51,0.4429223744292237,0.6494252873563219,1.0,0.2988505747126437,0.46017699115044247,0.2837756120184764,0.017
0.43,0.52,0.4429223744292237,0.6494252873563219,1.0,0.2988505747126437,0.46017699115044247,0.2837756120184764,0.017300000000000003
0.43,0.53,0.4429223744292237,0.6494252873563219,1.0,0.2988505747126437,0.46017699115044247,0.2837756120184764,0.017800000000000003
0.19,0.58,0.4429223744292237,0.6494252873563219,1.0,0.2988505747126437,0.46017699115044247,0.2837756120184764,0.018499999999999992
0.43,0.54,0.4429223744292237,0.6494252873563219,1.0,0.2988505747126437,0.46017699115044247,0.2837756120184764,0.018500000000000006
0.43,0.55,0.4429223744292237,0.6494252873563219,1.0,0.2988505747126437,0.46017699115044247,0.2837756120184764,0.019400000000000008
0.44,0.5,0.4429223744292237,0.6494252873563219,1.0,0.2988505747126437,0.46017699115044247,0.2837756120184764,0.019600000000000003
0.44,0.49,0.4429223744292237,0.6494252873563219,1.0,0.2988505747126437,0.46017699115044247,0.2837756120184764,0.019700000000000002
0.44,0.51,0.4429223744292237,0.6494252873563219,1.0,0.2988505747126437,0.46017699115044247,0.2837756120184764,0.019700000000000002
0.44,0.52,0.4429223744292237,0.6494252873563219,1.0,0.2988505747126437,0.46017699115044247,0.2837756120184764,0.020000000000000004
0.44,0.53,0.4429223744292237,0.6494252873563219,1.0,0.2988505747126437,0.46017699115044247,0.2837756120184764,0.020500000000000004
0.18,0.58,0.4429223744292237,0.6494252873563219,1.0,0.2988505747126437,0.46017699115044247,0.2837756120184764,0.020799999999999992
0.44,0.54,0.4429223744292237,0.6494252873563219,1.0,0.2988505747126437,0.46017699115044247,0.2837756120184764,0.021200000000000007
0.44,0.55,0.4429223744292237,0.6494252873563219,1.0,0.2988505747126437,0.46017699115044247,0.2837756120184764,0.02210000000000001
0.45,0.5,0.4429223744292237,0.6494252873563219,1.0,0.2988505747126437,0.46017699115044247,0.2837756120184764,0.022500000000000006
0.45,0.49,0.4429223744292237,0.6494252873563219,1.0,0.2988505747126437,0.46017699115044247,0.2837756120184764,0.022600000000000006
0.45,0.51,0.4429223744292237,0.6494252873563219,1.0,0.2988505747126437,0.46017699115044247,0.2837756120184764,0.022600000000000006
0.45,0.52,0.4429223744292237,0.6494252873563219,1.0,0.2988505747126437,0.46017699115044247,0.2837756120184764,0.022900000000000007
0.17,0.58,0.4429223744292237,0.6494252873563219,1.0,0.2988505747126437,0.46017699115044247,0.2837756120184764,0.023299999999999987
0.45,0.53,0.4429223744292237,0.6494252873563219,1.0,0.2988505747126437,0.46017699115044247,0.2837756120184764,0.023400000000000008
0.45,0.54,0.4429223744292237,0.6494252873563219,1.0,0.2988505747126437,0.46017699115044247,0.2837756120184764,0.02410000000000001
0.45,0.55,0.4429223744292237,0.6494252873563219,1.0,0.2988505747126437,0.46017699115044247,0.2837756120184764,0.025000000000000012
0.46,0.5,0.4429223744292237,0.6494252873563219,1.0,0.2988505747126437,0.46017699115044247,0.2837756120184764,0.02560000000000001
0.46,0.49,0.4429223744292237,0.6494252873563219,1.0,0.2988505747126437,0.46017699115044247,0.2837756120184764,0.02570000000000001
0.46,0.51,0.4429223744292237,0.6494252873563219,1.0,0.2988505747126437,0.46017699115044247,0.2837756120184764,0.02570000000000001
0.16,0.58,0.4429223744292237,0.6494252873563219,1.0,0.2988505747126437,0.46017699115044247,0.2837756120184764,0.02599999999999999
0.46,0.52,0.4429223744292237,0.6494252873563219,1.0,0.2988505747126437,0.46017699115044247,0.2837756120184764,0.026000000000000013
0.46,0.53,0.4429223744292237,0.6494252873563219,1.0,0.2988505747126437,0.46017699115044247,0.2837756120184764,0.026500000000000013
0.46,0.54,0.4429223744292237,0.6494252873563219,1.0,0.2988505747126437,0.46017699115044247,0.2837756120184764,0.027200000000000016
0.46,0.55,0.4429223744292237,0.6494252873563219,1.0,0.2988505747126437,0.46017699115044247,0.2837756120184764,0.028100000000000017
0.15,0.58,0.4429223744292237,0.6494252873563219,1.0,0.2988505747126437,0.46017699115044247,0.2837756120184764,0.02889999999999999
0.47,0.5,0.4429223744292237,0.6494252873563219,1.0,0.2988505747126437,0.46017699115044247,0.2837756120184764,0.028899999999999995
0.47,0.49,0.4429223744292237,0.6494252873563219,1.0,0.2988505747126437,0.46017699115044247,0.2837756120184764,0.028999999999999995
0.47,0.51,0.4429223744292237,0.6494252873563219,1.0,0.2988505747126437,0.46017699115044247,0.2837756120184764,0.028999999999999995
0.47,0.52,0.4429223744292237,0.6494252873563219,1.0,0.2988505747126437,0.46017699115044247,0.2837756120184764,0.029299999999999996
0.47,0.53,0.4429223744292237,0.6494252873563219,1.0,0.2988505747126437,0.46017699115044247,0.2837756120184764,0.029799999999999997
0.47,0.54,0.4429223744292237,0.6494252873563219,1.0,0.2988505747126437,0.46017699115044247,0.2837756120184764,0.0305
0.47,0.55,0.4429223744292237,0.6494252873563219,1.0,0.2988505747126437,0.46017699115044247,0.2837756120184764,0.0314
0.14,0.58,0.4429223744292237,0.6494252873563219,1.0,0.2988505747126437,0.46017699115044247,0.2837756120184764,0.03199999999999999
0.48,0.5,0.4429223744292237,0.6494252873563219,1.0,0.2988505747126437,0.46017699115044247,0.2837756120184764,0.0324
0.48,0.49,0.4429223744292237,0.6494252873563219,1.0,0.2988505747126437,0.46017699115044247,0.2837756120184764,0.0325
0.48,0.51,0.4429223744292237,0.6494252873563219,1.0,0.2988505747126437,0.46017699115044247,0.2837756120184764,0.0325
0.48,0.52,0.4429223744292237,0.6494252873563219,1.0,0.2988505747126437,0.46017699115044247,0.2837756120184764,0.032799999999999996
0.48,0.53,0.4429223744292237,0.6494252873563219,1.0,0.2988505747126437,0.46017699115044247,0.2837756120184764,0.0333
0.48,0.54,0.4429223744292237,0.6494252873563219,1.0,0.2988505747126437,0.46017699115044247,0.2837756120184764,0.034
0.48,0.55,0.4429223744292237,0.6494252873563219,1.0,0.2988505747126437,0.46017699115044247,0.2837756120184764,0.0349
0.13,0.58,0.4429223744292237,0.6494252873563219,1.0,0.2988505747126437,0.46017699115044247,0.2837756120184764,0.03529999999999999
0.49,0.5,0.4429223744292237,0.6494252873563219,1.0,0.2988505747126437,0.46017699115044247,0.2837756120184764,0.0361
0.49,0.49,0.4429223744292237,0.6494252873563219,1.0,0.2988505747126437,0.46017699115044247,0.2837756120184764,0.0362
0.49,0.51,0.4429223744292237,0.6494252873563219,1.0,0.2988505747126437,0.46017699115044247,0.2837756120184764,0.0362
0.49,0.52,0.4429223744292237,0.6494252873563219,1.0,0.2988505747126437,0.46017699115044247,0.2837756120184764,0.0365
0.49,0.53,0.4429223744292237,0.6494252873563219,1.0,0.2988505747126437,0.46017699115044247,0.2837756120184764,0.037000000000000005
0.49,0.54,0.4429223744292237,0.6494252873563219,1.0,0.2988505747126437,0.46017699115044247,0.2837756120184764,0.037700000000000004
0.49,0.55,0.4429223744292237,0.6494252873563219,1.0,0.2988505747126437,0.46017699115044247,0.2837756120184764,0.0386
0.12,0.58,0.4429223744292237,0.6494252873563219,1.0,0.2988505747126437,0.46017699115044247,0.2837756120184764,0.038799999999999994
0.5,0.5,0.4429223744292237,0.6494252873563219,1.0,0.2988505747126437,0.46017699115044247,0.2837756120184764,0.04000000000000001
0.5,0.49,0.4429223744292237,0.6494252873563219,1.0,0.2988505747126437,0.46017699115044247,0.2837756120184764,0.04010000000000001
0.5,0.51,0.4429223744292237,0.6494252873563219,1.0,0.2988505747126437,0.46017699115044247,0.2837756120184764,0.04010000000000001
0.5,0.52,0.4429223744292237,0.6494252873563219,1.0,0.2988505747126437,0.46017699115044247,0.2837756120184764,0.040400000000000005
0.5,0.53,0.4429223744292237,0.6494252873563219,1.0,0.2988505747126437,0.46017699115044247,0.2837756120184764,0.04090000000000001
0.5,0.54,0.4429223744292237,0.6494252873563219,1.0,0.2988505747126437,0.46017699115044247,0.2837756120184764,0.04160000000000001
0.11,0.58,0.4429223744292237,0.6494252873563219,1.0,0.2988505747126437,0.46017699115044247,0.2837756120184764,0.042499999999999996
0.5,0.55,0.4429223744292237,0.6494252873563219,1.0,0.2988505747126437,0.46017699115044247,0.2837756120184764,0.04250000000000001
0.51,0.5,0.4429223744292237,0.6494252873563219,1.0,0.2988505747126437,0.46017699115044247,0.2837756120184764,0.04410000000000001
0.51,0.49,0.4429223744292237,0.6494252873563219,1.0,0.2988505747126437,0.46017699115044247,0.2837756120184764,0.04420000000000001
0.51,0.51,0.4429223744292237,0.6494252873563219,1.0,0.2988505747126437,0.46017699115044247,0.2837756120184764,0.04420000000000001
0.51,0.52,0.4429223744292237,0.6494252873563219,1.0,0.2988505747126437,0.46017699115044247,0.2837756120184764,0.044500000000000005
0.51,0.53,0.4429223744292237,0.6494252873563219,1.0,0.2988505747126437,0.46017699115044247,0.2837756120184764,0.04500000000000001
0.51,0.54,0.4429223744292237,0.6494252873563219,1.0,0.2988505747126437,0.46017699115044247,0.2837756120184764,0.04570000000000001
0.1,0.58,0.4429223744292237,0.6494252873563219,1.0,0.2988505747126437,0.46017699115044247,0.2837756120184764,0.04639999999999999
0.51,0.55,0.4429223744292237,0.6494252873563219,1.0,0.2988505747126437,0.46017699115044247,0.2837756120184764,0.04660000000000001
0.52,0.5,0.4429223744292237,0.6494252873563219,1.0,0.2988505747126437,0.46017699115044247,0.2837756120184764,0.04840000000000001
0.52,0.49,0.4429223744292237,0.6494252873563219,1.0,0.2988505747126437,0.46017699115044247,0.2837756120184764,0.048500000000000015
0.52,0.51,0.4429223744292237,0.6494252873563219,1.0,0.2988505747126437,0.46017699115044247,0.2837756120184764,0.048500000000000015
0.52,0.52,0.4429223744292237,0.6494252873563219,1.0,0.2988505747126437,0.46017699115044247,0.2837756120184764,0.04880000000000001
0.52,0.53,0.4429223744292237,0.6494252873563219,1.0,0.2988505747126437,0.46017699115044247,0.2837756120184764,0.04930000000000002
0.52,0.54,0.4429223744292237,0.6494252873563219,1.0,0.2988505747126437,0.46017699115044247,0.2837756120184764,0.05000000000000002
0.09,0.58,0.4429223744292237,0.6494252873563219,1.0,0.2988505747126437,0.46017699115044247,0.2837756120184764,0.05049999999999999
0.52,0.55,0.4429223744292237,0.6494252873563219,1.0,0.2988505747126437,0.46017699115044247,0.2837756120184764,0.050900000000000015
0.53,0.5,0.4429223744292237,0.6494252873563219,1.0,0.2988505747126437,0.46017699115044247,0.2837756120184764,0.052900000000000016
0.53,0.49,0.4429223744292237,0.6494252873563219,1.0,0.2988505747126437,0.46017699115044247,0.2837756120184764,0.05300000000000002
0.53,0.51,0.4429223744292237,0.6494252873563219,1.0,0.2988505747126437,0.46017699115044247,0.2837756120184764,0.05300000000000002
0.53,0.52,0.4429223744292237,0.6494252873563219,1.0,0.2988505747126437,0.46017699115044247,0.2837756120184764,0.053300000000000014
0.53,0.53,0.4429223744292237,0.6494252873563219,1.0,0.2988505747126437,0.46017699115044247,0.2837756120184764,0.05380000000000002
0.53,0.54,0.4429223744292237,0.6494252873563219,1.0,0.2988505747126437,0.46017699115044247,0.2837756120184764,0.05450000000000002
0.08,0.58,0.4429223744292237,0.6494252873563219,1.0,0.2988505747126437,0.46017699115044247,0.2837756120184764,0.05479999999999999
0.53,0.55,0.4429223744292237,0.6494252873563219,1.0,0.2988505747126437,0.46017699115044247,0.2837756120184764,0.05540000000000002
0.54,0.48,0.4429223744292237,0.6494252873563219,1.0,0.2988505747126437,0.46017699115044247,0.2837756120184764,0.05800000000000002
0.54,0.47,0.4429223744292237,0.6494252873563219,1.0,0.2988505747126437,0.46017699115044247,0.2837756120184764,0.058500000000000024
0.07,0.58,0.4429223744292237,0.6494252873563219,1.0,0.2988505747126437,0.46017699115044247,0.2837756120184764,0.059299999999999985
0.55,0.48,0.4429223744292237,0.6494252873563219,1.0,0.2988505747126437,0.46017699115044247,0.2837756120184764,0.06290000000000003
0.55,0.47,0.4429223744292237,0.6494252873563219,1.0,0.2988505747126437,0.46017699115044247,0.2837756120184764,0.06340000000000003
0.06,0.58,0.4429223744292237,0.6494252873563219,1.0,0.2988505747126437,0.46017699115044247,0.2837756120184764,0.06399999999999999
0.05,0.58,0.4429223744292237,0.6494252873563219,1.0,0.2988505747126437,0.46017699115044247,0.2837756120184764,0.06889999999999999
0.04,0.58,0.4429223744292237,0.6494252873563219,1.0,0.2988505747126437,0.46017699115044247,0.2837756120184764,0.074
0.56,0.42,0.4429223744292237,0.6494252873563219,1.0,0.2988505747126437,0.46017699115044247,0.2837756120184764,0.07400000000000004
0.56,0.41,0.4429223744292237,0.6494252873563219,1.0,0.2988505747126437,0.46017699115044247,0.2837756120184764,0.07570000000000005
0.57,0.42,0.4429223744292237,0.6494252873563219,1.0,0.2988505747126437,0.46017699115044247,0.2837756120184764,0.07929999999999998
0.03,0.58,0.4429223744292237,0.6494252873563219,1.0,0.2988505747126437,0.46017699115044247,0.2837756120184764,0.0793
0.57,0.41,0.4429223744292237,0.6494252873563219,1.0,0.2988505747126437,0.46017699115044247,0.2837756120184764,0.08099999999999999
0.02,0.58,0.4429223744292237,0.6494252873563219,1.0,0.2988505747126437,0.46017699115044247,0.2837756120184764,0.08479999999999997
0.01,0.58,0.4429223744292237,0.6494252873563219,1.0,0.2988505747126437,0.46017699115044247,0.2837756120184764,0.09049999999999998
0.0,0.58,0.4429223744292237,0.6494252873563219,1.0,0.2988505747126437,0.46017699115044247,0.2837756120184764,0.09639999999999999
0.6,0.4,0.4429223744292237,0.6494252873563219,1.0,0.2988505747126437,0.46017699115044247,0.2837756120184764,0.09999999999999999
0.61,0.39,0.4429223744292237,0.6494252873563219,1.0,0.2988505747126437,0.46017699115044247,0.2837756120184764,0.1082
0.61,0.38,0.4429223744292237,0.6494252873563219,1.0,0.2988505747126437,0.46017699115044247,0.2837756120184764,0.1105
0.61,0.37,0.4429223744292237,0.6494252873563219,1.0,0.2988505747126437,0.46017699115044247,0.2837756120184764,0.113
0.61,0.36,0.4429223744292237,0.6494252873563219,1.0,0.2988505747126437,0.46017699115044247,0.2837756120184764,0.11570000000000001
0.61,0.35,0.4429223744292237,0.6494252873563219,1.0,0.2988505747126437,0.46017699115044247,0.2837756120184764,0.11860000000000001
0.61,0.34,0.4429223744292237,0.6494252873563219,1.0,0.2988505747126437,0.46017699115044247,0.2837756120184764,0.1217
0.61,0.33,0.4429223744292237,0.6494252873563219,1.0,0.2988505747126437,0.46017699115044247,0.2837756120184764,0.125
0.61,0.32,0.4429223744292237,0.6494252873563219,1.0,0.2988505747126437,0.46017699115044247,0.2837756120184764,0.1285
0.61,0.31,0.4429223744292237,0.6494252873563219,1.0,0.2988505747126437,0.46017699115044247,0.2837756120184764,0.1322
0.67,0.3,0.4429223744292237,0.6494252873563219,1.0,0.2988505747126437,0.46017699115044247,0.2837756120184764,0.17690000000000006
0.67,0.29,0.4429223744292237,0.6494252873563219,1.0,0.2988505747126437,0.46017699115044247,0.2837756120184764,0.18100000000000005
0.68,0.3,0.4429223744292237,0.6494252873563219,1.0,0.2988505747126437,0.46017699115044247,0.2837756120184764,0.18440000000000006
0.68,0.29,0.4429223744292237,0.6494252873563219,1.0,0.2988505747126437,0.46017699115044247,0.2837756120184764,0.18850000000000006
0.69,0.3,0.4429223744292237,0.6494252873563219,1.0,0.2988505747126437,0.46017699115044247,0.2837756120184764,0.19209999999999997
0.69,0.29,0.4429223744292237,0.6494252873563219,1.0,0.2988505747126437,0.46017699115044247,0.2837756120184764,0.19619999999999996
0.34,0.56,0.4383561643835616,0.646551724137931,1.0,0.29310344827586204,0.4533333333333333,0.28019609600554535,0.005200000000000009
0.35,0.56,0.4383561643835616,0.646551724137931,1.0,0.29310344827586204,0.4533333333333333,0.28019609600554535,0.006100000000000005
0.34,0.57,0.4383561643835616,0.646551724137931,1.0,0.29310344827586204,0.4533333333333333,0.28019609600554535,0.006499999999999995
0.32,0.58,0.4383561643835616,0.646551724137931,1.0,0.29310344827586204,0.4533333333333333,0.28019609600554535,0.006799999999999994
0.35,0.57,0.4383561643835616,0.646551724137931,1.0,0.29310344827586204,0.4533333333333333,0.28019609600554535,0.007399999999999992
0.54,0.5,0.4383561643835616,0.646551724137931,1.0,0.29310344827586204,0.4533333333333333,0.28019609600554535,0.05760000000000002
0.54,0.49,0.4383561643835616,0.646551724137931,1.0,0.29310344827586204,0.4533333333333333,0.28019609600554535,0.05770000000000002
0.54,0.51,0.4383561643835616,0.646551724137931,1.0,0.29310344827586204,0.4533333333333333,0.28019609600554535,0.05770000000000002
0.54,0.52,0.4383561643835616,0.646551724137931,1.0,0.29310344827586204,0.4533333333333333,0.28019609600554535,0.05800000000000002
0.54,0.53,0.4383561643835616,0.646551724137931,1.0,0.29310344827586204,0.4533333333333333,0.28019609600554535,0.058500000000000024
0.54,0.54,0.4383561643835616,0.646551724137931,1.0,0.29310344827586204,0.4533333333333333,0.28019609600554535,0.05920000000000002
0.54,0.55,0.4383561643835616,0.646551724137931,1.0,0.29310344827586204,0.4533333333333333,0.28019609600554535,0.06010000000000002
0.55,0.5,0.4383561643835616,0.646551724137931,1.0,0.29310344827586204,0.4533333333333333,0.28019609600554535,0.06250000000000003
0.55,0.49,0.4383561643835616,0.646551724137931,1.0,0.29310344827586204,0.4533333333333333,0.28019609600554535,0.06260000000000003
0.55,0.51,0.4383561643835616,0.646551724137931,1.0,0.29310344827586204,0.4533333333333333,0.28019609600554535,0.06260000000000003
0.55,0.52,0.4383561643835616,0.646551724137931,1.0,0.29310344827586204,0.4533333333333333,0.28019609600554535,0.06290000000000003
0.55,0.53,0.4383561643835616,0.646551724137931,1.0,0.29310344827586204,0.4533333333333333,0.28019609600554535,0.06340000000000003
0.55,0.54,0.4383561643835616,0.646551724137931,1.0,0.29310344827586204,0.4533333333333333,0.28019609600554535,0.06410000000000003
0.55,0.55,0.4383561643835616,0.646551724137931,1.0,0.29310344827586204,0.4533333333333333,0.28019609600554535,0.06500000000000003
0.56,0.43,0.4383561643835616,0.646551724137931,1.0,0.29310344827586204,0.4533333333333333,0.28019609600554535,0.07250000000000004
0.57,0.43,0.4383561643835616,0.646551724137931,1.0,0.29310344827586204,0.4533333333333333,0.28019609600554535,0.07779999999999998
0.58,0.42,0.4383561643835616,0.646551724137931,1.0,0.29310344827586204,0.4533333333333333,0.28019609600554535,0.08479999999999999
0.58,0.41,0.4383561643835616,0.646551724137931,1.0,0.29310344827586204,0.4533333333333333,0.28019609600554535,0.0865
0.61,0.4,0.4383561643835616,0.646551724137931,1.0,0.29310344827586204,0.4533333333333333,0.28019609600554535,0.1061
0.62,0.39,0.4383561643835616,0.646551724137931,1.0,0.29310344827586204,0.4533333333333333,0.28019609600554535,0.1145
0.62,0.38,0.4383561643835616,0.646551724137931,1.0,0.29310344827586204,0.4533333333333333,0.28019609600554535,0.1168
0.62,0.37,0.4383561643835616,0.646551724137931,1.0,0.29310344827586204,0.4533333333333333,0.28019609600554535,0.1193
0.63,0.39,0.4383561643835616,0.646551724137931,1.0,0.29310344827586204,0.4533333333333333,0.28019609600554535,0.12100000000000001
0.62,0.36,0.4383561643835616,0.646551724137931,1.0,0.29310344827586204,0.4533333333333333,0.28019609600554535,0.12200000000000001
0.63,0.38,0.4383561643835616,0.646551724137931,1.0,0.29310344827586204,0.4533333333333333,0.28019609600554535,0.1233
0.62,0.35,0.4383561643835616,0.646551724137931,1.0,0.29310344827586204,0.4533333333333333,0.28019609600554535,0.12490000000000001
0.63,0.37,0.4383561643835616,0.646551724137931,1.0,0.29310344827586204,0.4533333333333333,0.28019609600554535,0.12580000000000002
0.64,0.39,0.4383561643835616,0.646551724137931,1.0,0.29310344827586204,0.4533333333333333,0.28019609600554535,0.1277
0.62,0.34,0.4383561643835616,0.646551724137931,1.0,0.29310344827586204,0.4533333333333333,0.28019609600554535,0.128
0.63,0.36,0.4383561643835616,0.646551724137931,1.0,0.29310344827586204,0.4533333333333333,0.28019609600554535,0.1285
0.64,0.38,0.4383561643835616,0.646551724137931,1.0,0.29310344827586204,0.4533333333333333,0.28019609600554535,0.13000000000000003
0.62,0.33,0.4383561643835616,0.646551724137931,1.0,0.29310344827586204,0.4533333333333333,0.28019609600554535,0.1313
0.63,0.35,0.4383561643835616,0.646551724137931,1.0,0.29310344827586204,0.4533333333333333,0.28019609600554535,0.13140000000000002
0.64,0.37,0.4383561643835616,0.646551724137931,1.0,0.29310344827586204,0.4533333333333333,0.28019609600554535,0.13250000000000003
0.63,0.34,0.4383561643835616,0.646551724137931,1.0,0.29310344827586204,0.4533333333333333,0.28019609600554535,0.1345
0.65,0.39,0.4383561643835616,0.646551724137931,1.0,0.29310344827586204,0.4533333333333333,0.28019609600554535,0.13460000000000003
0.62,0.32,0.4383561643835616,0.646551724137931,1.0,0.29310344827586204,0.4533333333333333,0.28019609600554535,0.1348
0.64,0.36,0.4383561643835616,0.646551724137931,1.0,0.29310344827586204,0.4533333333333333,0.28019609600554535,0.13520000000000001
0.65,0.38,0.4383561643835616,0.646551724137931,1.0,0.29310344827586204,0.4533333333333333,0.28019609600554535,0.13690000000000002
0.63,0.33,0.4383561643835616,0.646551724137931,1.0,0.29310344827586204,0.4533333333333333,0.28019609600554535,0.1378
0.64,0.35,0.4383561643835616,0.646551724137931,1.0,0.29310344827586204,0.4533333333333333,0.28019609600554535,0.13810000000000003
0.62,0.31,0.4383561643835616,0.646551724137931,1.0,0.29310344827586204,0.4533333333333333,0.28019609600554535,0.1385
0.65,0.37,0.4383561643835616,0.646551724137931,1.0,0.29310344827586204,0.4533333333333333,0.28019609600554535,0.13940000000000002
0.64,0.34,0.4383561643835616,0.646551724137931,1.0,0.29310344827586204,0.4533333333333333,0.28019609600554535,0.14120000000000002
0.63,0.32,0.4383561643835616,0.646551724137931,1.0,0.29310344827586204,0.4533333333333333,0.28019609600554535,0.1413
0.66,0.39,0.4383561643835616,0.646551724137931,1.0,0.29310344827586204,0.4533333333333333,0.28019609600554535,0.14170000000000002
0.65,0.36,0.4383561643835616,0.646551724137931,1.0,0.29310344827586204,0.4533333333333333,0.28019609600554535,0.14210000000000003
0.66,0.38,0.4383561643835616,0.646551724137931,1.0,0.29310344827586204,0.4533333333333333,0.28019609600554535,0.14400000000000002
0.64,0.33,0.4383561643835616,0.646551724137931,1.0,0.29310344827586204,0.4533333333333333,0.28019609600554535,0.14450000000000002
0.63,0.31,0.4383561643835616,0.646551724137931,1.0,0.29310344827586204,0.4533333333333333,0.28019609600554535,0.14500000000000002
0.65,0.35,0.4383561643835616,0.646551724137931,1.0,0.29310344827586204,0.4533333333333333,0.28019609600554535,0.14500000000000002
0.66,0.37,0.4383561643835616,0.646551724137931,1.0,0.29310344827586204,0.4533333333333333,0.28019609600554535,0.14650000000000002
0.64,0.32,0.4383561643835616,0.646551724137931,1.0,0.29310344827586204,0.4533333333333333,0.28019609600554535,0.14800000000000002
0.65,0.34,0.4383561643835616,0.646551724137931,1.0,0.29310344827586204,0.4533333333333333,0.28019609600554535,0.1481
0.66,0.36,0.4383561643835616,0.646551724137931,1.0,0.29310344827586204,0.4533333333333333,0.28019609600554535,0.14920000000000003
0.65,0.33,0.4383561643835616,0.646551724137931,1.0,0.29310344827586204,0.4533333333333333,0.28019609600554535,0.15140000000000003
0.64,0.31,0.4383561643835616,0.646551724137931,1.0,0.29310344827586204,0.4533333333333333,0.28019609600554535,0.15170000000000003
0.66,0.35,0.4383561643835616,0.646551724137931,1.0,0.29310344827586204,0.4533333333333333,0.28019609600554535,0.1521
0.65,0.32,0.4383561643835616,0.646551724137931,1.0,0.29310344827586204,0.4533333333333333,0.28019609600554535,0.15490000000000004
0.66,0.34,0.4383561643835616,0.646551724137931,1.0,0.29310344827586204,0.4533333333333333,0.28019609600554535,0.1552
0.66,0.33,0.4383561643835616,0.646551724137931,1.0,0.29310344827586204,0.4533333333333333,0.28019609600554535,0.15850000000000003
0.65,0.31,0.4383561643835616,0.646551724137931,1.0,0.29310344827586204,0.4533333333333333,0.28019609600554535,0.15860000000000002
0.66,0.32,0.4383561643835616,0.646551724137931,1.0,0.29310344827586204,0.4533333333333333,0.28019609600554535,0.16200000000000003
0.66,0.31,0.4383561643835616,0.646551724137931,1.0,0.29310344827586204,0.4533333333333333,0.28019609600554535,0.16570000000000001
0.7,0.28,0.4383561643835616,0.646551724137931,1.0,0.29310344827586204,0.4533333333333333,0.28019609600554535,0.20839999999999997
0.7,0.27,0.4383561643835616,0.646551724137931,1.0,0.29310344827586204,0.4533333333333333,0.28019609600554535,0.21289999999999998
0.71,0.28,0.4383561643835616,0.646551724137931,1.0,0.29310344827586204,0.4533333333333333,0.28019609600554535,0.21649999999999997
0.7,0.26,0.4383561643835616,0.646551724137931,1.0,0.29310344827586204,0.4533333333333333,0.28019609600554535,0.21759999999999996
0.71,0.27,0.4383561643835616,0.646551724137931,1.0,0.29310344827586204,0.4533333333333333,0.28019609600554535,0.22099999999999997
0.72,0.28,0.4383561643835616,0.646551724137931,1.0,0.29310344827586204,0.4533333333333333,0.28019609600554535,0.22479999999999997
0.71,0.26,0.4383561643835616,0.646551724137931,1.0,0.29310344827586204,0.4533333333333333,0.28019609600554535,0.22569999999999996
0.72,0.27,0.4383561643835616,0.646551724137931,1.0,0.29310344827586204,0.4533333333333333,0.28019609600554535,0.22929999999999995
0.73,0.28,0.4383561643835616,0.646551724137931,1.0,0.29310344827586204,0.4533333333333333,0.28019609600554535,0.23329999999999998
0.72,0.26,0.4383561643835616,0.646551724137931,1.0,0.29310344827586204,0.4533333333333333,0.28019609600554535,0.23399999999999999
0.73,0.27,0.4383561643835616,0.646551724137931,1.0,0.29310344827586204,0.4533333333333333,0.28019609600554535,0.23779999999999996
0.74,0.28,0.4383561643835616,0.646551724137931,1.0,0.29310344827586204,0.4533333333333333,0.28019609600554535,0.242
0.73,0.26,0.4383561643835616,0.646551724137931,1.0,0.29310344827586204,0.4533333333333333,0.28019609600554535,0.2425
0.74,0.27,0.4383561643835616,0.646551724137931,1.0,0.29310344827586204,0.4533333333333333,0.28019609600554535,0.2465
0.75,0.28,0.4383561643835616,0.646551724137931,1.0,0.29310344827586204,0.4533333333333333,0.28019609600554535,0.2509
0.74,0.26,0.4383561643835616,0.646551724137931,1.0,0.29310344827586204,0.4533333333333333,0.28019609600554535,0.2512
0.75,0.27,0.4383561643835616,0.646551724137931,1.0,0.29310344827586204,0.4533333333333333,0.28019609600554535,0.2554
0.76,0.28,0.4383561643835616,0.646551724137931,1.0,0.29310344827586204,0.4533333333333333,0.28019609600554535,0.26
0.75,0.26,0.4383561643835616,0.646551724137931,1.0,0.29310344827586204,0.4533333333333333,0.28019609600554535,0.2601
0.76,0.27,0.4383561643835616,0.646551724137931,1.0,0.29310344827586204,0.4533333333333333,0.28019609600554535,0.2645
0.76,0.26,0.4383561643835616,0.646551724137931,1.0,0.29310344827586204,0.4533333333333333,0.28019609600554535,0.2692
0.36,0.56,0.4337899543378995,0.6436781609195402,1.0,0.28735632183908044,0.44642857142857145,0.2766134431646447,0.007200000000000007
0.36,0.57,0.4337899543378995,0.6436781609195402,1.0,0.28735632183908044,0.44642857142857145,0.2766134431646447,0.008499999999999994
0.58,0.43,0.4337899543378995,0.6436781609195402,1.0,0.28735632183908044,0.44642857142857145,0.2766134431646447,0.08329999999999999
0.59,0.42,0.4337899543378995,0.6436781609195402,1.0,0.28735632183908044,0.44642857142857145,0.2766134431646447,0.0905
0.59,0.41,0.4337899543378995,0.6436781609195402,1.0,0.28735632183908044,0.44642857142857145,0.2766134431646447,0.0922
0.62,0.4,0.4337899543378995,0.6436781609195402,1.0,0.28735632183908044,0.44642857142857145,0.2766134431646447,0.1124
0.63,0.4,0.4337899543378995,0.6436781609195402,1.0,0.28735632183908044,0.44642857142857145,0.2766134431646447,0.1189
0.64,0.4,0.4337899543378995,0.6436781609195402,1.0,0.28735632183908044,0.44642857142857145,0.2766134431646447,0.12560000000000002
0.65,0.4,0.4337899543378995,0.6436781609195402,1.0,0.28735632183908044,0.44642857142857145,0.2766134431646447,0.1325
0.66,0.4,0.4337899543378995,0.6436781609195402,1.0,0.28735632183908044,0.44642857142857145,0.2766134431646447,0.1396
0.67,0.4,0.4337899543378995,0.6436781609195402,1.0,0.28735632183908044,0.44642857142857145,0.2766134431646447,0.14690000000000003
0.67,0.39,0.4337899543378995,0.6436781609195402,1.0,0.28735632183908044,0.44642857142857145,0.2766134431646447,0.14900000000000005
0.67,0.38,0.4337899543378995,0.6436781609195402,1.0,0.28735632183908044,0.44642857142857145,0.2766134431646447,0.15130000000000005
0.67,0.37,0.4337899543378995,0.6436781609195402,1.0,0.28735632183908044,0.44642857142857145,0.2766134431646447,0.15380000000000005
0.68,0.4,0.4337899543378995,0.6436781609195402,1.0,0.28735632183908044,0.44642857142857145,0.2766134431646447,0.15440000000000004
0.67,0.36,0.4337899543378995,0.6436781609195402,1.0,0.28735632183908044,0.44642857142857145,0.2766134431646447,0.15650000000000006
0.68,0.39,0.4337899543378995,0.6436781609195402,1.0,0.28735632183908044,0.44642857142857145,0.2766134431646447,0.15650000000000006
0.68,0.38,0.4337899543378995,0.6436781609195402,1.0,0.28735632183908044,0.44642857142857145,0.2766134431646447,0.15880000000000005
0.67,0.35,0.4337899543378995,0.6436781609195402,1.0,0.28735632183908044,0.44642857142857145,0.2766134431646447,0.15940000000000004
0.68,0.37,0.4337899543378995,0.6436781609195402,1.0,0.28735632183908044,0.44642857142857145,0.2766134431646447,0.16130000000000005
0.69,0.4,0.4337899543378995,0.6436781609195402,1.0,0.28735632183908044,0.44642857142857145,0.2766134431646447,0.16209999999999997
0.67,0.34,0.4337899543378995,0.6436781609195402,1.0,0.28735632183908044,0.44642857142857145,0.2766134431646447,0.16250000000000003
0.68,0.36,0.4337899543378995,0.6436781609195402,1.0,0.28735632183908044,0.44642857142857145,0.2766134431646447,0.16400000000000006
0.69,0.39,0.4337899543378995,0.6436781609195402,1.0,0.28735632183908044,0.44642857142857145,0.2766134431646447,0.16419999999999996
0.67,0.33,0.4337899543378995,0.6436781609195402,1.0,0.28735632183908044,0.44642857142857145,0.2766134431646447,0.16580000000000006
0.69,0.38,0.4337899543378995,0.6436781609195402,1.0,0.28735632183908044,0.44642857142857145,0.2766134431646447,0.16649999999999995
0.68,0.35,0.4337899543378995,0.6436781609195402,1.0,0.28735632183908044,0.44642857142857145,0.2766134431646447,0.16690000000000005
0.69,0.37,0.4337899543378995,0.6436781609195402,1.0,0.28735632183908044,0.44642857142857145,0.2766134431646447,0.16899999999999996
0.67,0.32,0.4337899543378995,0.6436781609195402,1.0,0.28735632183908044,0.44642857142857145,0.2766134431646447,0.16930000000000006
0.68,0.34,0.4337899543378995,0.6436781609195402,1.0,0.28735632183908044,0.44642857142857145,0.2766134431646447,0.17000000000000004
0.69,0.36,0.4337899543378995,0.6436781609195402,1.0,0.28735632183908044,0.44642857142857145,0.2766134431646447,0.17169999999999996
0.67,0.31,0.4337899543378995,0.6436781609195402,1.0,0.28735632183908044,0.44642857142857145,0.2766134431646447,0.17300000000000004
0.68,0.33,0.4337899543378995,0.6436781609195402,1.0,0.28735632183908044,0.44642857142857145,0.2766134431646447,0.17330000000000007
0.69,0.35,0.4337899543378995,0.6436781609195402,1.0,0.28735632183908044,0.44642857142857145,0.2766134431646447,0.17459999999999998
0.68,0.32,0.4337899543378995,0.6436781609195402,1.0,0.28735632183908044,0.44642857142857145,0.2766134431646447,0.17680000000000007
0.69,0.34,0.4337899543378995,0.6436781609195402,1.0,0.28735632183908044,0.44642857142857145,0.2766134431646447,0.17769999999999994
0.68,0.31,0.4337899543378995,0.6436781609195402,1.0,0.28735632183908044,0.44642857142857145,0.2766134431646447,0.18050000000000005
0.69,0.33,0.4337899543378995,0.6436781609195402,1.0,0.28735632183908044,0.44642857142857145,0.2766134431646447,0.18099999999999994
0.69,0.32,0.4337899543378995,0.6436781609195402,1.0,0.28735632183908044,0.44642857142857145,0.2766134431646447,0.18449999999999994
0.69,0.31,0.4337899543378995,0.6436781609195402,1.0,0.28735632183908044,0.44642857142857145,0.2766134431646447,0.18819999999999995
0.7,0.3,0.4337899543378995,0.6436781609195402,1.0,0.28735632183908044,0.44642857142857145,0.2766134431646447,0.19999999999999998
0.7,0.29,0.4337899543378995,0.6436781609195402,1.0,0.28735632183908044,0.44642857142857145,0.2766134431646447,0.20409999999999998
0.71,0.3,0.4337899543378995,0.6436781609195402,1.0,0.28735632183908044,0.44642857142857145,0.2766134431646447,0.20809999999999998
0.71,0.29,0.4337899543378995,0.6436781609195402,1.0,0.28735632183908044,0.44642857142857145,0.2766134431646447,0.21219999999999997
0.72,0.3,0.4337899543378995,0.6436781609195402,1.0,0.28735632183908044,0.44642857142857145,0.2766134431646447,0.21639999999999998
0.72,0.29,0.4337899543378995,0.6436781609195402,1.0,0.28735632183908044,0.44642857142857145,0.2766134431646447,0.22049999999999997
0.73,0.3,0.4337899543378995,0.6436781609195402,1.0,0.28735632183908044,0.44642857142857145,0.2766134431646447,0.2249
0.73,0.29,0.4337899543378995,0.6436781609195402,1.0,0.28735632183908044,0.44642857142857145,0.2766134431646447,0.22899999999999998
0.74,0.3,0.4337899543378995,0.6436781609195402,1.0,0.28735632183908044,0.44642857142857145,0.2766134431646447,0.2336
0.74,0.29,0.4337899543378995,0.6436781609195402,1.0,0.28735632183908044,0.44642857142857145,0.2766134431646447,0.2377
0.75,0.3,0.4337899543378995,0.6436781609195402,1.0,0.28735632183908044,0.44642857142857145,0.2766134431646447,0.24250000000000002
0.75,0.29,0.4337899543378995,0.6436781609195402,1.0,0.28735632183908044,0.44642857142857145,0.2766134431646447,0.2466
0.76,0.3,0.4337899543378995,0.6436781609195402,1.0,0.28735632183908044,0.44642857142857145,0.2766134431646447,0.25160000000000005
0.76,0.29,0.4337899543378995,0.6436781609195402,1.0,0.28735632183908044,0.44642857142857145,0.2766134431646447,0.25570000000000004
0.77,0.28,0.4337899543378995,0.6436781609195402,1.0,0.28735632183908044,0.44642857142857145,0.2766134431646447,0.26930000000000004
0.77,0.27,0.4337899543378995,0.6436781609195402,1.0,0.28735632183908044,0.44642857142857145,0.2766134431646447,0.27380000000000004
0.77,0.26,0.4337899543378995,0.6436781609195402,1.0,0.28735632183908044,0.44642857142857145,0.2766134431646447,0.2785
0.78,0.28,0.4337899543378995,0.6436781609195402,1.0,0.28735632183908044,0.44642857142857145,0.2766134431646447,0.27880000000000005
0.78,0.27,0.4337899543378995,0.6436781609195402,1.0,0.28735632183908044,0.44642857142857145,0.2766134431646447,0.28330000000000005
0.78,0.26,0.4337899543378995,0.6436781609195402,1.0,0.28735632183908044,0.44642857142857145,0.2766134431646447,0.28800000000000003
0.79,0.28,0.4337899543378995,0.6436781609195402,1.0,0.28735632183908044,0.44642857142857145,0.2766134431646447,0.28850000000000003
0.79,0.27,0.4337899543378995,0.6436781609195402,1.0,0.28735632183908044,0.44642857142857145,0.2766134431646447,0.29300000000000004
0.79,0.26,0.4337899543378995,0.6436781609195402,1.0,0.28735632183908044,0.44642857142857145,0.2766134431646447,0.2977
0.8,0.28,0.4337899543378995,0.6436781609195402,1.0,0.28735632183908044,0.44642857142857145,0.2766134431646447,0.2984
0.8,0.27,0.4337899543378995,0.6436781609195402,1.0,0.28735632183908044,0.44642857142857145,0.2766134431646447,0.3029
0.8,0.26,0.4337899543378995,0.6436781609195402,1.0,0.28735632183908044,0.44642857142857145,0.2766134431646447,0.3076
0.33,0.58,0.4292237442922374,0.6408045977011494,1.0,0.28160919540229884,0.43946188340807174,0.27302675793348047,0.007299999999999995
0.34,0.58,0.4292237442922374,0.6408045977011494,1.0,0.28160919540229884,0.43946188340807174,0.27302675793348047,0.007999999999999997
0.3,0.59,0.4292237442922374,0.6408045977011494,1.0,0.28160919540229884,0.43946188340807174,0.27302675793348047,0.008099999999999994
0.29,0.59,0.4292237442922374,0.6408045977011494,1.0,0.28160919540229884,0.43946188340807174,0.27302675793348047,0.008199999999999994
0.31,0.59,0.4292237442922374,0.6408045977011494,1.0,0.28160919540229884,0.43946188340807174,0.27302675793348047,0.008199999999999994
0.28,0.59,0.4292237442922374,0.6408045977011494,1.0,0.28160919540229884,0.43946188340807174,0.27302675793348047,0.008499999999999994
0.32,0.59,0.4292237442922374,0.6408045977011494,1.0,0.28160919540229884,0.43946188340807174,0.27302675793348047,0.008499999999999995
0.37,0.56,0.4292237442922374,0.6408045977011494,1.0,0.28160919540229884,0.43946188340807174,0.27302675793348047,0.008500000000000008
0.35,0.58,0.4292237442922374,0.6408045977011494,1.0,0.28160919540229884,0.43946188340807174,0.27302675793348047,0.008899999999999991
0.27,0.59,0.4292237442922374,0.6408045977011494,1.0,0.28160919540229884,0.43946188340807174,0.27302675793348047,0.008999999999999992
0.33,0.59,0.4292237442922374,0.6408045977011494,1.0,0.28160919540229884,0.43946188340807174,0.27302675793348047,0.008999999999999996
0.26,0.59,0.4292237442922374,0.6408045977011494,1.0,0.28160919540229884,0.43946188340807174,0.27302675793348047,0.009699999999999993
0.34,0.59,0.4292237442922374,0.6408045977011494,1.0,0.28160919540229884,0.43946188340807174,0.27302675793348047,0.009699999999999997
0.37,0.57,0.4292237442922374,0.6408045977011494,1.0,0.28160919540229884,0.43946188340807174,0.27302675793348047,0.009799999999999993
0.3,0.6,0.4292237442922374,0.6408045977011494,1.0,0.28160919540229884,0.43946188340807174,0.27302675793348047,0.009999999999999995
0.29,0.6,0.4292237442922374,0.6408045977011494,1.0,0.28160919540229884,0.43946188340807174,0.27302675793348047,0.010099999999999994
0.31,0.6,0.4292237442922374,0.6408045977011494,1.0,0.28160919540229884,0.43946188340807174,0.27302675793348047,0.010099999999999994
0.28,0.6,0.4292237442922374,0.6408045977011494,1.0,0.28160919540229884,0.43946188340807174,0.27302675793348047,0.010399999999999994
0.32,0.6,0.4292237442922374,0.6408045977011494,1.0,0.28160919540229884,0.43946188340807174,0.27302675793348047,0.010399999999999996
0.25,0.59,0.4292237442922374,0.6408045977011494,1.0,0.28160919540229884,0.43946188340807174,0.27302675793348047,0.010599999999999993
0.35,0.59,0.4292237442922374,0.6408045977011494,1.0,0.28160919540229884,0.43946188340807174,0.27302675793348047,0.010599999999999993
0.27,0.6,0.4292237442922374,0.6408045977011494,1.0,0.28160919540229884,0.43946188340807174,0.27302675793348047,0.010899999999999993
0.33,0.6,0.4292237442922374,0.6408045977011494,1.0,0.28160919540229884,0.43946188340807174,0.27302675793348047,0.010899999999999996
0.26,0.6,0.4292237442922374,0.6408045977011494,1.0,0.28160919540229884,0.43946188340807174,0.27302675793348047,0.011599999999999994
0.34,0.6,0.4292237442922374,0.6408045977011494,1.0,0.28160919540229884,0.43946188340807174,0.27302675793348047,0.011599999999999997
0.24,0.59,0.4292237442922374,0.6408045977011494,1.0,0.28160919540229884,0.43946188340807174,0.27302675793348047,0.011699999999999995
0.3,0.61,0.4292237442922374,0.6408045977011494,1.0,0.28160919540229884,0.43946188340807174,0.27302675793348047,0.012099999999999998
0.29,0.61,0.4292237442922374,0.6408045977011494,1.0,0.28160919540229884,0.43946188340807174,0.27302675793348047,0.012199999999999997
0.31,0.61,0.4292237442922374,0.6408045977011494,1.0,0.28160919540229884,0.43946188340807174,0.27302675793348047,0.012199999999999997
0.25,0.6,0.4292237442922374,0.6408045977011494,1.0,0.28160919540229884,0.43946188340807174,0.27302675793348047,0.012499999999999994
0.35,0.6,0.4292237442922374,0.6408045977011494,1.0,0.28160919540229884,0.43946188340807174,0.27302675793348047,0.012499999999999994
0.28,0.61,0.4292237442922374,0.6408045977011494,1.0,0.28160919540229884,0.43946188340807174,0.27302675793348047,0.012499999999999997
0.32,0.61,0.4292237442922374,0.6408045977011494,1.0,0.28160919540229884,0.43946188340807174,0.27302675793348047,0.012499999999999999
0.23,0.59,0.4292237442922374,0.6408045977011494,1.0,0.28160919540229884,0.43946188340807174,0.27302675793348047,0.01299999999999999
0.27,0.61,0.4292237442922374,0.6408045977011494,1.0,0.28160919540229884,0.43946188340807174,0.27302675793348047,0.012999999999999996
0.33,0.61,0.4292237442922374,0.6408045977011494,1.0,0.28160919540229884,0.43946188340807174,0.27302675793348047,0.013
0.24,0.6,0.4292237442922374,0.6408045977011494,1.0,0.28160919540229884,0.43946188340807174,0.27302675793348047,0.013599999999999994
0.26,0.61,0.4292237442922374,0.6408045977011494,1.0,0.28160919540229884,0.43946188340807174,0.27302675793348047,0.013699999999999997
0.34,0.61,0.4292237442922374,0.6408045977011494,1.0,0.28160919540229884,0.43946188340807174,0.27302675793348047,0.0137
0.3,0.62,0.4292237442922374,0.6408045977011494,1.0,0.28160919540229884,0.43946188340807174,0.27302675793348047,0.0144
0.22,0.59,0.4292237442922374,0.6408045977011494,1.0,0.28160919540229884,0.43946188340807174,0.27302675793348047,0.014499999999999992
0.29,0.62,0.4292237442922374,0.6408045977011494,1.0,0.28160919540229884,0.43946188340807174,0.27302675793348047,0.014499999999999999
0.31,0.62,0.4292237442922374,0.6408045977011494,1.0,0.28160919540229884,0.43946188340807174,0.27302675793348047,0.014499999999999999
0.25,0.61,0.4292237442922374,0.6408045977011494,1.0,0.28160919540229884,0.43946188340807174,0.27302675793348047,0.014599999999999997
0.35,0.61,0.4292237442922374,0.6408045977011494,1.0,0.28160919540229884,0.43946188340807174,0.27302675793348047,0.014599999999999997
0.28,0.62,0.4292237442922374,0.6408045977011494,1.0,0.28160919540229884,0.43946188340807174,0.27302675793348047,0.014799999999999999
0.32,0.62,0.4292237442922374,0.6408045977011494,1.0,0.28160919540229884,0.43946188340807174,0.27302675793348047,0.0148
0.23,0.6,0.4292237442922374,0.6408045977011494,1.0,0.28160919540229884,0.43946188340807174,0.27302675793348047,0.014899999999999993
0.27,0.62,0.4292237442922374,0.6408045977011494,1.0,0.28160919540229884,0.43946188340807174,0.27302675793348047,0.015299999999999998
0.33,0.62,0.4292237442922374,0.6408045977011494,1.0,0.28160919540229884,0.43946188340807174,0.27302675793348047,0.015300000000000001
0.24,0.61,0.4292237442922374,0.6408045977011494,1.0,0.28160919540229884,0.43946188340807174,0.27302675793348047,0.0157
0.26,0.62,0.4292237442922374,0.6408045977011494,1.0,0.28160919540229884,0.43946188340807174,0.27302675793348047,0.015999999999999997
0.34,0.62,0.4292237442922374,0.6408045977011494,1.0,0.28160919540229884,0.43946188340807174,0.27302675793348047,0.016000000000000004
0.21,0.59,0.4292237442922374,0.6408045977011494,1.0,0.28160919540229884,0.43946188340807174,0.27302675793348047,0.016199999999999992
0.22,0.6,0.4292237442922374,0.6408045977011494,1.0,0.28160919540229884,0.43946188340807174,0.27302675793348047,0.01639999999999999
0.25,0.62,0.4292237442922374,0.6408045977011494,1.0,0.28160919540229884,0.43946188340807174,0.27302675793348047,0.0169
0.35,0.62,0.4292237442922374,0.6408045977011494,1.0,0.28160919540229884,0.43946188340807174,0.27302675793348047,0.0169
0.3,0.63,0.4292237442922374,0.6408045977011494,1.0,0.28160919540229884,0.43946188340807174,0.27302675793348047,0.016900000000000002
0.23,0.61,0.4292237442922374,0.6408045977011494,1.0,0.28160919540229884,0.43946188340807174,0.27302675793348047,0.016999999999999994
0.29,0.63,0.4292237442922374,0.6408045977011494,1.0,0.28160919540229884,0.43946188340807174,0.27302675793348047,0.017
0.31,0.63,0.4292237442922374,0.6408045977011494,1.0,0.28160919540229884,0.43946188340807174,0.27302675793348047,0.017
0.28,0.63,0.4292237442922374,0.6408045977011494,1.0,0.28160919540229884,0.43946188340807174,0.27302675793348047,0.0173
0.32,0.63,0.4292237442922374,0.6408045977011494,1.0,0.28160919540229884,0.43946188340807174,0.27302675793348047,0.017300000000000003
0.27,0.63,0.4292237442922374,0.6408045977011494,1.0,0.28160919540229884,0.43946188340807174,0.27302675793348047,0.0178
0.33,0.63,0.4292237442922374,0.6408045977011494,1.0,0.28160919540229884,0.43946188340807174,0.27302675793348047,0.017800000000000003
0.24,0.62,0.4292237442922374,0.6408045977011494,1.0,0.28160919540229884,0.43946188340807174,0.27302675793348047,0.018
0.2,0.59,0.4292237442922374,0.6408045977011494,1.0,0.28160919540229884,0.43946188340807174,0.27302675793348047,0.01809999999999999
0.21,0.6,0.4292237442922374,0.6408045977011494,1.0,0.28160919540229884,0.43946188340807174,0.27302675793348047,0.018099999999999995
0.22,0.61,0.4292237442922374,0.6408045977011494,1.0,0.28160919540229884,0.43946188340807174,0.27302675793348047,0.018499999999999996
0.26,0.63,0.4292237442922374,0.6408045977011494,1.0,0.28160919540229884,0.43946188340807174,0.27302675793348047,0.0185
0.34,0.63,0.4292237442922374,0.6408045977011494,1.0,0.28160919540229884,0.43946188340807174,0.27302675793348047,0.018500000000000006
0.23,0.62,0.4292237442922374,0.6408045977011494,1.0,0.28160919540229884,0.43946188340807174,0.27302675793348047,0.019299999999999998
0.25,0.63,0.4292237442922374,0.6408045977011494,1.0,0.28160919540229884,0.43946188340807174,0.27302675793348047,0.0194
0.35,0.63,0.4292237442922374,0.6408045977011494,1.0,0.28160919540229884,0.43946188340807174,0.27302675793348047,0.0194
0.2,0.6,0.4292237442922374,0.6408045977011494,1.0,0.28160919540229884,0.43946188340807174,0.27302675793348047,0.01999999999999999
0.19,0.59,0.4292237442922374,0.6408045977011494,1.0,0.28160919540229884,0.43946188340807174,0.27302675793348047,0.020199999999999992
0.21,0.61,0.4292237442922374,0.6408045977011494,1.0,0.28160919540229884,0.43946188340807174,0.27302675793348047,0.020199999999999996
0.24,0.63,0.4292237442922374,0.6408045977011494,1.0,0.28160919540229884,0.43946188340807174,0.27302675793348047,0.0205
0.22,0.62,0.4292237442922374,0.6408045977011494,1.0,0.28160919540229884,0.43946188340807174,0.27302675793348047,0.0208
0.23,0.63,0.4292237442922374,0.6408045977011494,1.0,0.28160919540229884,0.43946188340807174,0.27302675793348047,0.0218
0.19,0.6,0.4292237442922374,0.6408045977011494,1.0,0.28160919540229884,0.43946188340807174,0.27302675793348047,0.022099999999999995
0.2,0.61,0.4292237442922374,0.6408045977011494,1.0,0.28160919540229884,0.43946188340807174,0.27302675793348047,0.022099999999999995
0.18,0.59,0.4292237442922374,0.6408045977011494,1.0,0.28160919540229884,0.43946188340807174,0.27302675793348047,0.022499999999999992
0.21,0.62,0.4292237442922374,0.6408045977011494,1.0,0.28160919540229884,0.43946188340807174,0.27302675793348047,0.0225
0.22,0.63,0.4292237442922374,0.6408045977011494,1.0,0.28160919540229884,0.43946188340807174,0.27302675793348047,0.0233
0.19,0.61,0.4292237442922374,0.6408045977011494,1.0,0.28160919540229884,0.43946188340807174,0.27302675793348047,0.024199999999999996
0.18,0.6,0.4292237442922374,0.6408045977011494,1.0,0.28160919540229884,0.43946188340807174,0.27302675793348047,0.024399999999999995
0.2,0.62,0.4292237442922374,0.6408045977011494,1.0,0.28160919540229884,0.43946188340807174,0.27302675793348047,0.024399999999999995
0.17,0.59,0.4292237442922374,0.6408045977011494,1.0,0.28160919540229884,0.43946188340807174,0.27302675793348047,0.024999999999999988
0.21,0.63,0.4292237442922374,0.6408045977011494,1.0,0.28160919540229884,0.43946188340807174,0.27302675793348047,0.025
0.18,0.61,0.4292237442922374,0.6408045977011494,1.0,0.28160919540229884,0.43946188340807174,0.27302675793348047,0.026499999999999996
0.19,0.62,0.4292237442922374,0.6408045977011494,1.0,0.28160919540229884,0.43946188340807174,0.27302675793348047,0.026499999999999996
0.17,0.6,0.4292237442922374,0.6408045977011494,1.0,0.28160919540229884,0.43946188340807174,0.27302675793348047,0.02689999999999999
0.2,0.63,0.4292237442922374,0.6408045977011494,1.0,0.28160919540229884,0.43946188340807174,0.27302675793348047,0.026899999999999997
0.16,0.59,0.4292237442922374,0.6408045977011494,1.0,0.28160919540229884,0.43946188340807174,0.27302675793348047,0.02769999999999999
0.18,0.62,0.4292237442922374,0.6408045977011494,1.0,0.28160919540229884,0.43946188340807174,0.27302675793348047,0.0288
0.17,0.61,0.4292237442922374,0.6408045977011494,1.0,0.28160919540229884,0.43946188340807174,0.27302675793348047,0.02899999999999999
0.19,0.63,0.4292237442922374,0.6408045977011494,1.0,0.28160919540229884,0.43946188340807174,0.27302675793348047,0.028999999999999998
0.16,0.6,0.4292237442922374,0.6408045977011494,1.0,0.28160919540229884,0.43946188340807174,0.27302675793348047,0.02959999999999999
0.15,0.59,0.4292237442922374,0.6408045977011494,1.0,0.28160919540229884,0.43946188340807174,0.27302675793348047,0.030599999999999995
0.17,0.62,0.4292237442922374,0.6408045977011494,1.0,0.28160919540229884,0.43946188340807174,0.27302675793348047,0.031299999999999994
0.18,0.63,0.4292237442922374,0.6408045977011494,1.0,0.28160919540229884,0.43946188340807174,0.27302675793348047,0.0313
0.16,0.61,0.4292237442922374,0.6408045977011494,1.0,0.28160919540229884,0.43946188340807174,0.27302675793348047,0.03169999999999999
0.15,0.6,0.4292237442922374,0.6408045977011494,1.0,0.28160919540229884,0.43946188340807174,0.27302675793348047,0.032499999999999994
0.14,0.59,0.4292237442922374,0.6408045977011494,1.0,0.28160919540229884,0.43946188340807174,0.27302675793348047,0.03369999999999999
0.17,0.63,0.4292237442922374,0.6408045977011494,1.0,0.28160919540229884,0.43946188340807174,0.27302675793348047,0.0338
0.16,0.62,0.4292237442922374,0.6408045977011494,1.0,0.28160919540229884,0.43946188340807174,0.27302675793348047,0.033999999999999996
0.15,0.61,0.4292237442922374,0.6408045977011494,1.0,0.28160919540229884,0.43946188340807174,0.27302675793348047,0.0346
0.14,0.6,0.4292237442922374,0.6408045977011494,1.0,0.28160919540229884,0.43946188340807174,0.27302675793348047,0.035599999999999986
0.16,0.63,0.4292237442922374,0.6408045977011494,1.0,0.28160919540229884,0.43946188340807174,0.27302675793348047,0.0365
0.15,0.62,0.4292237442922374,0.6408045977011494,1.0,0.28160919540229884,0.43946188340807174,0.27302675793348047,0.0369
0.13,0.59,0.4292237442922374,0.6408045977011494,1.0,0.28160919540229884,0.43946188340807174,0.27302675793348047,0.03699999999999999
0.14,0.61,0.4292237442922374,0.6408045977011494,1.0,0.28160919540229884,0.43946188340807174,0.27302675793348047,0.03769999999999999
0.13,0.6,0.4292237442922374,0.6408045977011494,1.0,0.28160919540229884,0.43946188340807174,0.27302675793348047,0.03889999999999999
0.15,0.63,0.4292237442922374,0.6408045977011494,1.0,0.28160919540229884,0.43946188340807174,0.27302675793348047,0.039400000000000004
0.14,0.62,0.4292237442922374,0.6408045977011494,1.0,0.28160919540229884,0.43946188340807174,0.27302675793348047,0.039999999999999994
0.12,0.59,0.4292237442922374,0.6408045977011494,1.0,0.28160919540229884,0.43946188340807174,0.27302675793348047,0.040499999999999994
0.13,0.61,0.4292237442922374,0.6408045977011494,1.0,0.28160919540229884,0.43946188340807174,0.27302675793348047,0.040999999999999995
0.12,0.6,0.4292237442922374,0.6408045977011494,1.0,0.28160919540229884,0.43946188340807174,0.27302675793348047,0.04239999999999999
0.14,0.63,0.4292237442922374,0.6408045977011494,1.0,0.28160919540229884,0.43946188340807174,0.27302675793348047,0.042499999999999996
0.13,0.62,0.4292237442922374,0.6408045977011494,1.0,0.28160919540229884,0.43946188340807174,0.27302675793348047,0.04329999999999999
0.11,0.59,0.4292237442922374,0.6408045977011494,1.0,0.28160919540229884,0.43946188340807174,0.27302675793348047,0.044199999999999996
0.12,0.61,0.4292237442922374,0.6408045977011494,1.0,0.28160919540229884,0.43946188340807174,0.27302675793348047,0.0445
0.13,0.63,0.4292237442922374,0.6408045977011494,1.0,0.28160919540229884,0.43946188340807174,0.27302675793348047,0.045799999999999993
0.11,0.6,0.4292237442922374,0.6408045977011494,1.0,0.28160919540229884,0.43946188340807174,0.27302675793348047,0.046099999999999995
0.12,0.62,0.4292237442922374,0.6408045977011494,1.0,0.28160919540229884,0.43946188340807174,0.27302675793348047,0.046799999999999994
0.1,0.59,0.4292237442922374,0.6408045977011494,1.0,0.28160919540229884,0.43946188340807174,0.27302675793348047,0.04809999999999999
0.11,0.61,0.4292237442922374,0.6408045977011494,1.0,0.28160919540229884,0.43946188340807174,0.27302675793348047,0.0482
0.12,0.63,0.4292237442922374,0.6408045977011494,1.0,0.28160919540229884,0.43946188340807174,0.27302675793348047,0.0493
0.1,0.6,0.4292237442922374,0.6408045977011494,1.0,0.28160919540229884,0.43946188340807174,0.27302675793348047,0.04999999999999999
0.11,0.62,0.4292237442922374,0.6408045977011494,1.0,0.28160919540229884,0.43946188340807174,0.27302675793348047,0.0505
0.1,0.61,0.4292237442922374,0.6408045977011494,1.0,0.28160919540229884,0.43946188340807174,0.27302675793348047,0.052099999999999994
0.09,0.59,0.4292237442922374,0.6408045977011494,1.0,0.28160919540229884,0.43946188340807174,0.27302675793348047,0.05219999999999999
0.11,0.63,0.4292237442922374,0.6408045977011494,1.0,0.28160919540229884,0.43946188340807174,0.27302675793348047,0.053000000000000005
0.09,0.6,0.4292237442922374,0.6408045977011494,1.0,0.28160919540229884,0.43946188340807174,0.27302675793348047,0.05409999999999999
0.1,0.62,0.4292237442922374,0.6408045977011494,1.0,0.28160919540229884,0.43946188340807174,0.27302675793348047,0.05439999999999999
0.09,0.61,0.4292237442922374,0.6408045977011494,1.0,0.28160919540229884,0.43946188340807174,0.27302675793348047,0.05619999999999999
0.08,0.59,0.4292237442922374,0.6408045977011494,1.0,0.28160919540229884,0.43946188340807174,0.27302675793348047,0.05649999999999999
0.1,0.63,0.4292237442922374,0.6408045977011494,1.0,0.28160919540229884,0.43946188340807174,0.27302675793348047,0.05689999999999999
0.08,0.6,0.4292237442922374,0.6408045977011494,1.0,0.28160919540229884,0.43946188340807174,0.27302675793348047,0.05839999999999999
0.09,0.62,0.4292237442922374,0.6408045977011494,1.0,0.28160919540229884,0.43946188340807174,0.27302675793348047,0.058499999999999996
0.08,0.61,0.4292237442922374,0.6408045977011494,1.0,0.28160919540229884,0.43946188340807174,0.27302675793348047,0.06049999999999999
0.07,0.59,0.4292237442922374,0.6408045977011494,1.0,0.28160919540229884,0.43946188340807174,0.27302675793348047,0.060999999999999985
0.09,0.63,0.4292237442922374,0.6408045977011494,1.0,0.28160919540229884,0.43946188340807174,0.27302675793348047,0.061
0.08,0.62,0.4292237442922374,0.6408045977011494,1.0,0.28160919540229884,0.43946188340807174,0.27302675793348047,0.0628
0.07,0.6,0.4292237442922374,0.6408045977011494,1.0,0.28160919540229884,0.43946188340807174,0.27302675793348047,0.06289999999999998
0.07,0.61,0.4292237442922374,0.6408045977011494,1.0,0.28160919540229884,0.43946188340807174,0.27302675793348047,0.06499999999999999
0.08,0.63,0.4292237442922374,0.6408045977011494,1.0,0.28160919540229884,0.43946188340807174,0.27302675793348047,0.0653
0.06,0.59,0.4292237442922374,0.6408045977011494,1.0,0.28160919540229884,0.43946188340807174,0.27302675793348047,0.0657
0.07,0.62,0.4292237442922374,0.6408045977011494,1.0,0.28160919540229884,0.43946188340807174,0.27302675793348047,0.06729999999999998
0.06,0.6,0.4292237442922374,0.6408045977011494,1.0,0.28160919540229884,0.43946188340807174,0.27302675793348047,0.0676
0.06,0.61,0.4292237442922374,0.6408045977011494,1.0,0.28160919540229884,0.43946188340807174,0.27302675793348047,0.0697
0.07,0.63,0.4292237442922374,0.6408045977011494,1.0,0.28160919540229884,0.43946188340807174,0.27302675793348047,0.06979999999999999
0.05,0.59,0.4292237442922374,0.6408045977011494,1.0,0.28160919540229884,0.43946188340807174,0.27302675793348047,0.0706
0.06,0.62,0.4292237442922374,0.6408045977011494,1.0,0.28160919540229884,0.43946188340807174,0.27302675793348047,0.072
0.05,0.6,0.4292237442922374,0.6408045977011494,1.0,0.28160919540229884,0.43946188340807174,0.27302675793348047,0.0725
0.06,0.63,0.4292237442922374,0.6408045977011494,1.0,0.28160919540229884,0.43946188340807174,0.27302675793348047,0.0745
0.05,0.61,0.4292237442922374,0.6408045977011494,1.0,0.28160919540229884,0.43946188340807174,0.27302675793348047,0.0746
0.04,0.59,0.4292237442922374,0.6408045977011494,1.0,0.28160919540229884,0.43946188340807174,0.27302675793348047,0.0757
0.05,0.62,0.4292237442922374,0.6408045977011494,1.0,0.28160919540229884,0.43946188340807174,0.27302675793348047,0.0769
0.04,0.6,0.4292237442922374,0.6408045977011494,1.0,0.28160919540229884,0.43946188340807174,0.27302675793348047,0.0776
0.05,0.63,0.4292237442922374,0.6408045977011494,1.0,0.28160919540229884,0.43946188340807174,0.27302675793348047,0.0794
0.04,0.61,0.4292237442922374,0.6408045977011494,1.0,0.28160919540229884,0.43946188340807174,0.27302675793348047,0.07970000000000001
0.03,0.59,0.4292237442922374,0.6408045977011494,1.0,0.28160919540229884,0.43946188340807174,0.27302675793348047,0.081
0.04,0.62,0.4292237442922374,0.6408045977011494,1.0,0.28160919540229884,0.43946188340807174,0.27302675793348047,0.082
0.03,0.6,0.4292237442922374,0.6408045977011494,1.0,0.28160919540229884,0.43946188340807174,0.27302675793348047,0.0829
0.04,0.63,0.4292237442922374,0.6408045977011494,1.0,0.28160919540229884,0.43946188340807174,0.27302675793348047,0.0845
0.03,0.61,0.4292237442922374,0.6408045977011494,1.0,0.28160919540229884,0.43946188340807174,0.27302675793348047,0.085
0.02,0.59,0.4292237442922374,0.6408045977011494,1.0,0.28160919540229884,0.43946188340807174,0.27302675793348047,0.08649999999999998
0.03,0.62,0.4292237442922374,0.6408045977011494,1.0,0.28160919540229884,0.43946188340807174,0.27302675793348047,0.0873
0.02,0.6,0.4292237442922374,0.6408045977011494,1.0,0.28160919540229884,0.43946188340807174,0.27302675793348047,0.08839999999999998
0.59,0.43,0.4292237442922374,0.6408045977011494,1.0,0.28160919540229884,0.43946188340807174,0.27302675793348047,0.089
0.03,0.63,0.4292237442922374,0.6408045977011494,1.0,0.28160919540229884,0.43946188340807174,0.27302675793348047,0.0898
0.02,0.61,0.4292237442922374,0.6408045977011494,1.0,0.28160919540229884,0.43946188340807174,0.27302675793348047,0.09049999999999998
0.01,0.59,0.4292237442922374,0.6408045977011494,1.0,0.28160919540229884,0.43946188340807174,0.27302675793348047,0.09219999999999999
0.02,0.62,0.4292237442922374,0.6408045977011494,1.0,0.28160919540229884,0.43946188340807174,0.27302675793348047,0.09279999999999998
0.01,0.6,0.4292237442922374,0.6408045977011494,1.0,0.28160919540229884,0.43946188340807174,0.27302675793348047,0.09409999999999999
0.02,0.63,0.4292237442922374,0.6408045977011494,1.0,0.28160919540229884,0.43946188340807174,0.27302675793348047,0.09529999999999998
0.01,0.61,0.4292237442922374,0.6408045977011494,1.0,0.28160919540229884,0.43946188340807174,0.27302675793348047,0.0962
0.6,0.42,0.4292237442922374,0.6408045977011494,1.0,0.28160919540229884,0.43946188340807174,0.27302675793348047,0.0964
0.0,0.59,0.4292237442922374,0.6408045977011494,1.0,0.28160919540229884,0.43946188340807174,0.27302675793348047,0.09809999999999999
0.6,0.41,0.4292237442922374,0.6408045977011494,1.0,0.28160919540229884,0.43946188340807174,0.27302675793348047,0.0981
0.01,0.62,0.4292237442922374,0.6408045977011494,1.0,0.28160919540229884,0.43946188340807174,0.27302675793348047,0.09849999999999999
0.0,0.6,0.4292237442922374,0.6408045977011494,1.0,0.28160919540229884,0.43946188340807174,0.27302675793348047,0.09999999999999999
0.01,0.63,0.4292237442922374,0.6408045977011494,1.0,0.28160919540229884,0.43946188340807174,0.27302675793348047,0.10099999999999999
0.0,0.61,0.4292237442922374,0.6408045977011494,1.0,0.28160919540229884,0.43946188340807174,0.27302675793348047,0.1021
0.0,0.62,0.4292237442922374,0.6408045977011494,1.0,0.28160919540229884,0.43946188340807174,0.27302675793348047,0.10439999999999999
0.0,0.63,0.4292237442922374,0.6408045977011494,1.0,0.28160919540229884,0.43946188340807174,0.27302675793348047,0.1069
0.77,0.3,0.4292237442922374,0.6408045977011494,1.0,0.28160919540229884,0.43946188340807174,0.27302675793348047,0.2609
0.77,0.29,0.4292237442922374,0.6408045977011494,1.0,0.28160919540229884,0.43946188340807174,0.27302675793348047,0.26500000000000007
0.78,0.3,0.4292237442922374,0.6408045977011494,1.0,0.28160919540229884,0.43946188340807174,0.27302675793348047,0.2704000000000001
0.78,0.29,0.4292237442922374,0.6408045977011494,1.0,0.28160919540229884,0.43946188340807174,0.27302675793348047,0.2745000000000001
0.79,0.3,0.4292237442922374,0.6408045977011494,1.0,0.28160919540229884,0.43946188340807174,0.27302675793348047,0.2801
0.79,0.29,0.4292237442922374,0.6408045977011494,1.0,0.28160919540229884,0.43946188340807174,0.27302675793348047,0.28420000000000006
0.8,0.3,0.4292237442922374,0.6408045977011494,1.0,0.28160919540229884,0.43946188340807174,0.27302675793348047,0.29000000000000004
0.8,0.29,0.4292237442922374,0.6408045977011494,1.0,0.28160919540229884,0.43946188340807174,0.27302675793348047,0.29410000000000003
0.36,0.58,0.4246575342465753,0.6379310344827587,1.0,0.27586206896551724,0.43243243243243246,0.26943511520719615,0.009999999999999993
0.38,0.56,0.4246575342465753,0.6379310344827587,1.0,0.27586206896551724,0.43243243243243246,0.26943511520719615,0.010000000000000009
0.38,0.57,0.4246575342465753,0.6379310344827587,1.0,0.27586206896551724,0.43243243243243246,0.26943511520719615,0.011299999999999996
0.36,0.59,0.4246575342465753,0.6379310344827587,1.0,0.27586206896551724,0.43243243243243246,0.26943511520719615,0.011699999999999995
0.39,0.56,0.4246575342465753,0.6379310344827587,1.0,0.27586206896551724,0.43243243243243246,0.26943511520719615,0.01170000000000001
0.39,0.57,0.4246575342465753,0.6379310344827587,1.0,0.27586206896551724,0.43243243243243246,0.26943511520719615,0.012999999999999998
0.36,0.6,0.4246575342465753,0.6379310344827587,1.0,0.27586206896551724,0.43243243243243246,0.26943511520719615,0.013599999999999994
0.4,0.56,0.4246575342465753,0.6379310344827587,1.0,0.27586206896551724,0.43243243243243246,0.26943511520719615,0.013600000000000013
0.4,0.57,0.4246575342465753,0.6379310344827587,1.0,0.27586206896551724,0.43243243243243246,0.26943511520719615,0.0149
0.36,0.61,0.4246575342465753,0.6379310344827587,1.0,0.27586206896551724,0.43243243243243246,0.26943511520719615,0.0157
0.41,0.56,0.4246575342465753,0.6379310344827587,1.0,0.27586206896551724,0.43243243243243246,0.26943511520719615,0.015700000000000006
0.41,0.57,0.4246575342465753,0.6379310344827587,1.0,0.27586206896551724,0.43243243243243246,0.26943511520719615,0.01699999999999999
0.36,0.62,0.4246575342465753,0.6379310344827587,1.0,0.27586206896551724,0.43243243243243246,0.26943511520719615,0.018
0.42,0.56,0.4246575342465753,0.6379310344827587,1.0,0.27586206896551724,0.43243243243243246,0.26943511520719615,0.018000000000000006
0.42,0.57,0.4246575342465753,0.6379310344827587,1.0,0.27586206896551724,0.43243243243243246,0.26943511520719615,0.01929999999999999
0.36,0.63,0.4246575342465753,0.6379310344827587,1.0,0.27586206896551724,0.43243243243243246,0.26943511520719615,0.0205
0.43,0.56,0.4246575342465753,0.6379310344827587,1.0,0.27586206896551724,0.43243243243243246,0.26943511520719615,0.020500000000000008
0.43,0.57,0.4246575342465753,0.6379310344827587,1.0,0.27586206896551724,0.43243243243243246,0.26943511520719615,0.021799999999999993
0.44,0.56,0.4246575342465753,0.6379310344827587,1.0,0.27586206896551724,0.43243243243243246,0.26943511520719615,0.02320000000000001
0.44,0.57,0.4246575342465753,0.6379310344827587,1.0,0.27586206896551724,0.43243243243243246,0.26943511520719615,0.024499999999999994
0.45,0.56,0.4246575342465753,0.6379310344827587,1.0,0.27586206896551724,0.43243243243243246,0.26943511520719615,0.026100000000000012
0.45,0.57,0.4246575342465753,0.6379310344827587,1.0,0.27586206896551724,0.43243243243243246,0.26943511520719615,0.0274
0.46,0.56,0.4246575342465753,0.6379310344827587,1.0,0.27586206896551724,0.43243243243243246,0.26943511520719615,0.029200000000000018
0.46,0.57,0.4246575342465753,0.6379310344827587,1.0,0.27586206896551724,0.43243243243243246,0.26943511520719615,0.030500000000000006
0.47,0.56,0.4246575342465753,0.6379310344827587,1.0,0.27586206896551724,0.43243243243243246,0.26943511520719615,0.0325
0.47,0.57,0.4246575342465753,0.6379310344827587,1.0,0.27586206896551724,0.43243243243243246,0.26943511520719615,0.03379999999999999
0.48,0.56,0.4246575342465753,0.6379310344827587,1.0,0.27586206896551724,0.43243243243243246,0.26943511520719615,0.036000000000000004
0.48,0.57,0.4246575342465753,0.6379310344827587,1.0,0.27586206896551724,0.43243243243243246,0.26943511520719615,0.03729999999999999
0.49,0.56,0.4246575342465753,0.6379310344827587,1.0,0.27586206896551724,0.43243243243243246,0.26943511520719615,0.039700000000000006
0.49,0.57,0.4246575342465753,0.6379310344827587,1.0,0.27586206896551724,0.43243243243243246,0.26943511520719615,0.040999999999999995
0.5,0.56,0.4246575342465753,0.6379310344827587,1.0,0.27586206896551724,0.43243243243243246,0.26943511520719615,0.043600000000000014
0.5,0.57,0.4246575342465753,0.6379310344827587,1.0,0.27586206896551724,0.43243243243243246,0.26943511520719615,0.0449
0.51,0.56,0.4246575342465753,0.6379310344827587,1.0,0.27586206896551724,0.43243243243243246,0.26943511520719615,0.04770000000000001
0.51,0.57,0.4246575342465753,0.6379310344827587,1.0,0.27586206896551724,0.43243243243243246,0.26943511520719615,0.049
0.52,0.56,0.4246575342465753,0.6379310344827587,1.0,0.27586206896551724,0.43243243243243246,0.26943511520719615,0.05200000000000002
0.52,0.57,0.4246575342465753,0.6379310344827587,1.0,0.27586206896551724,0.43243243243243246,0.26943511520719615,0.05330000000000001
0.53,0.56,0.4246575342465753,0.6379310344827587,1.0,0.27586206896551724,0.43243243243243246,0.26943511520719615,0.05650000000000002
0.53,0.57,0.4246575342465753,0.6379310344827587,1.0,0.27586206896551724,0.43243243243243246,0.26943511520719615,0.05780000000000001
0.6,0.43,0.4246575342465753,0.6379310344827587,1.0,0.27586206896551724,0.43243243243243246,0.26943511520719615,0.0949
0.61,0.42,0.4246575342465753,0.6379310344827587,1.0,0.27586206896551724,0.43243243243243246,0.26943511520719615,0.10250000000000001
0.61,0.41,0.4246575342465753,0.6379310344827587,1.0,0.27586206896551724,0.43243243243243246,0.26943511520719615,0.10420000000000001
0.7,0.4,0.4246575342465753,0.6379310344827587,1.0,0.27586206896551724,0.43243243243243246,0.26943511520719615,0.16999999999999998
0.7,0.39,0.4246575342465753,0.6379310344827587,1.0,0.27586206896551724,0.43243243243243246,0.26943511520719615,0.17209999999999998
0.7,0.38,0.4246575342465753,0.6379310344827587,1.0,0.27586206896551724,0.43243243243243246,0.26943511520719615,0.17439999999999997
0.7,0.37,0.4246575342465753,0.6379310344827587,1.0,0.27586206896551724,0.43243243243243246,0.26943511520719615,0.17689999999999997
0.71,0.4,0.4246575342465753,0.6379310344827587,1.0,0.27586206896551724,0.43243243243243246,0.26943511520719615,0.17809999999999998
0.7,0.36,0.4246575342465753,0.6379310344827587,1.0,0.27586206896551724,0.43243243243243246,0.26943511520719615,0.17959999999999998
0.71,0.39,0.4246575342465753,0.6379310344827587,1.0,0.27586206896551724,0.43243243243243246,0.26943511520719615,0.18019999999999997
0.71,0.38,0.4246575342465753,0.6379310344827587,1.0,0.27586206896551724,0.43243243243243246,0.26943511520719615,0.18249999999999997
0.7,0.35,0.4246575342465753,0.6379310344827587,1.0,0.27586206896551724,0.43243243243243246,0.26943511520719615,0.1825
0.71,0.37,0.4246575342465753,0.6379310344827587,1.0,0.27586206896551724,0.43243243243243246,0.26943511520719615,0.18499999999999997
0.7,0.34,0.4246575342465753,0.6379310344827587,1.0,0.27586206896551724,0.43243243243243246,0.26943511520719615,0.18559999999999996
0.72,0.4,0.4246575342465753,0.6379310344827587,1.0,0.27586206896551724,0.43243243243243246,0.26943511520719615,0.18639999999999995
0.71,0.36,0.4246575342465753,0.6379310344827587,1.0,0.27586206896551724,0.43243243243243246,0.26943511520719615,0.18769999999999998
0.72,0.39,0.4246575342465753,0.6379310344827587,1.0,0.27586206896551724,0.43243243243243246,0.26943511520719615,0.18849999999999997
0.7,0.33,0.4246575342465753,0.6379310344827587,1.0,0.27586206896551724,0.43243243243243246,0.26943511520719615,0.18889999999999996
0.71,0.35,0.4246575342465753,0.6379310344827587,1.0,0.27586206896551724,0.43243243243243246,0.26943511520719615,0.1906
0.72,0.38,0.4246575342465753,0.6379310344827587,1.0,0.27586206896551724,0.43243243243243246,0.26943511520719615,0.19079999999999997
0.7,0.32,0.4246575342465753,0.6379310344827587,1.0,0.27586206896551724,0.43243243243243246,0.26943511520719615,0.19239999999999996
0.72,0.37,0.4246575342465753,0.6379310344827587,1.0,0.27586206896551724,0.43243243243243246,0.26943511520719615,0.19329999999999997
0.71,0.34,0.4246575342465753,0.6379310344827587,1.0,0.27586206896551724,0.43243243243243246,0.26943511520719615,0.19369999999999996
0.73,0.4,0.4246575342465753,0.6379310344827587,1.0,0.27586206896551724,0.43243243243243246,0.26943511520719615,0.19489999999999996
0.72,0.36,0.4246575342465753,0.6379310344827587,1.0,0.27586206896551724,0.43243243243243246,0.26943511520719615,0.19599999999999998
0.7,0.31,0.4246575342465753,0.6379310344827587,1.0,0.27586206896551724,0.43243243243243246,0.26943511520719615,0.19609999999999997
0.71,0.33,0.4246575342465753,0.6379310344827587,1.0,0.27586206896551724,0.43243243243243246,0.26943511520719615,0.19699999999999995
0.73,0.39,0.4246575342465753,0.6379310344827587,1.0,0.27586206896551724,0.43243243243243246,0.26943511520719615,0.19699999999999998
0.72,0.35,0.4246575342465753,0.6379310344827587,1.0,0.27586206896551724,0.43243243243243246,0.26943511520719615,0.19889999999999997
0.73,0.38,0.4246575342465753,0.6379310344827587,1.0,0.27586206896551724,0.43243243243243246,0.26943511520719615,0.19929999999999998
0.71,0.32,0.4246575342465753,0.6379310344827587,1.0,0.27586206896551724,0.43243243243243246,0.26943511520719615,0.20049999999999996
0.73,0.37,0.4246575342465753,0.6379310344827587,1.0,0.27586206896551724,0.43243243243243246,0.26943511520719615,0.20179999999999998
0.72,0.34,0.4246575342465753,0.6379310344827587,1.0,0.27586206896551724,0.43243243243243246,0.26943511520719615,0.20199999999999996
0.74,0.4,0.4246575342465753,0.6379310344827587,1.0,0.27586206896551724,0.43243243243243246,0.26943511520719615,0.2036
0.71,0.31,0.4246575342465753,0.6379310344827587,1.0,0.27586206896551724,0.43243243243243246,0.26943511520719615,0.20419999999999996
0.73,0.36,0.4246575342465753,0.6379310344827587,1.0,0.27586206896551724,0.43243243243243246,0.26943511520719615,0.2045
0.72,0.33,0.4246575342465753,0.6379310344827587,1.0,0.27586206896551724,0.43243243243243246,0.26943511520719615,0.20529999999999998
0.74,0.39,0.4246575342465753,0.6379310344827587,1.0,0.27586206896551724,0.43243243243243246,0.26943511520719615,0.2057
0.73,0.35,0.4246575342465753,0.6379310344827587,1.0,0.27586206896551724,0.43243243243243246,0.26943511520719615,0.20739999999999997
0.74,0.38,0.4246575342465753,0.6379310344827587,1.0,0.27586206896551724,0.43243243243243246,0.26943511520719615,0.208
0.72,0.32,0.4246575342465753,0.6379310344827587,1.0,0.27586206896551724,0.43243243243243246,0.26943511520719615,0.20879999999999999
0.73,0.34,0.4246575342465753,0.6379310344827587,1.0,0.27586206896551724,0.43243243243243246,0.26943511520719615,0.21049999999999996
0.74,0.37,0.4246575342465753,0.6379310344827587,1.0,0.27586206896551724,0.43243243243243246,0.26943511520719615,0.2105
0.72,0.31,0.4246575342465753,0.6379310344827587,1.0,0.27586206896551724,0.43243243243243246,0.26943511520719615,0.21249999999999997
0.75,0.4,0.4246575342465753,0.6379310344827587,1.0,0.27586206896551724,0.43243243243243246,0.26943511520719615,0.21250000000000002
0.74,0.36,0.4246575342465753,0.6379310344827587,1.0,0.27586206896551724,0.43243243243243246,0.26943511520719615,0.2132
0.73,0.33,0.4246575342465753,0.6379310344827587,1.0,0.27586206896551724,0.43243243243243246,0.26943511520719615,0.2138
0.75,0.39,0.4246575342465753,0.6379310344827587,1.0,0.27586206896551724,0.43243243243243246,0.26943511520719615,0.2146
0.74,0.35,0.4246575342465753,0.6379310344827587,1.0,0.27586206896551724,0.43243243243243246,0.26943511520719615,0.21610000000000001
0.75,0.38,0.4246575342465753,0.6379310344827587,1.0,0.27586206896551724,0.43243243243243246,0.26943511520719615,0.2169
0.73,0.32,0.4246575342465753,0.6379310344827587,1.0,0.27586206896551724,0.43243243243243246,0.26943511520719615,0.2173
0.74,0.34,0.4246575342465753,0.6379310344827587,1.0,0.27586206896551724,0.43243243243243246,0.26943511520719615,0.21919999999999998
0.75,0.37,0.4246575342465753,0.6379310344827587,1.0,0.27586206896551724,0.43243243243243246,0.26943511520719615,0.2194
0.73,0.31,0.4246575342465753,0.6379310344827587,1.0,0.27586206896551724,0.43243243243243246,0.26943511520719615,0.22099999999999997
0.76,0.4,0.4246575342465753,0.6379310344827587,1.0,0.27586206896551724,0.43243243243243246,0.26943511520719615,0.22160000000000002
0.75,0.36,0.4246575342465753,0.6379310344827587,1.0,0.27586206896551724,0.43243243243243246,0.26943511520719615,0.22210000000000002
0.74,0.33,0.4246575342465753,0.6379310344827587,1.0,0.27586206896551724,0.43243243243243246,0.26943511520719615,0.22249999999999998
0.76,0.39,0.4246575342465753,0.6379310344827587,1.0,0.27586206896551724,0.43243243243243246,0.26943511520719615,0.2237
0.75,0.35,0.4246575342465753,0.6379310344827587,1.0,0.27586206896551724,0.43243243243243246,0.26943511520719615,0.22500000000000003
0.74,0.32,0.4246575342465753,0.6379310344827587,1.0,0.27586206896551724,0.43243243243243246,0.26943511520719615,0.22599999999999998
0.76,0.38,0.4246575342465753,0.6379310344827587,1.0,0.27586206896551724,0.43243243243243246,0.26943511520719615,0.226
0.75,0.34,0.4246575342465753,0.6379310344827587,1.0,0.27586206896551724,0.43243243243243246,0.26943511520719615,0.2281
0.76,0.37,0.4246575342465753,0.6379310344827587,1.0,0.27586206896551724,0.43243243243243246,0.26943511520719615,0.2285
0.74,0.31,0.4246575342465753,0.6379310344827587,1.0,0.27586206896551724,0.43243243243243246,0.26943511520719615,0.2297
0.76,0.36,0.4246575342465753,0.6379310344827587,1.0,0.27586206896551724,0.43243243243243246,0.26943511520719615,0.23120000000000002
0.75,0.33,0.4246575342465753,0.6379310344827587,1.0,0.27586206896551724,0.43243243243243246,0.26943511520719615,0.2314
0.76,0.35,0.4246575342465753,0.6379310344827587,1.0,0.27586206896551724,0.43243243243243246,0.26943511520719615,0.23410000000000003
0.75,0.32,0.4246575342465753,0.6379310344827587,1.0,0.27586206896551724,0.43243243243243246,0.26943511520719615,0.2349
0.76,0.34,0.4246575342465753,0.6379310344827587,1.0,0.27586206896551724,0.43243243243243246,0.26943511520719615,0.2372
0.75,0.31,0.4246575342465753,0.6379310344827587,1.0,0.27586206896551724,0.43243243243243246,0.26943511520719615,0.2386
0.76,0.33,0.4246575342465753,0.6379310344827587,1.0,0.27586206896551724,0.43243243243243246,0.26943511520719615,0.2405
0.76,0.32,0.4246575342465753,0.6379310344827587,1.0,0.27586206896551724,0.43243243243243246,0.26943511520719615,0.244
0.76,0.31,0.4246575342465753,0.6379310344827587,1.0,0.27586206896551724,0.43243243243243246,0.26943511520719615,0.2477
0.37,0.58,0.4200913242009132,0.6350574712643678,1.0,0.27011494252873564,0.4253393665158371,0.26583755764928446,0.011299999999999994
0.37,0.59,0.4200913242009132,0.6350574712643678,1.0,0.27011494252873564,0.4253393665158371,0.26583755764928446,0.012999999999999994
0.37,0.6,0.4200913242009132,0.6350574712643678,1.0,0.27011494252873564,0.4253393665158371,0.26583755764928446,0.014899999999999997
0.37,0.61,0.4200913242009132,0.6350574712643678,1.0,0.27011494252873564,0.4253393665158371,0.26583755764928446,0.016999999999999998
0.37,0.62,0.4200913242009132,0.6350574712643678,1.0,0.27011494252873564,0.4253393665158371,0.26583755764928446,0.0193
0.37,0.63,0.4200913242009132,0.6350574712643678,1.0,0.27011494252873564,0.4253393665158371,0.26583755764928446,0.021800000000000003
0.54,0.56,0.4200913242009132,0.6350574712643678,1.0,0.27011494252873564,0.4253393665158371,0.26583755764928446,0.061200000000000025
0.54,0.57,0.4200913242009132,0.6350574712643678,1.0,0.27011494252873564,0.4253393665158371,0.26583755764928446,0.06250000000000001
0.55,0.56,0.4200913242009132,0.6350574712643678,1.0,0.27011494252873564,0.4253393665158371,0.26583755764928446,0.06610000000000003
0.55,0.57,0.4200913242009132,0.6350574712643678,1.0,0.27011494252873564,0.4253393665158371,0.26583755764928446,0.06740000000000002
0.61,0.43,0.4200913242009132,0.6350574712643678,1.0,0.27011494252873564,0.4253393665158371,0.26583755764928446,0.101
0.62,0.42,0.4200913242009132,0.6350574712643678,1.0,0.27011494252873564,0.4253393665158371,0.26583755764928446,0.10880000000000001
0.62,0.41,0.4200913242009132,0.6350574712643678,1.0,0.27011494252873564,0.4253393665158371,0.26583755764928446,0.11050000000000001
0.63,0.42,0.4200913242009132,0.6350574712643678,1.0,0.27011494252873564,0.4253393665158371,0.26583755764928446,0.11530000000000001
0.63,0.41,0.4200913242009132,0.6350574712643678,1.0,0.27011494252873564,0.4253393665158371,0.26583755764928446,0.11700000000000002
0.64,0.42,0.4200913242009132,0.6350574712643678,1.0,0.27011494252873564,0.4253393665158371,0.26583755764928446,0.12200000000000003
0.64,0.41,0.4200913242009132,0.6350574712643678,1.0,0.27011494252873564,0.4253393665158371,0.26583755764928446,0.12370000000000003
0.65,0.42,0.4200913242009132,0.6350574712643678,1.0,0.27011494252873564,0.4253393665158371,0.26583755764928446,0.12890000000000001
0.65,0.41,0.4200913242009132,0.6350574712643678,1.0,0.27011494252873564,0.4253393665158371,0.26583755764928446,0.13060000000000002
0.66,0.42,0.4200913242009132,0.6350574712643678,1.0,0.27011494252873564,0.4253393665158371,0.26583755764928446,0.136
0.66,0.41,0.4200913242009132,0.6350574712643678,1.0,0.27011494252873564,0.4253393665158371,0.26583755764928446,0.13770000000000002
0.67,0.42,0.4200913242009132,0.6350574712643678,1.0,0.27011494252873564,0.4253393665158371,0.26583755764928446,0.14330000000000004
0.67,0.41,0.4200913242009132,0.6350574712643678,1.0,0.27011494252873564,0.4253393665158371,0.26583755764928446,0.14500000000000005
0.68,0.42,0.4200913242009132,0.6350574712643678,1.0,0.27011494252873564,0.4253393665158371,0.26583755764928446,0.15080000000000005
0.68,0.41,0.4200913242009132,0.6350574712643678,1.0,0.27011494252873564,0.4253393665158371,0.26583755764928446,0.15250000000000005
0.69,0.42,0.4200913242009132,0.6350574712643678,1.0,0.27011494252873564,0.4253393665158371,0.26583755764928446,0.15849999999999997
0.69,0.41,0.4200913242009132,0.6350574712643678,1.0,0.27011494252873564,0.4253393665158371,0.26583755764928446,0.16019999999999995
0.77,0.4,0.4200913242009132,0.6350574712643678,1.0,0.27011494252873564,0.4253393665158371,0.26583755764928446,0.23090000000000005
0.77,0.39,0.4200913242009132,0.6350574712643678,1.0,0.27011494252873564,0.4253393665158371,0.26583755764928446,0.23300000000000004
0.77,0.38,0.4200913242009132,0.6350574712643678,1.0,0.27011494252873564,0.4253393665158371,0.26583755764928446,0.23530000000000004
0.77,0.37,0.4200913242009132,0.6350574712643678,1.0,0.27011494252873564,0.4253393665158371,0.26583755764928446,0.23780000000000004
0.78,0.4,0.4200913242009132,0.6350574712643678,1.0,0.27011494252873564,0.4253393665158371,0.26583755764928446,0.24040000000000006
0.77,0.36,0.4200913242009132,0.6350574712643678,1.0,0.27011494252873564,0.4253393665158371,0.26583755764928446,0.24050000000000005
0.78,0.39,0.4200913242009132,0.6350574712643678,1.0,0.27011494252873564,0.4253393665158371,0.26583755764928446,0.24250000000000005
0.77,0.35,0.4200913242009132,0.6350574712643678,1.0,0.27011494252873564,0.4253393665158371,0.26583755764928446,0.24340000000000006
0.78,0.38,0.4200913242009132,0.6350574712643678,1.0,0.27011494252873564,0.4253393665158371,0.26583755764928446,0.24480000000000005
0.77,0.34,0.4200913242009132,0.6350574712643678,1.0,0.27011494252873564,0.4253393665158371,0.26583755764928446,0.24650000000000002
0.78,0.37,0.4200913242009132,0.6350574712643678,1.0,0.27011494252873564,0.4253393665158371,0.26583755764928446,0.24730000000000005
0.77,0.33,0.4200913242009132,0.6350574712643678,1.0,0.27011494252873564,0.4253393665158371,0.26583755764928446,0.24980000000000002
0.78,0.36,0.4200913242009132,0.6350574712643678,1.0,0.27011494252873564,0.4253393665158371,0.26583755764928446,0.25000000000000006
0.79,0.4,0.4200913242009132,0.6350574712643678,1.0,0.27011494252873564,0.4253393665158371,0.26583755764928446,0.25010000000000004
0.79,0.39,0.4200913242009132,0.6350574712643678,1.0,0.27011494252873564,0.4253393665158371,0.26583755764928446,0.25220000000000004
0.78,0.35,0.4200913242009132,0.6350574712643678,1.0,0.27011494252873564,0.4253393665158371,0.26583755764928446,0.25290000000000007
0.77,0.32,0.4200913242009132,0.6350574712643678,1.0,0.27011494252873564,0.4253393665158371,0.26583755764928446,0.2533
0.79,0.38,0.4200913242009132,0.6350574712643678,1.0,0.27011494252873564,0.4253393665158371,0.26583755764928446,0.25450000000000006
0.78,0.34,0.4200913242009132,0.6350574712643678,1.0,0.27011494252873564,0.4253393665158371,0.26583755764928446,0.25600000000000006
0.77,0.31,0.4200913242009132,0.6350574712643678,1.0,0.27011494252873564,0.4253393665158371,0.26583755764928446,0.25700000000000006
0.79,0.37,0.4200913242009132,0.6350574712643678,1.0,0.27011494252873564,0.4253393665158371,0.26583755764928446,0.25700000000000006
0.78,0.33,0.4200913242009132,0.6350574712643678,1.0,0.27011494252873564,0.4253393665158371,0.26583755764928446,0.25930000000000003
0.79,0.36,0.4200913242009132,0.6350574712643678,1.0,0.27011494252873564,0.4253393665158371,0.26583755764928446,0.25970000000000004
0.8,0.4,0.4200913242009132,0.6350574712643678,1.0,0.27011494252873564,0.4253393665158371,0.26583755764928446,0.26
0.8,0.39,0.4200913242009132,0.6350574712643678,1.0,0.27011494252873564,0.4253393665158371,0.26583755764928446,0.2621
0.79,0.35,0.4200913242009132,0.6350574712643678,1.0,0.27011494252873564,0.4253393665158371,0.26583755764928446,0.26260000000000006
0.78,0.32,0.4200913242009132,0.6350574712643678,1.0,0.27011494252873564,0.4253393665158371,0.26583755764928446,0.26280000000000003
0.8,0.38,0.4200913242009132,0.6350574712643678,1.0,0.27011494252873564,0.4253393665158371,0.26583755764928446,0.2644
0.79,0.34,0.4200913242009132,0.6350574712643678,1.0,0.27011494252873564,0.4253393665158371,0.26583755764928446,0.26570000000000005
0.78,0.31,0.4200913242009132,0.6350574712643678,1.0,0.27011494252873564,0.4253393665158371,0.26583755764928446,0.26650000000000007
0.8,0.37,0.4200913242009132,0.6350574712643678,1.0,0.27011494252873564,0.4253393665158371,0.26583755764928446,0.2669
0.79,0.33,0.4200913242009132,0.6350574712643678,1.0,0.27011494252873564,0.4253393665158371,0.26583755764928446,0.269
0.8,0.36,0.4200913242009132,0.6350574712643678,1.0,0.27011494252873564,0.4253393665158371,0.26583755764928446,0.2696
0.79,0.32,0.4200913242009132,0.6350574712643678,1.0,0.27011494252873564,0.4253393665158371,0.26583755764928446,0.2725
0.8,0.35,0.4200913242009132,0.6350574712643678,1.0,0.27011494252873564,0.4253393665158371,0.26583755764928446,0.2725
0.8,0.34,0.4200913242009132,0.6350574712643678,1.0,0.27011494252873564,0.4253393665158371,0.26583755764928446,0.2756
0.79,0.31,0.4200913242009132,0.6350574712643678,1.0,0.27011494252873564,0.4253393665158371,0.26583755764928446,0.27620000000000006
0.8,0.33,0.4200913242009132,0.6350574712643678,1.0,0.27011494252873564,0.4253393665158371,0.26583755764928446,0.2789
0.8,0.32,0.4200913242009132,0.6350574712643678,1.0,0.27011494252873564,0.4253393665158371,0.26583755764928446,0.2824
0.8,0.31,0.4200913242009132,0.6350574712643678,1.0,0.27011494252873564,0.4253393665158371,0.26583755764928446,0.2861
0.38,0.58,0.4155251141552511,0.632183908045977,1.0,0.26436781609195403,0.41818181818181815,0.2622330927575951,0.012799999999999995
0.38,0.59,0.4155251141552511,0.632183908045977,1.0,0.26436781609195403,0.41818181818181815,0.2622330927575951,0.014499999999999997
0.39,0.58,0.4155251141552511,0.632183908045977,1.0,0.26436781609195403,0.41818181818181815,0.2622330927575951,0.014499999999999999
0.39,0.59,0.4155251141552511,0.632183908045977,1.0,0.26436781609195403,0.41818181818181815,0.2622330927575951,0.0162
0.38,0.6,0.4155251141552511,0.632183908045977,1.0,0.26436781609195403,0.41818181818181815,0.2622330927575951,0.016399999999999998
0.4,0.58,0.4155251141552511,0.632183908045977,1.0,0.26436781609195403,0.41818181818181815,0.2622330927575951,0.0164
0.39,0.6,0.4155251141552511,0.632183908045977,1.0,0.26436781609195403,0.41818181818181815,0.2622330927575951,0.018099999999999998
0.4,0.59,0.4155251141552511,0.632183908045977,1.0,0.26436781609195403,0.41818181818181815,0.2622330927575951,0.0181
0.41,0.58,0.4155251141552511,0.632183908045977,1.0,0.26436781609195403,0.41818181818181815,0.2622330927575951,0.018499999999999992
0.38,0.61,0.4155251141552511,0.632183908045977,1.0,0.26436781609195403,0.41818181818181815,0.2622330927575951,0.018500000000000003
0.4,0.6,0.4155251141552511,0.632183908045977,1.0,0.26436781609195403,0.41818181818181815,0.2622330927575951,0.020000000000000004
0.41,0.59,0.4155251141552511,0.632183908045977,1.0,0.26436781609195403,0.41818181818181815,0.2622330927575951,0.020199999999999992
0.39,0.61,0.4155251141552511,0.632183908045977,1.0,0.26436781609195403,0.41818181818181815,0.2622330927575951,0.020200000000000003
0.42,0.58,0.4155251141552511,0.632183908045977,1.0,0.26436781609195403,0.41818181818181815,0.2622330927575951,0.020799999999999992
0.38,0.62,0.4155251141552511,0.632183908045977,1.0,0.26436781609195403,0.41818181818181815,0.2622330927575951,0.020800000000000003
0.41,0.6,0.4155251141552511,0.632183908045977,1.0,0.26436781609195403,0.41818181818181815,0.2622330927575951,0.022099999999999995
0.4,0.61,0.4155251141552511,0.632183908045977,1.0,0.26436781609195403,0.41818181818181815,0.2622330927575951,0.022100000000000005
0.42,0.59,0.4155251141552511,0.632183908045977,1.0,0.26436781609195403,0.41818181818181815,0.2622330927575951,0.022499999999999992
0.39,0.62,0.4155251141552511,0.632183908045977,1.0,0.26436781609195403,0.41818181818181815,0.2622330927575951,0.022500000000000006
0.43,0.58,0.4155251141552511,0.632183908045977,1.0,0.26436781609195403,0.41818181818181815,0.2622330927575951,0.023299999999999994
0.38,0.63,0.4155251141552511,0.632183908045977,1.0,0.26436781609195403,0.41818181818181815,0.2622330927575951,0.023300000000000005
0.41,0.61,0.4155251141552511,0.632183908045977,1.0,0.26436781609195403,0.41818181818181815,0.2622330927575951,0.024199999999999996
0.42,0.6,0.4155251141552511,0.632183908045977,1.0,0.26436781609195403,0.41818181818181815,0.2622330927575951,0.024399999999999995
0.4,0.62,0.4155251141552511,0.632183908045977,1.0,0.26436781609195403,0.41818181818181815,0.2622330927575951,0.024400000000000005
0.43,0.59,0.4155251141552511,0.632183908045977,1.0,0.26436781609195403,0.41818181818181815,0.2622330927575951,0.024999999999999994
0.39,0.63,0.4155251141552511,0.632183908045977,1.0,0.26436781609195403,0.41818181818181815,0.2622330927575951,0.02500000000000001
0.44,0.58,0.4155251141552511,0.632183908045977,1.0,0.26436781609195403,0.41818181818181815,0.2622330927575951,0.025999999999999995
0.41,0.62,0.4155251141552511,0.632183908045977,1.0,0.26436781609195403,0.41818181818181815,0.2622330927575951,0.026499999999999996
0.42,0.61,0.4155251141552511,0.632183908045977,1.0,0.26436781609195403,0.41818181818181815,0.2622330927575951,0.026499999999999996
0.43,0.6,0.4155251141552511,0.632183908045977,1.0,0.26436781609195403,0.41818181818181815,0.2622330927575951,0.026899999999999997
0.4,0.63,0.4155251141552511,0.632183908045977,1.0,0.26436781609195403,0.41818181818181815,0.2622330927575951,0.026900000000000007
0.44,0.59,0.4155251141552511,0.632183908045977,1.0,0.26436781609195403,0.41818181818181815,0.2622330927575951,0.027699999999999995
0.42,0.62,0.4155251141552511,0.632183908045977,1.0,0.26436781609195403,0.41818181818181815,0.2622330927575951,0.0288
0.45,0.58,0.4155251141552511,0.632183908045977,1.0,0.26436781609195403,0.41818181818181815,0.2622330927575951,0.0289
0.41,0.63,0.4155251141552511,0.632183908045977,1.0,0.26436781609195403,0.41818181818181815,0.2622330927575951,0.028999999999999998
0.43,0.61,0.4155251141552511,0.632183908045977,1.0,0.26436781609195403,0.41818181818181815,0.2622330927575951,0.028999999999999998
0.44,0.6,0.4155251141552511,0.632183908045977,1.0,0.26436781609195403,0.41818181818181815,0.2622330927575951,0.029599999999999998
0.45,0.59,0.4155251141552511,0.632183908045977,1.0,0.26436781609195403,0.41818181818181815,0.2622330927575951,0.030600000000000002
0.42,0.63,0.4155251141552511,0.632183908045977,1.0,0.26436781609195403,0.41818181818181815,0.2622330927575951,0.0313
0.43,0.62,0.4155251141552511,0.632183908045977,1.0,0.26436781609195403,0.41818181818181815,0.2622330927575951,0.0313
0.44,0.61,0.4155251141552511,0.632183908045977,1.0,0.26436781609195403,0.41818181818181815,0.2622330927575951,0.0317
0.46,0.58,0.4155251141552511,0.632183908045977,1.0,0.26436781609195403,0.41818181818181815,0.2622330927575951,0.03200000000000001
0.45,0.6,0.4155251141552511,0.632183908045977,1.0,0.26436781609195403,0.41818181818181815,0.2622330927575951,0.0325
0.46,0.59,0.4155251141552511,0.632183908045977,1.0,0.26436781609195403,0.41818181818181815,0.2622330927575951,0.03370000000000001
0.43,0.63,0.4155251141552511,0.632183908045977,1.0,0.26436781609195403,0.41818181818181815,0.2622330927575951,0.033800000000000004
0.44,0.62,0.4155251141552511,0.632183908045977,1.0,0.26436781609195403,0.41818181818181815,0.2622330927575951,0.034
0.45,0.61,0.4155251141552511,0.632183908045977,1.0,0.26436781609195403,0.41818181818181815,0.2622330927575951,0.034600000000000006
0.47,0.58,0.4155251141552511,0.632183908045977,1.0,0.26436781609195403,0.41818181818181815,0.2622330927575951,0.03529999999999999
0.46,0.6,0.4155251141552511,0.632183908045977,1.0,0.26436781609195403,0.41818181818181815,0.2622330927575951,0.03560000000000001
0.44,0.63,0.4155251141552511,0.632183908045977,1.0,0.26436781609195403,0.41818181818181815,0.2622330927575951,0.036500000000000005
0.45,0.62,0.4155251141552511,0.632183908045977,1.0,0.26436781609195403,0.41818181818181815,0.2622330927575951,0.0369
0.47,0.59,0.4155251141552511,0.632183908045977,1.0,0.26436781609195403,0.41818181818181815,0.2622330927575951,0.03699999999999999
0.46,0.61,0.4155251141552511,0.632183908045977,1.0,0.26436781609195403,0.41818181818181815,0.2622330927575951,0.03770000000000001
0.48,0.58,0.4155251141552511,0.632183908045977,1.0,0.26436781609195403,0.41818181818181815,0.2622330927575951,0.038799999999999994
0.47,0.6,0.4155251141552511,0.632183908045977,1.0,0.26436781609195403,0.41818181818181815,0.2622330927575951,0.03889999999999999
0.45,0.63,0.4155251141552511,0.632183908045977,1.0,0.26436781609195403,0.41818181818181815,0.2622330927575951,0.039400000000000004
0.46,0.62,0.4155251141552511,0.632183908045977,1.0,0.26436781609195403,0.41818181818181815,0.2622330927575951,0.04000000000000001
0.48,0.59,0.4155251141552511,0.632183908045977,1.0,0.26436781609195403,0.41818181818181815,0.2622330927575951,0.040499999999999994
0.47,0.61,0.4155251141552511,0.632183908045977,1.0,0.26436781609195403,0.41818181818181815,0.2622330927575951,0.040999999999999995
0.48,0.6,0.4155251141552511,0.632183908045977,1.0,0.26436781609195403,0.41818181818181815,0.2622330927575951,0.04239999999999999
0.49,0.58,0.4155251141552511,0.632183908045977,1.0,0.26436781609195403,0.41818181818181815,0.2622330927575951,0.042499999999999996
0.46,0.63,0.4155251141552511,0.632183908045977,1.0,0.26436781609195403,0.41818181818181815,0.2622330927575951,0.04250000000000001
0.47,0.62,0.4155251141552511,0.632183908045977,1.0,0.26436781609195403,0.41818181818181815,0.2622330927575951,0.04329999999999999
0.49,0.59,0.4155251141552511,0.632183908045977,1.0,0.26436781609195403,0.41818181818181815,0.2622330927575951,0.044199999999999996
0.48,0.61,0.4155251141552511,0.632183908045977,1.0,0.26436781609195403,0.41818181818181815,0.2622330927575951,0.0445
0.47,0.63,0.4155251141552511,0.632183908045977,1.0,0.26436781609195403,0.41818181818181815,0.2622330927575951,0.045799999999999993
0.49,0.6,0.4155251141552511,0.632183908045977,1.0,0.26436781609195403,0.41818181818181815,0.2622330927575951,0.046099999999999995
0.5,0.58,0.4155251141552511,0.632183908045977,1.0,0.26436781609195403,0.41818181818181815,0.2622330927575951,0.046400000000000004
0.48,0.62,0.4155251141552511,0.632183908045977,1.0,0.26436781609195403,0.41818181818181815,0.2622330927575951,0.046799999999999994
0.5,0.59,0.4155251141552511,0.632183908045977,1.0,0.26436781609195403,0.41818181818181815,0.2622330927575951,0.048100000000000004
0.49,0.61,0.4155251141552511,0.632183908045977,1.0,0.26436781609195403,0.41818181818181815,0.2622330927575951,0.0482
0.48,0.63,0.4155251141552511,0.632183908045977,1.0,0.26436781609195403,0.41818181818181815,0.2622330927575951,0.0493
0.5,0.6,0.4155251141552511,0.632183908045977,1.0,0.26436781609195403,0.41818181818181815,0.2622330927575951,0.05
0.49,0.62,0.4155251141552511,0.632183908045977,1.0,0.26436781609195403,0.41818181818181815,0.2622330927575951,0.0505
0.51,0.58,0.4155251141552511,0.632183908045977,1.0,0.26436781609195403,0.41818181818181815,0.2622330927575951,0.0505
0.5,0.61,0.4155251141552511,0.632183908045977,1.0,0.26436781609195403,0.41818181818181815,0.2622330927575951,0.05210000000000001
0.51,0.59,0.4155251141552511,0.632183908045977,1.0,0.26436781609195403,0.41818181818181815,0.2622330927575951,0.0522
0.49,0.63,0.4155251141552511,0.632183908045977,1.0,0.26436781609195403,0.41818181818181815,0.2622330927575951,0.053000000000000005
0.51,0.6,0.4155251141552511,0.632183908045977,1.0,0.26436781609195403,0.41818181818181815,0.2622330927575951,0.0541
0.5,0.62,0.4155251141552511,0.632183908045977,1.0,0.26436781609195403,0.41818181818181815,0.2622330927575951,0.054400000000000004
0.52,0.58,0.4155251141552511,0.632183908045977,1.0,0.26436781609195403,0.41818181818181815,0.2622330927575951,0.05480000000000001
0.51,0.61,0.4155251141552511,0.632183908045977,1.0,0.26436781609195403,0.41818181818181815,0.2622330927575951,0.05620000000000001
0.52,0.59,0.4155251141552511,0.632183908045977,1.0,0.26436781609195403,0.41818181818181815,0.2622330927575951,0.05650000000000001
0.5,0.63,0.4155251141552511,0.632183908045977,1.0,0.26436781609195403,0.41818181818181815,0.2622330927575951,0.056900000000000006
0.52,0.6,0.4155251141552511,0.632183908045977,1.0,0.26436781609195403,0.41818181818181815,0.2622330927575951,0.05840000000000001
0.51,0.62,0.4155251141552511,0.632183908045977,1.0,0.26436781609195403,0.41818181818181815,0.2622330927575951,0.05850000000000001
0.53,0.58,0.4155251141552511,0.632183908045977,1.0,0.26436781609195403,0.41818181818181815,0.2622330927575951,0.05930000000000001
0.52,0.61,0.4155251141552511,0.632183908045977,1.0,0.26436781609195403,0.41818181818181815,0.2622330927575951,0.06050000000000001
0.51,0.63,0.4155251141552511,0.632183908045977,1.0,0.26436781609195403,0.41818181818181815,0.2622330927575951,0.06100000000000001
0.53,0.59,0.4155251141552511,0.632183908045977,1.0,0.26436781609195403,0.41818181818181815,0.2622330927575951,0.06100000000000001
0.52,0.62,0.4155251141552511,0.632183908045977,1.0,0.26436781609195403,0.41818181818181815,0.2622330927575951,0.06280000000000001
0.53,0.6,0.4155251141552511,0.632183908045977,1.0,0.26436781609195403,0.41818181818181815,0.2622330927575951,0.06290000000000001
0.53,0.61,0.4155251141552511,0.632183908045977,1.0,0.26436781609195403,0.41818181818181815,0.2622330927575951,0.06500000000000002
0.52,0.63,0.4155251141552511,0.632183908045977,1.0,0.26436781609195403,0.41818181818181815,0.2622330927575951,0.06530000000000001
0.53,0.62,0.4155251141552511,0.632183908045977,1.0,0.26436781609195403,0.41818181818181815,0.2622330927575951,0.06730000000000001
0.56,0.46,0.4155251141552511,0.632183908045977,1.0,0.26436781609195403,0.41818181818181815,0.2622330927575951,0.06920000000000004
0.53,0.63,0.4155251141552511,0.632183908045977,1.0,0.26436781609195403,0.41818181818181815,0.2622330927575951,0.06980000000000001
0.56,0.45,0.4155251141552511,0.632183908045977,1.0,0.26436781609195403,0.41818181818181815,0.2622330927575951,0.07010000000000004
0.56,0.44,0.4155251141552511,0.632183908045977,1.0,0.26436781609195403,0.41818181818181815,0.2622330927575951,0.07120000000000004
0.57,0.46,0.4155251141552511,0.632183908045977,1.0,0.26436781609195403,0.41818181818181815,0.2622330927575951,0.07449999999999998
0.57,0.45,0.4155251141552511,0.632183908045977,1.0,0.26436781609195403,0.41818181818181815,0.2622330927575951,0.07539999999999998
0.57,0.44,0.4155251141552511,0.632183908045977,1.0,0.26436781609195403,0.41818181818181815,0.2622330927575951,0.07649999999999998
0.62,0.43,0.4155251141552511,0.632183908045977,1.0,0.26436781609195403,0.41818181818181815,0.2622330927575951,0.1073
0.63,0.43,0.4155251141552511,0.632183908045977,1.0,0.26436781609195403,0.41818181818181815,0.2622330927575951,0.11380000000000001
0.64,0.43,0.4155251141552511,0.632183908045977,1.0,0.26436781609195403,0.41818181818181815,0.2622330927575951,0.12050000000000002
0.65,0.43,0.4155251141552511,0.632183908045977,1.0,0.26436781609195403,0.41818181818181815,0.2622330927575951,0.1274
0.66,0.43,0.4155251141552511,0.632183908045977,1.0,0.26436781609195403,0.41818181818181815,0.2622330927575951,0.1345
0.67,0.43,0.4155251141552511,0.632183908045977,1.0,0.26436781609195403,0.41818181818181815,0.2622330927575951,0.14180000000000004
0.68,0.43,0.4155251141552511,0.632183908045977,1.0,0.26436781609195403,0.41818181818181815,0.2622330927575951,0.14930000000000004
0.69,0.43,0.4155251141552511,0.632183908045977,1.0,0.26436781609195403,0.41818181818181815,0.2622330927575951,0.15699999999999995
0.3,0.64,0.410958904109589,0.6293103448275862,1.0,0.25862068965517243,0.410958904109589,0.25862068965517243,0.019600000000000003
0.29,0.64,0.410958904109589,0.6293103448275862,1.0,0.25862068965517243,0.410958904109589,0.25862068965517243,0.019700000000000002
0.31,0.64,0.410958904109589,0.6293103448275862,1.0,0.25862068965517243,0.410958904109589,0.25862068965517243,0.019700000000000002
0.28,0.64,0.410958904109589,0.6293103448275862,1.0,0.25862068965517243,0.410958904109589,0.25862068965517243,0.02
0.32,0.64,0.410958904109589,0.6293103448275862,1.0,0.25862068965517243,0.410958904109589,0.25862068965517243,0.020000000000000004
0.27,0.64,0.410958904109589,0.6293103448275862,1.0,0.25862068965517243,0.410958904109589,0.25862068965517243,0.0205
0.33,0.64,0.410958904109589,0.6293103448275862,1.0,0.25862068965517243,0.410958904109589,0.25862068965517243,0.020500000000000004
0.26,0.64,0.410958904109589,0.6293103448275862,1.0,0.25862068965517243,0.410958904109589,0.25862068965517243,0.0212
0.34,0.64,0.410958904109589,0.6293103448275862,1.0,0.25862068965517243,0.410958904109589,0.25862068965517243,0.021200000000000007
0.25,0.64,0.410958904109589,0.6293103448275862,1.0,0.25862068965517243,0.410958904109589,0.25862068965517243,0.0221
0.35,0.64,0.410958904109589,0.6293103448275862,1.0,0.25862068965517243,0.410958904109589,0.25862068965517243,0.0221
0.3,0.65,0.410958904109589,0.6293103448275862,1.0,0.25862068965517243,0.410958904109589,0.25862068965517243,0.022500000000000006
0.29,0.65,0.410958904109589,0.6293103448275862,1.0,0.25862068965517243,0.410958904109589,0.25862068965517243,0.022600000000000006
0.31,0.65,0.410958904109589,0.6293103448275862,1.0,0.25862068965517243,0.410958904109589,0.25862068965517243,0.022600000000000006
0.28,0.65,0.410958904109589,0.6293103448275862,1.0,0.25862068965517243,0.410958904109589,0.25862068965517243,0.022900000000000004
0.32,0.65,0.410958904109589,0.6293103448275862,1.0,0.25862068965517243,0.410958904109589,0.25862068965517243,0.022900000000000007
0.24,0.64,0.410958904109589,0.6293103448275862,1.0,0.25862068965517243,0.410958904109589,0.25862068965517243,0.023200000000000002
0.27,0.65,0.410958904109589,0.6293103448275862,1.0,0.25862068965517243,0.410958904109589,0.25862068965517243,0.023400000000000004
0.33,0.65,0.410958904109589,0.6293103448275862,1.0,0.25862068965517243,0.410958904109589,0.25862068965517243,0.023400000000000008
0.26,0.65,0.410958904109589,0.6293103448275862,1.0,0.25862068965517243,0.410958904109589,0.25862068965517243,0.024100000000000003
0.34,0.65,0.410958904109589,0.6293103448275862,1.0,0.25862068965517243,0.410958904109589,0.25862068965517243,0.02410000000000001
0.23,0.64,0.410958904109589,0.6293103448275862,1.0,0.25862068965517243,0.410958904109589,0.25862068965517243,0.0245
0.25,0.65,0.410958904109589,0.6293103448275862,1.0,0.25862068965517243,0.410958904109589,0.25862068965517243,0.025000000000000005
0.35,0.65,0.410958904109589,0.6293103448275862,1.0,0.25862068965517243,0.410958904109589,0.25862068965517243,0.025000000000000005
0.3,0.66,0.410958904109589,0.6293103448275862,1.0,0.25862068965517243,0.410958904109589,0.25862068965517243,0.02560000000000001
0.29,0.66,0.410958904109589,0.6293103448275862,1.0,0.25862068965517243,0.410958904109589,0.25862068965517243,0.02570000000000001
0.31,0.66,0.410958904109589,0.6293103448275862,1.0,0.25862068965517243,0.410958904109589,0.25862068965517243,0.02570000000000001
0.22,0.64,0.410958904109589,0.6293103448275862,1.0,0.25862068965517243,0.410958904109589,0.25862068965517243,0.026000000000000002
0.28,0.66,0.410958904109589,0.6293103448275862,1.0,0.25862068965517243,0.410958904109589,0.25862068965517243,0.02600000000000001
0.32,0.66,0.410958904109589,0.6293103448275862,1.0,0.25862068965517243,0.410958904109589,0.25862068965517243,0.026000000000000013
0.24,0.65,0.410958904109589,0.6293103448275862,1.0,0.25862068965517243,0.410958904109589,0.25862068965517243,0.026100000000000005
0.27,0.66,0.410958904109589,0.6293103448275862,1.0,0.25862068965517243,0.410958904109589,0.25862068965517243,0.02650000000000001
0.33,0.66,0.410958904109589,0.6293103448275862,1.0,0.25862068965517243,0.410958904109589,0.25862068965517243,0.026500000000000013
0.26,0.66,0.410958904109589,0.6293103448275862,1.0,0.25862068965517243,0.410958904109589,0.25862068965517243,0.02720000000000001
0.34,0.66,0.410958904109589,0.6293103448275862,1.0,0.25862068965517243,0.410958904109589,0.25862068965517243,0.027200000000000016
0.23,0.65,0.410958904109589,0.6293103448275862,1.0,0.25862068965517243,0.410958904109589,0.25862068965517243,0.027400000000000004
0.21,0.64,0.410958904109589,0.6293103448275862,1.0,0.25862068965517243,0.410958904109589,0.25862068965517243,0.027700000000000002
0.25,0.66,0.410958904109589,0.6293103448275862,1.0,0.25862068965517243,0.410958904109589,0.25862068965517243,0.02810000000000001
0.35,0.66,0.410958904109589,0.6293103448275862,1.0,0.25862068965517243,0.410958904109589,0.25862068965517243,0.02810000000000001
0.22,0.65,0.410958904109589,0.6293103448275862,1.0,0.25862068965517243,0.410958904109589,0.25862068965517243,0.028900000000000002
0.3,0.67,0.410958904109589,0.6293103448275862,1.0,0.25862068965517243,0.410958904109589,0.25862068965517243,0.028900000000000012
0.29,0.67,0.410958904109589,0.6293103448275862,1.0,0.25862068965517243,0.410958904109589,0.25862068965517243,0.029000000000000012
0.31,0.67,0.410958904109589,0.6293103448275862,1.0,0.25862068965517243,0.410958904109589,0.25862068965517243,0.029000000000000012
0.24,0.66,0.410958904109589,0.6293103448275862,1.0,0.25862068965517243,0.410958904109589,0.25862068965517243,0.02920000000000001
0.28,0.67,0.410958904109589,0.6293103448275862,1.0,0.25862068965517243,0.410958904109589,0.25862068965517243,0.02930000000000001
0.32,0.67,0.410958904109589,0.6293103448275862,1.0,0.25862068965517243,0.410958904109589,0.25862068965517243,0.029300000000000014
0.2,0.64,0.410958904109589,0.6293103448275862,1.0,0.25862068965517243,0.410958904109589,0.25862068965517243,0.029599999999999998
0.27,0.67,0.410958904109589,0.6293103448275862,1.0,0.25862068965517243,0.410958904109589,0.25862068965517243,0.02980000000000001
0.33,0.67,0.410958904109589,0.6293103448275862,1.0,0.25862068965517243,0.410958904109589,0.25862068965517243,0.029800000000000014
0.23,0.66,0.410958904109589,0.6293103448275862,1.0,0.25862068965517243,0.410958904109589,0.25862068965517243,0.03050000000000001
0.26,0.67,0.410958904109589,0.6293103448275862,1.0,0.25862068965517243,0.410958904109589,0.25862068965517243,0.03050000000000001
0.34,0.67,0.410958904109589,0.6293103448275862,1.0,0.25862068965517243,0.410958904109589,0.25862068965517243,0.030500000000000017
0.21,0.65,0.410958904109589,0.6293103448275862,1.0,0.25862068965517243,0.410958904109589,0.25862068965517243,0.030600000000000006
0.25,0.67,0.410958904109589,0.6293103448275862,1.0,0.25862068965517243,0.410958904109589,0.25862068965517243,0.03140000000000001
0.35,0.67,0.410958904109589,0.6293103448275862,1.0,0.25862068965517243,0.410958904109589,0.25862068965517243,0.03140000000000001
0.19,0.64,0.410958904109589,0.6293103448275862,1.0,0.25862068965517243,0.410958904109589,0.25862068965517243,0.0317
0.22,0.66,0.410958904109589,0.6293103448275862,1.0,0.25862068965517243,0.410958904109589,0.25862068965517243,0.03200000000000001
0.3,0.68,0.410958904109589,0.6293103448275862,1.0,0.25862068965517243,0.410958904109589,0.25862068965517243,0.03240000000000002
0.2,0.65,0.410958904109589,0.6293103448275862,1.0,0.25862068965517243,0.410958904109589,0.25862068965517243,0.0325
0.24,0.67,0.410958904109589,0.6293103448275862,1.0,0.25862068965517243,0.410958904109589,0.25862068965517243,0.032500000000000015
0.29,0.68,0.410958904109589,0.6293103448275862,1.0,0.25862068965517243,0.410958904109589,0.25862068965517243,0.03250000000000002
0.31,0.68,0.410958904109589,0.6293103448275862,1.0,0.25862068965517243,0.410958904109589,0.25862068965517243,0.03250000000000002
0.28,0.68,0.410958904109589,0.6293103448275862,1.0,0.25862068965517243,0.410958904109589,0.25862068965517243,0.03280000000000002
0.32,0.68,0.410958904109589,0.6293103448275862,1.0,0.25862068965517243,0.410958904109589,0.25862068965517243,0.03280000000000002
0.27,0.68,0.410958904109589,0.6293103448275862,1.0,0.25862068965517243,0.410958904109589,0.25862068965517243,0.03330000000000002
0.33,0.68,0.410958904109589,0.6293103448275862,1.0,0.25862068965517243,0.410958904109589,0.25862068965517243,0.033300000000000024
0.21,0.66,0.410958904109589,0.6293103448275862,1.0,0.25862068965517243,0.410958904109589,0.25862068965517243,0.03370000000000001
0.23,0.67,0.410958904109589,0.6293103448275862,1.0,0.25862068965517243,0.410958904109589,0.25862068965517243,0.03380000000000001
0.18,0.64,0.410958904109589,0.6293103448275862,1.0,0.25862068965517243,0.410958904109589,0.25862068965517243,0.034
0.26,0.68,0.410958904109589,0.6293103448275862,1.0,0.25862068965517243,0.410958904109589,0.25862068965517243,0.034000000000000016
0.34,0.68,0.410958904109589,0.6293103448275862,1.0,0.25862068965517243,0.410958904109589,0.25862068965517243,0.03400000000000002
0.19,0.65,0.410958904109589,0.6293103448275862,1.0,0.25862068965517243,0.410958904109589,0.25862068965517243,0.034600000000000006
0.25,0.68,0.410958904109589,0.6293103448275862,1.0,0.25862068965517243,0.410958904109589,0.25862068965517243,0.034900000000000014
0.35,0.68,0.410958904109589,0.6293103448275862,1.0,0.25862068965517243,0.410958904109589,0.25862068965517243,0.034900000000000014
0.22,0.67,0.410958904109589,0.6293103448275862,1.0,0.25862068965517243,0.410958904109589,0.25862068965517243,0.03530000000000001
0.2,0.66,0.410958904109589,0.6293103448275862,1.0,0.25862068965517243,0.410958904109589,0.25862068965517243,0.03560000000000001
0.24,0.68,0.410958904109589,0.6293103448275862,1.0,0.25862068965517243,0.410958904109589,0.25862068965517243,0.03600000000000002
0.17,0.64,0.410958904109589,0.6293103448275862,1.0,0.25862068965517243,0.410958904109589,0.25862068965517243,0.0365
0.18,0.65,0.410958904109589,0.6293103448275862,1.0,0.25862068965517243,0.410958904109589,0.25862068965517243,0.0369
0.21,0.67,0.410958904109589,0.6293103448275862,1.0,0.25862068965517243,0.410958904109589,0.25862068965517243,0.03700000000000001
0.23,0.68,0.410958904109589,0.6293103448275862,1.0,0.25862068965517243,0.410958904109589,0.25862068965517243,0.037300000000000014
0.19,0.66,0.410958904109589,0.6293103448275862,1.0,0.25862068965517243,0.410958904109589,0.25862068965517243,0.03770000000000001
0.22,0.68,0.410958904109589,0.6293103448275862,1.0,0.25862068965517243,0.410958904109589,0.25862068965517243,0.038800000000000015
0.2,0.67,0.410958904109589,0.6293103448275862,1.0,0.25862068965517243,0.410958904109589,0.25862068965517243,0.038900000000000004
0.16,0.64,0.410958904109589,0.6293103448275862,1.0,0.25862068965517243,0.410958904109589,0.25862068965517243,0.0392
0.17,0.65,0.410958904109589,0.6293103448275862,1.0,0.25862068965517243,0.410958904109589,0.25862068965517243,0.039400000000000004
0.18,0.66,0.410958904109589,0.6293103448275862,1.0,0.25862068965517243,0.410958904109589,0.25862068965517243,0.04000000000000001
0.21,0.68,0.410958904109589,0.6293103448275862,1.0,0.25862068965517243,0.410958904109589,0.25862068965517243,0.04050000000000002
0.19,0.67,0.410958904109589,0.6293103448275862,1.0,0.25862068965517243,0.410958904109589,0.25862068965517243,0.04100000000000001
0.15,0.64,0.410958904109589,0.6293103448275862,1.0,0.25862068965517243,0.410958904109589,0.25862068965517243,0.0421
0.16,0.65,0.410958904109589,0.6293103448275862,1.0,0.25862068965517243,0.410958904109589,0.25862068965517243,0.0421
0.2,0.68,0.410958904109589,0.6293103448275862,1.0,0.25862068965517243,0.410958904109589,0.25862068965517243,0.042400000000000014
0.17,0.66,0.410958904109589,0.6293103448275862,1.0,0.25862068965517243,0.410958904109589,0.25862068965517243,0.04250000000000001
0.18,0.67,0.410958904109589,0.6293103448275862,1.0,0.25862068965517243,0.410958904109589,0.25862068965517243,0.04330000000000001
0.19,0.68,0.410958904109589,0.6293103448275862,1.0,0.25862068965517243,0.410958904109589,0.25862068965517243,0.04450000000000002
0.15,0.65,0.410958904109589,0.6293103448275862,1.0,0.25862068965517243,0.410958904109589,0.25862068965517243,0.045000000000000005
0.14,0.64,0.410958904109589,0.6293103448275862,1.0,0.25862068965517243,0.410958904109589,0.25862068965517243,0.04519999999999999
0.16,0.66,0.410958904109589,0.6293103448275862,1.0,0.25862068965517243,0.410958904109589,0.25862068965517243,0.045200000000000004
0.17,0.67,0.410958904109589,0.6293103448275862,1.0,0.25862068965517243,0.410958904109589,0.25862068965517243,0.04580000000000001
0.18,0.68,0.410958904109589,0.6293103448275862,1.0,0.25862068965517243,0.410958904109589,0.25862068965517243,0.04680000000000002
0.14,0.65,0.410958904109589,0.6293103448275862,1.0,0.25862068965517243,0.410958904109589,0.25862068965517243,0.0481
0.15,0.66,0.410958904109589,0.6293103448275862,1.0,0.25862068965517243,0.410958904109589,0.25862068965517243,0.04810000000000001
0.13,0.64,0.410958904109589,0.6293103448275862,1.0,0.25862068965517243,0.410958904109589,0.25862068965517243,0.0485
0.16,0.67,0.410958904109589,0.6293103448275862,1.0,0.25862068965517243,0.410958904109589,0.25862068965517243,0.04850000000000001
0.17,0.68,0.410958904109589,0.6293103448275862,1.0,0.25862068965517243,0.410958904109589,0.25862068965517243,0.04930000000000001
0.14,0.66,0.410958904109589,0.6293103448275862,1.0,0.25862068965517243,0.410958904109589,0.25862068965517243,0.0512
0.13,0.65,0.410958904109589,0.6293103448275862,1.0,0.25862068965517243,0.410958904109589,0.25862068965517243,0.0514
0.15,0.67,0.410958904109589,0.6293103448275862,1.0,0.25862068965517243,0.410958904109589,0.25862068965517243,0.051400000000000015
0.12,0.64,0.410958904109589,0.6293103448275862,1.0,0.25862068965517243,0.410958904109589,0.25862068965517243,0.052000000000000005
0.16,0.68,0.410958904109589,0.6293103448275862,1.0,0.25862068965517243,0.410958904109589,0.25862068965517243,0.05200000000000002
0.13,0.66,0.410958904109589,0.6293103448275862,1.0,0.25862068965517243,0.410958904109589,0.25862068965517243,0.05450000000000001
0.14,0.67,0.410958904109589,0.6293103448275862,1.0,0.25862068965517243,0.410958904109589,0.25862068965517243,0.05450000000000001
0.12,0.65,0.410958904109589,0.6293103448275862,1.0,0.25862068965517243,0.410958904109589,0.25862068965517243,0.054900000000000004
0.15,0.68,0.410958904109589,0.6293103448275862,1.0,0.25862068965517243,0.410958904109589,0.25862068965517243,0.05490000000000002
0.11,0.64,0.410958904109589,0.6293103448275862,1.0,0.25862068965517243,0.410958904109589,0.25862068965517243,0.0557
0.13,0.67,0.410958904109589,0.6293103448275862,1.0,0.25862068965517243,0.410958904109589,0.25862068965517243,0.057800000000000004
0.12,0.66,0.410958904109589,0.6293103448275862,1.0,0.25862068965517243,0.410958904109589,0.25862068965517243,0.05800000000000001
0.14,0.68,0.410958904109589,0.6293103448275862,1.0,0.25862068965517243,0.410958904109589,0.25862068965517243,0.05800000000000001
0.11,0.65,0.410958904109589,0.6293103448275862,1.0,0.25862068965517243,0.410958904109589,0.25862068965517243,0.058600000000000006
0.1,0.64,0.410958904109589,0.6293103448275862,1.0,0.25862068965517243,0.410958904109589,0.25862068965517243,0.0596
0.12,0.67,0.410958904109589,0.6293103448275862,1.0,0.25862068965517243,0.410958904109589,0.25862068965517243,0.06130000000000001
0.13,0.68,0.410958904109589,0.6293103448275862,1.0,0.25862068965517243,0.410958904109589,0.25862068965517243,0.061300000000000014
0.11,0.66,0.410958904109589,0.6293103448275862,1.0,0.25862068965517243,0.410958904109589,0.25862068965517243,0.06170000000000001
0.1,0.65,0.410958904109589,0.6293103448275862,1.0,0.25862068965517243,0.410958904109589,0.25862068965517243,0.0625
0.09,0.64,0.410958904109589,0.6293103448275862,1.0,0.25862068965517243,0.410958904109589,0.25862068965517243,0.06369999999999999
0.54,0.58,0.410958904109589,0.6293103448275862,1.0,0.25862068965517243,0.410958904109589,0.25862068965517243,0.06400000000000002
0.12,0.68,0.410958904109589,0.6293103448275862,1.0,0.25862068965517243,0.410958904109589,0.25862068965517243,0.06480000000000002
0.11,0.67,0.410958904109589,0.6293103448275862,1.0,0.25862068965517243,0.410958904109589,0.25862068965517243,0.06500000000000002
0.1,0.66,0.410958904109589,0.6293103448275862,1.0,0.25862068965517243,0.410958904109589,0.25862068965517243,0.0656
0.54,0.59,0.410958904109589,0.6293103448275862,1.0,0.25862068965517243,0.410958904109589,0.25862068965517243,0.06570000000000001
0.09,0.65,0.410958904109589,0.6293103448275862,1.0,0.25862068965517243,0.410958904109589,0.25862068965517243,0.06659999999999999
0.54,0.6,0.410958904109589,0.6293103448275862,1.0,0.25862068965517243,0.410958904109589,0.25862068965517243,0.06760000000000002
0.08,0.64,0.410958904109589,0.6293103448275862,1.0,0.25862068965517243,0.410958904109589,0.25862068965517243,0.06799999999999999
0.56,0.48,0.410958904109589,0.6293103448275862,1.0,0.25862068965517243,0.410958904109589,0.25862068965517243,0.06800000000000003
0.11,0.68,0.410958904109589,0.6293103448275862,1.0,0.25862068965517243,0.410958904109589,0.25862068965517243,0.06850000000000002
0.56,0.47,0.410958904109589,0.6293103448275862,1.0,0.25862068965517243,0.410958904109589,0.25862068965517243,0.06850000000000003
0.1,0.67,0.410958904109589,0.6293103448275862,1.0,0.25862068965517243,0.410958904109589,0.25862068965517243,0.0689
0.55,0.58,0.410958904109589,0.6293103448275862,1.0,0.25862068965517243,0.410958904109589,0.25862068965517243,0.06890000000000002
0.09,0.66,0.410958904109589,0.6293103448275862,1.0,0.25862068965517243,0.410958904109589,0.25862068965517243,0.06970000000000001
0.54,0.61,0.410958904109589,0.6293103448275862,1.0,0.25862068965517243,0.410958904109589,0.25862068965517243,0.06970000000000001
0.55,0.59,0.410958904109589,0.6293103448275862,1.0,0.25862068965517243,0.410958904109589,0.25862068965517243,0.07060000000000002
0.08,0.65,0.410958904109589,0.6293103448275862,1.0,0.25862068965517243,0.410958904109589,0.25862068965517243,0.07089999999999999
0.54,0.62,0.410958904109589,0.6293103448275862,1.0,0.25862068965517243,0.410958904109589,0.25862068965517243,0.07200000000000002
0.1,0.68,0.410958904109589,0.6293103448275862,1.0,0.25862068965517243,0.410958904109589,0.25862068965517243,0.07240000000000002
0.07,0.64,0.410958904109589,0.6293103448275862,1.0,0.25862068965517243,0.410958904109589,0.25862068965517243,0.0725
0.55,0.6,0.410958904109589,0.6293103448275862,1.0,0.25862068965517243,0.410958904109589,0.25862068965517243,0.07250000000000002
0.09,0.67,0.410958904109589,0.6293103448275862,1.0,0.25862068965517243,0.410958904109589,0.25862068965517243,0.07300000000000001
0.57,0.48,0.410958904109589,0.6293103448275862,1.0,0.25862068965517243,0.410958904109589,0.25862068965517243,0.07329999999999998
0.57,0.47,0.410958904109589,0.6293103448275862,1.0,0.25862068965517243,0.410958904109589,0.25862068965517243,0.07379999999999998
0.08,0.66,0.410958904109589,0.6293103448275862,1.0,0.25862068965517243,0.410958904109589,0.25862068965517243,0.07400000000000001
0.54,0.63,0.410958904109589,0.6293103448275862,1.0,0.25862068965517243,0.410958904109589,0.25862068965517243,0.07450000000000002
0.55,0.61,0.410958904109589,0.6293103448275862,1.0,0.25862068965517243,0.410958904109589,0.25862068965517243,0.07460000000000003
0.07,0.65,0.410958904109589,0.6293103448275862,1.0,0.25862068965517243,0.410958904109589,0.25862068965517243,0.0754
0.09,0.68,0.410958904109589,0.6293103448275862,1.0,0.25862068965517243,0.410958904109589,0.25862068965517243,0.07650000000000001
0.55,0.62,0.410958904109589,0.6293103448275862,1.0,0.25862068965517243,0.410958904109589,0.25862068965517243,0.07690000000000002
0.06,0.64,0.410958904109589,0.6293103448275862,1.0,0.25862068965517243,0.410958904109589,0.25862068965517243,0.0772
0.08,0.67,0.410958904109589,0.6293103448275862,1.0,0.25862068965517243,0.410958904109589,0.25862068965517243,0.07730000000000001
0.07,0.66,0.410958904109589,0.6293103448275862,1.0,0.25862068965517243,0.410958904109589,0.25862068965517243,0.0785
0.55,0.63,0.410958904109589,0.6293103448275862,1.0,0.25862068965517243,0.410958904109589,0.25862068965517243,0.07940000000000003
0.58,0.46,0.410958904109589,0.6293103448275862,1.0,0.25862068965517243,0.410958904109589,0.25862068965517243,0.07999999999999999
0.06,0.65,0.410958904109589,0.6293103448275862,1.0,0.25862068965517243,0.410958904109589,0.25862068965517243,0.0801
0.08,0.68,0.410958904109589,0.6293103448275862,1.0,0.25862068965517243,0.410958904109589,0.25862068965517243,0.08080000000000001
0.58,0.45,0.410958904109589,0.6293103448275862,1.0,0.25862068965517243,0.410958904109589,0.25862068965517243,0.08089999999999999
0.07,0.67,0.410958904109589,0.6293103448275862,1.0,0.25862068965517243,0.410958904109589,0.25862068965517243,0.0818
0.58,0.44,0.410958904109589,0.6293103448275862,1.0,0.25862068965517243,0.410958904109589,0.25862068965517243,0.08199999999999999
0.05,0.64,0.410958904109589,0.6293103448275862,1.0,0.25862068965517243,0.410958904109589,0.25862068965517243,0.0821
0.06,0.66,0.410958904109589,0.6293103448275862,1.0,0.25862068965517243,0.410958904109589,0.25862068965517243,0.08320000000000001
0.05,0.65,0.410958904109589,0.6293103448275862,1.0,0.25862068965517243,0.410958904109589,0.25862068965517243,0.085
0.07,0.68,0.410958904109589,0.6293103448275862,1.0,0.25862068965517243,0.410958904109589,0.25862068965517243,0.08530000000000001
0.06,0.67,0.410958904109589,0.6293103448275862,1.0,0.25862068965517243,0.410958904109589,0.25862068965517243,0.08650000000000001
0.04,0.64,0.410958904109589,0.6293103448275862,1.0,0.25862068965517243,0.410958904109589,0.25862068965517243,0.08720000000000001
0.05,0.66,0.410958904109589,0.6293103448275862,1.0,0.25862068965517243,0.410958904109589,0.25862068965517243,0.08810000000000001
0.06,0.68,0.410958904109589,0.6293103448275862,1.0,0.25862068965517243,0.410958904109589,0.25862068965517243,0.09000000000000002
0.04,0.65,0.410958904109589,0.6293103448275862,1.0,0.25862068965517243,0.410958904109589,0.25862068965517243,0.09010000000000001
0.05,0.67,0.410958904109589,0.6293103448275862,1.0,0.25862068965517243,0.410958904109589,0.25862068965517243,0.09140000000000001
0.03,0.64,0.410958904109589,0.6293103448275862,1.0,0.25862068965517243,0.410958904109589,0.25862068965517243,0.09250000000000001
0.04,0.66,0.410958904109589,0.6293103448275862,1.0,0.25862068965517243,0.410958904109589,0.25862068965517243,0.09320000000000002
0.05,0.68,0.410958904109589,0.6293103448275862,1.0,0.25862068965517243,0.410958904109589,0.25862068965517243,0.09490000000000001
0.03,0.65,0.410958904109589,0.6293103448275862,1.0,0.25862068965517243,0.410958904109589,0.25862068965517243,0.09540000000000001
0.04,0.67,0.410958904109589,0.6293103448275862,1.0,0.25862068965517243,0.410958904109589,0.25862068965517243,0.09650000000000002
0.02,0.64,0.410958904109589,0.6293103448275862,1.0,0.25862068965517243,0.410958904109589,0.25862068965517243,0.09799999999999999
0.03,0.66,0.410958904109589,0.6293103448275862,1.0,0.25862068965517243,0.410958904109589,0.25862068965517243,0.09850000000000002
0.04,0.68,0.410958904109589,0.6293103448275862,1.0,0.25862068965517243,0.410958904109589,0.25862068965517243,0.10000000000000003
0.02,0.65,0.410958904109589,0.6293103448275862,1.0,0.25862068965517243,0.410958904109589,0.25862068965517243,0.10089999999999999
0.03,0.67,0.410958904109589,0.6293103448275862,1.0,0.25862068965517243,0.410958904109589,0.25862068965517243,0.10180000000000002
0.01,0.64,0.410958904109589,0.6293103448275862,1.0,0.25862068965517243,0.410958904109589,0.25862068965517243,0.1037
0.02,0.66,0.410958904109589,0.6293103448275862,1.0,0.25862068965517243,0.410958904109589,0.25862068965517243,0.104
0.03,0.68,0.410958904109589,0.6293103448275862,1.0,0.25862068965517243,0.410958904109589,0.25862068965517243,0.10530000000000003
0.01,0.65,0.410958904109589,0.6293103448275862,1.0,0.25862068965517243,0.410958904109589,0.25862068965517243,0.1066
0.02,0.67,0.410958904109589,0.6293103448275862,1.0,0.25862068965517243,0.410958904109589,0.25862068965517243,0.10729999999999999
0.0,0.64,0.410958904109589,0.6293103448275862,1.0,0.25862068965517243,0.410958904109589,0.25862068965517243,0.1096
0.01,0.66,0.410958904109589,0.6293103448275862,1.0,0.25862068965517243,0.410958904109589,0.25862068965517243,0.1097
0.02,0.68,0.410958904109589,0.6293103448275862,1.0,0.25862068965517243,0.410958904109589,0.25862068965517243,0.11080000000000001
0.0,0.65,0.410958904109589,0.6293103448275862,1.0,0.25862068965517243,0.410958904109589,0.25862068965517243,0.1125
0.01,0.67,0.410958904109589,0.6293103448275862,1.0,0.25862068965517243,0.410958904109589,0.25862068965517243,0.113
0.0,0.66,0.410958904109589,0.6293103448275862,1.0,0.25862068965517243,0.410958904109589,0.25862068965517243,0.11560000000000001
0.01,0.68,0.410958904109589,0.6293103448275862,1.0,0.25862068965517243,0.410958904109589,0.25862068965517243,0.11650000000000002
0.0,0.67,0.410958904109589,0.6293103448275862,1.0,0.25862068965517243,0.410958904109589,0.25862068965517243,0.1189
0.0,0.68,0.410958904109589,0.6293103448275862,1.0,0.25862068965517243,0.410958904109589,0.25862068965517243,0.12240000000000001
0.7,0.42,0.410958904109589,0.6293103448275862,1.0,0.25862068965517243,0.410958904109589,0.25862068965517243,0.1664
0.7,0.41,0.410958904109589,0.6293103448275862,1.0,0.25862068965517243,0.410958904109589,0.25862068965517243,0.16809999999999997
0.71,0.42,0.410958904109589,0.6293103448275862,1.0,0.25862068965517243,0.410958904109589,0.25862068965517243,0.1745
0.71,0.41,0.410958904109589,0.6293103448275862,1.0,0.25862068965517243,0.410958904109589,0.25862068965517243,0.17619999999999997
0.72,0.42,0.410958904109589,0.6293103448275862,1.0,0.25862068965517243,0.410958904109589,0.25862068965517243,0.18279999999999996
0.72,0.41,0.410958904109589,0.6293103448275862,1.0,0.25862068965517243,0.410958904109589,0.25862068965517243,0.18449999999999997
0.73,0.42,0.410958904109589,0.6293103448275862,1.0,0.25862068965517243,0.410958904109589,0.25862068965517243,0.19129999999999997
0.73,0.41,0.410958904109589,0.6293103448275862,1.0,0.25862068965517243,0.410958904109589,0.25862068965517243,0.19299999999999998
0.74,0.42,0.410958904109589,0.6293103448275862,1.0,0.25862068965517243,0.410958904109589,0.25862068965517243,0.2
0.74,0.41,0.410958904109589,0.6293103448275862,1.0,0.25862068965517243,0.410958904109589,0.25862068965517243,0.2017
0.75,0.42,0.410958904109589,0.6293103448275862,1.0,0.25862068965517243,0.410958904109589,0.25862068965517243,0.20890000000000003
0.75,0.41,0.410958904109589,0.6293103448275862,1.0,0.25862068965517243,0.410958904109589,0.25862068965517243,0.2106
0.76,0.42,0.410958904109589,0.6293103448275862,1.0,0.25862068965517243,0.410958904109589,0.25862068965517243,0.21800000000000003
0.76,0.41,0.410958904109589,0.6293103448275862,1.0,0.25862068965517243,0.410958904109589,0.25862068965517243,0.2197
0.36,0.64,0.4063926940639269,0.6264367816091954,1.0,0.25287356321839083,0.4036697247706422,0.2549992755712689,0.023200000000000002
0.37,0.64,0.4063926940639269,0.6264367816091954,1.0,0.25287356321839083,0.4036697247706422,0.2549992755712689,0.024500000000000004
0.36,0.65,0.4063926940639269,0.6264367816091954,1.0,0.25287356321839083,0.4036697247706422,0.2549992755712689,0.026100000000000005
0.37,0.65,0.4063926940639269,0.6264367816091954,1.0,0.25287356321839083,0.4036697247706422,0.2549992755712689,0.027400000000000008
0.36,0.66,0.4063926940639269,0.6264367816091954,1.0,0.25287356321839083,0.4036697247706422,0.2549992755712689,0.02920000000000001
0.37,0.66,0.4063926940639269,0.6264367816091954,1.0,0.25287356321839083,0.4036697247706422,0.2549992755712689,0.030500000000000013
0.36,0.67,0.4063926940639269,0.6264367816091954,1.0,0.25287356321839083,0.4036697247706422,0.2549992755712689,0.032500000000000015
0.37,0.67,0.4063926940639269,0.6264367816091954,1.0,0.25287356321839083,0.4036697247706422,0.2549992755712689,0.03380000000000001
0.36,0.68,0.4063926940639269,0.6264367816091954,1.0,0.25287356321839083,0.4036697247706422,0.2549992755712689,0.03600000000000002
0.3,0.69,0.4063926940639269,0.6264367816091954,1.0,0.25287356321839083,0.4036697247706422,0.2549992755712689,0.03609999999999998
0.29,0.69,0.4063926940639269,0.6264367816091954,1.0,0.25287356321839083,0.4036697247706422,0.2549992755712689,0.03619999999999998
0.31,0.69,0.4063926940639269,0.6264367816091954,1.0,0.25287356321839083,0.4036697247706422,0.2549992755712689,0.03619999999999998
0.28,0.69,0.4063926940639269,0.6264367816091954,1.0,0.25287356321839083,0.4036697247706422,0.2549992755712689,0.03649999999999998
0.32,0.69,0.4063926940639269,0.6264367816091954,1.0,0.25287356321839083,0.4036697247706422,0.2549992755712689,0.03649999999999998
0.27,0.69,0.4063926940639269,0.6264367816091954,1.0,0.25287356321839083,0.4036697247706422,0.2549992755712689,0.03699999999999998
0.33,0.69,0.4063926940639269,0.6264367816091954,1.0,0.25287356321839083,0.4036697247706422,0.2549992755712689,0.036999999999999984
0.37,0.68,0.4063926940639269,0.6264367816091954,1.0,0.25287356321839083,0.4036697247706422,0.2549992755712689,0.03730000000000002
0.26,0.69,0.4063926940639269,0.6264367816091954,1.0,0.25287356321839083,0.4036697247706422,0.2549992755712689,0.03769999999999998
0.34,0.69,0.4063926940639269,0.6264367816091954,1.0,0.25287356321839083,0.4036697247706422,0.2549992755712689,0.037699999999999984
0.25,0.69,0.4063926940639269,0.6264367816091954,1.0,0.25287356321839083,0.4036697247706422,0.2549992755712689,0.03859999999999998
0.35,0.69,0.4063926940639269,0.6264367816091954,1.0,0.25287356321839083,0.4036697247706422,0.2549992755712689,0.03859999999999998
0.24,0.69,0.4063926940639269,0.6264367816091954,1.0,0.25287356321839083,0.4036697247706422,0.2549992755712689,0.03969999999999998
0.3,0.7,0.4063926940639269,0.6264367816091954,1.0,0.25287356321839083,0.4036697247706422,0.2549992755712689,0.03999999999999998
0.29,0.7,0.4063926940639269,0.6264367816091954,1.0,0.25287356321839083,0.4036697247706422,0.2549992755712689,0.04009999999999998
0.31,0.7,0.4063926940639269,0.6264367816091954,1.0,0.25287356321839083,0.4036697247706422,0.2549992755712689,0.04009999999999998
0.28,0.7,0.4063926940639269,0.6264367816091954,1.0,0.25287356321839083,0.4036697247706422,0.2549992755712689,0.04039999999999998
0.32,0.7,0.4063926940639269,0.6264367816091954,1.0,0.25287356321839083,0.4036697247706422,0.2549992755712689,0.04039999999999998
0.27,0.7,0.4063926940639269,0.6264367816091954,1.0,0.25287356321839083,0.4036697247706422,0.2549992755712689,0.04089999999999998
0.33,0.7,0.4063926940639269,0.6264367816091954,1.0,0.25287356321839083,0.4036697247706422,0.2549992755712689,0.040899999999999985
0.23,0.69,0.4063926940639269,0.6264367816091954,1.0,0.25287356321839083,0.4036697247706422,0.2549992755712689,0.040999999999999974
0.26,0.7,0.4063926940639269,0.6264367816091954,1.0,0.25287356321839083,0.4036697247706422,0.2549992755712689,0.04159999999999998
0.34,0.7,0.4063926940639269,0.6264367816091954,1.0,0.25287356321839083,0.4036697247706422,0.2549992755712689,0.041599999999999984
0.22,0.69,0.4063926940639269,0.6264367816091954,1.0,0.25287356321839083,0.4036697247706422,0.2549992755712689,0.042499999999999975
0.25,0.7,0.4063926940639269,0.6264367816091954,1.0,0.25287356321839083,0.4036697247706422,0.2549992755712689,0.04249999999999998
0.35,0.7,0.4063926940639269,0.6264367816091954,1.0,0.25287356321839083,0.4036697247706422,0.2549992755712689,0.04249999999999998
0.24,0.7,0.4063926940639269,0.6264367816091954,1.0,0.25287356321839083,0.4036697247706422,0.2549992755712689,0.04359999999999998
0.21,0.69,0.4063926940639269,0.6264367816091954,1.0,0.25287356321839083,0.4036697247706422,0.2549992755712689,0.044199999999999975
0.23,0.7,0.4063926940639269,0.6264367816091954,1.0,0.25287356321839083,0.4036697247706422,0.2549992755712689,0.044899999999999975
0.2,0.69,0.4063926940639269,0.6264367816091954,1.0,0.25287356321839083,0.4036697247706422,0.2549992755712689,0.046099999999999974
0.22,0.7,0.4063926940639269,0.6264367816091954,1.0,0.25287356321839083,0.4036697247706422,0.2549992755712689,0.046399999999999976
0.21,0.7,0.4063926940639269,0.6264367816091954,1.0,0.25287356321839083,0.4036697247706422,0.2549992755712689,0.048099999999999976
0.19,0.69,0.4063926940639269,0.6264367816091954,1.0,0.25287356321839083,0.4036697247706422,0.2549992755712689,0.04819999999999998
0.2,0.7,0.4063926940639269,0.6264367816091954,1.0,0.25287356321839083,0.4036697247706422,0.2549992755712689,0.049999999999999975
0.18,0.69,0.4063926940639269,0.6264367816091954,1.0,0.25287356321839083,0.4036697247706422,0.2549992755712689,0.050499999999999975
0.19,0.7,0.4063926940639269,0.6264367816091954,1.0,0.25287356321839083,0.4036697247706422,0.2549992755712689,0.05209999999999998
0.17,0.69,0.4063926940639269,0.6264367816091954,1.0,0.25287356321839083,0.4036697247706422,0.2549992755712689,0.05299999999999998
0.18,0.7,0.4063926940639269,0.6264367816091954,1.0,0.25287356321839083,0.4036697247706422,0.2549992755712689,0.054399999999999976
0.16,0.69,0.4063926940639269,0.6264367816091954,1.0,0.25287356321839083,0.4036697247706422,0.2549992755712689,0.05569999999999997
0.17,0.7,0.4063926940639269,0.6264367816091954,1.0,0.25287356321839083,0.4036697247706422,0.2549992755712689,0.05689999999999998
0.15,0.69,0.4063926940639269,0.6264367816091954,1.0,0.25287356321839083,0.4036697247706422,0.2549992755712689,0.05859999999999998
0.16,0.7,0.4063926940639269,0.6264367816091954,1.0,0.25287356321839083,0.4036697247706422,0.2549992755712689,0.05959999999999997
0.14,0.69,0.4063926940639269,0.6264367816091954,1.0,0.25287356321839083,0.4036697247706422,0.2549992755712689,0.06169999999999997
0.15,0.7,0.4063926940639269,0.6264367816091954,1.0,0.25287356321839083,0.4036697247706422,0.2549992755712689,0.06249999999999998
0.13,0.69,0.4063926940639269,0.6264367816091954,1.0,0.25287356321839083,0.4036697247706422,0.2549992755712689,0.06499999999999997
0.14,0.7,0.4063926940639269,0.6264367816091954,1.0,0.25287356321839083,0.4036697247706422,0.2549992755712689,0.06559999999999996
0.56,0.5,0.4063926940639269,0.6264367816091954,1.0,0.25287356321839083,0.4036697247706422,0.2549992755712689,0.06760000000000004
0.56,0.49,0.4063926940639269,0.6264367816091954,1.0,0.25287356321839083,0.4036697247706422,0.2549992755712689,0.06770000000000004
0.56,0.51,0.4063926940639269,0.6264367816091954,1.0,0.25287356321839083,0.4036697247706422,0.2549992755712689,0.06770000000000004
0.56,0.52,0.4063926940639269,0.6264367816091954,1.0,0.25287356321839083,0.4036697247706422,0.2549992755712689,0.06800000000000003
0.12,0.69,0.4063926940639269,0.6264367816091954,1.0,0.25287356321839083,0.4036697247706422,0.2549992755712689,0.06849999999999998
0.56,0.53,0.4063926940639269,0.6264367816091954,1.0,0.25287356321839083,0.4036697247706422,0.2549992755712689,0.06850000000000003
0.13,0.7,0.4063926940639269,0.6264367816091954,1.0,0.25287356321839083,0.4036697247706422,0.2549992755712689,0.06889999999999998
0.56,0.54,0.4063926940639269,0.6264367816091954,1.0,0.25287356321839083,0.4036697247706422,0.2549992755712689,0.06920000000000004
0.56,0.55,0.4063926940639269,0.6264367816091954,1.0,0.25287356321839083,0.4036697247706422,0.2549992755712689,0.07010000000000004
0.11,0.69,0.4063926940639269,0.6264367816091954,1.0,0.25287356321839083,0.4036697247706422,0.2549992755712689,0.07219999999999999
0.12,0.7,0.4063926940639269,0.6264367816091954,1.0,0.25287356321839083,0.4036697247706422,0.2549992755712689,0.07239999999999998
0.57,0.5,0.4063926940639269,0.6264367816091954,1.0,0.25287356321839083,0.4036697247706422,0.2549992755712689,0.07289999999999998
0.57,0.49,0.4063926940639269,0.6264367816091954,1.0,0.25287356321839083,0.4036697247706422,0.2549992755712689,0.07299999999999998
0.57,0.51,0.4063926940639269,0.6264367816091954,1.0,0.25287356321839083,0.4036697247706422,0.2549992755712689,0.07299999999999998
0.57,0.52,0.4063926940639269,0.6264367816091954,1.0,0.25287356321839083,0.4036697247706422,0.2549992755712689,0.07329999999999998
0.57,0.53,0.4063926940639269,0.6264367816091954,1.0,0.25287356321839083,0.4036697247706422,0.2549992755712689,0.07379999999999998
0.57,0.54,0.4063926940639269,0.6264367816091954,1.0,0.25287356321839083,0.4036697247706422,0.2549992755712689,0.07449999999999998
0.57,0.55,0.4063926940639269,0.6264367816091954,1.0,0.25287356321839083,0.4036697247706422,0.2549992755712689,0.07539999999999998
0.1,0.69,0.4063926940639269,0.6264367816091954,1.0,0.25287356321839083,0.4036697247706422,0.2549992755712689,0.07609999999999997
0.11,0.7,0.4063926940639269,0.6264367816091954,1.0,0.25287356321839083,0.4036697247706422,0.2549992755712689,0.07609999999999997
0.58,0.48,0.4063926940639269,0.6264367816091954,1.0,0.25287356321839083,0.4036697247706422,0.2549992755712689,0.07879999999999998
0.58,0.47,0.4063926940639269,0.6264367816091954,1.0,0.25287356321839083,0.4036697247706422,0.2549992755712689,0.07929999999999998
0.1,0.7,0.4063926940639269,0.6264367816091954,1.0,0.25287356321839083,0.4036697247706422,0.2549992755712689,0.07999999999999997
0.09,0.69,0.4063926940639269,0.6264367816091954,1.0,0.25287356321839083,0.4036697247706422,0.2549992755712689,0.08019999999999997
0.09,0.7,0.4063926940639269,0.6264367816091954,1.0,0.25287356321839083,0.4036697247706422,0.2549992755712689,0.08409999999999998
0.08,0.69,0.4063926940639269,0.6264367816091954,1.0,0.25287356321839083,0.4036697247706422,0.2549992755712689,0.08449999999999996
0.59,0.46,0.4063926940639269,0.6264367816091954,1.0,0.25287356321839083,0.4036697247706422,0.2549992755712689,0.0857
0.59,0.45,0.4063926940639269,0.6264367816091954,1.0,0.25287356321839083,0.4036697247706422,0.2549992755712689,0.0866
0.59,0.44,0.4063926940639269,0.6264367816091954,1.0,0.25287356321839083,0.4036697247706422,0.2549992755712689,0.0877
0.08,0.7,0.4063926940639269,0.6264367816091954,1.0,0.25287356321839083,0.4036697247706422,0.2549992755712689,0.08839999999999998
0.07,0.69,0.4063926940639269,0.6264367816091954,1.0,0.25287356321839083,0.4036697247706422,0.2549992755712689,0.08899999999999997
0.07,0.7,0.4063926940639269,0.6264367816091954,1.0,0.25287356321839083,0.4036697247706422,0.2549992755712689,0.09289999999999997
0.06,0.69,0.4063926940639269,0.6264367816091954,1.0,0.25287356321839083,0.4036697247706422,0.2549992755712689,0.09369999999999998
0.06,0.7,0.4063926940639269,0.6264367816091954,1.0,0.25287356321839083,0.4036697247706422,0.2549992755712689,0.09759999999999998
0.05,0.69,0.4063926940639269,0.6264367816091954,1.0,0.25287356321839083,0.4036697247706422,0.2549992755712689,0.09859999999999998
0.05,0.7,0.4063926940639269,0.6264367816091954,1.0,0.25287356321839083,0.4036697247706422,0.2549992755712689,0.10249999999999998
0.04,0.69,0.4063926940639269,0.6264367816091954,1.0,0.25287356321839083,0.4036697247706422,0.2549992755712689,0.10369999999999999
0.04,0.7,0.4063926940639269,0.6264367816091954,1.0,0.25287356321839083,0.4036697247706422,0.2549992755712689,0.10759999999999999
0.03,0.69,0.4063926940639269,0.6264367816091954,1.0,0.25287356321839083,0.4036697247706422,0.2549992755712689,0.10899999999999999
0.03,0.7,0.4063926940639269,0.6264367816091954,1.0,0.25287356321839083,0.4036697247706422,0.2549992755712689,0.11289999999999999
0.02,0.69,0.4063926940639269,0.6264367816091954,1.0,0.25287356321839083,0.4036697247706422,0.2549992755712689,0.11449999999999996
0.02,0.7,0.4063926940639269,0.6264367816091954,1.0,0.25287356321839083,0.4036697247706422,0.2549992755712689,0.11839999999999996
0.01,0.69,0.4063926940639269,0.6264367816091954,1.0,0.25287356321839083,0.4036697247706422,0.2549992755712689,0.12019999999999997
0.01,0.7,0.4063926940639269,0.6264367816091954,1.0,0.25287356321839083,0.4036697247706422,0.2549992755712689,0.12409999999999997
0.0,0.69,0.4063926940639269,0.6264367816091954,1.0,0.25287356321839083,0.4036697247706422,0.2549992755712689,0.1261
0.0,0.7,0.4063926940639269,0.6264367816091954,1.0,0.25287356321839083,0.4036697247706422,0.2549992755712689,0.12999999999999998
0.7,0.43,0.4063926940639269,0.6264367816091954,1.0,0.25287356321839083,0.4036697247706422,0.2549992755712689,0.16489999999999996
0.71,0.43,0.4063926940639269,0.6264367816091954,1.0,0.25287356321839083,0.4036697247706422,0.2549992755712689,0.17299999999999996
0.72,0.43,0.4063926940639269,0.6264367816091954,1.0,0.25287356321839083,0.4036697247706422,0.2549992755712689,0.18129999999999996
0.73,0.43,0.4063926940639269,0.6264367816091954,1.0,0.25287356321839083,0.4036697247706422,0.2549992755712689,0.18979999999999997
0.74,0.43,0.4063926940639269,0.6264367816091954,1.0,0.25287356321839083,0.4036697247706422,0.2549992755712689,0.19849999999999998
0.75,0.43,0.4063926940639269,0.6264367816091954,1.0,0.25287356321839083,0.4036697247706422,0.2549992755712689,0.2074
0.76,0.43,0.4063926940639269,0.6264367816091954,1.0,0.25287356321839083,0.4036697247706422,0.2549992755712689,0.2165
0.77,0.42,0.4063926940639269,0.6264367816091954,1.0,0.25287356321839083,0.4036697247706422,0.2549992755712689,0.22730000000000006
0.77,0.41,0.4063926940639269,0.6264367816091954,1.0,0.25287356321839083,0.4036697247706422,0.2549992755712689,0.22900000000000004
0.78,0.42,0.4063926940639269,0.6264367816091954,1.0,0.25287356321839083,0.4036697247706422,0.2549992755712689,0.23680000000000007
0.78,0.41,0.4063926940639269,0.6264367816091954,1.0,0.25287356321839083,0.4036697247706422,0.2549992755712689,0.23850000000000005
0.79,0.42,0.4063926940639269,0.6264367816091954,1.0,0.25287356321839083,0.4036697247706422,0.2549992755712689,0.24650000000000005
0.79,0.41,0.4063926940639269,0.6264367816091954,1.0,0.25287356321839083,0.4036697247706422,0.2549992755712689,0.24820000000000003
0.8,0.42,0.4063926940639269,0.6264367816091954,1.0,0.25287356321839083,0.4036697247706422,0.2549992755712689,0.2564
0.8,0.41,0.4063926940639269,0.6264367816091954,1.0,0.25287356321839083,0.4036697247706422,0.2549992755712689,0.2581
0.38,0.64,0.4018264840182648,0.6235632183908046,1.0,0.2471264367816092,0.39631336405529954,0.2513677319727335,0.026000000000000006
0.39,0.64,0.4018264840182648,0.6235632183908046,1.0,0.2471264367816092,0.39631336405529954,0.2513677319727335,0.02770000000000001
0.38,0.65,0.4018264840182648,0.6235632183908046,1.0,0.2471264367816092,0.39631336405529954,0.2513677319727335,0.02890000000000001
0.4,0.64,0.4018264840182648,0.6235632183908046,1.0,0.2471264367816092,0.39631336405529954,0.2513677319727335,0.029600000000000008
0.39,0.65,0.4018264840182648,0.6235632183908046,1.0,0.2471264367816092,0.39631336405529954,0.2513677319727335,0.03060000000000001
0.41,0.64,0.4018264840182648,0.6235632183908046,1.0,0.2471264367816092,0.39631336405529954,0.2513677319727335,0.0317
0.38,0.66,0.4018264840182648,0.6235632183908046,1.0,0.2471264367816092,0.39631336405529954,0.2513677319727335,0.032000000000000015
0.4,0.65,0.4018264840182648,0.6235632183908046,1.0,0.2471264367816092,0.39631336405529954,0.2513677319727335,0.032500000000000015
0.39,0.66,0.4018264840182648,0.6235632183908046,1.0,0.2471264367816092,0.39631336405529954,0.2513677319727335,0.033700000000000015
0.42,0.64,0.4018264840182648,0.6235632183908046,1.0,0.2471264367816092,0.39631336405529954,0.2513677319727335,0.034
0.41,0.65,0.4018264840182648,0.6235632183908046,1.0,0.2471264367816092,0.39631336405529954,0.2513677319727335,0.034600000000000006
0.38,0.67,0.4018264840182648,0.6235632183908046,1.0,0.2471264367816092,0.39631336405529954,0.2513677319727335,0.03530000000000001
0.4,0.66,0.4018264840182648,0.6235632183908046,1.0,0.2471264367816092,0.39631336405529954,0.2513677319727335,0.03560000000000002
0.43,0.64,0.4018264840182648,0.6235632183908046,1.0,0.2471264367816092,0.39631336405529954,0.2513677319727335,0.036500000000000005
0.42,0.65,0.4018264840182648,0.6235632183908046,1.0,0.2471264367816092,0.39631336405529954,0.2513677319727335,0.0369
0.39,0.67,0.4018264840182648,0.6235632183908046,1.0,0.2471264367816092,0.39631336405529954,0.2513677319727335,0.03700000000000002
0.41,0.66,0.4018264840182648,0.6235632183908046,1.0,0.2471264367816092,0.39631336405529954,0.2513677319727335,0.03770000000000001
0.38,0.68,0.4018264840182648,0.6235632183908046,1.0,0.2471264367816092,0.39631336405529954,0.2513677319727335,0.03880000000000002
0.4,0.67,0.4018264840182648,0.6235632183908046,1.0,0.2471264367816092,0.39631336405529954,0.2513677319727335,0.03890000000000002
0.44,0.64,0.4018264840182648,0.6235632183908046,1.0,0.2471264367816092,0.39631336405529954,0.2513677319727335,0.039200000000000006
0.43,0.65,0.4018264840182648,0.6235632183908046,1.0,0.2471264367816092,0.39631336405529954,0.2513677319727335,0.039400000000000004
0.36,0.69,0.4018264840182648,0.6235632183908046,1.0,0.2471264367816092,0.39631336405529954,0.2513677319727335,0.03969999999999998
0.42,0.66,0.4018264840182648,0.6235632183908046,1.0,0.2471264367816092,0.39631336405529954,0.2513677319727335,0.04000000000000001
0.39,0.68,0.4018264840182648,0.6235632183908046,1.0,0.2471264367816092,0.39631336405529954,0.2513677319727335,0.04050000000000002
0.37,0.69,0.4018264840182648,0.6235632183908046,1.0,0.2471264367816092,0.39631336405529954,0.2513677319727335,0.04099999999999998
0.41,0.67,0.4018264840182648,0.6235632183908046,1.0,0.2471264367816092,0.39631336405529954,0.2513677319727335,0.04100000000000001
0.44,0.65,0.4018264840182648,0.6235632183908046,1.0,0.2471264367816092,0.39631336405529954,0.2513677319727335,0.04210000000000001
0.45,0.64,0.4018264840182648,0.6235632183908046,1.0,0.2471264367816092,0.39631336405529954,0.2513677319727335,0.04210000000000001
0.4,0.68,0.4018264840182648,0.6235632183908046,1.0,0.2471264367816092,0.39631336405529954,0.2513677319727335,0.04240000000000003
0.43,0.66,0.4018264840182648,0.6235632183908046,1.0,0.2471264367816092,0.39631336405529954,0.2513677319727335,0.04250000000000001
0.42,0.67,0.4018264840182648,0.6235632183908046,1.0,0.2471264367816092,0.39631336405529954,0.2513677319727335,0.04330000000000001
0.36,0.7,0.4018264840182648,0.6235632183908046,1.0,0.2471264367816092,0.39631336405529954,0.2513677319727335,0.04359999999999998
0.3,0.71,0.4018264840182648,0.6235632183908046,1.0,0.2471264367816092,0.39631336405529954,0.2513677319727335,0.044099999999999986
0.29,0.71,0.4018264840182648,0.6235632183908046,1.0,0.2471264367816092,0.39631336405529954,0.2513677319727335,0.04419999999999999
0.31,0.71,0.4018264840182648,0.6235632183908046,1.0,0.2471264367816092,0.39631336405529954,0.2513677319727335,0.04419999999999999
0.28,0.71,0.4018264840182648,0.6235632183908046,1.0,0.2471264367816092,0.39631336405529954,0.2513677319727335,0.044499999999999984
0.32,0.71,0.4018264840182648,0.6235632183908046,1.0,0.2471264367816092,0.39631336405529954,0.2513677319727335,0.044499999999999984
0.41,0.68,0.4018264840182648,0.6235632183908046,1.0,0.2471264367816092,0.39631336405529954,0.2513677319727335,0.04450000000000002
0.37,0.7,0.4018264840182648,0.6235632183908046,1.0,0.2471264367816092,0.39631336405529954,0.2513677319727335,0.04489999999999998
0.27,0.71,0.4018264840182648,0.6235632183908046,1.0,0.2471264367816092,0.39631336405529954,0.2513677319727335,0.044999999999999984
0.33,0.71,0.4018264840182648,0.6235632183908046,1.0,0.2471264367816092,0.39631336405529954,0.2513677319727335,0.04499999999999999
0.45,0.65,0.4018264840182648,0.6235632183908046,1.0,0.2471264367816092,0.39631336405529954,0.2513677319727335,0.04500000000000001
0.44,0.66,0.4018264840182648,0.6235632183908046,1.0,0.2471264367816092,0.39631336405529954,0.2513677319727335,0.04520000000000002
0.46,0.64,0.4018264840182648,0.6235632183908046,1.0,0.2471264367816092,0.39631336405529954,0.2513677319727335,0.04520000000000002
0.26,0.71,0.4018264840182648,0.6235632183908046,1.0,0.2471264367816092,0.39631336405529954,0.2513677319727335,0.045699999999999984
0.34,0.71,0.4018264840182648,0.6235632183908046,1.0,0.2471264367816092,0.39631336405529954,0.2513677319727335,0.04569999999999999
0.43,0.67,0.4018264840182648,0.6235632183908046,1.0,0.2471264367816092,0.39631336405529954,0.2513677319727335,0.045800000000000014
0.25,0.71,0.4018264840182648,0.6235632183908046,1.0,0.2471264367816092,0.39631336405529954,0.2513677319727335,0.04659999999999999
0.35,0.71,0.4018264840182648,0.6235632183908046,1.0,0.2471264367816092,0.39631336405529954,0.2513677319727335,0.04659999999999999
0.42,0.68,0.4018264840182648,0.6235632183908046,1.0,0.2471264367816092,0.39631336405529954,0.2513677319727335,0.04680000000000002
0.24,0.71,0.4018264840182648,0.6235632183908046,1.0,0.2471264367816092,0.39631336405529954,0.2513677319727335,0.047699999999999985
0.45,0.66,0.4018264840182648,0.6235632183908046,1.0,0.2471264367816092,0.39631336405529954,0.2513677319727335,0.04810000000000002
0.46,0.65,0.4018264840182648,0.6235632183908046,1.0,0.2471264367816092,0.39631336405529954,0.2513677319727335,0.04810000000000002
0.3,0.72,0.4018264840182648,0.6235632183908046,1.0,0.2471264367816092,0.39631336405529954,0.2513677319727335,0.04839999999999999
0.29,0.72,0.4018264840182648,0.6235632183908046,1.0,0.2471264367816092,0.39631336405529954,0.2513677319727335,0.048499999999999995
0.31,0.72,0.4018264840182648,0.6235632183908046,1.0,0.2471264367816092,0.39631336405529954,0.2513677319727335,0.048499999999999995
0.47,0.64,0.4018264840182648,0.6235632183908046,1.0,0.2471264367816092,0.39631336405529954,0.2513677319727335,0.0485
0.44,0.67,0.4018264840182648,0.6235632183908046,1.0,0.2471264367816092,0.39631336405529954,0.2513677319727335,0.048500000000000015
0.28,0.72,0.4018264840182648,0.6235632183908046,1.0,0.2471264367816092,0.39631336405529954,0.2513677319727335,0.04879999999999999
0.32,0.72,0.4018264840182648,0.6235632183908046,1.0,0.2471264367816092,0.39631336405529954,0.2513677319727335,0.04879999999999999
0.23,0.71,0.4018264840182648,0.6235632183908046,1.0,0.2471264367816092,0.39631336405529954,0.2513677319727335,0.04899999999999998
0.27,0.72,0.4018264840182648,0.6235632183908046,1.0,0.2471264367816092,0.39631336405529954,0.2513677319727335,0.04929999999999999
0.33,0.72,0.4018264840182648,0.6235632183908046,1.0,0.2471264367816092,0.39631336405529954,0.2513677319727335,0.0493
0.43,0.68,0.4018264840182648,0.6235632183908046,1.0,0.2471264367816092,0.39631336405529954,0.2513677319727335,0.049300000000000024
0.26,0.72,0.4018264840182648,0.6235632183908046,1.0,0.2471264367816092,0.39631336405529954,0.2513677319727335,0.04999999999999999
0.34,0.72,0.4018264840182648,0.6235632183908046,1.0,0.2471264367816092,0.39631336405529954,0.2513677319727335,0.049999999999999996
0.22,0.71,0.4018264840182648,0.6235632183908046,1.0,0.2471264367816092,0.39631336405529954,0.2513677319727335,0.05049999999999998
0.25,0.72,0.4018264840182648,0.6235632183908046,1.0,0.2471264367816092,0.39631336405529954,0.2513677319727335,0.05089999999999999
0.35,0.72,0.4018264840182648,0.6235632183908046,1.0,0.2471264367816092,0.39631336405529954,0.2513677319727335,0.05089999999999999
0.46,0.66,0.4018264840182648,0.6235632183908046,1.0,0.2471264367816092,0.39631336405529954,0.2513677319727335,0.05120000000000002
0.47,0.65,0.4018264840182648,0.6235632183908046,1.0,0.2471264367816092,0.39631336405529954,0.2513677319727335,0.0514
0.45,0.67,0.4018264840182648,0.6235632183908046,1.0,0.2471264367816092,0.39631336405529954,0.2513677319727335,0.051400000000000015
0.24,0.72,0.4018264840182648,0.6235632183908046,1.0,0.2471264367816092,0.39631336405529954,0.2513677319727335,0.05199999999999999
0.48,0.64,0.4018264840182648,0.6235632183908046,1.0,0.2471264367816092,0.39631336405529954,0.2513677319727335,0.052000000000000005
0.44,0.68,0.4018264840182648,0.6235632183908046,1.0,0.2471264367816092,0.39631336405529954,0.2513677319727335,0.05200000000000002
0.21,0.71,0.4018264840182648,0.6235632183908046,1.0,0.2471264367816092,0.39631336405529954,0.2513677319727335,0.05219999999999998
0.3,0.73,0.4018264840182648,0.6235632183908046,1.0,0.2471264367816092,0.39631336405529954,0.2513677319727335,0.05289999999999999
0.29,0.73,0.4018264840182648,0.6235632183908046,1.0,0.2471264367816092,0.39631336405529954,0.2513677319727335,0.05299999999999999
0.31,0.73,0.4018264840182648,0.6235632183908046,1.0,0.2471264367816092,0.39631336405529954,0.2513677319727335,0.05299999999999999
0.23,0.72,0.4018264840182648,0.6235632183908046,1.0,0.2471264367816092,0.39631336405529954,0.2513677319727335,0.053299999999999986
0.28,0.73,0.4018264840182648,0.6235632183908046,1.0,0.2471264367816092,0.39631336405529954,0.2513677319727335,0.053299999999999986
0.32,0.73,0.4018264840182648,0.6235632183908046,1.0,0.2471264367816092,0.39631336405529954,0.2513677319727335,0.053299999999999986
0.27,0.73,0.4018264840182648,0.6235632183908046,1.0,0.2471264367816092,0.39631336405529954,0.2513677319727335,0.05379999999999999
0.33,0.73,0.4018264840182648,0.6235632183908046,1.0,0.2471264367816092,0.39631336405529954,0.2513677319727335,0.053799999999999994
0.2,0.71,0.4018264840182648,0.6235632183908046,1.0,0.2471264367816092,0.39631336405529954,0.2513677319727335,0.05409999999999998
0.26,0.73,0.4018264840182648,0.6235632183908046,1.0,0.2471264367816092,0.39631336405529954,0.2513677319727335,0.054499999999999986
0.34,0.73,0.4018264840182648,0.6235632183908046,1.0,0.2471264367816092,0.39631336405529954,0.2513677319727335,0.05449999999999999
0.47,0.66,0.4018264840182648,0.6235632183908046,1.0,0.2471264367816092,0.39631336405529954,0.2513677319727335,0.05450000000000001
0.46,0.67,0.4018264840182648,0.6235632183908046,1.0,0.2471264367816092,0.39631336405529954,0.2513677319727335,0.05450000000000002
0.22,0.72,0.4018264840182648,0.6235632183908046,1.0,0.2471264367816092,0.39631336405529954,0.2513677319727335,0.05479999999999999
0.48,0.65,0.4018264840182648,0.6235632183908046,1.0,0.2471264367816092,0.39631336405529954,0.2513677319727335,0.054900000000000004
0.45,0.68,0.4018264840182648,0.6235632183908046,1.0,0.2471264367816092,0.39631336405529954,0.2513677319727335,0.054900000000000025
0.25,0.73,0.4018264840182648,0.6235632183908046,1.0,0.2471264367816092,0.39631336405529954,0.2513677319727335,0.05539999999999999
0.35,0.73,0.4018264840182648,0.6235632183908046,1.0,0.2471264367816092,0.39631336405529954,0.2513677319727335,0.05539999999999999
0.49,0.64,0.4018264840182648,0.6235632183908046,1.0,0.2471264367816092,0.39631336405529954,0.2513677319727335,0.0557
0.19,0.71,0.4018264840182648,0.6235632183908046,1.0,0.2471264367816092,0.39631336405529954,0.2513677319727335,0.056199999999999986
0.24,0.73,0.4018264840182648,0.6235632183908046,1.0,0.2471264367816092,0.39631336405529954,0.2513677319727335,0.05649999999999999
0.21,0.72,0.4018264840182648,0.6235632183908046,1.0,0.2471264367816092,0.39631336405529954,0.2513677319727335,0.056499999999999995
0.23,0.73,0.4018264840182648,0.6235632183908046,1.0,0.2471264367816092,0.39631336405529954,0.2513677319727335,0.05779999999999998
0.47,0.67,0.4018264840182648,0.6235632183908046,1.0,0.2471264367816092,0.39631336405529954,0.2513677319727335,0.057800000000000004
0.48,0.66,0.4018264840182648,0.6235632183908046,1.0,0.2471264367816092,0.39631336405529954,0.2513677319727335,0.05800000000000001
0.46,0.68,0.4018264840182648,0.6235632183908046,1.0,0.2471264367816092,0.39631336405529954,0.2513677319727335,0.05800000000000003
0.2,0.72,0.4018264840182648,0.6235632183908046,1.0,0.2471264367816092,0.39631336405529954,0.2513677319727335,0.05839999999999999
0.18,0.71,0.4018264840182648,0.6235632183908046,1.0,0.2471264367816092,0.39631336405529954,0.2513677319727335,0.05849999999999998
0.49,0.65,0.4018264840182648,0.6235632183908046,1.0,0.2471264367816092,0.39631336405529954,0.2513677319727335,0.058600000000000006
0.22,0.73,0.4018264840182648,0.6235632183908046,1.0,0.2471264367816092,0.39631336405529954,0.2513677319727335,0.059299999999999985
0.5,0.64,0.4018264840182648,0.6235632183908046,1.0,0.2471264367816092,0.39631336405529954,0.2513677319727335,0.059600000000000014
0.19,0.72,0.4018264840182648,0.6235632183908046,1.0,0.2471264367816092,0.39631336405529954,0.2513677319727335,0.06049999999999999
0.17,0.71,0.4018264840182648,0.6235632183908046,1.0,0.2471264367816092,0.39631336405529954,0.2513677319727335,0.060999999999999985
0.21,0.73,0.4018264840182648,0.6235632183908046,1.0,0.2471264367816092,0.39631336405529954,0.2513677319727335,0.060999999999999985
0.48,0.67,0.4018264840182648,0.6235632183908046,1.0,0.2471264367816092,0.39631336405529954,0.2513677319727335,0.06130000000000001
0.47,0.68,0.4018264840182648,0.6235632183908046,1.0,0.2471264367816092,0.39631336405529954,0.2513677319727335,0.061300000000000014
0.49,0.66,0.4018264840182648,0.6235632183908046,1.0,0.2471264367816092,0.39631336405529954,0.2513677319727335,0.06170000000000001
0.5,0.65,0.4018264840182648,0.6235632183908046,1.0,0.2471264367816092,0.39631336405529954,0.2513677319727335,0.06250000000000001
0.18,0.72,0.4018264840182648,0.6235632183908046,1.0,0.2471264367816092,0.39631336405529954,0.2513677319727335,0.0628
0.2,0.73,0.4018264840182648,0.6235632183908046,1.0,0.2471264367816092,0.39631336405529954,0.2513677319727335,0.06289999999999998
0.16,0.71,0.4018264840182648,0.6235632183908046,1.0,0.2471264367816092,0.39631336405529954,0.2513677319727335,0.06369999999999998
0.51,0.64,0.4018264840182648,0.6235632183908046,1.0,0.2471264367816092,0.39631336405529954,0.2513677319727335,0.0637
0.48,0.68,0.4018264840182648,0.6235632183908046,1.0,0.2471264367816092,0.39631336405529954,0.2513677319727335,0.06480000000000002
0.19,0.73,0.4018264840182648,0.6235632183908046,1.0,0.2471264367816092,0.39631336405529954,0.2513677319727335,0.06499999999999999
0.49,0.67,0.4018264840182648,0.6235632183908046,1.0,0.2471264367816092,0.39631336405529954,0.2513677319727335,0.06500000000000002
0.17,0.72,0.4018264840182648,0.6235632183908046,1.0,0.2471264367816092,0.39631336405529954,0.2513677319727335,0.06529999999999998
0.5,0.66,0.4018264840182648,0.6235632183908046,1.0,0.2471264367816092,0.39631336405529954,0.2513677319727335,0.06560000000000002
0.15,0.71,0.4018264840182648,0.6235632183908046,1.0,0.2471264367816092,0.39631336405529954,0.2513677319727335,0.06659999999999999
0.51,0.65,0.4018264840182648,0.6235632183908046,1.0,0.2471264367816092,0.39631336405529954,0.2513677319727335,0.06660000000000002
0.18,0.73,0.4018264840182648,0.6235632183908046,1.0,0.2471264367816092,0.39631336405529954,0.2513677319727335,0.06729999999999998
0.16,0.72,0.4018264840182648,0.6235632183908046,1.0,0.2471264367816092,0.39631336405529954,0.2513677319727335,0.06799999999999999
0.52,0.64,0.4018264840182648,0.6235632183908046,1.0,0.2471264367816092,0.39631336405529954,0.2513677319727335,0.06800000000000002
0.49,0.68,0.4018264840182648,0.6235632183908046,1.0,0.2471264367816092,0.39631336405529954,0.2513677319727335,0.06850000000000002
0.5,0.67,0.4018264840182648,0.6235632183908046,1.0,0.2471264367816092,0.39631336405529954,0.2513677319727335,0.06890000000000002
0.14,0.71,0.4018264840182648,0.6235632183908046,1.0,0.2471264367816092,0.39631336405529954,0.2513677319727335,0.06969999999999998
0.51,0.66,0.4018264840182648,0.6235632183908046,1.0,0.2471264367816092,0.39631336405529954,0.2513677319727335,0.06970000000000001
0.17,0.73,0.4018264840182648,0.6235632183908046,1.0,0.2471264367816092,0.39631336405529954,0.2513677319727335,0.06979999999999999
0.15,0.72,0.4018264840182648,0.6235632183908046,1.0,0.2471264367816092,0.39631336405529954,0.2513677319727335,0.07089999999999999
0.52,0.65,0.4018264840182648,0.6235632183908046,1.0,0.2471264367816092,0.39631336405529954,0.2513677319727335,0.07090000000000002
0.5,0.68,0.4018264840182648,0.6235632183908046,1.0,0.2471264367816092,0.39631336405529954,0.2513677319727335,0.07240000000000002
0.16,0.73,0.4018264840182648,0.6235632183908046,1.0,0.2471264367816092,0.39631336405529954,0.2513677319727335,0.07249999999999998
0.53,0.64,0.4018264840182648,0.6235632183908046,1.0,0.2471264367816092,0.39631336405529954,0.2513677319727335,0.07250000000000002
0.13,0.71,0.4018264840182648,0.6235632183908046,1.0,0.2471264367816092,0.39631336405529954,0.2513677319727335,0.07299999999999998
0.51,0.67,0.4018264840182648,0.6235632183908046,1.0,0.2471264367816092,0.39631336405529954,0.2513677319727335,0.07300000000000002
0.14,0.72,0.4018264840182648,0.6235632183908046,1.0,0.2471264367816092,0.39631336405529954,0.2513677319727335,0.07399999999999998
0.52,0.66,0.4018264840182648,0.6235632183908046,1.0,0.2471264367816092,0.39631336405529954,0.2513677319727335,0.07400000000000002
0.15,0.73,0.4018264840182648,0.6235632183908046,1.0,0.2471264367816092,0.39631336405529954,0.2513677319727335,0.0754
0.53,0.65,0.4018264840182648,0.6235632183908046,1.0,0.2471264367816092,0.39631336405529954,0.2513677319727335,0.07540000000000002
0.12,0.71,0.4018264840182648,0.6235632183908046,1.0,0.2471264367816092,0.39631336405529954,0.2513677319727335,0.07649999999999998
0.51,0.68,0.4018264840182648,0.6235632183908046,1.0,0.2471264367816092,0.39631336405529954,0.2513677319727335,0.07650000000000003
0.13,0.72,0.4018264840182648,0.6235632183908046,1.0,0.2471264367816092,0.39631336405529954,0.2513677319727335,0.07729999999999998
0.52,0.67,0.4018264840182648,0.6235632183908046,1.0,0.2471264367816092,0.39631336405529954,0.2513677319727335,0.07730000000000002
0.58,0.5,0.4018264840182648,0.6235632183908046,1.0,0.2471264367816092,0.39631336405529954,0.2513677319727335,0.07839999999999998
0.14,0.73,0.4018264840182648,0.6235632183908046,1.0,0.2471264367816092,0.39631336405529954,0.2513677319727335,0.07849999999999999
0.58,0.49,0.4018264840182648,0.6235632183908046,1.0,0.2471264367816092,0.39631336405529954,0.2513677319727335,0.07849999999999999
0.58,0.51,0.4018264840182648,0.6235632183908046,1.0,0.2471264367816092,0.39631336405529954,0.2513677319727335,0.07849999999999999
0.53,0.66,0.4018264840182648,0.6235632183908046,1.0,0.2471264367816092,0.39631336405529954,0.2513677319727335,0.07850000000000003
0.58,0.52,0.4018264840182648,0.6235632183908046,1.0,0.2471264367816092,0.39631336405529954,0.2513677319727335,0.07879999999999998
0.58,0.53,0.4018264840182648,0.6235632183908046,1.0,0.2471264367816092,0.39631336405529954,0.2513677319727335,0.07929999999999998
0.58,0.54,0.4018264840182648,0.6235632183908046,1.0,0.2471264367816092,0.39631336405529954,0.2513677319727335,0.07999999999999999
0.11,0.71,0.4018264840182648,0.6235632183908046,1.0,0.2471264367816092,0.39631336405529954,0.2513677319727335,0.0802
0.12,0.72,0.4018264840182648,0.6235632183908046,1.0,0.2471264367816092,0.39631336405529954,0.2513677319727335,0.08079999999999998
0.52,0.68,0.4018264840182648,0.6235632183908046,1.0,0.2471264367816092,0.39631336405529954,0.2513677319727335,0.08080000000000004
0.58,0.55,0.4018264840182648,0.6235632183908046,1.0,0.2471264367816092,0.39631336405529954,0.2513677319727335,0.08089999999999999
0.13,0.73,0.4018264840182648,0.6235632183908046,1.0,0.2471264367816092,0.39631336405529954,0.2513677319727335,0.08179999999999998
0.53,0.67,0.4018264840182648,0.6235632183908046,1.0,0.2471264367816092,0.39631336405529954,0.2513677319727335,0.08180000000000003
0.1,0.71,0.4018264840182648,0.6235632183908046,1.0,0.2471264367816092,0.39631336405529954,0.2513677319727335,0.08409999999999998
0.11,0.72,0.4018264840182648,0.6235632183908046,1.0,0.2471264367816092,0.39631336405529954,0.2513677319727335,0.08449999999999999
0.59,0.48,0.4018264840182648,0.6235632183908046,1.0,0.2471264367816092,0.39631336405529954,0.2513677319727335,0.08449999999999999
0.59,0.47,0.4018264840182648,0.6235632183908046,1.0,0.2471264367816092,0.39631336405529954,0.2513677319727335,0.08499999999999999
0.12,0.73,0.4018264840182648,0.6235632183908046,1.0,0.2471264367816092,0.39631336405529954,0.2513677319727335,0.08529999999999999
0.53,0.68,0.4018264840182648,0.6235632183908046,1.0,0.2471264367816092,0.39631336405529954,0.2513677319727335,0.08530000000000004
0.09,0.71,0.4018264840182648,0.6235632183908046,1.0,0.2471264367816092,0.39631336405529954,0.2513677319727335,0.08819999999999997
0.1,0.72,0.4018264840182648,0.6235632183908046,1.0,0.2471264367816092,0.39631336405529954,0.2513677319727335,0.08839999999999998
0.11,0.73,0.4018264840182648,0.6235632183908046,1.0,0.2471264367816092,0.39631336405529954,0.2513677319727335,0.089
0.6,0.46,0.4018264840182648,0.6235632183908046,1.0,0.2471264367816092,0.39631336405529954,0.2513677319727335,0.0916
0.08,0.71,0.4018264840182648,0.6235632183908046,1.0,0.2471264367816092,0.39631336405529954,0.2513677319727335,0.09249999999999997
0.09,0.72,0.4018264840182648,0.6235632183908046,1.0,0.2471264367816092,0.39631336405529954,0.2513677319727335,0.09249999999999999
0.6,0.45,0.4018264840182648,0.6235632183908046,1.0,0.2471264367816092,0.39631336405529954,0.2513677319727335,0.0925
0.1,0.73,0.4018264840182648,0.6235632183908046,1.0,0.2471264367816092,0.39631336405529954,0.2513677319727335,0.09289999999999998
0.6,0.44,0.4018264840182648,0.6235632183908046,1.0,0.2471264367816092,0.39631336405529954,0.2513677319727335,0.0936
0.08,0.72,0.4018264840182648,0.6235632183908046,1.0,0.2471264367816092,0.39631336405529954,0.2513677319727335,0.09679999999999998
0.07,0.71,0.4018264840182648,0.6235632183908046,1.0,0.2471264367816092,0.39631336405529954,0.2513677319727335,0.09699999999999998
0.09,0.73,0.4018264840182648,0.6235632183908046,1.0,0.2471264367816092,0.39631336405529954,0.2513677319727335,0.09699999999999998
0.07,0.72,0.4018264840182648,0.6235632183908046,1.0,0.2471264367816092,0.39631336405529954,0.2513677319727335,0.10129999999999997
0.08,0.73,0.4018264840182648,0.6235632183908046,1.0,0.2471264367816092,0.39631336405529954,0.2513677319727335,0.10129999999999997
0.06,0.71,0.4018264840182648,0.6235632183908046,1.0,0.2471264367816092,0.39631336405529954,0.2513677319727335,0.10169999999999998
0.07,0.73,0.4018264840182648,0.6235632183908046,1.0,0.2471264367816092,0.39631336405529954,0.2513677319727335,0.10579999999999998
0.06,0.72,0.4018264840182648,0.6235632183908046,1.0,0.2471264367816092,0.39631336405529954,0.2513677319727335,0.10599999999999998
0.05,0.71,0.4018264840182648,0.6235632183908046,1.0,0.2471264367816092,0.39631336405529954,0.2513677319727335,0.10659999999999999
0.06,0.73,0.4018264840182648,0.6235632183908046,1.0,0.2471264367816092,0.39631336405529954,0.2513677319727335,0.11049999999999999
0.05,0.72,0.4018264840182648,0.6235632183908046,1.0,0.2471264367816092,0.39631336405529954,0.2513677319727335,0.1109
0.04,0.71,0.4018264840182648,0.6235632183908046,1.0,0.2471264367816092,0.39631336405529954,0.2513677319727335,0.1117
0.05,0.73,0.4018264840182648,0.6235632183908046,1.0,0.2471264367816092,0.39631336405529954,0.2513677319727335,0.11539999999999999
0.04,0.72,0.4018264840182648,0.6235632183908046,1.0,0.2471264367816092,0.39631336405529954,0.2513677319727335,0.11599999999999999
0.03,0.71,0.4018264840182648,0.6235632183908046,1.0,0.2471264367816092,0.39631336405529954,0.2513677319727335,0.11699999999999999
0.04,0.73,0.4018264840182648,0.6235632183908046,1.0,0.2471264367816092,0.39631336405529954,0.2513677319727335,0.1205
0.03,0.72,0.4018264840182648,0.6235632183908046,1.0,0.2471264367816092,0.39631336405529954,0.2513677319727335,0.12129999999999999
0.02,0.71,0.4018264840182648,0.6235632183908046,1.0,0.2471264367816092,0.39631336405529954,0.2513677319727335,0.12249999999999997
0.03,0.73,0.4018264840182648,0.6235632183908046,1.0,0.2471264367816092,0.39631336405529954,0.2513677319727335,0.1258
0.02,0.72,0.4018264840182648,0.6235632183908046,1.0,0.2471264367816092,0.39631336405529954,0.2513677319727335,0.12679999999999997
0.01,0.71,0.4018264840182648,0.6235632183908046,1.0,0.2471264367816092,0.39631336405529954,0.2513677319727335,0.12819999999999998
0.02,0.73,0.4018264840182648,0.6235632183908046,1.0,0.2471264367816092,0.39631336405529954,0.2513677319727335,0.13129999999999997
0.01,0.72,0.4018264840182648,0.6235632183908046,1.0,0.2471264367816092,0.39631336405529954,0.2513677319727335,0.13249999999999998
0.0,0.71,0.4018264840182648,0.6235632183908046,1.0,0.2471264367816092,0.39631336405529954,0.2513677319727335,0.1341
0.01,0.73,0.4018264840182648,0.6235632183908046,1.0,0.2471264367816092,0.39631336405529954,0.2513677319727335,0.13699999999999998
0.0,0.72,0.4018264840182648,0.6235632183908046,1.0,0.2471264367816092,0.39631336405529954,0.2513677319727335,0.1384
0.0,0.73,0.4018264840182648,0.6235632183908046,1.0,0.2471264367816092,0.39631336405529954,0.2513677319727335,0.14289999999999997
0.77,0.43,0.4018264840182648,0.6235632183908046,1.0,0.2471264367816092,0.39631336405529954,0.2513677319727335,0.22580000000000003
0.78,0.43,0.4018264840182648,0.6235632183908046,1.0,0.2471264367816092,0.39631336405529954,0.2513677319727335,0.23530000000000004
0.79,0.43,0.4018264840182648,0.6235632183908046,1.0,0.2471264367816092,0.39631336405529954,0.2513677319727335,0.24500000000000002
0.8,0.43,0.4018264840182648,0.6235632183908046,1.0,0.2471264367816092,0.39631336405529954,0.2513677319727335,0.2549
0.38,0.69,0.3972602739726027,0.6206896551724138,1.0,0.2413793103448276,0.3888888888888889,0.24772489029992265,0.04249999999999998
0.39,0.69,0.3972602739726027,0.6206896551724138,1.0,0.2413793103448276,0.3888888888888889,0.24772489029992265,0.04419999999999998
0.4,0.69,0.3972602739726027,0.6206896551724138,1.0,0.2413793103448276,0.3888888888888889,0.24772489029992265,0.04609999999999999
0.38,0.7,0.3972602739726027,0.6206896551724138,1.0,0.2413793103448276,0.3888888888888889,0.24772489029992265,0.04639999999999998
0.36,0.71,0.3972602739726027,0.6206896551724138,1.0,0.2413793103448276,0.3888888888888889,0.24772489029992265,0.047699999999999985
0.39,0.7,0.3972602739726027,0.6206896551724138,1.0,0.2413793103448276,0.3888888888888889,0.24772489029992265,0.04809999999999998
0.41,0.69,0.3972602739726027,0.6206896551724138,1.0,0.2413793103448276,0.3888888888888889,0.24772489029992265,0.04819999999999998
0.37,0.71,0.3972602739726027,0.6206896551724138,1.0,0.2413793103448276,0.3888888888888889,0.24772489029992265,0.04899999999999999
0.4,0.7,0.3972602739726027,0.6206896551724138,1.0,0.2413793103448276,0.3888888888888889,0.24772489029992265,0.04999999999999999
0.42,0.69,0.3972602739726027,0.6206896551724138,1.0,0.2413793103448276,0.3888888888888889,0.24772489029992265,0.050499999999999975
0.36,0.72,0.3972602739726027,0.6206896551724138,1.0,0.2413793103448276,0.3888888888888889,0.24772489029992265,0.05199999999999999
0.41,0.7,0.3972602739726027,0.6206896551724138,1.0,0.2413793103448276,0.3888888888888889,0.24772489029992265,0.05209999999999998
0.43,0.69,0.3972602739726027,0.6206896551724138,1.0,0.2413793103448276,0.3888888888888889,0.24772489029992265,0.05299999999999998
0.37,0.72,0.3972602739726027,0.6206896551724138,1.0,0.2413793103448276,0.3888888888888889,0.24772489029992265,0.05329999999999999
0.42,0.7,0.3972602739726027,0.6206896551724138,1.0,0.2413793103448276,0.3888888888888889,0.24772489029992265,0.054399999999999976
0.44,0.69,0.3972602739726027,0.6206896551724138,1.0,0.2413793103448276,0.3888888888888889,0.24772489029992265,0.055699999999999986
0.36,0.73,0.3972602739726027,0.6206896551724138,1.0,0.2413793103448276,0.3888888888888889,0.24772489029992265,0.05649999999999999
0.43,0.7,0.3972602739726027,0.6206896551724138,1.0,0.2413793103448276,0.3888888888888889,0.24772489029992265,0.05689999999999998
0.3,0.74,0.3972602739726027,0.6206896551724138,1.0,0.2413793103448276,0.3888888888888889,0.24772489029992265,0.0576
0.29,0.74,0.3972602739726027,0.6206896551724138,1.0,0.2413793103448276,0.3888888888888889,0.24772489029992265,0.0577
0.31,0.74,0.3972602739726027,0.6206896551724138,1.0,0.2413793103448276,0.3888888888888889,0.24772489029992265,0.0577
0.37,0.73,0.3972602739726027,0.6206896551724138,1.0,0.2413793103448276,0.3888888888888889,0.24772489029992265,0.05779999999999999
0.28,0.74,0.3972602739726027,0.6206896551724138,1.0,0.2413793103448276,0.3888888888888889,0.24772489029992265,0.057999999999999996
0.32,0.74,0.3972602739726027,0.6206896551724138,1.0,0.2413793103448276,0.3888888888888889,0.24772489029992265,0.057999999999999996
0.27,0.74,0.3972602739726027,0.6206896551724138,1.0,0.2413793103448276,0.3888888888888889,0.24772489029992265,0.058499999999999996
0.33,0.74,0.3972602739726027,0.6206896551724138,1.0,0.2413793103448276,0.3888888888888889,0.24772489029992265,0.0585
0.45,0.69,0.3972602739726027,0.6206896551724138,1.0,0.2413793103448276,0.3888888888888889,0.24772489029992265,0.058599999999999985
0.26,0.74,0.3972602739726027,0.6206896551724138,1.0,0.2413793103448276,0.3888888888888889,0.24772489029992265,0.059199999999999996
0.34,0.74,0.3972602739726027,0.6206896551724138,1.0,0.2413793103448276,0.3888888888888889,0.24772489029992265,0.0592
0.44,0.7,0.3972602739726027,0.6206896551724138,1.0,0.2413793103448276,0.3888888888888889,0.24772489029992265,0.059599999999999986
0.25,0.74,0.3972602739726027,0.6206896551724138,1.0,0.2413793103448276,0.3888888888888889,0.24772489029992265,0.0601
0.35,0.74,0.3972602739726027,0.6206896551724138,1.0,0.2413793103448276,0.3888888888888889,0.24772489029992265,0.0601
0.24,0.74,0.3972602739726027,0.6206896551724138,1.0,0.2413793103448276,0.3888888888888889,0.24772489029992265,0.0612
0.46,0.69,0.3972602739726027,0.6206896551724138,1.0,0.2413793103448276,0.3888888888888889,0.24772489029992265,0.06169999999999999
0.45,0.7,0.3972602739726027,0.6206896551724138,1.0,0.2413793103448276,0.3888888888888889,0.24772489029992265,0.062499999999999986
0.23,0.74,0.3972602739726027,0.6206896551724138,1.0,0.2413793103448276,0.3888888888888889,0.24772489029992265,0.06249999999999999
0.3,0.75,0.3972602739726027,0.6206896551724138,1.0,0.2413793103448276,0.3888888888888889,0.24772489029992265,0.0625
0.29,0.75,0.3972602739726027,0.6206896551724138,1.0,0.2413793103448276,0.3888888888888889,0.24772489029992265,0.0626
0.31,0.75,0.3972602739726027,0.6206896551724138,1.0,0.2413793103448276,0.3888888888888889,0.24772489029992265,0.0626
0.28,0.75,0.3972602739726027,0.6206896551724138,1.0,0.2413793103448276,0.3888888888888889,0.24772489029992265,0.0629
0.32,0.75,0.3972602739726027,0.6206896551724138,1.0,0.2413793103448276,0.3888888888888889,0.24772489029992265,0.0629
0.27,0.75,0.3972602739726027,0.6206896551724138,1.0,0.2413793103448276,0.3888888888888889,0.24772489029992265,0.0634
0.33,0.75,0.3972602739726027,0.6206896551724138,1.0,0.2413793103448276,0.3888888888888889,0.24772489029992265,0.0634
0.22,0.74,0.3972602739726027,0.6206896551724138,1.0,0.2413793103448276,0.3888888888888889,0.24772489029992265,0.064
0.26,0.75,0.3972602739726027,0.6206896551724138,1.0,0.2413793103448276,0.3888888888888889,0.24772489029992265,0.0641
0.34,0.75,0.3972602739726027,0.6206896551724138,1.0,0.2413793103448276,0.3888888888888889,0.24772489029992265,0.0641
0.47,0.69,0.3972602739726027,0.6206896551724138,1.0,0.2413793103448276,0.3888888888888889,0.24772489029992265,0.06499999999999997
0.25,0.75,0.3972602739726027,0.6206896551724138,1.0,0.2413793103448276,0.3888888888888889,0.24772489029992265,0.065
0.35,0.75,0.3972602739726027,0.6206896551724138,1.0,0.2413793103448276,0.3888888888888889,0.24772489029992265,0.065
0.46,0.7,0.3972602739726027,0.6206896551724138,1.0,0.2413793103448276,0.3888888888888889,0.24772489029992265,0.06559999999999999
0.21,0.74,0.3972602739726027,0.6206896551724138,1.0,0.2413793103448276,0.3888888888888889,0.24772489029992265,0.0657
0.24,0.75,0.3972602739726027,0.6206896551724138,1.0,0.2413793103448276,0.3888888888888889,0.24772489029992265,0.0661
0.23,0.75,0.3972602739726027,0.6206896551724138,1.0,0.2413793103448276,0.3888888888888889,0.24772489029992265,0.0674
0.2,0.74,0.3972602739726027,0.6206896551724138,1.0,0.2413793103448276,0.3888888888888889,0.24772489029992265,0.0676
0.48,0.69,0.3972602739726027,0.6206896551724138,1.0,0.2413793103448276,0.3888888888888889,0.24772489029992265,0.06849999999999998
0.47,0.7,0.3972602739726027,0.6206896551724138,1.0,0.2413793103448276,0.3888888888888889,0.24772489029992265,0.06889999999999998
0.22,0.75,0.3972602739726027,0.6206896551724138,1.0,0.2413793103448276,0.3888888888888889,0.24772489029992265,0.0689
0.19,0.74,0.3972602739726027,0.6206896551724138,1.0,0.2413793103448276,0.3888888888888889,0.24772489029992265,0.0697
0.21,0.75,0.3972602739726027,0.6206896551724138,1.0,0.2413793103448276,0.3888888888888889,0.24772489029992265,0.0706
0.18,0.74,0.3972602739726027,0.6206896551724138,1.0,0.2413793103448276,0.3888888888888889,0.24772489029992265,0.072
0.49,0.69,0.3972602739726027,0.6206896551724138,1.0,0.2413793103448276,0.3888888888888889,0.24772489029992265,0.07219999999999999
0.48,0.7,0.3972602739726027,0.6206896551724138,1.0,0.2413793103448276,0.3888888888888889,0.24772489029992265,0.07239999999999998
0.2,0.75,0.3972602739726027,0.6206896551724138,1.0,0.2413793103448276,0.3888888888888889,0.24772489029992265,0.0725
0.17,0.74,0.3972602739726027,0.6206896551724138,1.0,0.2413793103448276,0.3888888888888889,0.24772489029992265,0.0745
0.19,0.75,0.3972602739726027,0.6206896551724138,1.0,0.2413793103448276,0.3888888888888889,0.24772489029992265,0.0746
0.49,0.7,0.3972602739726027,0.6206896551724138,1.0,0.2413793103448276,0.3888888888888889,0.24772489029992265,0.07609999999999997
0.5,0.69,0.3972602739726027,0.6206896551724138,1.0,0.2413793103448276,0.3888888888888889,0.24772489029992265,0.07609999999999999
0.18,0.75,0.3972602739726027,0.6206896551724138,1.0,0.2413793103448276,0.3888888888888889,0.24772489029992265,0.0769
0.16,0.74,0.3972602739726027,0.6206896551724138,1.0,0.2413793103448276,0.3888888888888889,0.24772489029992265,0.07719999999999999
0.54,0.64,0.3972602739726027,0.6206896551724138,1.0,0.2413793103448276,0.3888888888888889,0.24772489029992265,0.07720000000000002
0.17,0.75,0.3972602739726027,0.6206896551724138,1.0,0.2413793103448276,0.3888888888888889,0.24772489029992265,0.0794
0.5,0.7,0.3972602739726027,0.6206896551724138,1.0,0.2413793103448276,0.3888888888888889,0.24772489029992265,0.07999999999999999
0.15,0.74,0.3972602739726027,0.6206896551724138,1.0,0.2413793103448276,0.3888888888888889,0.24772489029992265,0.0801
0.54,0.65,0.3972602739726027,0.6206896551724138,1.0,0.2413793103448276,0.3888888888888889,0.24772489029992265,0.08010000000000003
0.51,0.69,0.3972602739726027,0.6206896551724138,1.0,0.2413793103448276,0.3888888888888889,0.24772489029992265,0.0802
0.16,0.75,0.3972602739726027,0.6206896551724138,1.0,0.2413793103448276,0.3888888888888889,0.24772489029992265,0.08209999999999999
0.55,0.64,0.3972602739726027,0.6206896551724138,1.0,0.2413793103448276,0.3888888888888889,0.24772489029992265,0.08210000000000003
0.14,0.74,0.3972602739726027,0.6206896551724138,1.0,0.2413793103448276,0.3888888888888889,0.24772489029992265,0.0832
0.54,0.66,0.3972602739726027,0.6206896551724138,1.0,0.2413793103448276,0.3888888888888889,0.24772489029992265,0.08320000000000002
0.51,0.7,0.3972602739726027,0.6206896551724138,1.0,0.2413793103448276,0.3888888888888889,0.24772489029992265,0.08409999999999998
0.59,0.5,0.3972602739726027,0.6206896551724138,1.0,0.2413793103448276,0.3888888888888889,0.24772489029992265,0.0841
0.59,0.49,0.3972602739726027,0.6206896551724138,1.0,0.2413793103448276,0.3888888888888889,0.24772489029992265,0.0842
0.59,0.51,0.3972602739726027,0.6206896551724138,1.0,0.2413793103448276,0.3888888888888889,0.24772489029992265,0.0842
0.52,0.69,0.3972602739726027,0.6206896551724138,1.0,0.2413793103448276,0.3888888888888889,0.24772489029992265,0.08449999999999999
0.59,0.52,0.3972602739726027,0.6206896551724138,1.0,0.2413793103448276,0.3888888888888889,0.24772489029992265,0.08449999999999999
0.15,0.75,0.3972602739726027,0.6206896551724138,1.0,0.2413793103448276,0.3888888888888889,0.24772489029992265,0.08499999999999999
0.59,0.53,0.3972602739726027,0.6206896551724138,1.0,0.2413793103448276,0.3888888888888889,0.24772489029992265,0.08499999999999999
0.55,0.65,0.3972602739726027,0.6206896551724138,1.0,0.2413793103448276,0.3888888888888889,0.24772489029992265,0.08500000000000003
0.59,0.54,0.3972602739726027,0.6206896551724138,1.0,0.2413793103448276,0.3888888888888889,0.24772489029992265,0.0857
0.13,0.74,0.3972602739726027,0.6206896551724138,1.0,0.2413793103448276,0.3888888888888889,0.24772489029992265,0.0865
0.54,0.67,0.3972602739726027,0.6206896551724138,1.0,0.2413793103448276,0.3888888888888889,0.24772489029992265,0.08650000000000004
0.59,0.55,0.3972602739726027,0.6206896551724138,1.0,0.2413793103448276,0.3888888888888889,0.24772489029992265,0.0866
0.14,0.75,0.3972602739726027,0.6206896551724138,1.0,0.2413793103448276,0.3888888888888889,0.24772489029992265,0.08809999999999998
0.55,0.66,0.3972602739726027,0.6206896551724138,1.0,0.2413793103448276,0.3888888888888889,0.24772489029992265,0.08810000000000004
0.52,0.7,0.3972602739726027,0.6206896551724138,1.0,0.2413793103448276,0.3888888888888889,0.24772489029992265,0.08839999999999999
0.53,0.69,0.3972602739726027,0.6206896551724138,1.0,0.2413793103448276,0.3888888888888889,0.24772489029992265,0.089
0.12,0.74,0.3972602739726027,0.6206896551724138,1.0,0.2413793103448276,0.3888888888888889,0.24772489029992265,0.09
0.54,0.68,0.3972602739726027,0.6206896551724138,1.0,0.2413793103448276,0.3888888888888889,0.24772489029992265,0.09000000000000004
0.6,0.48,0.3972602739726027,0.6206896551724138,1.0,0.2413793103448276,0.3888888888888889,0.24772489029992265,0.0904
0.6,0.47,0.3972602739726027,0.6206896551724138,1.0,0.2413793103448276,0.3888888888888889,0.24772489029992265,0.0909
0.13,0.75,0.3972602739726027,0.6206896551724138,1.0,0.2413793103448276,0.3888888888888889,0.24772489029992265,0.0914
0.55,0.67,0.3972602739726027,0.6206896551724138,1.0,0.2413793103448276,0.3888888888888889,0.24772489029992265,0.09140000000000004
0.53,0.7,0.3972602739726027,0.6206896551724138,1.0,0.2413793103448276,0.3888888888888889,0.24772489029992265,0.0929
0.11,0.74,0.3972602739726027,0.6206896551724138,1.0,0.2413793103448276,0.3888888888888889,0.24772489029992265,0.0937
0.54,0.69,0.3972602739726027,0.6206896551724138,1.0,0.2413793103448276,0.3888888888888889,0.24772489029992265,0.0937
0.12,0.75,0.3972602739726027,0.6206896551724138,1.0,0.2413793103448276,0.3888888888888889,0.24772489029992265,0.0949
0.55,0.68,0.3972602739726027,0.6206896551724138,1.0,0.2413793103448276,0.3888888888888889,0.24772489029992265,0.09490000000000004
0.1,0.74,0.3972602739726027,0.6206896551724138,1.0,0.2413793103448276,0.3888888888888889,0.24772489029992265,0.09759999999999999
0.54,0.7,0.3972602739726027,0.6206896551724138,1.0,0.2413793103448276,0.3888888888888889,0.24772489029992265,0.09759999999999999
0.61,0.46,0.3972602739726027,0.6206896551724138,1.0,0.2413793103448276,0.3888888888888889,0.24772489029992265,0.09770000000000001
0.11,0.75,0.3972602739726027,0.6206896551724138,1.0,0.2413793103448276,0.3888888888888889,0.24772489029992265,0.0986
0.55,0.69,0.3972602739726027,0.6206896551724138,1.0,0.2413793103448276,0.3888888888888889,0.24772489029992265,0.09860000000000001
0.61,0.45,0.3972602739726027,0.6206896551724138,1.0,0.2413793103448276,0.3888888888888889,0.24772489029992265,0.09860000000000001
0.61,0.44,0.3972602739726027,0.6206896551724138,1.0,0.2413793103448276,0.3888888888888889,0.24772489029992265,0.09970000000000001
0.09,0.74,0.3972602739726027,0.6206896551724138,1.0,0.2413793103448276,0.3888888888888889,0.24772489029992265,0.10169999999999998
0.1,0.75,0.3972602739726027,0.6206896551724138,1.0,0.2413793103448276,0.3888888888888889,0.24772489029992265,0.1025
0.55,0.7,0.3972602739726027,0.6206896551724138,1.0,0.2413793103448276,0.3888888888888889,0.24772489029992265,0.10250000000000001
0.08,0.74,0.3972602739726027,0.6206896551724138,1.0,0.2413793103448276,0.3888888888888889,0.24772489029992265,0.10599999999999998
0.09,0.75,0.3972602739726027,0.6206896551724138,1.0,0.2413793103448276,0.3888888888888889,0.24772489029992265,0.1066
0.07,0.74,0.3972602739726027,0.6206896551724138,1.0,0.2413793103448276,0.3888888888888889,0.24772489029992265,0.11049999999999999
0.08,0.75,0.3972602739726027,0.6206896551724138,1.0,0.2413793103448276,0.3888888888888889,0.24772489029992265,0.1109
0.06,0.74,0.3972602739726027,0.6206896551724138,1.0,0.2413793103448276,0.3888888888888889,0.24772489029992265,0.1152
0.07,0.75,0.3972602739726027,0.6206896551724138,1.0,0.2413793103448276,0.3888888888888889,0.24772489029992265,0.11539999999999999
0.05,0.74,0.3972602739726027,0.6206896551724138,1.0,0.2413793103448276,0.3888888888888889,0.24772489029992265,0.1201
0.06,0.75,0.3972602739726027,0.6206896551724138,1.0,0.2413793103448276,0.3888888888888889,0.24772489029992265,0.1201
0.05,0.75,0.3972602739726027,0.6206896551724138,1.0,0.2413793103448276,0.3888888888888889,0.24772489029992265,0.125
0.04,0.74,0.3972602739726027,0.6206896551724138,1.0,0.2413793103448276,0.3888888888888889,0.24772489029992265,0.1252
0.04,0.75,0.3972602739726027,0.6206896551724138,1.0,0.2413793103448276,0.3888888888888889,0.24772489029992265,0.1301
0.03,0.74,0.3972602739726027,0.6206896551724138,1.0,0.2413793103448276,0.3888888888888889,0.24772489029992265,0.1305
0.03,0.75,0.3972602739726027,0.6206896551724138,1.0,0.2413793103448276,0.3888888888888889,0.24772489029992265,0.13540000000000002
0.02,0.74,0.3972602739726027,0.6206896551724138,1.0,0.2413793103448276,0.3888888888888889,0.24772489029992265,0.13599999999999998
0.02,0.75,0.3972602739726027,0.6206896551724138,1.0,0.2413793103448276,0.3888888888888889,0.24772489029992265,0.14089999999999997
0.01,0.74,0.3972602739726027,0.6206896551724138,1.0,0.2413793103448276,0.3888888888888889,0.24772489029992265,0.1417
0.01,0.75,0.3972602739726027,0.6206896551724138,1.0,0.2413793103448276,0.3888888888888889,0.24772489029992265,0.1466
0.0,0.74,0.3972602739726027,0.6206896551724138,1.0,0.2413793103448276,0.3888888888888889,0.24772489029992265,0.1476
0.0,0.75,0.3972602739726027,0.6206896551724138,1.0,0.2413793103448276,0.3888888888888889,0.24772489029992265,0.1525
0.38,0.71,0.3926940639269406,0.617816091954023,1.0,0.23563218390804597,0.3813953488372093,0.24406952725413422,0.05049999999999999
0.39,0.71,0.3926940639269406,0.617816091954023,1.0,0.23563218390804597,0.3813953488372093,0.24406952725413422,0.05219999999999999
0.4,0.71,0.3926940639269406,0.617816091954023,1.0,0.23563218390804597,0.3813953488372093,0.24406952725413422,0.054099999999999995
0.38,0.72,0.3926940639269406,0.617816091954023,1.0,0.23563218390804597,0.3813953488372093,0.24406952725413422,0.054799999999999995
0.41,0.71,0.3926940639269406,0.617816091954023,1.0,0.23563218390804597,0.3813953488372093,0.24406952725413422,0.056199999999999986
0.39,0.72,0.3926940639269406,0.617816091954023,1.0,0.23563218390804597,0.3813953488372093,0.24406952725413422,0.056499999999999995
0.4,0.72,0.3926940639269406,0.617816091954023,1.0,0.23563218390804597,0.3813953488372093,0.24406952725413422,0.0584
0.42,0.71,0.3926940639269406,0.617816091954023,1.0,0.23563218390804597,0.3813953488372093,0.24406952725413422,0.05849999999999998
0.38,0.73,0.3926940639269406,0.617816091954023,1.0,0.23563218390804597,0.3813953488372093,0.24406952725413422,0.05929999999999999
0.41,0.72,0.3926940639269406,0.617816091954023,1.0,0.23563218390804597,0.3813953488372093,0.24406952725413422,0.06049999999999999
0.43,0.71,0.3926940639269406,0.617816091954023,1.0,0.23563218390804597,0.3813953488372093,0.24406952725413422,0.060999999999999985
0.39,0.73,0.3926940639269406,0.617816091954023,1.0,0.23563218390804597,0.3813953488372093,0.24406952725413422,0.06099999999999999
0.36,0.74,0.3926940639269406,0.617816091954023,1.0,0.23563218390804597,0.3813953488372093,0.24406952725413422,0.0612
0.37,0.74,0.3926940639269406,0.617816091954023,1.0,0.23563218390804597,0.3813953488372093,0.24406952725413422,0.0625
0.42,0.72,0.3926940639269406,0.617816091954023,1.0,0.23563218390804597,0.3813953488372093,0.24406952725413422,0.0628
0.4,0.73,0.3926940639269406,0.617816091954023,1.0,0.23563218390804597,0.3813953488372093,0.24406952725413422,0.0629
0.44,0.71,0.3926940639269406,0.617816091954023,1.0,0.23563218390804597,0.3813953488372093,0.24406952725413422,0.06369999999999999
0.41,0.73,0.3926940639269406,0.617816091954023,1.0,0.23563218390804597,0.3813953488372093,0.24406952725413422,0.06499999999999999
0.43,0.72,0.3926940639269406,0.617816091954023,1.0,0.23563218390804597,0.3813953488372093,0.24406952725413422,0.0653
0.36,0.75,0.3926940639269406,0.617816091954023,1.0,0.23563218390804597,0.3813953488372093,0.24406952725413422,0.0661
0.45,0.71,0.3926940639269406,0.617816091954023,1.0,0.23563218390804597,0.3813953488372093,0.24406952725413422,0.06659999999999999
0.42,0.73,0.3926940639269406,0.617816091954023,1.0,0.23563218390804597,0.3813953488372093,0.24406952725413422,0.06729999999999998
0.37,0.75,0.3926940639269406,0.617816091954023,1.0,0.23563218390804597,0.3813953488372093,0.24406952725413422,0.0674
0.3,0.76,0.3926940639269406,0.617816091954023,1.0,0.23563218390804597,0.3813953488372093,0.24406952725413422,0.06760000000000001
0.29,0.76,0.3926940639269406,0.617816091954023,1.0,0.23563218390804597,0.3813953488372093,0.24406952725413422,0.06770000000000001
0.31,0.76,0.3926940639269406,0.617816091954023,1.0,0.23563218390804597,0.3813953488372093,0.24406952725413422,0.06770000000000001
0.44,0.72,0.3926940639269406,0.617816091954023,1.0,0.23563218390804597,0.3813953488372093,0.24406952725413422,0.06799999999999999
0.28,0.76,0.3926940639269406,0.617816091954023,1.0,0.23563218390804597,0.3813953488372093,0.24406952725413422,0.068
0.32,0.76,0.3926940639269406,0.617816091954023,1.0,0.23563218390804597,0.3813953488372093,0.24406952725413422,0.068
0.27,0.76,0.3926940639269406,0.617816091954023,1.0,0.23563218390804597,0.3813953488372093,0.24406952725413422,0.0685
0.33,0.76,0.3926940639269406,0.617816091954023,1.0,0.23563218390804597,0.3813953488372093,0.24406952725413422,0.0685
0.26,0.76,0.3926940639269406,0.617816091954023,1.0,0.23563218390804597,0.3813953488372093,0.24406952725413422,0.06920000000000001
0.34,0.76,0.3926940639269406,0.617816091954023,1.0,0.23563218390804597,0.3813953488372093,0.24406952725413422,0.06920000000000001
0.46,0.71,0.3926940639269406,0.617816091954023,1.0,0.23563218390804597,0.3813953488372093,0.24406952725413422,0.0697
0.43,0.73,0.3926940639269406,0.617816091954023,1.0,0.23563218390804597,0.3813953488372093,0.24406952725413422,0.06979999999999999
0.25,0.76,0.3926940639269406,0.617816091954023,1.0,0.23563218390804597,0.3813953488372093,0.24406952725413422,0.07010000000000001
0.35,0.76,0.3926940639269406,0.617816091954023,1.0,0.23563218390804597,0.3813953488372093,0.24406952725413422,0.07010000000000001
0.45,0.72,0.3926940639269406,0.617816091954023,1.0,0.23563218390804597,0.3813953488372093,0.24406952725413422,0.07089999999999999
0.24,0.76,0.3926940639269406,0.617816091954023,1.0,0.23563218390804597,0.3813953488372093,0.24406952725413422,0.07120000000000001
0.44,0.73,0.3926940639269406,0.617816091954023,1.0,0.23563218390804597,0.3813953488372093,0.24406952725413422,0.0725
0.23,0.76,0.3926940639269406,0.617816091954023,1.0,0.23563218390804597,0.3813953488372093,0.24406952725413422,0.07250000000000001
0.3,0.77,0.3926940639269406,0.617816091954023,1.0,0.23563218390804597,0.3813953488372093,0.24406952725413422,0.0729
0.47,0.71,0.3926940639269406,0.617816091954023,1.0,0.23563218390804597,0.3813953488372093,0.24406952725413422,0.07299999999999998
0.29,0.77,0.3926940639269406,0.617816091954023,1.0,0.23563218390804597,0.3813953488372093,0.24406952725413422,0.07300000000000001
0.31,0.77,0.3926940639269406,0.617816091954023,1.0,0.23563218390804597,0.3813953488372093,0.24406952725413422,0.07300000000000001
0.28,0.77,0.3926940639269406,0.617816091954023,1.0,0.23563218390804597,0.3813953488372093,0.24406952725413422,0.0733
0.32,0.77,0.3926940639269406,0.617816091954023,1.0,0.23563218390804597,0.3813953488372093,0.24406952725413422,0.0733
0.27,0.77,0.3926940639269406,0.617816091954023,1.0,0.23563218390804597,0.3813953488372093,0.24406952725413422,0.0738
0.33,0.77,0.3926940639269406,0.617816091954023,1.0,0.23563218390804597,0.3813953488372093,0.24406952725413422,0.0738
0.22,0.76,0.3926940639269406,0.617816091954023,1.0,0.23563218390804597,0.3813953488372093,0.24406952725413422,0.07400000000000001
0.46,0.72,0.3926940639269406,0.617816091954023,1.0,0.23563218390804597,0.3813953488372093,0.24406952725413422,0.07400000000000001
0.26,0.77,0.3926940639269406,0.617816091954023,1.0,0.23563218390804597,0.3813953488372093,0.24406952725413422,0.07450000000000001
0.34,0.77,0.3926940639269406,0.617816091954023,1.0,0.23563218390804597,0.3813953488372093,0.24406952725413422,0.07450000000000001
0.45,0.73,0.3926940639269406,0.617816091954023,1.0,0.23563218390804597,0.3813953488372093,0.24406952725413422,0.0754
0.25,0.77,0.3926940639269406,0.617816091954023,1.0,0.23563218390804597,0.3813953488372093,0.24406952725413422,0.07540000000000001
0.35,0.77,0.3926940639269406,0.617816091954023,1.0,0.23563218390804597,0.3813953488372093,0.24406952725413422,0.07540000000000001
0.21,0.76,0.3926940639269406,0.617816091954023,1.0,0.23563218390804597,0.3813953488372093,0.24406952725413422,0.0757
0.48,0.71,0.3926940639269406,0.617816091954023,1.0,0.23563218390804597,0.3813953488372093,0.24406952725413422,0.07649999999999998
0.24,0.77,0.3926940639269406,0.617816091954023,1.0,0.23563218390804597,0.3813953488372093,0.24406952725413422,0.07650000000000001
0.47,0.72,0.3926940639269406,0.617816091954023,1.0,0.23563218390804597,0.3813953488372093,0.24406952725413422,0.07729999999999998
0.2,0.76,0.3926940639269406,0.617816091954023,1.0,0.23563218390804597,0.3813953488372093,0.24406952725413422,0.0776
0.23,0.77,0.3926940639269406,0.617816091954023,1.0,0.23563218390804597,0.3813953488372093,0.24406952725413422,0.07780000000000001
0.3,0.78,0.3926940639269406,0.617816091954023,1.0,0.23563218390804597,0.3813953488372093,0.24406952725413422,0.07840000000000001
0.46,0.73,0.3926940639269406,0.617816091954023,1.0,0.23563218390804597,0.3813953488372093,0.24406952725413422,0.0785
0.29,0.78,0.3926940639269406,0.617816091954023,1.0,0.23563218390804597,0.3813953488372093,0.24406952725413422,0.07850000000000001
0.31,0.78,0.3926940639269406,0.617816091954023,1.0,0.23563218390804597,0.3813953488372093,0.24406952725413422,0.07850000000000001
0.28,0.78,0.3926940639269406,0.617816091954023,1.0,0.23563218390804597,0.3813953488372093,0.24406952725413422,0.07880000000000001
0.32,0.78,0.3926940639269406,0.617816091954023,1.0,0.23563218390804597,0.3813953488372093,0.24406952725413422,0.07880000000000001
0.22,0.77,0.3926940639269406,0.617816091954023,1.0,0.23563218390804597,0.3813953488372093,0.24406952725413422,0.07930000000000001
0.27,0.78,0.3926940639269406,0.617816091954023,1.0,0.23563218390804597,0.3813953488372093,0.24406952725413422,0.07930000000000001
0.33,0.78,0.3926940639269406,0.617816091954023,1.0,0.23563218390804597,0.3813953488372093,0.24406952725413422,0.07930000000000001
0.19,0.76,0.3926940639269406,0.617816091954023,1.0,0.23563218390804597,0.3813953488372093,0.24406952725413422,0.07970000000000001
0.26,0.78,0.3926940639269406,0.617816091954023,1.0,0.23563218390804597,0.3813953488372093,0.24406952725413422,0.08000000000000002
0.34,0.78,0.3926940639269406,0.617816091954023,1.0,0.23563218390804597,0.3813953488372093,0.24406952725413422,0.08000000000000002
0.49,0.71,0.3926940639269406,0.617816091954023,1.0,0.23563218390804597,0.3813953488372093,0.24406952725413422,0.0802
0.48,0.72,0.3926940639269406,0.617816091954023,1.0,0.23563218390804597,0.3813953488372093,0.24406952725413422,0.08079999999999998
0.25,0.78,0.3926940639269406,0.617816091954023,1.0,0.23563218390804597,0.3813953488372093,0.24406952725413422,0.08090000000000001
0.35,0.78,0.3926940639269406,0.617816091954023,1.0,0.23563218390804597,0.3813953488372093,0.24406952725413422,0.08090000000000001
0.21,0.77,0.3926940639269406,0.617816091954023,1.0,0.23563218390804597,0.3813953488372093,0.24406952725413422,0.081
0.47,0.73,0.3926940639269406,0.617816091954023,1.0,0.23563218390804597,0.3813953488372093,0.24406952725413422,0.08179999999999998
0.18,0.76,0.3926940639269406,0.617816091954023,1.0,0.23563218390804597,0.3813953488372093,0.24406952725413422,0.082
0.24,0.78,0.3926940639269406,0.617816091954023,1.0,0.23563218390804597,0.3813953488372093,0.24406952725413422,0.08200000000000002
0.2,0.77,0.3926940639269406,0.617816091954023,1.0,0.23563218390804597,0.3813953488372093,0.24406952725413422,0.0829
0.23,0.78,0.3926940639269406,0.617816091954023,1.0,0.23563218390804597,0.3813953488372093,0.24406952725413422,0.08330000000000001
0.5,0.71,0.3926940639269406,0.617816091954023,1.0,0.23563218390804597,0.3813953488372093,0.24406952725413422,0.0841
0.49,0.72,0.3926940639269406,0.617816091954023,1.0,0.23563218390804597,0.3813953488372093,0.24406952725413422,0.08449999999999999
0.17,0.76,0.3926940639269406,0.617816091954023,1.0,0.23563218390804597,0.3813953488372093,0.24406952725413422,0.0845
0.22,0.78,0.3926940639269406,0.617816091954023,1.0,0.23563218390804597,0.3813953488372093,0.24406952725413422,0.08480000000000001
0.19,0.77,0.3926940639269406,0.617816091954023,1.0,0.23563218390804597,0.3813953488372093,0.24406952725413422,0.085
0.48,0.73,0.3926940639269406,0.617816091954023,1.0,0.23563218390804597,0.3813953488372093,0.24406952725413422,0.08529999999999999
0.21,0.78,0.3926940639269406,0.617816091954023,1.0,0.23563218390804597,0.3813953488372093,0.24406952725413422,0.08650000000000001
0.16,0.76,0.3926940639269406,0.617816091954023,1.0,0.23563218390804597,0.3813953488372093,0.24406952725413422,0.0872
0.18,0.77,0.3926940639269406,0.617816091954023,1.0,0.23563218390804597,0.3813953488372093,0.24406952725413422,0.0873
0.51,0.71,0.3926940639269406,0.617816091954023,1.0,0.23563218390804597,0.3813953488372093,0.24406952725413422,0.0882
0.2,0.78,0.3926940639269406,0.617816091954023,1.0,0.23563218390804597,0.3813953488372093,0.24406952725413422,0.0884
0.5,0.72,0.3926940639269406,0.617816091954023,1.0,0.23563218390804597,0.3813953488372093,0.24406952725413422,0.0884
0.49,0.73,0.3926940639269406,0.617816091954023,1.0,0.23563218390804597,0.3813953488372093,0.24406952725413422,0.089
0.17,0.77,0.3926940639269406,0.617816091954023,1.0,0.23563218390804597,0.3813953488372093,0.24406952725413422,0.0898
0.6,0.5,0.3926940639269406,0.617816091954023,1.0,0.23563218390804597,0.3813953488372093,0.24406952725413422,0.09
0.6,0.49,0.3926940639269406,0.617816091954023,1.0,0.23563218390804597,0.3813953488372093,0.24406952725413422,0.0901
0.6,0.51,0.3926940639269406,0.617816091954023,1.0,0.23563218390804597,0.3813953488372093,0.24406952725413422,0.0901
0.15,0.76,0.3926940639269406,0.617816091954023,1.0,0.23563218390804597,0.3813953488372093,0.24406952725413422,0.09010000000000001
0.6,0.52,0.3926940639269406,0.617816091954023,1.0,0.23563218390804597,0.3813953488372093,0.24406952725413422,0.0904
0.19,0.78,0.3926940639269406,0.617816091954023,1.0,0.23563218390804597,0.3813953488372093,0.24406952725413422,0.09050000000000001
0.6,0.53,0.3926940639269406,0.617816091954023,1.0,0.23563218390804597,0.3813953488372093,0.24406952725413422,0.0909
0.6,0.54,0.3926940639269406,0.617816091954023,1.0,0.23563218390804597,0.3813953488372093,0.24406952725413422,0.0916
0.16,0.77,0.3926940639269406,0.617816091954023,1.0,0.23563218390804597,0.3813953488372093,0.24406952725413422,0.0925
0.51,0.72,0.3926940639269406,0.617816091954023,1.0,0.23563218390804597,0.3813953488372093,0.24406952725413422,0.0925
0.52,0.71,0.3926940639269406,0.617816091954023,1.0,0.23563218390804597,0.3813953488372093,0.24406952725413422,0.0925
0.6,0.55,0.3926940639269406,0.617816091954023,1.0,0.23563218390804597,0.3813953488372093,0.24406952725413422,0.0925
0.18,0.78,0.3926940639269406,0.617816091954023,1.0,0.23563218390804597,0.3813953488372093,0.24406952725413422,0.09280000000000001
0.5,0.73,0.3926940639269406,0.617816091954023,1.0,0.23563218390804597,0.3813953488372093,0.24406952725413422,0.0929
0.14,0.76,0.3926940639269406,0.617816091954023,1.0,0.23563218390804597,0.3813953488372093,0.24406952725413422,0.0932
0.17,0.78,0.3926940639269406,0.617816091954023,1.0,0.23563218390804597,0.3813953488372093,0.24406952725413422,0.09530000000000001
0.15,0.77,0.3926940639269406,0.617816091954023,1.0,0.23563218390804597,0.3813953488372093,0.24406952725413422,0.09540000000000001
0.13,0.76,0.3926940639269406,0.617816091954023,1.0,0.23563218390804597,0.3813953488372093,0.24406952725413422,0.0965
0.61,0.48,0.3926940639269406,0.617816091954023,1.0,0.23563218390804597,0.3813953488372093,0.24406952725413422,0.0965
0.52,0.72,0.3926940639269406,0.617816091954023,1.0,0.23563218390804597,0.3813953488372093,0.24406952725413422,0.0968
0.51,0.73,0.3926940639269406,0.617816091954023,1.0,0.23563218390804597,0.3813953488372093,0.24406952725413422,0.097
0.53,0.71,0.3926940639269406,0.617816091954023,1.0,0.23563218390804597,0.3813953488372093,0.24406952725413422,0.097
0.61,0.47,0.3926940639269406,0.617816091954023,1.0,0.23563218390804597,0.3813953488372093,0.24406952725413422,0.097
0.16,0.78,0.3926940639269406,0.617816091954023,1.0,0.23563218390804597,0.3813953488372093,0.24406952725413422,0.098
0.14,0.77,0.3926940639269406,0.617816091954023,1.0,0.23563218390804597,0.3813953488372093,0.24406952725413422,0.0985
0.12,0.76,0.3926940639269406,0.617816091954023,1.0,0.23563218390804597,0.3813953488372093,0.24406952725413422,0.1
0.15,0.78,0.3926940639269406,0.617816091954023,1.0,0.23563218390804597,0.3813953488372093,0.24406952725413422,0.10090000000000002
0.52,0.73,0.3926940639269406,0.617816091954023,1.0,0.23563218390804597,0.3813953488372093,0.24406952725413422,0.1013
0.53,0.72,0.3926940639269406,0.617816091954023,1.0,0.23563218390804597,0.3813953488372093,0.24406952725413422,0.1013
0.54,0.71,0.3926940639269406,0.617816091954023,1.0,0.23563218390804597,0.3813953488372093,0.24406952725413422,0.10170000000000001
0.13,0.77,0.3926940639269406,0.617816091954023,1.0,0.23563218390804597,0.3813953488372093,0.24406952725413422,0.1018
0.11,0.76,0.3926940639269406,0.617816091954023,1.0,0.23563218390804597,0.3813953488372093,0.24406952725413422,0.10370000000000001
0.14,0.78,0.3926940639269406,0.617816091954023,1.0,0.23563218390804597,0.3813953488372093,0.24406952725413422,0.10400000000000001
0.62,0.46,0.3926940639269406,0.617816091954023,1.0,0.23563218390804597,0.3813953488372093,0.24406952725413422,0.10400000000000001
0.62,0.45,0.3926940639269406,0.617816091954023,1.0,0.23563218390804597,0.3813953488372093,0.24406952725413422,0.10490000000000001
0.12,0.77,0.3926940639269406,0.617816091954023,1.0,0.23563218390804597,0.3813953488372093,0.24406952725413422,0.1053
0.53,0.73,0.3926940639269406,0.617816091954023,1.0,0.23563218390804597,0.3813953488372093,0.24406952725413422,0.1058
0.54,0.72,0.3926940639269406,0.617816091954023,1.0,0.23563218390804597,0.3813953488372093,0.24406952725413422,0.10600000000000001
0.62,0.44,0.3926940639269406,0.617816091954023,1.0,0.23563218390804597,0.3813953488372093,0.24406952725413422,0.10600000000000001
0.55,0.71,0.3926940639269406,0.617816091954023,1.0,0.23563218390804597,0.3813953488372093,0.24406952725413422,0.10660000000000001
0.13,0.78,0.3926940639269406,0.617816091954023,1.0,0.23563218390804597,0.3813953488372093,0.24406952725413422,0.1073
0.1,0.76,0.3926940639269406,0.617816091954023,1.0,0.23563218390804597,0.3813953488372093,0.24406952725413422,0.1076
0.11,0.77,0.3926940639269406,0.617816091954023,1.0,0.23563218390804597,0.3813953488372093,0.24406952725413422,0.10900000000000001
0.54,0.73,0.3926940639269406,0.617816091954023,1.0,0.23563218390804597,0.3813953488372093,0.24406952725413422,0.11050000000000001
0.63,0.46,0.3926940639269406,0.617816091954023,1.0,0.23563218390804597,0.3813953488372093,0.24406952725413422,0.11050000000000001
0.12,0.78,0.3926940639269406,0.617816091954023,1.0,0.23563218390804597,0.3813953488372093,0.24406952725413422,0.11080000000000001
0.55,0.72,0.3926940639269406,0.617816091954023,1.0,0.23563218390804597,0.3813953488372093,0.24406952725413422,0.11090000000000003
0.63,0.45,0.3926940639269406,0.617816091954023,1.0,0.23563218390804597,0.3813953488372093,0.24406952725413422,0.11140000000000001
0.09,0.76,0.3926940639269406,0.617816091954023,1.0,0.23563218390804597,0.3813953488372093,0.24406952725413422,0.1117
0.63,0.44,0.3926940639269406,0.617816091954023,1.0,0.23563218390804597,0.3813953488372093,0.24406952725413422,0.11250000000000002
0.1,0.77,0.3926940639269406,0.617816091954023,1.0,0.23563218390804597,0.3813953488372093,0.24406952725413422,0.1129
0.11,0.78,0.3926940639269406,0.617816091954023,1.0,0.23563218390804597,0.3813953488372093,0.24406952725413422,0.11450000000000002
0.55,0.73,0.3926940639269406,0.617816091954023,1.0,0.23563218390804597,0.3813953488372093,0.24406952725413422,0.11540000000000002
0.08,0.76,0.3926940639269406,0.617816091954023,1.0,0.23563218390804597,0.3813953488372093,0.24406952725413422,0.11599999999999999
0.09,0.77,0.3926940639269406,0.617816091954023,1.0,0.23563218390804597,0.3813953488372093,0.24406952725413422,0.11699999999999999
0.64,0.46,0.3926940639269406,0.617816091954023,1.0,0.23563218390804597,0.3813953488372093,0.24406952725413422,0.11720000000000003
0.64,0.45,0.3926940639269406,0.617816091954023,1.0,0.23563218390804597,0.3813953488372093,0.24406952725413422,0.11810000000000002
0.1,0.78,0.3926940639269406,0.617816091954023,1.0,0.23563218390804597,0.3813953488372093,0.24406952725413422,0.1184
0.64,0.44,0.3926940639269406,0.617816091954023,1.0,0.23563218390804597,0.3813953488372093,0.24406952725413422,0.11920000000000003
0.07,0.76,0.3926940639269406,0.617816091954023,1.0,0.23563218390804597,0.3813953488372093,0.24406952725413422,0.1205
0.08,0.77,0.3926940639269406,0.617816091954023,1.0,0.23563218390804597,0.3813953488372093,0.24406952725413422,0.12129999999999999
0.09,0.78,0.3926940639269406,0.617816091954023,1.0,0.23563218390804597,0.3813953488372093,0.24406952725413422,0.1225
0.65,0.46,0.3926940639269406,0.617816091954023,1.0,0.23563218390804597,0.3813953488372093,0.24406952725413422,0.12410000000000003
0.65,0.45,0.3926940639269406,0.617816091954023,1.0,0.23563218390804597,0.3813953488372093,0.24406952725413422,0.12500000000000003
0.06,0.76,0.3926940639269406,0.617816091954023,1.0,0.23563218390804597,0.3813953488372093,0.24406952725413422,0.1252
0.07,0.77,0.3926940639269406,0.617816091954023,1.0,0.23563218390804597,0.3813953488372093,0.24406952725413422,0.1258
0.65,0.44,0.3926940639269406,0.617816091954023,1.0,0.23563218390804597,0.3813953488372093,0.24406952725413422,0.12610000000000002
0.08,0.78,0.3926940639269406,0.617816091954023,1.0,0.23563218390804597,0.3813953488372093,0.24406952725413422,0.1268
0.05,0.76,0.3926940639269406,0.617816091954023,1.0,0.23563218390804597,0.3813953488372093,0.24406952725413422,0.1301
0.06,0.77,0.3926940639269406,0.617816091954023,1.0,0.23563218390804597,0.3813953488372093,0.24406952725413422,0.1305
0.66,0.46,0.3926940639269406,0.617816091954023,1.0,0.23563218390804597,0.3813953488372093,0.24406952725413422,0.1312
0.07,0.78,0.3926940639269406,0.617816091954023,1.0,0.23563218390804597,0.3813953488372093,0.24406952725413422,0.1313
0.66,0.45,0.3926940639269406,0.617816091954023,1.0,0.23563218390804597,0.3813953488372093,0.24406952725413422,0.13210000000000002
0.66,0.44,0.3926940639269406,0.617816091954023,1.0,0.23563218390804597,0.3813953488372093,0.24406952725413422,0.1332
0.04,0.76,0.3926940639269406,0.617816091954023,1.0,0.23563218390804597,0.3813953488372093,0.24406952725413422,0.13520000000000001
0.05,0.77,0.3926940639269406,0.617816091954023,1.0,0.23563218390804597,0.3813953488372093,0.24406952725413422,0.13540000000000002
0.06,0.78,0.3926940639269406,0.617816091954023,1.0,0.23563218390804597,0.3813953488372093,0.24406952725413422,0.136
0.67,0.46,0.3926940639269406,0.617816091954023,1.0,0.23563218390804597,0.3813953488372093,0.24406952725413422,0.13850000000000004
0.67,0.45,0.3926940639269406,0.617816091954023,1.0,0.23563218390804597,0.3813953488372093,0.24406952725413422,0.13940000000000005
0.03,0.76,0.3926940639269406,0.617816091954023,1.0,0.23563218390804597,0.3813953488372093,0.24406952725413422,0.1405
0.04,0.77,0.3926940639269406,0.617816091954023,1.0,0.23563218390804597,0.3813953488372093,0.24406952725413422,0.1405
0.67,0.44,0.3926940639269406,0.617816091954023,1.0,0.23563218390804597,0.3813953488372093,0.24406952725413422,0.14050000000000004
0.05,0.78,0.3926940639269406,0.617816091954023,1.0,0.23563218390804597,0.3813953488372093,0.24406952725413422,0.14090000000000003
0.03,0.77,0.3926940639269406,0.617816091954023,1.0,0.23563218390804597,0.3813953488372093,0.24406952725413422,0.1458
0.02,0.76,0.3926940639269406,0.617816091954023,1.0,0.23563218390804597,0.3813953488372093,0.24406952725413422,0.146
0.04,0.78,0.3926940639269406,0.617816091954023,1.0,0.23563218390804597,0.3813953488372093,0.24406952725413422,0.14600000000000002
0.68,0.46,0.3926940639269406,0.617816091954023,1.0,0.23563218390804597,0.3813953488372093,0.24406952725413422,0.14600000000000005
0.68,0.45,0.3926940639269406,0.617816091954023,1.0,0.23563218390804597,0.3813953488372093,0.24406952725413422,0.14690000000000006
0.68,0.44,0.3926940639269406,0.617816091954023,1.0,0.23563218390804597,0.3813953488372093,0.24406952725413422,0.14800000000000005
0.02,0.77,0.3926940639269406,0.617816091954023,1.0,0.23563218390804597,0.3813953488372093,0.24406952725413422,0.1513
0.03,0.78,0.3926940639269406,0.617816091954023,1.0,0.23563218390804597,0.3813953488372093,0.24406952725413422,0.15130000000000002
0.01,0.76,0.3926940639269406,0.617816091954023,1.0,0.23563218390804597,0.3813953488372093,0.24406952725413422,0.1517
0.69,0.46,0.3926940639269406,0.617816091954023,1.0,0.23563218390804597,0.3813953488372093,0.24406952725413422,0.15369999999999995
0.69,0.45,0.3926940639269406,0.617816091954023,1.0,0.23563218390804597,0.3813953488372093,0.24406952725413422,0.15459999999999996
0.69,0.44,0.3926940639269406,0.617816091954023,1.0,0.23563218390804597,0.3813953488372093,0.24406952725413422,0.15569999999999995
0.02,0.78,0.3926940639269406,0.617816091954023,1.0,0.23563218390804597,0.3813953488372093,0.24406952725413422,0.1568
0.01,0.77,0.3926940639269406,0.617816091954023,1.0,0.23563218390804597,0.3813953488372093,0.24406952725413422,0.157
0.0,0.76,0.3926940639269406,0.617816091954023,1.0,0.23563218390804597,0.3813953488372093,0.24406952725413422,0.15760000000000002
0.01,0.78,0.3926940639269406,0.617816091954023,1.0,0.23563218390804597,0.3813953488372093,0.24406952725413422,0.1625
0.0,0.77,0.3926940639269406,0.617816091954023,1.0,0.23563218390804597,0.3813953488372093,0.24406952725413422,0.1629
0.0,0.78,0.3926940639269406,0.617816091954023,1.0,0.23563218390804597,0.3813953488372093,0.24406952725413422,0.1684
0.38,0.74,0.3881278538812785,0.6149425287356322,1.0,0.22988505747126436,0.37383177570093457,0.2404003595751001,0.064
0.39,0.74,0.3881278538812785,0.6149425287356322,1.0,0.22988505747126436,0.37383177570093457,0.2404003595751001,0.06570000000000001
0.4,0.74,0.3881278538812785,0.6149425287356322,1.0,0.22988505747126436,0.37383177570093457,0.2404003595751001,0.06760000000000001
0.38,0.75,0.3881278538812785,0.6149425287356322,1.0,0.22988505747126436,0.37383177570093457,0.2404003595751001,0.0689
0.41,0.74,0.3881278538812785,0.6149425287356322,1.0,0.22988505747126436,0.37383177570093457,0.2404003595751001,0.0697
0.39,0.75,0.3881278538812785,0.6149425287356322,1.0,0.22988505747126436,0.37383177570093457,0.2404003595751001,0.07060000000000001
0.36,0.76,0.3881278538812785,0.6149425287356322,1.0,0.22988505747126436,0.37383177570093457,0.2404003595751001,0.07120000000000001
0.56,0.56,0.3881278538812785,0.6149425287356322,1.0,0.22988505747126436,0.37383177570093457,0.2404003595751001,0.07120000000000004
0.42,0.74,0.3881278538812785,0.6149425287356322,1.0,0.22988505747126436,0.37383177570093457,0.2404003595751001,0.072
0.37,0.76,0.3881278538812785,0.6149425287356322,1.0,0.22988505747126436,0.37383177570093457,0.2404003595751001,0.07250000000000001
0.4,0.75,0.3881278538812785,0.6149425287356322,1.0,0.22988505747126436,0.37383177570093457,0.2404003595751001,0.07250000000000001
0.56,0.57,0.3881278538812785,0.6149425287356322,1.0,0.22988505747126436,0.37383177570093457,0.2404003595751001,0.07250000000000002
0.43,0.74,0.3881278538812785,0.6149425287356322,1.0,0.22988505747126436,0.37383177570093457,0.2404003595751001,0.0745
0.41,0.75,0.3881278538812785,0.6149425287356322,1.0,0.22988505747126436,0.37383177570093457,0.2404003595751001,0.0746
0.57,0.56,0.3881278538812785,0.6149425287356322,1.0,0.22988505747126436,0.37383177570093457,0.2404003595751001,0.07649999999999998
0.36,0.77,0.3881278538812785,0.6149425287356322,1.0,0.22988505747126436,0.37383177570093457,0.2404003595751001,0.07650000000000001
0.42,0.75,0.3881278538812785,0.6149425287356322,1.0,0.22988505747126436,0.37383177570093457,0.2404003595751001,0.0769
0.44,0.74,0.3881278538812785,0.6149425287356322,1.0,0.22988505747126436,0.37383177570093457,0.2404003595751001,0.0772
0.57,0.57,0.3881278538812785,0.6149425287356322,1.0,0.22988505747126436,0.37383177570093457,0.2404003595751001,0.07779999999999997
0.37,0.77,0.3881278538812785,0.6149425287356322,1.0,0.22988505747126436,0.37383177570093457,0.2404003595751001,0.07780000000000001
0.43,0.75,0.3881278538812785,0.6149425287356322,1.0,0.22988505747126436,0.37383177570093457,0.2404003595751001,0.0794
0.45,0.74,0.3881278538812785,0.6149425287356322,1.0,0.22988505747126436,0.37383177570093457,0.2404003595751001,0.0801
0.36,0.78,0.3881278538812785,0.6149425287356322,1.0,0.22988505747126436,0.37383177570093457,0.2404003595751001,0.08200000000000002
0.44,0.75,0.3881278538812785,0.6149425287356322,1.0,0.22988505747126436,0.37383177570093457,0.2404003595751001,0.0821
0.46,0.74,0.3881278538812785,0.6149425287356322,1.0,0.22988505747126436,0.37383177570093457,0.2404003595751001,0.08320000000000001
0.37,0.78,0.3881278538812785,0.6149425287356322,1.0,0.22988505747126436,0.37383177570093457,0.2404003595751001,0.08330000000000001
0.45,0.75,0.3881278538812785,0.6149425287356322,1.0,0.22988505747126436,0.37383177570093457,0.2404003595751001,0.085
0.47,0.74,0.3881278538812785,0.6149425287356322,1.0,0.22988505747126436,0.37383177570093457,0.2404003595751001,0.0865
0.46,0.75,0.3881278538812785,0.6149425287356322,1.0,0.22988505747126436,0.37383177570093457,0.2404003595751001,0.08810000000000001
0.48,0.74,0.3881278538812785,0.6149425287356322,1.0,0.22988505747126436,0.37383177570093457,0.2404003595751001,0.09
0.47,0.75,0.3881278538812785,0.6149425287356322,1.0,0.22988505747126436,0.37383177570093457,0.2404003595751001,0.0914
0.49,0.74,0.3881278538812785,0.6149425287356322,1.0,0.22988505747126436,0.37383177570093457,0.2404003595751001,0.0937
0.48,0.75,0.3881278538812785,0.6149425287356322,1.0,0.22988505747126436,0.37383177570093457,0.2404003595751001,0.0949
0.61,0.5,0.3881278538812785,0.6149425287356322,1.0,0.22988505747126436,0.37383177570093457,0.2404003595751001,0.0961
0.61,0.49,0.3881278538812785,0.6149425287356322,1.0,0.22988505747126436,0.37383177570093457,0.2404003595751001,0.09620000000000001
0.61,0.51,0.3881278538812785,0.6149425287356322,1.0,0.22988505747126436,0.37383177570093457,0.2404003595751001,0.09620000000000001
0.61,0.52,0.3881278538812785,0.6149425287356322,1.0,0.22988505747126436,0.37383177570093457,0.2404003595751001,0.0965
0.61,0.53,0.3881278538812785,0.6149425287356322,1.0,0.22988505747126436,0.37383177570093457,0.2404003595751001,0.097
0.5,0.74,0.3881278538812785,0.6149425287356322,1.0,0.22988505747126436,0.37383177570093457,0.2404003595751001,0.0976
0.61,0.54,0.3881278538812785,0.6149425287356322,1.0,0.22988505747126436,0.37383177570093457,0.2404003595751001,0.09770000000000001
0.49,0.75,0.3881278538812785,0.6149425287356322,1.0,0.22988505747126436,0.37383177570093457,0.2404003595751001,0.0986
0.61,0.55,0.3881278538812785,0.6149425287356322,1.0,0.22988505747126436,0.37383177570093457,0.2404003595751001,0.09860000000000001
0.51,0.74,0.3881278538812785,0.6149425287356322,1.0,0.22988505747126436,0.37383177570093457,0.2404003595751001,0.10170000000000001
0.5,0.75,0.3881278538812785,0.6149425287356322,1.0,0.22988505747126436,0.37383177570093457,0.2404003595751001,0.10250000000000001
0.62,0.48,0.3881278538812785,0.6149425287356322,1.0,0.22988505747126436,0.37383177570093457,0.2404003595751001,0.1028
0.62,0.47,0.3881278538812785,0.6149425287356322,1.0,0.22988505747126436,0.37383177570093457,0.2404003595751001,0.1033
0.52,0.74,0.3881278538812785,0.6149425287356322,1.0,0.22988505747126436,0.37383177570093457,0.2404003595751001,0.10600000000000001
0.51,0.75,0.3881278538812785,0.6149425287356322,1.0,0.22988505747126436,0.37383177570093457,0.2404003595751001,0.1066
0.63,0.48,0.3881278538812785,0.6149425287356322,1.0,0.22988505747126436,0.37383177570093457,0.2404003595751001,0.10930000000000001
0.63,0.47,0.3881278538812785,0.6149425287356322,1.0,0.22988505747126436,0.37383177570093457,0.2404003595751001,0.10980000000000001
0.53,0.74,0.3881278538812785,0.6149425287356322,1.0,0.22988505747126436,0.37383177570093457,0.2404003595751001,0.11050000000000001
0.52,0.75,0.3881278538812785,0.6149425287356322,1.0,0.22988505747126436,0.37383177570093457,0.2404003595751001,0.11090000000000001
0.54,0.74,0.3881278538812785,0.6149425287356322,1.0,0.22988505747126436,0.37383177570093457,0.2404003595751001,0.11520000000000002
0.53,0.75,0.3881278538812785,0.6149425287356322,1.0,0.22988505747126436,0.37383177570093457,0.2404003595751001,0.11540000000000002
0.64,0.48,0.3881278538812785,0.6149425287356322,1.0,0.22988505747126436,0.37383177570093457,0.2404003595751001,0.11600000000000002
0.64,0.47,0.3881278538812785,0.6149425287356322,1.0,0.22988505747126436,0.37383177570093457,0.2404003595751001,0.11650000000000002
0.54,0.75,0.3881278538812785,0.6149425287356322,1.0,0.22988505747126436,0.37383177570093457,0.2404003595751001,0.12010000000000001
0.55,0.74,0.3881278538812785,0.6149425287356322,1.0,0.22988505747126436,0.37383177570093457,0.2404003595751001,0.12010000000000003
0.65,0.48,0.3881278538812785,0.6149425287356322,1.0,0.22988505747126436,0.37383177570093457,0.2404003595751001,0.12290000000000002
0.65,0.47,0.3881278538812785,0.6149425287356322,1.0,0.22988505747126436,0.37383177570093457,0.2404003595751001,0.12340000000000002
0.55,0.75,0.3881278538812785,0.6149425287356322,1.0,0.22988505747126436,0.37383177570093457,0.2404003595751001,0.12500000000000003
0.66,0.48,0.3881278538812785,0.6149425287356322,1.0,0.22988505747126436,0.37383177570093457,0.2404003595751001,0.13000000000000003
0.66,0.47,0.3881278538812785,0.6149425287356322,1.0,0.22988505747126436,0.37383177570093457,0.2404003595751001,0.13050000000000003
0.67,0.48,0.3881278538812785,0.6149425287356322,1.0,0.22988505747126436,0.37383177570093457,0.2404003595751001,0.13730000000000006
0.67,0.47,0.3881278538812785,0.6149425287356322,1.0,0.22988505747126436,0.37383177570093457,0.2404003595751001,0.13780000000000006
0.68,0.48,0.3881278538812785,0.6149425287356322,1.0,0.22988505747126436,0.37383177570093457,0.2404003595751001,0.14480000000000007
0.68,0.47,0.3881278538812785,0.6149425287356322,1.0,0.22988505747126436,0.37383177570093457,0.2404003595751001,0.14530000000000007
0.69,0.48,0.3881278538812785,0.6149425287356322,1.0,0.22988505747126436,0.37383177570093457,0.2404003595751001,0.15249999999999997
0.69,0.47,0.3881278538812785,0.6149425287356322,1.0,0.22988505747126436,0.37383177570093457,0.2404003595751001,0.15299999999999997
0.38,0.76,0.3835616438356164,0.6120689655172413,1.0,0.22413793103448276,0.36619718309859156,0.23671603823699966,0.07400000000000001
0.39,0.76,0.3835616438356164,0.6120689655172413,1.0,0.22413793103448276,0.36619718309859156,0.23671603823699966,0.07570000000000002
0.4,0.76,0.3835616438356164,0.6120689655172413,1.0,0.22413793103448276,0.36619718309859156,0.23671603823699966,0.07760000000000002
0.38,0.77,0.3835616438356164,0.6120689655172413,1.0,0.22413793103448276,0.36619718309859156,0.23671603823699966,0.07930000000000001
0.41,0.76,0.3835616438356164,0.6120689655172413,1.0,0.22413793103448276,0.36619718309859156,0.23671603823699966,0.07970000000000001
0.39,0.77,0.3835616438356164,0.6120689655172413,1.0,0.22413793103448276,0.36619718309859156,0.23671603823699966,0.08100000000000002
0.58,0.56,0.3835616438356164,0.6120689655172413,1.0,0.22413793103448276,0.36619718309859156,0.23671603823699966,0.08199999999999999
0.42,0.76,0.3835616438356164,0.6120689655172413,1.0,0.22413793103448276,0.36619718309859156,0.23671603823699966,0.082
0.4,0.77,0.3835616438356164,0.6120689655172413,1.0,0.22413793103448276,0.36619718309859156,0.23671603823699966,0.08290000000000002
0.58,0.57,0.3835616438356164,0.6120689655172413,1.0,0.22413793103448276,0.36619718309859156,0.23671603823699966,0.08329999999999997
0.3,0.79,0.3835616438356164,0.6120689655172413,1.0,0.22413793103448276,0.36619718309859156,0.23671603823699966,0.08410000000000002
0.29,0.79,0.3835616438356164,0.6120689655172413,1.0,0.22413793103448276,0.36619718309859156,0.23671603823699966,0.08420000000000002
0.31,0.79,0.3835616438356164,0.6120689655172413,1.0,0.22413793103448276,0.36619718309859156,0.23671603823699966,0.08420000000000002
0.43,0.76,0.3835616438356164,0.6120689655172413,1.0,0.22413793103448276,0.36619718309859156,0.23671603823699966,0.0845
0.28,0.79,0.3835616438356164,0.6120689655172413,1.0,0.22413793103448276,0.36619718309859156,0.23671603823699966,0.08450000000000002
0.32,0.79,0.3835616438356164,0.6120689655172413,1.0,0.22413793103448276,0.36619718309859156,0.23671603823699966,0.08450000000000002
0.38,0.78,0.3835616438356164,0.6120689655172413,1.0,0.22413793103448276,0.36619718309859156,0.23671603823699966,0.08480000000000001
0.41,0.77,0.3835616438356164,0.6120689655172413,1.0,0.22413793103448276,0.36619718309859156,0.23671603823699966,0.085
0.27,0.79,0.3835616438356164,0.6120689655172413,1.0,0.22413793103448276,0.36619718309859156,0.23671603823699966,0.08500000000000002
0.33,0.79,0.3835616438356164,0.6120689655172413,1.0,0.22413793103448276,0.36619718309859156,0.23671603823699966,0.08500000000000002
0.26,0.79,0.3835616438356164,0.6120689655172413,1.0,0.22413793103448276,0.36619718309859156,0.23671603823699966,0.08570000000000003
0.34,0.79,0.3835616438356164,0.6120689655172413,1.0,0.22413793103448276,0.36619718309859156,0.23671603823699966,0.08570000000000003
0.39,0.78,0.3835616438356164,0.6120689655172413,1.0,0.22413793103448276,0.36619718309859156,0.23671603823699966,0.08650000000000002
0.25,0.79,0.3835616438356164,0.6120689655172413,1.0,0.22413793103448276,0.36619718309859156,0.23671603823699966,0.08660000000000002
0.35,0.79,0.3835616438356164,0.6120689655172413,1.0,0.22413793103448276,0.36619718309859156,0.23671603823699966,0.08660000000000002
0.44,0.76,0.3835616438356164,0.6120689655172413,1.0,0.22413793103448276,0.36619718309859156,0.23671603823699966,0.08720000000000001
0.42,0.77,0.3835616438356164,0.6120689655172413,1.0,0.22413793103448276,0.36619718309859156,0.23671603823699966,0.0873
0.24,0.79,0.3835616438356164,0.6120689655172413,1.0,0.22413793103448276,0.36619718309859156,0.23671603823699966,0.08770000000000003
0.4,0.78,0.3835616438356164,0.6120689655172413,1.0,0.22413793103448276,0.36619718309859156,0.23671603823699966,0.08840000000000002
0.23,0.79,0.3835616438356164,0.6120689655172413,1.0,0.22413793103448276,0.36619718309859156,0.23671603823699966,0.08900000000000002
0.43,0.77,0.3835616438356164,0.6120689655172413,1.0,0.22413793103448276,0.36619718309859156,0.23671603823699966,0.0898
0.45,0.76,0.3835616438356164,0.6120689655172413,1.0,0.22413793103448276,0.36619718309859156,0.23671603823699966,0.09010000000000001
0.41,0.78,0.3835616438356164,0.6120689655172413,1.0,0.22413793103448276,0.36619718309859156,0.23671603823699966,0.09050000000000001
0.22,0.79,0.3835616438356164,0.6120689655172413,1.0,0.22413793103448276,0.36619718309859156,0.23671603823699966,0.09050000000000002
0.21,0.79,0.3835616438356164,0.6120689655172413,1.0,0.22413793103448276,0.36619718309859156,0.23671603823699966,0.09220000000000002
0.44,0.77,0.3835616438356164,0.6120689655172413,1.0,0.22413793103448276,0.36619718309859156,0.23671603823699966,0.09250000000000001
0.42,0.78,0.3835616438356164,0.6120689655172413,1.0,0.22413793103448276,0.36619718309859156,0.23671603823699966,0.09280000000000001
0.46,0.76,0.3835616438356164,0.6120689655172413,1.0,0.22413793103448276,0.36619718309859156,0.23671603823699966,0.09320000000000002
0.2,0.79,0.3835616438356164,0.6120689655172413,1.0,0.22413793103448276,0.36619718309859156,0.23671603823699966,0.09410000000000002
0.43,0.78,0.3835616438356164,0.6120689655172413,1.0,0.22413793103448276,0.36619718309859156,0.23671603823699966,0.09530000000000001
0.45,0.77,0.3835616438356164,0.6120689655172413,1.0,0.22413793103448276,0.36619718309859156,0.23671603823699966,0.09540000000000001
0.19,0.79,0.3835616438356164,0.6120689655172413,1.0,0.22413793103448276,0.36619718309859156,0.23671603823699966,0.09620000000000002
0.47,0.76,0.3835616438356164,0.6120689655172413,1.0,0.22413793103448276,0.36619718309859156,0.23671603823699966,0.0965
0.44,0.78,0.3835616438356164,0.6120689655172413,1.0,0.22413793103448276,0.36619718309859156,0.23671603823699966,0.09800000000000002
0.18,0.79,0.3835616438356164,0.6120689655172413,1.0,0.22413793103448276,0.36619718309859156,0.23671603823699966,0.09850000000000002
0.46,0.77,0.3835616438356164,0.6120689655172413,1.0,0.22413793103448276,0.36619718309859156,0.23671603823699966,0.09850000000000002
0.48,0.76,0.3835616438356164,0.6120689655172413,1.0,0.22413793103448276,0.36619718309859156,0.23671603823699966,0.1
0.45,0.78,0.3835616438356164,0.6120689655172413,1.0,0.22413793103448276,0.36619718309859156,0.23671603823699966,0.10090000000000002
0.17,0.79,0.3835616438356164,0.6120689655172413,1.0,0.22413793103448276,0.36619718309859156,0.23671603823699966,0.10100000000000002
0.47,0.77,0.3835616438356164,0.6120689655172413,1.0,0.22413793103448276,0.36619718309859156,0.23671603823699966,0.1018
0.62,0.5,0.3835616438356164,0.6120689655172413,1.0,0.22413793103448276,0.36619718309859156,0.23671603823699966,0.1024
0.62,0.49,0.3835616438356164,0.6120689655172413,1.0,0.22413793103448276,0.36619718309859156,0.23671603823699966,0.10250000000000001
0.62,0.51,0.3835616438356164,0.6120689655172413,1.0,0.22413793103448276,0.36619718309859156,0.23671603823699966,0.10250000000000001
0.62,0.52,0.3835616438356164,0.6120689655172413,1.0,0.22413793103448276,0.36619718309859156,0.23671603823699966,0.1028
0.62,0.53,0.3835616438356164,0.6120689655172413,1.0,0.22413793103448276,0.36619718309859156,0.23671603823699966,0.1033
0.16,0.79,0.3835616438356164,0.6120689655172413,1.0,0.22413793103448276,0.36619718309859156,0.23671603823699966,0.10370000000000001
0.49,0.76,0.3835616438356164,0.6120689655172413,1.0,0.22413793103448276,0.36619718309859156,0.23671603823699966,0.10370000000000001
0.62,0.54,0.3835616438356164,0.6120689655172413,1.0,0.22413793103448276,0.36619718309859156,0.23671603823699966,0.10400000000000001
0.46,0.78,0.3835616438356164,0.6120689655172413,1.0,0.22413793103448276,0.36619718309859156,0.23671603823699966,0.10400000000000002
0.62,0.55,0.3835616438356164,0.6120689655172413,1.0,0.22413793103448276,0.36619718309859156,0.23671603823699966,0.10490000000000001
0.48,0.77,0.3835616438356164,0.6120689655172413,1.0,0.22413793103448276,0.36619718309859156,0.23671603823699966,0.1053
0.15,0.79,0.3835616438356164,0.6120689655172413,1.0,0.22413793103448276,0.36619718309859156,0.23671603823699966,0.10660000000000003
0.47,0.78,0.3835616438356164,0.6120689655172413,1.0,0.22413793103448276,0.36619718309859156,0.23671603823699966,0.1073
0.5,0.76,0.3835616438356164,0.6120689655172413,1.0,0.22413793103448276,0.36619718309859156,0.23671603823699966,0.10760000000000002
0.63,0.5,0.3835616438356164,0.6120689655172413,1.0,0.22413793103448276,0.36619718309859156,0.23671603823699966,0.10890000000000001
0.49,0.77,0.3835616438356164,0.6120689655172413,1.0,0.22413793103448276,0.36619718309859156,0.23671603823699966,0.10900000000000001
0.63,0.49,0.3835616438356164,0.6120689655172413,1.0,0.22413793103448276,0.36619718309859156,0.23671603823699966,0.10900000000000001
0.63,0.51,0.3835616438356164,0.6120689655172413,1.0,0.22413793103448276,0.36619718309859156,0.23671603823699966,0.10900000000000001
0.63,0.52,0.3835616438356164,0.6120689655172413,1.0,0.22413793103448276,0.36619718309859156,0.23671603823699966,0.10930000000000001
0.14,0.79,0.3835616438356164,0.6120689655172413,1.0,0.22413793103448276,0.36619718309859156,0.23671603823699966,0.10970000000000002
0.63,0.53,0.3835616438356164,0.6120689655172413,1.0,0.22413793103448276,0.36619718309859156,0.23671603823699966,0.10980000000000001
0.63,0.54,0.3835616438356164,0.6120689655172413,1.0,0.22413793103448276,0.36619718309859156,0.23671603823699966,0.11050000000000001
0.48,0.78,0.3835616438356164,0.6120689655172413,1.0,0.22413793103448276,0.36619718309859156,0.23671603823699966,0.11080000000000001
0.63,0.55,0.3835616438356164,0.6120689655172413,1.0,0.22413793103448276,0.36619718309859156,0.23671603823699966,0.11140000000000001
0.51,0.76,0.3835616438356164,0.6120689655172413,1.0,0.22413793103448276,0.36619718309859156,0.23671603823699966,0.11170000000000002
0.5,0.77,0.3835616438356164,0.6120689655172413,1.0,0.22413793103448276,0.36619718309859156,0.23671603823699966,0.11290000000000001
0.13,0.79,0.3835616438356164,0.6120689655172413,1.0,0.22413793103448276,0.36619718309859156,0.23671603823699966,0.11300000000000002
0.49,0.78,0.3835616438356164,0.6120689655172413,1.0,0.22413793103448276,0.36619718309859156,0.23671603823699966,0.11450000000000002
0.64,0.5,0.3835616438356164,0.6120689655172413,1.0,0.22413793103448276,0.36619718309859156,0.23671603823699966,0.11560000000000002
0.64,0.49,0.3835616438356164,0.6120689655172413,1.0,0.22413793103448276,0.36619718309859156,0.23671603823699966,0.11570000000000003
0.64,0.51,0.3835616438356164,0.6120689655172413,1.0,0.22413793103448276,0.36619718309859156,0.23671603823699966,0.11570000000000003
0.52,0.76,0.3835616438356164,0.6120689655172413,1.0,0.22413793103448276,0.36619718309859156,0.23671603823699966,0.11600000000000002
0.64,0.52,0.3835616438356164,0.6120689655172413,1.0,0.22413793103448276,0.36619718309859156,0.23671603823699966,0.11600000000000002
0.12,0.79,0.3835616438356164,0.6120689655172413,1.0,0.22413793103448276,0.36619718309859156,0.23671603823699966,0.11650000000000002
0.64,0.53,0.3835616438356164,0.6120689655172413,1.0,0.22413793103448276,0.36619718309859156,0.23671603823699966,0.11650000000000002
0.51,0.77,0.3835616438356164,0.6120689655172413,1.0,0.22413793103448276,0.36619718309859156,0.23671603823699966,0.11700000000000002
0.64,0.54,0.3835616438356164,0.6120689655172413,1.0,0.22413793103448276,0.36619718309859156,0.23671603823699966,0.11720000000000003
0.64,0.55,0.3835616438356164,0.6120689655172413,1.0,0.22413793103448276,0.36619718309859156,0.23671603823699966,0.11810000000000002
0.5,0.78,0.3835616438356164,0.6120689655172413,1.0,0.22413793103448276,0.36619718309859156,0.23671603823699966,0.11840000000000002
0.11,0.79,0.3835616438356164,0.6120689655172413,1.0,0.22413793103448276,0.36619718309859156,0.23671603823699966,0.12020000000000003
0.53,0.76,0.3835616438356164,0.6120689655172413,1.0,0.22413793103448276,0.36619718309859156,0.23671603823699966,0.12050000000000002
0.52,0.77,0.3835616438356164,0.6120689655172413,1.0,0.22413793103448276,0.36619718309859156,0.23671603823699966,0.12130000000000002
0.51,0.78,0.3835616438356164,0.6120689655172413,1.0,0.22413793103448276,0.36619718309859156,0.23671603823699966,0.12250000000000003
0.65,0.5,0.3835616438356164,0.6120689655172413,1.0,0.22413793103448276,0.36619718309859156,0.23671603823699966,0.12250000000000003
0.65,0.49,0.3835616438356164,0.6120689655172413,1.0,0.22413793103448276,0.36619718309859156,0.23671603823699966,0.12260000000000003
0.65,0.51,0.3835616438356164,0.6120689655172413,1.0,0.22413793103448276,0.36619718309859156,0.23671603823699966,0.12260000000000003
0.65,0.52,0.3835616438356164,0.6120689655172413,1.0,0.22413793103448276,0.36619718309859156,0.23671603823699966,0.12290000000000002
0.65,0.53,0.3835616438356164,0.6120689655172413,1.0,0.22413793103448276,0.36619718309859156,0.23671603823699966,0.12340000000000002
0.1,0.79,0.3835616438356164,0.6120689655172413,1.0,0.22413793103448276,0.36619718309859156,0.23671603823699966,0.12410000000000002
0.65,0.54,0.3835616438356164,0.6120689655172413,1.0,0.22413793103448276,0.36619718309859156,0.23671603823699966,0.12410000000000003
0.65,0.55,0.3835616438356164,0.6120689655172413,1.0,0.22413793103448276,0.36619718309859156,0.23671603823699966,0.12500000000000003
0.54,0.76,0.3835616438356164,0.6120689655172413,1.0,0.22413793103448276,0.36619718309859156,0.23671603823699966,0.12520000000000003
0.53,0.77,0.3835616438356164,0.6120689655172413,1.0,0.22413793103448276,0.36619718309859156,0.23671603823699966,0.12580000000000002
0.52,0.78,0.3835616438356164,0.6120689655172413,1.0,0.22413793103448276,0.36619718309859156,0.23671603823699966,0.12680000000000002
0.09,0.79,0.3835616438356164,0.6120689655172413,1.0,0.22413793103448276,0.36619718309859156,0.23671603823699966,0.1282
0.66,0.5,0.3835616438356164,0.6120689655172413,1.0,0.22413793103448276,0.36619718309859156,0.23671603823699966,0.12960000000000002
0.66,0.49,0.3835616438356164,0.6120689655172413,1.0,0.22413793103448276,0.36619718309859156,0.23671603823699966,0.1297
0.66,0.51,0.3835616438356164,0.6120689655172413,1.0,0.22413793103448276,0.36619718309859156,0.23671603823699966,0.1297
0.66,0.52,0.3835616438356164,0.6120689655172413,1.0,0.22413793103448276,0.36619718309859156,0.23671603823699966,0.13000000000000003
0.55,0.76,0.3835616438356164,0.6120689655172413,1.0,0.22413793103448276,0.36619718309859156,0.23671603823699966,0.13010000000000005
0.54,0.77,0.3835616438356164,0.6120689655172413,1.0,0.22413793103448276,0.36619718309859156,0.23671603823699966,0.13050000000000003
0.66,0.53,0.3835616438356164,0.6120689655172413,1.0,0.22413793103448276,0.36619718309859156,0.23671603823699966,0.13050000000000003
0.66,0.54,0.3835616438356164,0.6120689655172413,1.0,0.22413793103448276,0.36619718309859156,0.23671603823699966,0.1312
0.53,0.78,0.3835616438356164,0.6120689655172413,1.0,0.22413793103448276,0.36619718309859156,0.23671603823699966,0.13130000000000003
0.66,0.55,0.3835616438356164,0.6120689655172413,1.0,0.22413793103448276,0.36619718309859156,0.23671603823699966,0.13210000000000002
0.08,0.79,0.3835616438356164,0.6120689655172413,1.0,0.22413793103448276,0.36619718309859156,0.23671603823699966,0.1325
0.55,0.77,0.3835616438356164,0.6120689655172413,1.0,0.22413793103448276,0.36619718309859156,0.23671603823699966,0.13540000000000002
0.54,0.78,0.3835616438356164,0.6120689655172413,1.0,0.22413793103448276,0.36619718309859156,0.23671603823699966,0.13600000000000004
0.67,0.5,0.3835616438356164,0.6120689655172413,1.0,0.22413793103448276,0.36619718309859156,0.23671603823699966,0.13690000000000005
0.07,0.79,0.3835616438356164,0.6120689655172413,1.0,0.22413793103448276,0.36619718309859156,0.23671603823699966,0.137
0.67,0.49,0.3835616438356164,0.6120689655172413,1.0,0.22413793103448276,0.36619718309859156,0.23671603823699966,0.13700000000000004
0.67,0.51,0.3835616438356164,0.6120689655172413,1.0,0.22413793103448276,0.36619718309859156,0.23671603823699966,0.13700000000000004
0.67,0.52,0.3835616438356164,0.6120689655172413,1.0,0.22413793103448276,0.36619718309859156,0.23671603823699966,0.13730000000000006
0.67,0.53,0.3835616438356164,0.6120689655172413,1.0,0.22413793103448276,0.36619718309859156,0.23671603823699966,0.13780000000000006
0.67,0.54,0.3835616438356164,0.6120689655172413,1.0,0.22413793103448276,0.36619718309859156,0.23671603823699966,0.13850000000000004
0.67,0.55,0.3835616438356164,0.6120689655172413,1.0,0.22413793103448276,0.36619718309859156,0.23671603823699966,0.13940000000000005
0.55,0.78,0.3835616438356164,0.6120689655172413,1.0,0.22413793103448276,0.36619718309859156,0.23671603823699966,0.14090000000000003
0.06,0.79,0.3835616438356164,0.6120689655172413,1.0,0.22413793103448276,0.36619718309859156,0.23671603823699966,0.14170000000000002
0.68,0.5,0.3835616438356164,0.6120689655172413,1.0,0.22413793103448276,0.36619718309859156,0.23671603823699966,0.14440000000000006
0.68,0.49,0.3835616438356164,0.6120689655172413,1.0,0.22413793103448276,0.36619718309859156,0.23671603823699966,0.14450000000000005
0.68,0.51,0.3835616438356164,0.6120689655172413,1.0,0.22413793103448276,0.36619718309859156,0.23671603823699966,0.14450000000000005
0.68,0.52,0.3835616438356164,0.6120689655172413,1.0,0.22413793103448276,0.36619718309859156,0.23671603823699966,0.14480000000000007
0.68,0.53,0.3835616438356164,0.6120689655172413,1.0,0.22413793103448276,0.36619718309859156,0.23671603823699966,0.14530000000000007
0.68,0.54,0.3835616438356164,0.6120689655172413,1.0,0.22413793103448276,0.36619718309859156,0.23671603823699966,0.14600000000000005
0.05,0.79,0.3835616438356164,0.6120689655172413,1.0,0.22413793103448276,0.36619718309859156,0.23671603823699966,0.1466
0.68,0.55,0.3835616438356164,0.6120689655172413,1.0,0.22413793103448276,0.36619718309859156,0.23671603823699966,0.14690000000000006
0.04,0.79,0.3835616438356164,0.6120689655172413,1.0,0.22413793103448276,0.36619718309859156,0.23671603823699966,0.15170000000000003
0.69,0.5,0.3835616438356164,0.6120689655172413,1.0,0.22413793103448276,0.36619718309859156,0.23671603823699966,0.15209999999999996
0.69,0.49,0.3835616438356164,0.6120689655172413,1.0,0.22413793103448276,0.36619718309859156,0.23671603823699966,0.15219999999999995
0.69,0.51,0.3835616438356164,0.6120689655172413,1.0,0.22413793103448276,0.36619718309859156,0.23671603823699966,0.15219999999999995
0.69,0.52,0.3835616438356164,0.6120689655172413,1.0,0.22413793103448276,0.36619718309859156,0.23671603823699966,0.15249999999999997
0.69,0.53,0.3835616438356164,0.6120689655172413,1.0,0.22413793103448276,0.36619718309859156,0.23671603823699966,0.15299999999999997
0.69,0.54,0.3835616438356164,0.6120689655172413,1.0,0.22413793103448276,0.36619718309859156,0.23671603823699966,0.15369999999999995
0.69,0.55,0.3835616438356164,0.6120689655172413,1.0,0.22413793103448276,0.36619718309859156,0.23671603823699966,0.15459999999999996
0.03,0.79,0.3835616438356164,0.6120689655172413,1.0,0.22413793103448276,0.36619718309859156,0.23671603823699966,0.15700000000000003
0.7,0.46,0.3835616438356164,0.6120689655172413,1.0,0.22413793103448276,0.36619718309859156,0.23671603823699966,0.16159999999999997
0.7,0.45,0.3835616438356164,0.6120689655172413,1.0,0.22413793103448276,0.36619718309859156,0.23671603823699966,0.16249999999999998
0.02,0.79,0.3835616438356164,0.6120689655172413,1.0,0.22413793103448276,0.36619718309859156,0.23671603823699966,0.1625
0.7,0.44,0.3835616438356164,0.6120689655172413,1.0,0.22413793103448276,0.36619718309859156,0.23671603823699966,0.16359999999999997
0.01,0.79,0.3835616438356164,0.6120689655172413,1.0,0.22413793103448276,0.36619718309859156,0.23671603823699966,0.16820000000000002
0.71,0.46,0.3835616438356164,0.6120689655172413,1.0,0.22413793103448276,0.36619718309859156,0.23671603823699966,0.16969999999999996
0.71,0.45,0.3835616438356164,0.6120689655172413,1.0,0.22413793103448276,0.36619718309859156,0.23671603823699966,0.17059999999999997
0.71,0.44,0.3835616438356164,0.6120689655172413,1.0,0.22413793103448276,0.36619718309859156,0.23671603823699966,0.17169999999999996
0.0,0.79,0.3835616438356164,0.6120689655172413,1.0,0.22413793103448276,0.36619718309859156,0.23671603823699966,0.17410000000000003
0.72,0.46,0.3835616438356164,0.6120689655172413,1.0,0.22413793103448276,0.36619718309859156,0.23671603823699966,0.17799999999999996
0.72,0.45,0.3835616438356164,0.6120689655172413,1.0,0.22413793103448276,0.36619718309859156,0.23671603823699966,0.17889999999999998
0.72,0.44,0.3835616438356164,0.6120689655172413,1.0,0.22413793103448276,0.36619718309859156,0.23671603823699966,0.17999999999999997
0.73,0.46,0.3835616438356164,0.6120689655172413,1.0,0.22413793103448276,0.36619718309859156,0.23671603823699966,0.18649999999999997
0.73,0.45,0.3835616438356164,0.6120689655172413,1.0,0.22413793103448276,0.36619718309859156,0.23671603823699966,0.18739999999999998
0.73,0.44,0.3835616438356164,0.6120689655172413,1.0,0.22413793103448276,0.36619718309859156,0.23671603823699966,0.18849999999999997
0.74,0.46,0.3835616438356164,0.6120689655172413,1.0,0.22413793103448276,0.36619718309859156,0.23671603823699966,0.19519999999999998
0.74,0.45,0.3835616438356164,0.6120689655172413,1.0,0.22413793103448276,0.36619718309859156,0.23671603823699966,0.1961
0.74,0.44,0.3835616438356164,0.6120689655172413,1.0,0.22413793103448276,0.36619718309859156,0.23671603823699966,0.1972
0.75,0.46,0.3835616438356164,0.6120689655172413,1.0,0.22413793103448276,0.36619718309859156,0.23671603823699966,0.2041
0.75,0.45,0.3835616438356164,0.6120689655172413,1.0,0.22413793103448276,0.36619718309859156,0.23671603823699966,0.20500000000000002
0.75,0.44,0.3835616438356164,0.6120689655172413,1.0,0.22413793103448276,0.36619718309859156,0.23671603823699966,0.2061
0.76,0.46,0.3835616438356164,0.6120689655172413,1.0,0.22413793103448276,0.36619718309859156,0.23671603823699966,0.2132
0.76,0.45,0.3835616438356164,0.6120689655172413,1.0,0.22413793103448276,0.36619718309859156,0.23671603823699966,0.2141
0.76,0.44,0.3835616438356164,0.6120689655172413,1.0,0.22413793103448276,0.36619718309859156,0.23671603823699966,0.2152
0.56,0.58,0.3789954337899543,0.6091954022988506,1.0,0.21839080459770116,0.3584905660377358,0.23301514197942944,0.07400000000000002
0.56,0.59,0.3789954337899543,0.6091954022988506,1.0,0.21839080459770116,0.3584905660377358,0.23301514197942944,0.07570000000000003
0.56,0.6,0.3789954337899543,0.6091954022988506,1.0,0.21839080459770116,0.3584905660377358,0.23301514197942944,0.07760000000000003
0.57,0.58,0.3789954337899543,0.6091954022988506,1.0,0.21839080459770116,0.3584905660377358,0.23301514197942944,0.07929999999999997
0.56,0.61,0.3789954337899543,0.6091954022988506,1.0,0.21839080459770116,0.3584905660377358,0.23301514197942944,0.07970000000000003
0.57,0.59,0.3789954337899543,0.6091954022988506,1.0,0.21839080459770116,0.3584905660377358,0.23301514197942944,0.08099999999999997
0.56,0.62,0.3789954337899543,0.6091954022988506,1.0,0.21839080459770116,0.3584905660377358,0.23301514197942944,0.08200000000000003
0.57,0.6,0.3789954337899543,0.6091954022988506,1.0,0.21839080459770116,0.3584905660377358,0.23301514197942944,0.08289999999999997
0.56,0.63,0.3789954337899543,0.6091954022988506,1.0,0.21839080459770116,0.3584905660377358,0.23301514197942944,0.08450000000000003
0.57,0.61,0.3789954337899543,0.6091954022988506,1.0,0.21839080459770116,0.3584905660377358,0.23301514197942944,0.08499999999999998
0.57,0.62,0.3789954337899543,0.6091954022988506,1.0,0.21839080459770116,0.3584905660377358,0.23301514197942944,0.08729999999999997
0.59,0.56,0.3789954337899543,0.6091954022988506,1.0,0.21839080459770116,0.3584905660377358,0.23301514197942944,0.0877
0.36,0.79,0.3789954337899543,0.6091954022988506,1.0,0.21839080459770116,0.3584905660377358,0.23301514197942944,0.08770000000000003
0.59,0.57,0.3789954337899543,0.6091954022988506,1.0,0.21839080459770116,0.3584905660377358,0.23301514197942944,0.08899999999999998
0.37,0.79,0.3789954337899543,0.6091954022988506,1.0,0.21839080459770116,0.3584905660377358,0.23301514197942944,0.08900000000000002
0.57,0.63,0.3789954337899543,0.6091954022988506,1.0,0.21839080459770116,0.3584905660377358,0.23301514197942944,0.08979999999999998
0.3,0.8,0.3789954337899543,0.6091954022988506,1.0,0.21839080459770116,0.3584905660377358,0.23301514197942944,0.09000000000000002
0.29,0.8,0.3789954337899543,0.6091954022988506,1.0,0.21839080459770116,0.3584905660377358,0.23301514197942944,0.09010000000000003
0.31,0.8,0.3789954337899543,0.6091954022988506,1.0,0.21839080459770116,0.3584905660377358,0.23301514197942944,0.09010000000000003
0.28,0.8,0.3789954337899543,0.6091954022988506,1.0,0.21839080459770116,0.3584905660377358,0.23301514197942944,0.09040000000000002
0.32,0.8,0.3789954337899543,0.6091954022988506,1.0,0.21839080459770116,0.3584905660377358,0.23301514197942944,0.09040000000000002
0.27,0.8,0.3789954337899543,0.6091954022988506,1.0,0.21839080459770116,0.3584905660377358,0.23301514197942944,0.09090000000000002
0.33,0.8,0.3789954337899543,0.6091954022988506,1.0,0.21839080459770116,0.3584905660377358,0.23301514197942944,0.09090000000000002
0.26,0.8,0.3789954337899543,0.6091954022988506,1.0,0.21839080459770116,0.3584905660377358,0.23301514197942944,0.09160000000000003
0.34,0.8,0.3789954337899543,0.6091954022988506,1.0,0.21839080459770116,0.3584905660377358,0.23301514197942944,0.09160000000000003
0.25,0.8,0.3789954337899543,0.6091954022988506,1.0,0.21839080459770116,0.3584905660377358,0.23301514197942944,0.09250000000000003
0.35,0.8,0.3789954337899543,0.6091954022988506,1.0,0.21839080459770116,0.3584905660377358,0.23301514197942944,0.09250000000000003
0.24,0.8,0.3789954337899543,0.6091954022988506,1.0,0.21839080459770116,0.3584905660377358,0.23301514197942944,0.09360000000000003
0.23,0.8,0.3789954337899543,0.6091954022988506,1.0,0.21839080459770116,0.3584905660377358,0.23301514197942944,0.09490000000000003
0.22,0.8,0.3789954337899543,0.6091954022988506,1.0,0.21839080459770116,0.3584905660377358,0.23301514197942944,0.09640000000000003
0.21,0.8,0.3789954337899543,0.6091954022988506,1.0,0.21839080459770116,0.3584905660377358,0.23301514197942944,0.09810000000000002
0.2,0.8,0.3789954337899543,0.6091954022988506,1.0,0.21839080459770116,0.3584905660377358,0.23301514197942944,0.10000000000000002
0.19,0.8,0.3789954337899543,0.6091954022988506,1.0,0.21839080459770116,0.3584905660377358,0.23301514197942944,0.10210000000000002
0.18,0.8,0.3789954337899543,0.6091954022988506,1.0,0.21839080459770116,0.3584905660377358,0.23301514197942944,0.10440000000000002
0.17,0.8,0.3789954337899543,0.6091954022988506,1.0,0.21839080459770116,0.3584905660377358,0.23301514197942944,0.10690000000000002
0.16,0.8,0.3789954337899543,0.6091954022988506,1.0,0.21839080459770116,0.3584905660377358,0.23301514197942944,0.10960000000000002
0.15,0.8,0.3789954337899543,0.6091954022988506,1.0,0.21839080459770116,0.3584905660377358,0.23301514197942944,0.11250000000000002
0.14,0.8,0.3789954337899543,0.6091954022988506,1.0,0.21839080459770116,0.3584905660377358,0.23301514197942944,0.11560000000000001
0.13,0.8,0.3789954337899543,0.6091954022988506,1.0,0.21839080459770116,0.3584905660377358,0.23301514197942944,0.11890000000000002
0.12,0.8,0.3789954337899543,0.6091954022988506,1.0,0.21839080459770116,0.3584905660377358,0.23301514197942944,0.12240000000000002
0.11,0.8,0.3789954337899543,0.6091954022988506,1.0,0.21839080459770116,0.3584905660377358,0.23301514197942944,0.12610000000000002
0.1,0.8,0.3789954337899543,0.6091954022988506,1.0,0.21839080459770116,0.3584905660377358,0.23301514197942944,0.13
0.09,0.8,0.3789954337899543,0.6091954022988506,1.0,0.21839080459770116,0.3584905660377358,0.23301514197942944,0.13410000000000002
0.08,0.8,0.3789954337899543,0.6091954022988506,1.0,0.21839080459770116,0.3584905660377358,0.23301514197942944,0.13840000000000002
0.07,0.8,0.3789954337899543,0.6091954022988506,1.0,0.21839080459770116,0.3584905660377358,0.23301514197942944,0.14290000000000003
0.06,0.8,0.3789954337899543,0.6091954022988506,1.0,0.21839080459770116,0.3584905660377358,0.23301514197942944,0.1476
0.05,0.8,0.3789954337899543,0.6091954022988506,1.0,0.21839080459770116,0.3584905660377358,0.23301514197942944,0.15250000000000002
0.04,0.8,0.3789954337899543,0.6091954022988506,1.0,0.21839080459770116,0.3584905660377358,0.23301514197942944,0.15760000000000002
0.7,0.48,0.3789954337899543,0.6091954022988506,1.0,0.21839080459770116,0.3584905660377358,0.23301514197942944,0.1604
0.7,0.47,0.3789954337899543,0.6091954022988506,1.0,0.21839080459770116,0.3584905660377358,0.23301514197942944,0.1609
0.03,0.8,0.3789954337899543,0.6091954022988506,1.0,0.21839080459770116,0.3584905660377358,0.23301514197942944,0.16290000000000004
0.02,0.8,0.3789954337899543,0.6091954022988506,1.0,0.21839080459770116,0.3584905660377358,0.23301514197942944,0.1684
0.71,0.48,0.3789954337899543,0.6091954022988506,1.0,0.21839080459770116,0.3584905660377358,0.23301514197942944,0.16849999999999998
0.71,0.47,0.3789954337899543,0.6091954022988506,1.0,0.21839080459770116,0.3584905660377358,0.23301514197942944,0.16899999999999998
0.01,0.8,0.3789954337899543,0.6091954022988506,1.0,0.21839080459770116,0.3584905660377358,0.23301514197942944,0.17410000000000003
0.72,0.48,0.3789954337899543,0.6091954022988506,1.0,0.21839080459770116,0.3584905660377358,0.23301514197942944,0.17679999999999998
0.72,0.47,0.3789954337899543,0.6091954022988506,1.0,0.21839080459770116,0.3584905660377358,0.23301514197942944,0.17729999999999999
0.0,0.8,0.3789954337899543,0.6091954022988506,1.0,0.21839080459770116,0.3584905660377358,0.23301514197942944,0.18000000000000002
0.73,0.48,0.3789954337899543,0.6091954022988506,1.0,0.21839080459770116,0.3584905660377358,0.23301514197942944,0.1853
0.73,0.47,0.3789954337899543,0.6091954022988506,1.0,0.21839080459770116,0.3584905660377358,0.23301514197942944,0.1858
0.74,0.48,0.3789954337899543,0.6091954022988506,1.0,0.21839080459770116,0.3584905660377358,0.23301514197942944,0.194
0.74,0.47,0.3789954337899543,0.6091954022988506,1.0,0.21839080459770116,0.3584905660377358,0.23301514197942944,0.1945
0.75,0.48,0.3789954337899543,0.6091954022988506,1.0,0.21839080459770116,0.3584905660377358,0.23301514197942944,0.20290000000000002
0.75,0.47,0.3789954337899543,0.6091954022988506,1.0,0.21839080459770116,0.3584905660377358,0.23301514197942944,0.20340000000000003
0.76,0.48,0.3789954337899543,0.6091954022988506,1.0,0.21839080459770116,0.3584905660377358,0.23301514197942944,0.21200000000000002
0.76,0.47,0.3789954337899543,0.6091954022988506,1.0,0.21839080459770116,0.3584905660377358,0.23301514197942944,0.21250000000000002
0.77,0.46,0.3789954337899543,0.6091954022988506,1.0,0.21839080459770116,0.3584905660377358,0.23301514197942944,0.22250000000000003
0.77,0.45,0.3789954337899543,0.6091954022988506,1.0,0.21839080459770116,0.3584905660377358,0.23301514197942944,0.22340000000000004
0.77,0.44,0.3789954337899543,0.6091954022988506,1.0,0.21839080459770116,0.3584905660377358,0.23301514197942944,0.22450000000000003
0.78,0.46,0.3789954337899543,0.6091954022988506,1.0,0.21839080459770116,0.3584905660377358,0.23301514197942944,0.23200000000000004
0.78,0.45,0.3789954337899543,0.6091954022988506,1.0,0.21839080459770116,0.3584905660377358,0.23301514197942944,0.23290000000000005
0.78,0.44,0.3789954337899543,0.6091954022988506,1.0,0.21839080459770116,0.3584905660377358,0.23301514197942944,0.23400000000000004
0.79,0.46,0.3789954337899543,0.6091954022988506,1.0,0.21839080459770116,0.3584905660377358,0.23301514197942944,0.24170000000000003
0.79,0.45,0.3789954337899543,0.6091954022988506,1.0,0.21839080459770116,0.3584905660377358,0.23301514197942944,0.24260000000000004
0.79,0.44,0.3789954337899543,0.6091954022988506,1.0,0.21839080459770116,0.3584905660377358,0.23301514197942944,0.24370000000000003
0.8,0.46,0.3789954337899543,0.6091954022988506,1.0,0.21839080459770116,0.3584905660377358,0.23301514197942944,0.2516
0.8,0.45,0.3789954337899543,0.6091954022988506,1.0,0.21839080459770116,0.3584905660377358,0.23301514197942944,0.2525
0.8,0.44,0.3789954337899543,0.6091954022988506,1.0,0.21839080459770116,0.3584905660377358,0.23301514197942944,0.2536
0.58,0.58,0.3744292237442922,0.6063218390804598,1.0,0.21264367816091953,0.35071090047393366,0.22929617007533373,0.08479999999999997
0.58,0.59,0.3744292237442922,0.6063218390804598,1.0,0.21264367816091953,0.35071090047393366,0.22929617007533373,0.08649999999999998
0.58,0.6,0.3744292237442922,0.6063218390804598,1.0,0.21264367816091953,0.35071090047393366,0.22929617007533373,0.08839999999999998
0.58,0.61,0.3744292237442922,0.6063218390804598,1.0,0.21264367816091953,0.35071090047393366,0.22929617007533373,0.09049999999999998
0.38,0.79,0.3744292237442922,0.6063218390804598,1.0,0.21264367816091953,0.35071090047393366,0.22929617007533373,0.09050000000000002
0.39,0.79,0.3744292237442922,0.6063218390804598,1.0,0.21264367816091953,0.35071090047393366,0.22929617007533373,0.09220000000000003
0.58,0.62,0.3744292237442922,0.6063218390804598,1.0,0.21264367816091953,0.35071090047393366,0.22929617007533373,0.09279999999999998
0.6,0.56,0.3744292237442922,0.6063218390804598,1.0,0.21264367816091953,0.35071090047393366,0.22929617007533373,0.0936
0.36,0.8,0.3744292237442922,0.6063218390804598,1.0,0.21264367816091953,0.35071090047393366,0.22929617007533373,0.09360000000000003
0.4,0.79,0.3744292237442922,0.6063218390804598,1.0,0.21264367816091953,0.35071090047393366,0.22929617007533373,0.09410000000000003
0.6,0.57,0.3744292237442922,0.6063218390804598,1.0,0.21264367816091953,0.35071090047393366,0.22929617007533373,0.09489999999999998
0.37,0.8,0.3744292237442922,0.6063218390804598,1.0,0.21264367816091953,0.35071090047393366,0.22929617007533373,0.09490000000000003
0.58,0.63,0.3744292237442922,0.6063218390804598,1.0,0.21264367816091953,0.35071090047393366,0.22929617007533373,0.09529999999999998
0.41,0.79,0.3744292237442922,0.6063218390804598,1.0,0.21264367816091953,0.35071090047393366,0.22929617007533373,0.09620000000000002
0.42,0.79,0.3744292237442922,0.6063218390804598,1.0,0.21264367816091953,0.35071090047393366,0.22929617007533373,0.09850000000000002
0.43,0.79,0.3744292237442922,0.6063218390804598,1.0,0.21264367816091953,0.35071090047393366,0.22929617007533373,0.10100000000000002
0.44,0.79,0.3744292237442922,0.6063218390804598,1.0,0.21264367816091953,0.35071090047393366,0.22929617007533373,0.10370000000000003
0.45,0.79,0.3744292237442922,0.6063218390804598,1.0,0.21264367816091953,0.35071090047393366,0.22929617007533373,0.10660000000000003
0.46,0.79,0.3744292237442922,0.6063218390804598,1.0,0.21264367816091953,0.35071090047393366,0.22929617007533373,0.10970000000000003
0.47,0.79,0.3744292237442922,0.6063218390804598,1.0,0.21264367816091953,0.35071090047393366,0.22929617007533373,0.11300000000000002
0.48,0.79,0.3744292237442922,0.6063218390804598,1.0,0.21264367816091953,0.35071090047393366,0.22929617007533373,0.11650000000000002
0.49,0.79,0.3744292237442922,0.6063218390804598,1.0,0.21264367816091953,0.35071090047393366,0.22929617007533373,0.12020000000000003
0.5,0.79,0.3744292237442922,0.6063218390804598,1.0,0.21264367816091953,0.35071090047393366,0.22929617007533373,0.12410000000000003
0.51,0.79,0.3744292237442922,0.6063218390804598,1.0,0.21264367816091953,0.35071090047393366,0.22929617007533373,0.12820000000000004
0.52,0.79,0.3744292237442922,0.6063218390804598,1.0,0.21264367816091953,0.35071090047393366,0.22929617007533373,0.13250000000000003
0.53,0.79,0.3744292237442922,0.6063218390804598,1.0,0.21264367816091953,0.35071090047393366,0.22929617007533373,0.13700000000000004
0.54,0.79,0.3744292237442922,0.6063218390804598,1.0,0.21264367816091953,0.35071090047393366,0.22929617007533373,0.14170000000000005
0.55,0.79,0.3744292237442922,0.6063218390804598,1.0,0.21264367816091953,0.35071090047393366,0.22929617007533373,0.14660000000000006
0.7,0.5,0.3744292237442922,0.6063218390804598,1.0,0.21264367816091953,0.35071090047393366,0.22929617007533373,0.15999999999999998
0.7,0.49,0.3744292237442922,0.6063218390804598,1.0,0.21264367816091953,0.35071090047393366,0.22929617007533373,0.16009999999999996
0.7,0.51,0.3744292237442922,0.6063218390804598,1.0,0.21264367816091953,0.35071090047393366,0.22929617007533373,0.16009999999999996
0.7,0.52,0.3744292237442922,0.6063218390804598,1.0,0.21264367816091953,0.35071090047393366,0.22929617007533373,0.1604
0.7,0.53,0.3744292237442922,0.6063218390804598,1.0,0.21264367816091953,0.35071090047393366,0.22929617007533373,0.1609
0.7,0.54,0.3744292237442922,0.6063218390804598,1.0,0.21264367816091953,0.35071090047393366,0.22929617007533373,0.16159999999999997
0.7,0.55,0.3744292237442922,0.6063218390804598,1.0,0.21264367816091953,0.35071090047393366,0.22929617007533373,0.16249999999999998
0.71,0.5,0.3744292237442922,0.6063218390804598,1.0,0.21264367816091953,0.35071090047393366,0.22929617007533373,0.16809999999999997
0.71,0.49,0.3744292237442922,0.6063218390804598,1.0,0.21264367816091953,0.35071090047393366,0.22929617007533373,0.16819999999999996
0.71,0.51,0.3744292237442922,0.6063218390804598,1.0,0.21264367816091953,0.35071090047393366,0.22929617007533373,0.16819999999999996
0.71,0.52,0.3744292237442922,0.6063218390804598,1.0,0.21264367816091953,0.35071090047393366,0.22929617007533373,0.16849999999999998
0.71,0.53,0.3744292237442922,0.6063218390804598,1.0,0.21264367816091953,0.35071090047393366,0.22929617007533373,0.16899999999999998
0.71,0.54,0.3744292237442922,0.6063218390804598,1.0,0.21264367816091953,0.35071090047393366,0.22929617007533373,0.16969999999999996
0.71,0.55,0.3744292237442922,0.6063218390804598,1.0,0.21264367816091953,0.35071090047393366,0.22929617007533373,0.17059999999999997
0.72,0.5,0.3744292237442922,0.6063218390804598,1.0,0.21264367816091953,0.35071090047393366,0.22929617007533373,0.17639999999999997
0.72,0.49,0.3744292237442922,0.6063218390804598,1.0,0.21264367816091953,0.35071090047393366,0.22929617007533373,0.17649999999999996
0.72,0.51,0.3744292237442922,0.6063218390804598,1.0,0.21264367816091953,0.35071090047393366,0.22929617007533373,0.17649999999999996
0.72,0.52,0.3744292237442922,0.6063218390804598,1.0,0.21264367816091953,0.35071090047393366,0.22929617007533373,0.17679999999999998
0.72,0.53,0.3744292237442922,0.6063218390804598,1.0,0.21264367816091953,0.35071090047393366,0.22929617007533373,0.17729999999999999
0.72,0.54,0.3744292237442922,0.6063218390804598,1.0,0.21264367816091953,0.35071090047393366,0.22929617007533373,0.17799999999999996
0.72,0.55,0.3744292237442922,0.6063218390804598,1.0,0.21264367816091953,0.35071090047393366,0.22929617007533373,0.17889999999999998
0.73,0.5,0.3744292237442922,0.6063218390804598,1.0,0.21264367816091953,0.35071090047393366,0.22929617007533373,0.18489999999999998
0.73,0.49,0.3744292237442922,0.6063218390804598,1.0,0.21264367816091953,0.35071090047393366,0.22929617007533373,0.18499999999999997
0.73,0.51,0.3744292237442922,0.6063218390804598,1.0,0.21264367816091953,0.35071090047393366,0.22929617007533373,0.18499999999999997
0.73,0.52,0.3744292237442922,0.6063218390804598,1.0,0.21264367816091953,0.35071090047393366,0.22929617007533373,0.1853
0.73,0.53,0.3744292237442922,0.6063218390804598,1.0,0.21264367816091953,0.35071090047393366,0.22929617007533373,0.1858
0.73,0.54,0.3744292237442922,0.6063218390804598,1.0,0.21264367816091953,0.35071090047393366,0.22929617007533373,0.18649999999999997
0.73,0.55,0.3744292237442922,0.6063218390804598,1.0,0.21264367816091953,0.35071090047393366,0.22929617007533373,0.18739999999999998
0.74,0.5,0.3744292237442922,0.6063218390804598,1.0,0.21264367816091953,0.35071090047393366,0.22929617007533373,0.1936
0.74,0.49,0.3744292237442922,0.6063218390804598,1.0,0.21264367816091953,0.35071090047393366,0.22929617007533373,0.19369999999999998
0.74,0.51,0.3744292237442922,0.6063218390804598,1.0,0.21264367816091953,0.35071090047393366,0.22929617007533373,0.19369999999999998
0.74,0.52,0.3744292237442922,0.6063218390804598,1.0,0.21264367816091953,0.35071090047393366,0.22929617007533373,0.194
0.74,0.53,0.3744292237442922,0.6063218390804598,1.0,0.21264367816091953,0.35071090047393366,0.22929617007533373,0.1945
0.74,0.54,0.3744292237442922,0.6063218390804598,1.0,0.21264367816091953,0.35071090047393366,0.22929617007533373,0.19519999999999998
0.74,0.55,0.3744292237442922,0.6063218390804598,1.0,0.21264367816091953,0.35071090047393366,0.22929617007533373,0.1961
0.75,0.5,0.3744292237442922,0.6063218390804598,1.0,0.21264367816091953,0.35071090047393366,0.22929617007533373,0.2025
0.75,0.49,0.3744292237442922,0.6063218390804598,1.0,0.21264367816091953,0.35071090047393366,0.22929617007533373,0.2026
0.75,0.51,0.3744292237442922,0.6063218390804598,1.0,0.21264367816091953,0.35071090047393366,0.22929617007533373,0.2026
0.75,0.52,0.3744292237442922,0.6063218390804598,1.0,0.21264367816091953,0.35071090047393366,0.22929617007533373,0.20290000000000002
0.75,0.53,0.3744292237442922,0.6063218390804598,1.0,0.21264367816091953,0.35071090047393366,0.22929617007533373,0.20340000000000003
0.75,0.54,0.3744292237442922,0.6063218390804598,1.0,0.21264367816091953,0.35071090047393366,0.22929617007533373,0.2041
0.75,0.55,0.3744292237442922,0.6063218390804598,1.0,0.21264367816091953,0.35071090047393366,0.22929617007533373,0.20500000000000002
0.76,0.5,0.3744292237442922,0.6063218390804598,1.0,0.21264367816091953,0.35071090047393366,0.22929617007533373,0.2116
0.76,0.49,0.3744292237442922,0.6063218390804598,1.0,0.21264367816091953,0.35071090047393366,0.22929617007533373,0.2117
0.76,0.51,0.3744292237442922,0.6063218390804598,1.0,0.21264367816091953,0.35071090047393366,0.22929617007533373,0.2117
0.76,0.52,0.3744292237442922,0.6063218390804598,1.0,0.21264367816091953,0.35071090047393366,0.22929617007533373,0.21200000000000002
0.76,0.53,0.3744292237442922,0.6063218390804598,1.0,0.21264367816091953,0.35071090047393366,0.22929617007533373,0.21250000000000002
0.76,0.54,0.3744292237442922,0.6063218390804598,1.0,0.21264367816091953,0.35071090047393366,0.22929617007533373,0.2132
0.76,0.55,0.3744292237442922,0.6063218390804598,1.0,0.21264367816091953,0.35071090047393366,0.22929617007533373,0.2141
0.77,0.48,0.3744292237442922,0.6063218390804598,1.0,0.21264367816091953,0.35071090047393366,0.22929617007533373,0.22130000000000005
0.77,0.47,0.3744292237442922,0.6063218390804598,1.0,0.21264367816091953,0.35071090047393366,0.22929617007533373,0.22180000000000005
0.78,0.48,0.3744292237442922,0.6063218390804598,1.0,0.21264367816091953,0.35071090047393366,0.22929617007533373,0.23080000000000006
0.78,0.47,0.3744292237442922,0.6063218390804598,1.0,0.21264367816091953,0.35071090047393366,0.22929617007533373,0.23130000000000006
0.79,0.48,0.3744292237442922,0.6063218390804598,1.0,0.21264367816091953,0.35071090047393366,0.22929617007533373,0.24050000000000005
0.79,0.47,0.3744292237442922,0.6063218390804598,1.0,0.21264367816091953,0.35071090047393366,0.22929617007533373,0.24100000000000005
0.8,0.48,0.3744292237442922,0.6063218390804598,1.0,0.21264367816091953,0.35071090047393366,0.22929617007533373,0.2504
0.8,0.47,0.3744292237442922,0.6063218390804598,1.0,0.21264367816091953,0.35071090047393366,0.22929617007533373,0.2509
0.59,0.58,0.3698630136986301,0.603448275862069,1.0,0.20689655172413793,0.34285714285714286,0.22555753422051872,0.09049999999999998
0.59,0.59,0.3698630136986301,0.603448275862069,1.0,0.20689655172413793,0.34285714285714286,0.22555753422051872,0.09219999999999999
0.59,0.6,0.3698630136986301,0.603448275862069,1.0,0.20689655172413793,0.34285714285714286,0.22555753422051872,0.09409999999999999
0.59,0.61,0.3698630136986301,0.603448275862069,1.0,0.20689655172413793,0.34285714285714286,0.22555753422051872,0.0962
0.38,0.8,0.3698630136986301,0.603448275862069,1.0,0.20689655172413793,0.34285714285714286,0.22555753422051872,0.09640000000000003
0.39,0.8,0.3698630136986301,0.603448275862069,1.0,0.20689655172413793,0.34285714285714286,0.22555753422051872,0.09810000000000003
0.59,0.62,0.3698630136986301,0.603448275862069,1.0,0.20689655172413793,0.34285714285714286,0.22555753422051872,0.09849999999999999
0.61,0.56,0.3698630136986301,0.603448275862069,1.0,0.20689655172413793,0.34285714285714286,0.22555753422051872,0.09970000000000001
0.4,0.8,0.3698630136986301,0.603448275862069,1.0,0.20689655172413793,0.34285714285714286,0.22555753422051872,0.10000000000000003
0.59,0.63,0.3698630136986301,0.603448275862069,1.0,0.20689655172413793,0.34285714285714286,0.22555753422051872,0.10099999999999999
0.61,0.57,0.3698630136986301,0.603448275862069,1.0,0.20689655172413793,0.34285714285714286,0.22555753422051872,0.10099999999999999
0.41,0.8,0.3698630136986301,0.603448275862069,1.0,0.20689655172413793,0.34285714285714286,0.22555753422051872,0.10210000000000002
0.42,0.8,0.3698630136986301,0.603448275862069,1.0,0.20689655172413793,0.34285714285714286,0.22555753422051872,0.10440000000000002
0.43,0.8,0.3698630136986301,0.603448275862069,1.0,0.20689655172413793,0.34285714285714286,0.22555753422051872,0.10690000000000002
0.44,0.8,0.3698630136986301,0.603448275862069,1.0,0.20689655172413793,0.34285714285714286,0.22555753422051872,0.10960000000000003
0.45,0.8,0.3698630136986301,0.603448275862069,1.0,0.20689655172413793,0.34285714285714286,0.22555753422051872,0.11250000000000003
0.46,0.8,0.3698630136986301,0.603448275862069,1.0,0.20689655172413793,0.34285714285714286,0.22555753422051872,0.11560000000000004
0.47,0.8,0.3698630136986301,0.603448275862069,1.0,0.20689655172413793,0.34285714285714286,0.22555753422051872,0.11890000000000002
0.48,0.8,0.3698630136986301,0.603448275862069,1.0,0.20689655172413793,0.34285714285714286,0.22555753422051872,0.12240000000000002
0.49,0.8,0.3698630136986301,0.603448275862069,1.0,0.20689655172413793,0.34285714285714286,0.22555753422051872,0.12610000000000002
0.5,0.8,0.3698630136986301,0.603448275862069,1.0,0.20689655172413793,0.34285714285714286,0.22555753422051872,0.13000000000000003
0.51,0.8,0.3698630136986301,0.603448275862069,1.0,0.20689655172413793,0.34285714285714286,0.22555753422051872,0.13410000000000002
0.52,0.8,0.3698630136986301,0.603448275862069,1.0,0.20689655172413793,0.34285714285714286,0.22555753422051872,0.13840000000000002
0.53,0.8,0.3698630136986301,0.603448275862069,1.0,0.20689655172413793,0.34285714285714286,0.22555753422051872,0.14290000000000003
0.54,0.8,0.3698630136986301,0.603448275862069,1.0,0.20689655172413793,0.34285714285714286,0.22555753422051872,0.14760000000000004
0.55,0.8,0.3698630136986301,0.603448275862069,1.0,0.20689655172413793,0.34285714285714286,0.22555753422051872,0.15250000000000005
0.77,0.5,0.3698630136986301,0.603448275862069,1.0,0.20689655172413793,0.34285714285714286,0.22555753422051872,0.22090000000000004
0.77,0.49,0.3698630136986301,0.603448275862069,1.0,0.20689655172413793,0.34285714285714286,0.22555753422051872,0.22100000000000003
0.77,0.51,0.3698630136986301,0.603448275862069,1.0,0.20689655172413793,0.34285714285714286,0.22555753422051872,0.22100000000000003
0.77,0.52,0.3698630136986301,0.603448275862069,1.0,0.20689655172413793,0.34285714285714286,0.22555753422051872,0.22130000000000005
0.77,0.53,0.3698630136986301,0.603448275862069,1.0,0.20689655172413793,0.34285714285714286,0.22555753422051872,0.22180000000000005
0.77,0.54,0.3698630136986301,0.603448275862069,1.0,0.20689655172413793,0.34285714285714286,0.22555753422051872,0.22250000000000003
0.77,0.55,0.3698630136986301,0.603448275862069,1.0,0.20689655172413793,0.34285714285714286,0.22555753422051872,0.22340000000000004
0.78,0.5,0.3698630136986301,0.603448275862069,1.0,0.20689655172413793,0.34285714285714286,0.22555753422051872,0.23040000000000005
0.78,0.49,0.3698630136986301,0.603448275862069,1.0,0.20689655172413793,0.34285714285714286,0.22555753422051872,0.23050000000000004
0.78,0.51,0.3698630136986301,0.603448275862069,1.0,0.20689655172413793,0.34285714285714286,0.22555753422051872,0.23050000000000004
0.78,0.52,0.3698630136986301,0.603448275862069,1.0,0.20689655172413793,0.34285714285714286,0.22555753422051872,0.23080000000000006
0.78,0.53,0.3698630136986301,0.603448275862069,1.0,0.20689655172413793,0.34285714285714286,0.22555753422051872,0.23130000000000006
0.78,0.54,0.3698630136986301,0.603448275862069,1.0,0.20689655172413793,0.34285714285714286,0.22555753422051872,0.23200000000000004
0.78,0.55,0.3698630136986301,0.603448275862069,1.0,0.20689655172413793,0.34285714285714286,0.22555753422051872,0.23290000000000005
0.79,0.5,0.3698630136986301,0.603448275862069,1.0,0.20689655172413793,0.34285714285714286,0.22555753422051872,0.24010000000000004
0.79,0.49,0.3698630136986301,0.603448275862069,1.0,0.20689655172413793,0.34285714285714286,0.22555753422051872,0.24020000000000002
0.79,0.51,0.3698630136986301,0.603448275862069,1.0,0.20689655172413793,0.34285714285714286,0.22555753422051872,0.24020000000000002
0.79,0.52,0.3698630136986301,0.603448275862069,1.0,0.20689655172413793,0.34285714285714286,0.22555753422051872,0.24050000000000005
0.79,0.53,0.3698630136986301,0.603448275862069,1.0,0.20689655172413793,0.34285714285714286,0.22555753422051872,0.24100000000000005
0.79,0.54,0.3698630136986301,0.603448275862069,1.0,0.20689655172413793,0.34285714285714286,0.22555753422051872,0.24170000000000003
0.79,0.55,0.3698630136986301,0.603448275862069,1.0,0.20689655172413793,0.34285714285714286,0.22555753422051872,0.24260000000000004
0.8,0.5,0.3698630136986301,0.603448275862069,1.0,0.20689655172413793,0.34285714285714286,0.22555753422051872,0.25
0.8,0.49,0.3698630136986301,0.603448275862069,1.0,0.20689655172413793,0.34285714285714286,0.22555753422051872,0.2501
0.8,0.51,0.3698630136986301,0.603448275862069,1.0,0.20689655172413793,0.34285714285714286,0.22555753422051872,0.2501
0.8,0.52,0.3698630136986301,0.603448275862069,1.0,0.20689655172413793,0.34285714285714286,0.22555753422051872,0.2504
0.8,0.53,0.3698630136986301,0.603448275862069,1.0,0.20689655172413793,0.34285714285714286,0.22555753422051872,0.2509
0.8,0.54,0.3698630136986301,0.603448275862069,1.0,0.20689655172413793,0.34285714285714286,0.22555753422051872,0.2516
0.8,0.55,0.3698630136986301,0.603448275862069,1.0,0.20689655172413793,0.34285714285714286,0.22555753422051872,0.2525
0.56,0.64,0.365296803652968,0.6005747126436781,1.0,0.20114942528735633,0.3349282296650718,0.2217975494083247,0.08720000000000004
0.56,0.65,0.365296803652968,0.6005747126436781,1.0,0.20114942528735633,0.3349282296650718,0.2217975494083247,0.09010000000000004
0.57,0.64,0.365296803652968,0.6005747126436781,1.0,0.20114942528735633,0.3349282296650718,0.2217975494083247,0.09249999999999999
0.56,0.66,0.365296803652968,0.6005747126436781,1.0,0.20114942528735633,0.3349282296650718,0.2217975494083247,0.09320000000000005
0.57,0.65,0.365296803652968,0.6005747126436781,1.0,0.20114942528735633,0.3349282296650718,0.2217975494083247,0.09539999999999998
0.6,0.58,0.365296803652968,0.6005747126436781,1.0,0.20114942528735633,0.3349282296650718,0.2217975494083247,0.09639999999999999
0.56,0.67,0.365296803652968,0.6005747126436781,1.0,0.20114942528735633,0.3349282296650718,0.2217975494083247,0.09650000000000004
0.6,0.59,0.365296803652968,0.6005747126436781,1.0,0.20114942528735633,0.3349282296650718,0.2217975494083247,0.09809999999999999
0.57,0.66,0.365296803652968,0.6005747126436781,1.0,0.20114942528735633,0.3349282296650718,0.2217975494083247,0.09849999999999999
0.6,0.6,0.365296803652968,0.6005747126436781,1.0,0.20114942528735633,0.3349282296650718,0.2217975494083247,0.09999999999999999
0.56,0.68,0.365296803652968,0.6005747126436781,1.0,0.20114942528735633,0.3349282296650718,0.2217975494083247,0.10000000000000006
0.57,0.67,0.365296803652968,0.6005747126436781,1.0,0.20114942528735633,0.3349282296650718,0.2217975494083247,0.10179999999999999
0.6,0.61,0.365296803652968,0.6005747126436781,1.0,0.20114942528735633,0.3349282296650718,0.2217975494083247,0.1021
0.56,0.69,0.365296803652968,0.6005747126436781,1.0,0.20114942528735633,0.3349282296650718,0.2217975494083247,0.10370000000000001
0.6,0.62,0.365296803652968,0.6005747126436781,1.0,0.20114942528735633,0.3349282296650718,0.2217975494083247,0.10439999999999999
0.57,0.68,0.365296803652968,0.6005747126436781,1.0,0.20114942528735633,0.3349282296650718,0.2217975494083247,0.1053
0.62,0.56,0.365296803652968,0.6005747126436781,1.0,0.20114942528735633,0.3349282296650718,0.2217975494083247,0.10600000000000001
0.6,0.63,0.365296803652968,0.6005747126436781,1.0,0.20114942528735633,0.3349282296650718,0.2217975494083247,0.1069
0.62,0.57,0.365296803652968,0.6005747126436781,1.0,0.20114942528735633,0.3349282296650718,0.2217975494083247,0.10729999999999999
0.56,0.7,0.365296803652968,0.6005747126436781,1.0,0.20114942528735633,0.3349282296650718,0.2217975494083247,0.10760000000000002
0.57,0.69,0.365296803652968,0.6005747126436781,1.0,0.20114942528735633,0.3349282296650718,0.2217975494083247,0.10899999999999996
0.63,0.56,0.365296803652968,0.6005747126436781,1.0,0.20114942528735633,0.3349282296650718,0.2217975494083247,0.11250000000000002
0.57,0.7,0.365296803652968,0.6005747126436781,1.0,0.20114942528735633,0.3349282296650718,0.2217975494083247,0.11289999999999996
0.63,0.57,0.365296803652968,0.6005747126436781,1.0,0.20114942528735633,0.3349282296650718,0.2217975494083247,0.1138
0.64,0.56,0.365296803652968,0.6005747126436781,1.0,0.20114942528735633,0.3349282296650718,0.2217975494083247,0.11920000000000003
0.64,0.57,0.365296803652968,0.6005747126436781,1.0,0.20114942528735633,0.3349282296650718,0.2217975494083247,0.12050000000000001
0.65,0.56,0.365296803652968,0.6005747126436781,1.0,0.20114942528735633,0.3349282296650718,0.2217975494083247,0.12610000000000005
0.65,0.57,0.365296803652968,0.6005747126436781,1.0,0.20114942528735633,0.3349282296650718,0.2217975494083247,0.1274
0.66,0.56,0.365296803652968,0.6005747126436781,1.0,0.20114942528735633,0.3349282296650718,0.2217975494083247,0.13320000000000004
0.66,0.57,0.365296803652968,0.6005747126436781,1.0,0.20114942528735633,0.3349282296650718,0.2217975494083247,0.1345
0.67,0.56,0.365296803652968,0.6005747126436781,1.0,0.20114942528735633,0.3349282296650718,0.2217975494083247,0.14050000000000007
0.67,0.57,0.365296803652968,0.6005747126436781,1.0,0.20114942528735633,0.3349282296650718,0.2217975494083247,0.14180000000000004
0.68,0.56,0.365296803652968,0.6005747126436781,1.0,0.20114942528735633,0.3349282296650718,0.2217975494083247,0.14800000000000008
0.68,0.57,0.365296803652968,0.6005747126436781,1.0,0.20114942528735633,0.3349282296650718,0.2217975494083247,0.14930000000000004
0.69,0.56,0.365296803652968,0.6005747126436781,1.0,0.20114942528735633,0.3349282296650718,0.2217975494083247,0.15569999999999998
0.69,0.57,0.365296803652968,0.6005747126436781,1.0,0.20114942528735633,0.3349282296650718,0.2217975494083247,0.15699999999999995
0.58,0.64,0.3607305936073059,0.5977011494252874,1.0,0.19540229885057472,0.3269230769230769,0.21801442362742712,0.09799999999999999
0.58,0.65,0.3607305936073059,0.5977011494252874,1.0,0.19540229885057472,0.3269230769230769,0.21801442362742712,0.10089999999999999
0.61,0.58,0.3607305936073059,0.5977011494252874,1.0,0.19540229885057472,0.3269230769230769,0.21801442362742712,0.1025
0.58,0.66,0.3607305936073059,0.5977011494252874,1.0,0.19540229885057472,0.3269230769230769,0.21801442362742712,0.104
0.61,0.59,0.3607305936073059,0.5977011494252874,1.0,0.19540229885057472,0.3269230769230769,0.21801442362742712,0.1042
0.61,0.6,0.3607305936073059,0.5977011494252874,1.0,0.19540229885057472,0.3269230769230769,0.21801442362742712,0.1061
0.58,0.67,0.3607305936073059,0.5977011494252874,1.0,0.19540229885057472,0.3269230769230769,0.21801442362742712,0.10729999999999999
0.61,0.61,0.3607305936073059,0.5977011494252874,1.0,0.19540229885057472,0.3269230769230769,0.21801442362742712,0.1082
0.61,0.62,0.3607305936073059,0.5977011494252874,1.0,0.19540229885057472,0.3269230769230769,0.21801442362742712,0.1105
0.58,0.68,0.3607305936073059,0.5977011494252874,1.0,0.19540229885057472,0.3269230769230769,0.21801442362742712,0.11080000000000001
0.56,0.71,0.3607305936073059,0.5977011494252874,1.0,0.19540229885057472,0.3269230769230769,0.21801442362742712,0.11170000000000002
0.61,0.63,0.3607305936073059,0.5977011494252874,1.0,0.19540229885057472,0.3269230769230769,0.21801442362742712,0.113
0.58,0.69,0.3607305936073059,0.5977011494252874,1.0,0.19540229885057472,0.3269230769230769,0.21801442362742712,0.11449999999999996
0.56,0.72,0.3607305936073059,0.5977011494252874,1.0,0.19540229885057472,0.3269230769230769,0.21801442362742712,0.11600000000000002
0.57,0.71,0.3607305936073059,0.5977011494252874,1.0,0.19540229885057472,0.3269230769230769,0.21801442362742712,0.11699999999999997
0.58,0.7,0.3607305936073059,0.5977011494252874,1.0,0.19540229885057472,0.3269230769230769,0.21801442362742712,0.11839999999999996
0.56,0.73,0.3607305936073059,0.5977011494252874,1.0,0.19540229885057472,0.3269230769230769,0.21801442362742712,0.12050000000000002
0.57,0.72,0.3607305936073059,0.5977011494252874,1.0,0.19540229885057472,0.3269230769230769,0.21801442362742712,0.12129999999999996
0.57,0.73,0.3607305936073059,0.5977011494252874,1.0,0.19540229885057472,0.3269230769230769,0.21801442362742712,0.12579999999999997
0.59,0.64,0.3561643835616438,0.5948275862068966,1.0,0.1896551724137931,0.3188405797101449,0.21420624618942102,0.1037
0.59,0.65,0.3561643835616438,0.5948275862068966,1.0,0.1896551724137931,0.3188405797101449,0.21420624618942102,0.1066
0.62,0.58,0.3561643835616438,0.5948275862068966,1.0,0.1896551724137931,0.3188405797101449,0.21420624618942102,0.1088
0.59,0.66,0.3561643835616438,0.5948275862068966,1.0,0.1896551724137931,0.3188405797101449,0.21420624618942102,0.1097
0.62,0.59,0.3561643835616438,0.5948275862068966,1.0,0.1896551724137931,0.3188405797101449,0.21420624618942102,0.1105
0.62,0.6,0.3561643835616438,0.5948275862068966,1.0,0.1896551724137931,0.3188405797101449,0.21420624618942102,0.1124
0.59,0.67,0.3561643835616438,0.5948275862068966,1.0,0.1896551724137931,0.3188405797101449,0.21420624618942102,0.113
0.62,0.61,0.3561643835616438,0.5948275862068966,1.0,0.1896551724137931,0.3188405797101449,0.21420624618942102,0.1145
0.63,0.58,0.3561643835616438,0.5948275862068966,1.0,0.1896551724137931,0.3188405797101449,0.21420624618942102,0.1153
0.59,0.68,0.3561643835616438,0.5948275862068966,1.0,0.1896551724137931,0.3188405797101449,0.21420624618942102,0.11650000000000002
0.62,0.62,0.3561643835616438,0.5948275862068966,1.0,0.1896551724137931,0.3188405797101449,0.21420624618942102,0.1168
0.63,0.59,0.3561643835616438,0.5948275862068966,1.0,0.1896551724137931,0.3188405797101449,0.21420624618942102,0.117
0.63,0.6,0.3561643835616438,0.5948275862068966,1.0,0.1896551724137931,0.3188405797101449,0.21420624618942102,0.1189
0.62,0.63,0.3561643835616438,0.5948275862068966,1.0,0.1896551724137931,0.3188405797101449,0.21420624618942102,0.1193
0.59,0.69,0.3561643835616438,0.5948275862068966,1.0,0.1896551724137931,0.3188405797101449,0.21420624618942102,0.12019999999999997
0.63,0.61,0.3561643835616438,0.5948275862068966,1.0,0.1896551724137931,0.3188405797101449,0.21420624618942102,0.12100000000000001
0.64,0.58,0.3561643835616438,0.5948275862068966,1.0,0.1896551724137931,0.3188405797101449,0.21420624618942102,0.12200000000000001
0.58,0.71,0.3561643835616438,0.5948275862068966,1.0,0.1896551724137931,0.3188405797101449,0.21420624618942102,0.12249999999999997
0.63,0.62,0.3561643835616438,0.5948275862068966,1.0,0.1896551724137931,0.3188405797101449,0.21420624618942102,0.1233
0.64,0.59,0.3561643835616438,0.5948275862068966,1.0,0.1896551724137931,0.3188405797101449,0.21420624618942102,0.12370000000000002
0.59,0.7,0.3561643835616438,0.5948275862068966,1.0,0.1896551724137931,0.3188405797101449,0.21420624618942102,0.12409999999999997
0.56,0.74,0.3561643835616438,0.5948275862068966,1.0,0.1896551724137931,0.3188405797101449,0.21420624618942102,0.12520000000000003
0.64,0.6,0.3561643835616438,0.5948275862068966,1.0,0.1896551724137931,0.3188405797101449,0.21420624618942102,0.12560000000000002
0.63,0.63,0.3561643835616438,0.5948275862068966,1.0,0.1896551724137931,0.3188405797101449,0.21420624618942102,0.12580000000000002
0.58,0.72,0.3561643835616438,0.5948275862068966,1.0,0.1896551724137931,0.3188405797101449,0.21420624618942102,0.12679999999999997
0.64,0.61,0.3561643835616438,0.5948275862068966,1.0,0.1896551724137931,0.3188405797101449,0.21420624618942102,0.1277
0.65,0.58,0.3561643835616438,0.5948275862068966,1.0,0.1896551724137931,0.3188405797101449,0.21420624618942102,0.12890000000000001
0.64,0.62,0.3561643835616438,0.5948275862068966,1.0,0.1896551724137931,0.3188405797101449,0.21420624618942102,0.13000000000000003
0.56,0.75,0.3561643835616438,0.5948275862068966,1.0,0.1896551724137931,0.3188405797101449,0.21420624618942102,0.13010000000000005
0.57,0.74,0.3561643835616438,0.5948275862068966,1.0,0.1896551724137931,0.3188405797101449,0.21420624618942102,0.13049999999999998
0.65,0.59,0.3561643835616438,0.5948275862068966,1.0,0.1896551724137931,0.3188405797101449,0.21420624618942102,0.13060000000000002
0.58,0.73,0.3561643835616438,0.5948275862068966,1.0,0.1896551724137931,0.3188405797101449,0.21420624618942102,0.13129999999999997
0.65,0.6,0.3561643835616438,0.5948275862068966,1.0,0.1896551724137931,0.3188405797101449,0.21420624618942102,0.1325
0.64,0.63,0.3561643835616438,0.5948275862068966,1.0,0.1896551724137931,0.3188405797101449,0.21420624618942102,0.13250000000000003
0.65,0.61,0.3561643835616438,0.5948275862068966,1.0,0.1896551724137931,0.3188405797101449,0.21420624618942102,0.13460000000000003
0.57,0.75,0.3561643835616438,0.5948275862068966,1.0,0.1896551724137931,0.3188405797101449,0.21420624618942102,0.13539999999999996
0.66,0.58,0.3561643835616438,0.5948275862068966,1.0,0.1896551724137931,0.3188405797101449,0.21420624618942102,0.136
0.65,0.62,0.3561643835616438,0.5948275862068966,1.0,0.1896551724137931,0.3188405797101449,0.21420624618942102,0.13690000000000002
0.66,0.59,0.3561643835616438,0.5948275862068966,1.0,0.1896551724137931,0.3188405797101449,0.21420624618942102,0.13770000000000002
0.65,0.63,0.3561643835616438,0.5948275862068966,1.0,0.1896551724137931,0.3188405797101449,0.21420624618942102,0.13940000000000002
0.66,0.6,0.3561643835616438,0.5948275862068966,1.0,0.1896551724137931,0.3188405797101449,0.21420624618942102,0.1396
0.66,0.61,0.3561643835616438,0.5948275862068966,1.0,0.1896551724137931,0.3188405797101449,0.21420624618942102,0.14170000000000002
0.67,0.58,0.3561643835616438,0.5948275862068966,1.0,0.1896551724137931,0.3188405797101449,0.21420624618942102,0.14330000000000004
0.66,0.62,0.3561643835616438,0.5948275862068966,1.0,0.1896551724137931,0.3188405797101449,0.21420624618942102,0.14400000000000002
0.67,0.59,0.3561643835616438,0.5948275862068966,1.0,0.1896551724137931,0.3188405797101449,0.21420624618942102,0.14500000000000005
0.66,0.63,0.3561643835616438,0.5948275862068966,1.0,0.1896551724137931,0.3188405797101449,0.21420624618942102,0.14650000000000002
0.67,0.6,0.3561643835616438,0.5948275862068966,1.0,0.1896551724137931,0.3188405797101449,0.21420624618942102,0.14690000000000003
0.67,0.61,0.3561643835616438,0.5948275862068966,1.0,0.1896551724137931,0.3188405797101449,0.21420624618942102,0.14900000000000005
0.68,0.58,0.3561643835616438,0.5948275862068966,1.0,0.1896551724137931,0.3188405797101449,0.21420624618942102,0.15080000000000005
0.67,0.62,0.3561643835616438,0.5948275862068966,1.0,0.1896551724137931,0.3188405797101449,0.21420624618942102,0.15130000000000005
0.68,0.59,0.3561643835616438,0.5948275862068966,1.0,0.1896551724137931,0.3188405797101449,0.21420624618942102,0.15250000000000005
0.67,0.63,0.3561643835616438,0.5948275862068966,1.0,0.1896551724137931,0.3188405797101449,0.21420624618942102,0.15380000000000005
0.68,0.6,0.3561643835616438,0.5948275862068966,1.0,0.1896551724137931,0.3188405797101449,0.21420624618942102,0.15440000000000004
0.68,0.61,0.3561643835616438,0.5948275862068966,1.0,0.1896551724137931,0.3188405797101449,0.21420624618942102,0.15650000000000006
0.69,0.58,0.3561643835616438,0.5948275862068966,1.0,0.1896551724137931,0.3188405797101449,0.21420624618942102,0.15849999999999995
0.68,0.62,0.3561643835616438,0.5948275862068966,1.0,0.1896551724137931,0.3188405797101449,0.21420624618942102,0.15880000000000005
0.69,0.59,0.3561643835616438,0.5948275862068966,1.0,0.1896551724137931,0.3188405797101449,0.21420624618942102,0.16019999999999995
0.68,0.63,0.3561643835616438,0.5948275862068966,1.0,0.1896551724137931,0.3188405797101449,0.21420624618942102,0.16130000000000005
0.69,0.6,0.3561643835616438,0.5948275862068966,1.0,0.1896551724137931,0.3188405797101449,0.21420624618942102,0.16209999999999997
0.7,0.56,0.3561643835616438,0.5948275862068966,1.0,0.1896551724137931,0.3188405797101449,0.21420624618942102,0.1636
0.69,0.61,0.3561643835616438,0.5948275862068966,1.0,0.1896551724137931,0.3188405797101449,0.21420624618942102,0.16419999999999996
0.7,0.57,0.3561643835616438,0.5948275862068966,1.0,0.1896551724137931,0.3188405797101449,0.21420624618942102,0.16489999999999996
0.69,0.62,0.3561643835616438,0.5948275862068966,1.0,0.1896551724137931,0.3188405797101449,0.21420624618942102,0.16649999999999995
0.69,0.63,0.3561643835616438,0.5948275862068966,1.0,0.1896551724137931,0.3188405797101449,0.21420624618942102,0.16899999999999996
0.71,0.56,0.3561643835616438,0.5948275862068966,1.0,0.1896551724137931,0.3188405797101449,0.21420624618942102,0.1717
0.71,0.57,0.3561643835616438,0.5948275862068966,1.0,0.1896551724137931,0.3188405797101449,0.21420624618942102,0.17299999999999996
0.72,0.56,0.3561643835616438,0.5948275862068966,1.0,0.1896551724137931,0.3188405797101449,0.21420624618942102,0.18
0.72,0.57,0.3561643835616438,0.5948275862068966,1.0,0.1896551724137931,0.3188405797101449,0.21420624618942102,0.18129999999999996
0.73,0.56,0.3561643835616438,0.5948275862068966,1.0,0.1896551724137931,0.3188405797101449,0.21420624618942102,0.1885
0.73,0.57,0.3561643835616438,0.5948275862068966,1.0,0.1896551724137931,0.3188405797101449,0.21420624618942102,0.18979999999999997
0.74,0.56,0.3561643835616438,0.5948275862068966,1.0,0.1896551724137931,0.3188405797101449,0.21420624618942102,0.19720000000000001
0.74,0.57,0.3561643835616438,0.5948275862068966,1.0,0.1896551724137931,0.3188405797101449,0.21420624618942102,0.19849999999999998
0.75,0.56,0.3561643835616438,0.5948275862068966,1.0,0.1896551724137931,0.3188405797101449,0.21420624618942102,0.20610000000000003
0.75,0.57,0.3561643835616438,0.5948275862068966,1.0,0.1896551724137931,0.3188405797101449,0.21420624618942102,0.2074
0.76,0.56,0.3561643835616438,0.5948275862068966,1.0,0.1896551724137931,0.3188405797101449,0.21420624618942102,0.21520000000000003
0.76,0.57,0.3561643835616438,0.5948275862068966,1.0,0.1896551724137931,0.3188405797101449,0.21420624618942102,0.2165
0.6,0.64,0.3515981735159817,0.5919540229885057,1.0,0.1839080459770115,0.3106796116504854,0.21037097445432848,0.1096
0.6,0.65,0.3515981735159817,0.5919540229885057,1.0,0.1839080459770115,0.3106796116504854,0.21037097445432848,0.1125
0.6,0.66,0.3515981735159817,0.5919540229885057,1.0,0.1839080459770115,0.3106796116504854,0.21037097445432848,0.11560000000000001
0.6,0.67,0.3515981735159817,0.5919540229885057,1.0,0.1839080459770115,0.3106796116504854,0.21037097445432848,0.1189
0.6,0.68,0.3515981735159817,0.5919540229885057,1.0,0.1839080459770115,0.3106796116504854,0.21037097445432848,0.12240000000000001
0.6,0.69,0.3515981735159817,0.5919540229885057,1.0,0.1839080459770115,0.3106796116504854,0.21037097445432848,0.1261
0.59,0.71,0.3515981735159817,0.5919540229885057,1.0,0.1839080459770115,0.3106796116504854,0.21037097445432848,0.12819999999999998
0.6,0.7,0.3515981735159817,0.5919540229885057,1.0,0.1839080459770115,0.3106796116504854,0.21037097445432848,0.12999999999999998
0.59,0.72,0.3515981735159817,0.5919540229885057,1.0,0.1839080459770115,0.3106796116504854,0.21037097445432848,0.13249999999999998
0.56,0.76,0.3515981735159817,0.5919540229885057,1.0,0.1839080459770115,0.3106796116504854,0.21037097445432848,0.13520000000000004
0.58,0.74,0.3515981735159817,0.5919540229885057,1.0,0.1839080459770115,0.3106796116504854,0.21037097445432848,0.13599999999999998
0.59,0.73,0.3515981735159817,0.5919540229885057,1.0,0.1839080459770115,0.3106796116504854,0.21037097445432848,0.13699999999999998
0.57,0.76,0.3515981735159817,0.5919540229885057,1.0,0.1839080459770115,0.3106796116504854,0.21037097445432848,0.14049999999999999
0.56,0.77,0.3515981735159817,0.5919540229885057,1.0,0.1839080459770115,0.3106796116504854,0.21037097445432848,0.14050000000000004
0.58,0.75,0.3515981735159817,0.5919540229885057,1.0,0.1839080459770115,0.3106796116504854,0.21037097445432848,0.14089999999999997
0.57,0.77,0.3515981735159817,0.5919540229885057,1.0,0.1839080459770115,0.3106796116504854,0.21037097445432848,0.14579999999999999
0.58,0.76,0.3515981735159817,0.5919540229885057,1.0,0.1839080459770115,0.3106796116504854,0.21037097445432848,0.146
0.56,0.78,0.3515981735159817,0.5919540229885057,1.0,0.1839080459770115,0.3106796116504854,0.21037097445432848,0.14600000000000005
0.57,0.78,0.3515981735159817,0.5919540229885057,1.0,0.1839080459770115,0.3106796116504854,0.21037097445432848,0.1513
0.58,0.77,0.3515981735159817,0.5919540229885057,1.0,0.1839080459770115,0.3106796116504854,0.21037097445432848,0.1513
0.58,0.78,0.3515981735159817,0.5919540229885057,1.0,0.1839080459770115,0.3106796116504854,0.21037097445432848,0.1568
0.77,0.56,0.3515981735159817,0.5919540229885057,1.0,0.1839080459770115,0.3106796116504854,0.21037097445432848,0.22450000000000006
0.77,0.57,0.3515981735159817,0.5919540229885057,1.0,0.1839080459770115,0.3106796116504854,0.21037097445432848,0.22580000000000003
0.78,0.56,0.3515981735159817,0.5919540229885057,1.0,0.1839080459770115,0.3106796116504854,0.21037097445432848,0.23400000000000007
0.78,0.57,0.3515981735159817,0.5919540229885057,1.0,0.1839080459770115,0.3106796116504854,0.21037097445432848,0.23530000000000004
0.79,0.56,0.3515981735159817,0.5919540229885057,1.0,0.1839080459770115,0.3106796116504854,0.21037097445432848,0.24370000000000006
0.79,0.57,0.3515981735159817,0.5919540229885057,1.0,0.1839080459770115,0.3106796116504854,0.21037097445432848,0.24500000000000002
0.8,0.56,0.3515981735159817,0.5919540229885057,1.0,0.1839080459770115,0.3106796116504854,0.21037097445432848,0.2536
0.8,0.57,0.3515981735159817,0.5919540229885057,1.0,0.1839080459770115,0.3106796116504854,0.21037097445432848,0.2549
0.61,0.64,0.3470319634703196,0.5890804597701149,1.0,0.1781609195402299,0.3024390243902439,0.20650641867452552,0.11570000000000001
0.61,0.65,0.3470319634703196,0.5890804597701149,1.0,0.1781609195402299,0.3024390243902439,0.20650641867452552,0.11860000000000001
0.61,0.66,0.3470319634703196,0.5890804597701149,1.0,0.1781609195402299,0.3024390243902439,0.20650641867452552,0.12170000000000002
0.61,0.67,0.3470319634703196,0.5890804597701149,1.0,0.1781609195402299,0.3024390243902439,0.20650641867452552,0.12500000000000003
0.61,0.68,0.3470319634703196,0.5890804597701149,1.0,0.1781609195402299,0.3024390243902439,0.20650641867452552,0.12850000000000003
0.61,0.69,0.3470319634703196,0.5890804597701149,1.0,0.1781609195402299,0.3024390243902439,0.20650641867452552,0.13219999999999998
0.6,0.71,0.3470319634703196,0.5890804597701149,1.0,0.1781609195402299,0.3024390243902439,0.20650641867452552,0.1341
0.61,0.7,0.3470319634703196,0.5890804597701149,1.0,0.1781609195402299,0.3024390243902439,0.20650641867452552,0.1361
0.6,0.72,0.3470319634703196,0.5890804597701149,1.0,0.1781609195402299,0.3024390243902439,0.20650641867452552,0.1384
0.59,0.74,0.3470319634703196,0.5890804597701149,1.0,0.1781609195402299,0.3024390243902439,0.20650641867452552,0.1417
0.6,0.73,0.3470319634703196,0.5890804597701149,1.0,0.1781609195402299,0.3024390243902439,0.20650641867452552,0.14289999999999997
0.59,0.75,0.3470319634703196,0.5890804597701149,1.0,0.1781609195402299,0.3024390243902439,0.20650641867452552,0.1466
0.6,0.74,0.3470319634703196,0.5890804597701149,1.0,0.1781609195402299,0.3024390243902439,0.20650641867452552,0.1476
0.59,0.76,0.3470319634703196,0.5890804597701149,1.0,0.1781609195402299,0.3024390243902439,0.20650641867452552,0.1517
0.6,0.75,0.3470319634703196,0.5890804597701149,1.0,0.1781609195402299,0.3024390243902439,0.20650641867452552,0.1525
0.59,0.77,0.3470319634703196,0.5890804597701149,1.0,0.1781609195402299,0.3024390243902439,0.20650641867452552,0.157
0.6,0.76,0.3470319634703196,0.5890804597701149,1.0,0.1781609195402299,0.3024390243902439,0.20650641867452552,0.15760000000000002
0.59,0.78,0.3470319634703196,0.5890804597701149,1.0,0.1781609195402299,0.3024390243902439,0.20650641867452552,0.1625
0.6,0.77,0.3470319634703196,0.5890804597701149,1.0,0.1781609195402299,0.3024390243902439,0.20650641867452552,0.1629
0.7,0.58,0.3470319634703196,0.5890804597701149,1.0,0.1781609195402299,0.3024390243902439,0.20650641867452552,0.16639999999999996
0.7,0.59,0.3470319634703196,0.5890804597701149,1.0,0.1781609195402299,0.3024390243902439,0.20650641867452552,0.16809999999999997
0.6,0.78,0.3470319634703196,0.5890804597701149,1.0,0.1781609195402299,0.3024390243902439,0.20650641867452552,0.1684
0.7,0.6,0.3470319634703196,0.5890804597701149,1.0,0.1781609195402299,0.3024390243902439,0.20650641867452552,0.16999999999999998
0.7,0.61,0.3470319634703196,0.5890804597701149,1.0,0.1781609195402299,0.3024390243902439,0.20650641867452552,0.17209999999999998
0.7,0.62,0.3470319634703196,0.5890804597701149,1.0,0.1781609195402299,0.3024390243902439,0.20650641867452552,0.17439999999999997
0.71,0.58,0.3470319634703196,0.5890804597701149,1.0,0.1781609195402299,0.3024390243902439,0.20650641867452552,0.17449999999999996
0.71,0.59,0.3470319634703196,0.5890804597701149,1.0,0.1781609195402299,0.3024390243902439,0.20650641867452552,0.17619999999999997
0.7,0.63,0.3470319634703196,0.5890804597701149,1.0,0.1781609195402299,0.3024390243902439,0.20650641867452552,0.17689999999999997
0.71,0.6,0.3470319634703196,0.5890804597701149,1.0,0.1781609195402299,0.3024390243902439,0.20650641867452552,0.17809999999999998
0.71,0.61,0.3470319634703196,0.5890804597701149,1.0,0.1781609195402299,0.3024390243902439,0.20650641867452552,0.18019999999999997
0.71,0.62,0.3470319634703196,0.5890804597701149,1.0,0.1781609195402299,0.3024390243902439,0.20650641867452552,0.18249999999999997
0.72,0.58,0.3470319634703196,0.5890804597701149,1.0,0.1781609195402299,0.3024390243902439,0.20650641867452552,0.18279999999999996
0.72,0.59,0.3470319634703196,0.5890804597701149,1.0,0.1781609195402299,0.3024390243902439,0.20650641867452552,0.18449999999999997
0.71,0.63,0.3470319634703196,0.5890804597701149,1.0,0.1781609195402299,0.3024390243902439,0.20650641867452552,0.18499999999999997
0.72,0.6,0.3470319634703196,0.5890804597701149,1.0,0.1781609195402299,0.3024390243902439,0.20650641867452552,0.18639999999999995
0.72,0.61,0.3470319634703196,0.5890804597701149,1.0,0.1781609195402299,0.3024390243902439,0.20650641867452552,0.18849999999999997
0.72,0.62,0.3470319634703196,0.5890804597701149,1.0,0.1781609195402299,0.3024390243902439,0.20650641867452552,0.19079999999999997
0.73,0.58,0.3470319634703196,0.5890804597701149,1.0,0.1781609195402299,0.3024390243902439,0.20650641867452552,0.19129999999999997
0.73,0.59,0.3470319634703196,0.5890804597701149,1.0,0.1781609195402299,0.3024390243902439,0.20650641867452552,0.19299999999999998
0.72,0.63,0.3470319634703196,0.5890804597701149,1.0,0.1781609195402299,0.3024390243902439,0.20650641867452552,0.19329999999999997
0.73,0.6,0.3470319634703196,0.5890804597701149,1.0,0.1781609195402299,0.3024390243902439,0.20650641867452552,0.19489999999999996
0.73,0.61,0.3470319634703196,0.5890804597701149,1.0,0.1781609195402299,0.3024390243902439,0.20650641867452552,0.19699999999999998
0.73,0.62,0.3470319634703196,0.5890804597701149,1.0,0.1781609195402299,0.3024390243902439,0.20650641867452552,0.19929999999999998
0.74,0.58,0.3470319634703196,0.5890804597701149,1.0,0.1781609195402299,0.3024390243902439,0.20650641867452552,0.19999999999999998
0.74,0.59,0.3470319634703196,0.5890804597701149,1.0,0.1781609195402299,0.3024390243902439,0.20650641867452552,0.2017
0.73,0.63,0.3470319634703196,0.5890804597701149,1.0,0.1781609195402299,0.3024390243902439,0.20650641867452552,0.20179999999999998
0.74,0.6,0.3470319634703196,0.5890804597701149,1.0,0.1781609195402299,0.3024390243902439,0.20650641867452552,0.2036
0.74,0.61,0.3470319634703196,0.5890804597701149,1.0,0.1781609195402299,0.3024390243902439,0.20650641867452552,0.2057
0.74,0.62,0.3470319634703196,0.5890804597701149,1.0,0.1781609195402299,0.3024390243902439,0.20650641867452552,0.208
0.75,0.58,0.3470319634703196,0.5890804597701149,1.0,0.1781609195402299,0.3024390243902439,0.20650641867452552,0.2089
0.74,0.63,0.3470319634703196,0.5890804597701149,1.0,0.1781609195402299,0.3024390243902439,0.20650641867452552,0.2105
0.75,0.59,0.3470319634703196,0.5890804597701149,1.0,0.1781609195402299,0.3024390243902439,0.20650641867452552,0.2106
0.75,0.6,0.3470319634703196,0.5890804597701149,1.0,0.1781609195402299,0.3024390243902439,0.20650641867452552,0.21250000000000002
0.75,0.61,0.3470319634703196,0.5890804597701149,1.0,0.1781609195402299,0.3024390243902439,0.20650641867452552,0.2146
0.75,0.62,0.3470319634703196,0.5890804597701149,1.0,0.1781609195402299,0.3024390243902439,0.20650641867452552,0.2169
0.76,0.58,0.3470319634703196,0.5890804597701149,1.0,0.1781609195402299,0.3024390243902439,0.20650641867452552,0.218
0.75,0.63,0.3470319634703196,0.5890804597701149,1.0,0.1781609195402299,0.3024390243902439,0.20650641867452552,0.2194
0.76,0.59,0.3470319634703196,0.5890804597701149,1.0,0.1781609195402299,0.3024390243902439,0.20650641867452552,0.2197
0.76,0.6,0.3470319634703196,0.5890804597701149,1.0,0.1781609195402299,0.3024390243902439,0.20650641867452552,0.22160000000000002
0.76,0.61,0.3470319634703196,0.5890804597701149,1.0,0.1781609195402299,0.3024390243902439,0.20650641867452552,0.2237
0.76,0.62,0.3470319634703196,0.5890804597701149,1.0,0.1781609195402299,0.3024390243902439,0.20650641867452552,0.226
0.76,0.63,0.3470319634703196,0.5890804597701149,1.0,0.1781609195402299,0.3024390243902439,0.20650641867452552,0.2285
0.62,0.64,0.3424657534246575,0.5862068965517242,1.0,0.1724137931034483,0.29411764705882354,0.20261022461827696,0.12200000000000001
0.62,0.65,0.3424657534246575,0.5862068965517242,1.0,0.1724137931034483,0.29411764705882354,0.20261022461827696,0.12490000000000001
0.62,0.66,0.3424657534246575,0.5862068965517242,1.0,0.1724137931034483,0.29411764705882354,0.20261022461827696,0.128
0.63,0.64,0.3424657534246575,0.5862068965517242,1.0,0.1724137931034483,0.29411764705882354,0.20261022461827696,0.1285
0.62,0.67,0.3424657534246575,0.5862068965517242,1.0,0.1724137931034483,0.29411764705882354,0.20261022461827696,0.13130000000000003
0.63,0.65,0.3424657534246575,0.5862068965517242,1.0,0.1724137931034483,0.29411764705882354,0.20261022461827696,0.13140000000000002
0.63,0.66,0.3424657534246575,0.5862068965517242,1.0,0.1724137931034483,0.29411764705882354,0.20261022461827696,0.1345
0.62,0.68,0.3424657534246575,0.5862068965517242,1.0,0.1724137931034483,0.29411764705882354,0.20261022461827696,0.13480000000000003
0.64,0.64,0.3424657534246575,0.5862068965517242,1.0,0.1724137931034483,0.29411764705882354,0.20261022461827696,0.13520000000000001
0.63,0.67,0.3424657534246575,0.5862068965517242,1.0,0.1724137931034483,0.29411764705882354,0.20261022461827696,0.13780000000000003
0.64,0.65,0.3424657534246575,0.5862068965517242,1.0,0.1724137931034483,0.29411764705882354,0.20261022461827696,0.13810000000000003
0.62,0.69,0.3424657534246575,0.5862068965517242,1.0,0.1724137931034483,0.29411764705882354,0.20261022461827696,0.13849999999999998
0.61,0.71,0.3424657534246575,0.5862068965517242,1.0,0.1724137931034483,0.29411764705882354,0.20261022461827696,0.1402
0.64,0.66,0.3424657534246575,0.5862068965517242,1.0,0.1724137931034483,0.29411764705882354,0.20261022461827696,0.14120000000000005
0.63,0.68,0.3424657534246575,0.5862068965517242,1.0,0.1724137931034483,0.29411764705882354,0.20261022461827696,0.14130000000000004
0.65,0.64,0.3424657534246575,0.5862068965517242,1.0,0.1724137931034483,0.29411764705882354,0.20261022461827696,0.14210000000000003
0.62,0.7,0.3424657534246575,0.5862068965517242,1.0,0.1724137931034483,0.29411764705882354,0.20261022461827696,0.14239999999999997
0.61,0.72,0.3424657534246575,0.5862068965517242,1.0,0.1724137931034483,0.29411764705882354,0.20261022461827696,0.1445
0.64,0.67,0.3424657534246575,0.5862068965517242,1.0,0.1724137931034483,0.29411764705882354,0.20261022461827696,0.14450000000000005
0.63,0.69,0.3424657534246575,0.5862068965517242,1.0,0.1724137931034483,0.29411764705882354,0.20261022461827696,0.145
0.65,0.65,0.3424657534246575,0.5862068965517242,1.0,0.1724137931034483,0.29411764705882354,0.20261022461827696,0.14500000000000002
0.64,0.68,0.3424657534246575,0.5862068965517242,1.0,0.1724137931034483,0.29411764705882354,0.20261022461827696,0.14800000000000005
0.65,0.66,0.3424657534246575,0.5862068965517242,1.0,0.1724137931034483,0.29411764705882354,0.20261022461827696,0.14810000000000004
0.63,0.7,0.3424657534246575,0.5862068965517242,1.0,0.1724137931034483,0.29411764705882354,0.20261022461827696,0.14889999999999998
0.61,0.73,0.3424657534246575,0.5862068965517242,1.0,0.1724137931034483,0.29411764705882354,0.20261022461827696,0.149
0.66,0.64,0.3424657534246575,0.5862068965517242,1.0,0.1724137931034483,0.29411764705882354,0.20261022461827696,0.14920000000000003
0.65,0.67,0.3424657534246575,0.5862068965517242,1.0,0.1724137931034483,0.29411764705882354,0.20261022461827696,0.15140000000000003
0.64,0.69,0.3424657534246575,0.5862068965517242,1.0,0.1724137931034483,0.29411764705882354,0.20261022461827696,0.1517
0.56,0.79,0.3424657534246575,0.5862068965517242,1.0,0.1724137931034483,0.29411764705882354,0.20261022461827696,0.15170000000000006
0.66,0.65,0.3424657534246575,0.5862068965517242,1.0,0.1724137931034483,0.29411764705882354,0.20261022461827696,0.1521
0.61,0.74,0.3424657534246575,0.5862068965517242,1.0,0.1724137931034483,0.29411764705882354,0.20261022461827696,0.1537
0.65,0.68,0.3424657534246575,0.5862068965517242,1.0,0.1724137931034483,0.29411764705882354,0.20261022461827696,0.15490000000000004
0.66,0.66,0.3424657534246575,0.5862068965517242,1.0,0.1724137931034483,0.29411764705882354,0.20261022461827696,0.15520000000000003
0.64,0.7,0.3424657534246575,0.5862068965517242,1.0,0.1724137931034483,0.29411764705882354,0.20261022461827696,0.15560000000000002
0.67,0.64,0.3424657534246575,0.5862068965517242,1.0,0.1724137931034483,0.29411764705882354,0.20261022461827696,0.15650000000000006
0.57,0.79,0.3424657534246575,0.5862068965517242,1.0,0.1724137931034483,0.29411764705882354,0.20261022461827696,0.157
0.66,0.67,0.3424657534246575,0.5862068965517242,1.0,0.1724137931034483,0.29411764705882354,0.20261022461827696,0.15850000000000003
0.61,0.75,0.3424657534246575,0.5862068965517242,1.0,0.1724137931034483,0.29411764705882354,0.20261022461827696,0.15860000000000002
0.65,0.69,0.3424657534246575,0.5862068965517242,1.0,0.1724137931034483,0.29411764705882354,0.20261022461827696,0.15860000000000002
0.67,0.65,0.3424657534246575,0.5862068965517242,1.0,0.1724137931034483,0.29411764705882354,0.20261022461827696,0.15940000000000004
0.66,0.68,0.3424657534246575,0.5862068965517242,1.0,0.1724137931034483,0.29411764705882354,0.20261022461827696,0.16200000000000003
0.58,0.79,0.3424657534246575,0.5862068965517242,1.0,0.1724137931034483,0.29411764705882354,0.20261022461827696,0.1625
0.65,0.7,0.3424657534246575,0.5862068965517242,1.0,0.1724137931034483,0.29411764705882354,0.20261022461827696,0.1625
0.67,0.66,0.3424657534246575,0.5862068965517242,1.0,0.1724137931034483,0.29411764705882354,0.20261022461827696,0.16250000000000006
0.61,0.76,0.3424657534246575,0.5862068965517242,1.0,0.1724137931034483,0.29411764705882354,0.20261022461827696,0.1637
0.68,0.64,0.3424657534246575,0.5862068965517242,1.0,0.1724137931034483,0.29411764705882354,0.20261022461827696,0.16400000000000006
0.66,0.69,0.3424657534246575,0.5862068965517242,1.0,0.1724137931034483,0.29411764705882354,0.20261022461827696,0.16570000000000001
0.67,0.67,0.3424657534246575,0.5862068965517242,1.0,0.1724137931034483,0.29411764705882354,0.20261022461827696,0.16580000000000006
0.68,0.65,0.3424657534246575,0.5862068965517242,1.0,0.1724137931034483,0.29411764705882354,0.20261022461827696,0.16690000000000005
0.59,0.79,0.3424657534246575,0.5862068965517242,1.0,0.1724137931034483,0.29411764705882354,0.20261022461827696,0.16820000000000002
0.61,0.77,0.3424657534246575,0.5862068965517242,1.0,0.1724137931034483,0.29411764705882354,0.20261022461827696,0.169
0.67,0.68,0.3424657534246575,0.5862068965517242,1.0,0.1724137931034483,0.29411764705882354,0.20261022461827696,0.16930000000000006
0.66,0.7,0.3424657534246575,0.5862068965517242,1.0,0.1724137931034483,0.29411764705882354,0.20261022461827696,0.1696
0.68,0.66,0.3424657534246575,0.5862068965517242,1.0,0.1724137931034483,0.29411764705882354,0.20261022461827696,0.17000000000000007
0.69,0.64,0.3424657534246575,0.5862068965517242,1.0,0.1724137931034483,0.29411764705882354,0.20261022461827696,0.17169999999999996
0.67,0.69,0.3424657534246575,0.5862068965517242,1.0,0.1724137931034483,0.29411764705882354,0.20261022461827696,0.17300000000000004
0.68,0.67,0.3424657534246575,0.5862068965517242,1.0,0.1724137931034483,0.29411764705882354,0.20261022461827696,0.17330000000000007
0.6,0.79,0.3424657534246575,0.5862068965517242,1.0,0.1724137931034483,0.29411764705882354,0.20261022461827696,0.17410000000000003
0.61,0.78,0.3424657534246575,0.5862068965517242,1.0,0.1724137931034483,0.29411764705882354,0.20261022461827696,0.17450000000000002
0.69,0.65,0.3424657534246575,0.5862068965517242,1.0,0.1724137931034483,0.29411764705882354,0.20261022461827696,0.17459999999999998
0.68,0.68,0.3424657534246575,0.5862068965517242,1.0,0.1724137931034483,0.29411764705882354,0.20261022461827696,0.17680000000000007
0.67,0.7,0.3424657534246575,0.5862068965517242,1.0,0.1724137931034483,0.29411764705882354,0.20261022461827696,0.17690000000000003
0.69,0.66,0.3424657534246575,0.5862068965517242,1.0,0.1724137931034483,0.29411764705882354,0.20261022461827696,0.17769999999999997
0.68,0.69,0.3424657534246575,0.5862068965517242,1.0,0.1724137931034483,0.29411764705882354,0.20261022461827696,0.18050000000000005
0.69,0.67,0.3424657534246575,0.5862068965517242,1.0,0.1724137931034483,0.29411764705882354,0.20261022461827696,0.18099999999999997
0.68,0.7,0.3424657534246575,0.5862068965517242,1.0,0.1724137931034483,0.29411764705882354,0.20261022461827696,0.18440000000000004
0.69,0.68,0.3424657534246575,0.5862068965517242,1.0,0.1724137931034483,0.29411764705882354,0.20261022461827696,0.18449999999999997
0.69,0.69,0.3424657534246575,0.5862068965517242,1.0,0.1724137931034483,0.29411764705882354,0.20261022461827696,0.18819999999999992
0.69,0.7,0.3424657534246575,0.5862068965517242,1.0,0.1724137931034483,0.29411764705882354,0.20261022461827696,0.19209999999999994
0.77,0.58,0.3424657534246575,0.5862068965517242,1.0,0.1724137931034483,0.29411764705882354,0.20261022461827696,0.22730000000000003
0.77,0.59,0.3424657534246575,0.5862068965517242,1.0,0.1724137931034483,0.29411764705882354,0.20261022461827696,0.22900000000000004
0.77,0.6,0.3424657534246575,0.5862068965517242,1.0,0.1724137931034483,0.29411764705882354,0.20261022461827696,0.23090000000000005
0.77,0.61,0.3424657534246575,0.5862068965517242,1.0,0.1724137931034483,0.29411764705882354,0.20261022461827696,0.23300000000000004
0.77,0.62,0.3424657534246575,0.5862068965517242,1.0,0.1724137931034483,0.29411764705882354,0.20261022461827696,0.23530000000000004
0.78,0.58,0.3424657534246575,0.5862068965517242,1.0,0.1724137931034483,0.29411764705882354,0.20261022461827696,0.23680000000000004
0.77,0.63,0.3424657534246575,0.5862068965517242,1.0,0.1724137931034483,0.29411764705882354,0.20261022461827696,0.23780000000000004
0.78,0.59,0.3424657534246575,0.5862068965517242,1.0,0.1724137931034483,0.29411764705882354,0.20261022461827696,0.23850000000000005
0.78,0.6,0.3424657534246575,0.5862068965517242,1.0,0.1724137931034483,0.29411764705882354,0.20261022461827696,0.24040000000000006
0.78,0.61,0.3424657534246575,0.5862068965517242,1.0,0.1724137931034483,0.29411764705882354,0.20261022461827696,0.24250000000000005
0.78,0.62,0.3424657534246575,0.5862068965517242,1.0,0.1724137931034483,0.29411764705882354,0.20261022461827696,0.24480000000000005
0.79,0.58,0.3424657534246575,0.5862068965517242,1.0,0.1724137931034483,0.29411764705882354,0.20261022461827696,0.24650000000000002
0.78,0.63,0.3424657534246575,0.5862068965517242,1.0,0.1724137931034483,0.29411764705882354,0.20261022461827696,0.24730000000000005
0.79,0.59,0.3424657534246575,0.5862068965517242,1.0,0.1724137931034483,0.29411764705882354,0.20261022461827696,0.24820000000000003
0.79,0.6,0.3424657534246575,0.5862068965517242,1.0,0.1724137931034483,0.29411764705882354,0.20261022461827696,0.25010000000000004
0.79,0.61,0.3424657534246575,0.5862068965517242,1.0,0.1724137931034483,0.29411764705882354,0.20261022461827696,0.25220000000000004
0.79,0.62,0.3424657534246575,0.5862068965517242,1.0,0.1724137931034483,0.29411764705882354,0.20261022461827696,0.25450000000000006
0.8,0.58,0.3424657534246575,0.5862068965517242,1.0,0.1724137931034483,0.29411764705882354,0.20261022461827696,0.2564
0.79,0.63,0.3424657534246575,0.5862068965517242,1.0,0.1724137931034483,0.29411764705882354,0.20261022461827696,0.25700000000000006
0.8,0.59,0.3424657534246575,0.5862068965517242,1.0,0.1724137931034483,0.29411764705882354,0.20261022461827696,0.2581
0.8,0.6,0.3424657534246575,0.5862068965517242,1.0,0.1724137931034483,0.29411764705882354,0.20261022461827696,0.26
0.8,0.61,0.3424657534246575,0.5862068965517242,1.0,0.1724137931034483,0.29411764705882354,0.20261022461827696,0.2621
0.8,0.62,0.3424657534246575,0.5862068965517242,1.0,0.1724137931034483,0.29411764705882354,0.20261022461827696,0.2644
0.8,0.63,0.3424657534246575,0.5862068965517242,1.0,0.1724137931034483,0.29411764705882354,0.20261022461827696,0.2669
0.62,0.71,0.3378995433789954,0.5833333333333334,1.0,0.16666666666666666,0.2857142857142857,0.19867985355975656,0.1465
0.62,0.72,0.3378995433789954,0.5833333333333334,1.0,0.16666666666666666,0.2857142857142857,0.19867985355975656,0.1508
0.63,0.71,0.3378995433789954,0.5833333333333334,1.0,0.16666666666666666,0.2857142857142857,0.19867985355975656,0.153
0.62,0.73,0.3378995433789954,0.5833333333333334,1.0,0.16666666666666666,0.2857142857142857,0.19867985355975656,0.1553
0.63,0.72,0.3378995433789954,0.5833333333333334,1.0,0.16666666666666666,0.2857142857142857,0.19867985355975656,0.1573
0.56,0.8,0.3378995433789954,0.5833333333333334,1.0,0.16666666666666666,0.2857142857142857,0.19867985355975656,0.15760000000000007
0.64,0.71,0.3378995433789954,0.5833333333333334,1.0,0.16666666666666666,0.2857142857142857,0.19867985355975656,0.1597
0.62,0.74,0.3378995433789954,0.5833333333333334,1.0,0.16666666666666666,0.2857142857142857,0.19867985355975656,0.16
0.63,0.73,0.3378995433789954,0.5833333333333334,1.0,0.16666666666666666,0.2857142857142857,0.19867985355975656,0.1618
0.57,0.8,0.3378995433789954,0.5833333333333334,1.0,0.16666666666666666,0.2857142857142857,0.19867985355975656,0.1629
0.64,0.72,0.3378995433789954,0.5833333333333334,1.0,0.16666666666666666,0.2857142857142857,0.19867985355975656,0.164
0.62,0.75,0.3378995433789954,0.5833333333333334,1.0,0.16666666666666666,0.2857142857142857,0.19867985355975656,0.1649
0.63,0.74,0.3378995433789954,0.5833333333333334,1.0,0.16666666666666666,0.2857142857142857,0.19867985355975656,0.1665
0.65,0.71,0.3378995433789954,0.5833333333333334,1.0,0.16666666666666666,0.2857142857142857,0.19867985355975656,0.16660000000000003
0.58,0.8,0.3378995433789954,0.5833333333333334,1.0,0.16666666666666666,0.2857142857142857,0.19867985355975656,0.1684
0.64,0.73,0.3378995433789954,0.5833333333333334,1.0,0.16666666666666666,0.2857142857142857,0.19867985355975656,0.1685
0.62,0.76,0.3378995433789954,0.5833333333333334,1.0,0.16666666666666666,0.2857142857142857,0.19867985355975656,0.17
0.65,0.72,0.3378995433789954,0.5833333333333334,1.0,0.16666666666666666,0.2857142857142857,0.19867985355975656,0.17090000000000002
0.63,0.75,0.3378995433789954,0.5833333333333334,1.0,0.16666666666666666,0.2857142857142857,0.19867985355975656,0.1714
0.64,0.74,0.3378995433789954,0.5833333333333334,1.0,0.16666666666666666,0.2857142857142857,0.19867985355975656,0.17320000000000002
0.66,0.71,0.3378995433789954,0.5833333333333334,1.0,0.16666666666666666,0.2857142857142857,0.19867985355975656,0.17370000000000002
0.59,0.8,0.3378995433789954,0.5833333333333334,1.0,0.16666666666666666,0.2857142857142857,0.19867985355975656,0.17410000000000003
0.62,0.77,0.3378995433789954,0.5833333333333334,1.0,0.16666666666666666,0.2857142857142857,0.19867985355975656,0.1753
0.65,0.73,0.3378995433789954,0.5833333333333334,1.0,0.16666666666666666,0.2857142857142857,0.19867985355975656,0.1754
0.63,0.76,0.3378995433789954,0.5833333333333334,1.0,0.16666666666666666,0.2857142857142857,0.19867985355975656,0.17650000000000002
0.66,0.72,0.3378995433789954,0.5833333333333334,1.0,0.16666666666666666,0.2857142857142857,0.19867985355975656,0.17800000000000002
0.64,0.75,0.3378995433789954,0.5833333333333334,1.0,0.16666666666666666,0.2857142857142857,0.19867985355975656,0.17810000000000004
0.6,0.8,0.3378995433789954,0.5833333333333334,1.0,0.16666666666666666,0.2857142857142857,0.19867985355975656,0.18000000000000002
0.65,0.74,0.3378995433789954,0.5833333333333334,1.0,0.16666666666666666,0.2857142857142857,0.19867985355975656,0.18010000000000004
0.61,0.79,0.3378995433789954,0.5833333333333334,1.0,0.16666666666666666,0.2857142857142857,0.19867985355975656,0.18020000000000003
0.62,0.78,0.3378995433789954,0.5833333333333334,1.0,0.16666666666666666,0.2857142857142857,0.19867985355975656,0.18080000000000002
0.67,0.71,0.3378995433789954,0.5833333333333334,1.0,0.16666666666666666,0.2857142857142857,0.19867985355975656,0.18100000000000005
0.63,0.77,0.3378995433789954,0.5833333333333334,1.0,0.16666666666666666,0.2857142857142857,0.19867985355975656,0.18180000000000002
0.66,0.73,0.3378995433789954,0.5833333333333334,1.0,0.16666666666666666,0.2857142857142857,0.19867985355975656,0.1825
0.64,0.76,0.3378995433789954,0.5833333333333334,1.0,0.16666666666666666,0.2857142857142857,0.19867985355975656,0.18320000000000003
0.65,0.75,0.3378995433789954,0.5833333333333334,1.0,0.16666666666666666,0.2857142857142857,0.19867985355975656,0.18500000000000003
0.67,0.72,0.3378995433789954,0.5833333333333334,1.0,0.16666666666666666,0.2857142857142857,0.19867985355975656,0.18530000000000005
0.66,0.74,0.3378995433789954,0.5833333333333334,1.0,0.16666666666666666,0.2857142857142857,0.19867985355975656,0.18720000000000003
0.63,0.78,0.3378995433789954,0.5833333333333334,1.0,0.16666666666666666,0.2857142857142857,0.19867985355975656,0.18730000000000002
0.64,0.77,0.3378995433789954,0.5833333333333334,1.0,0.16666666666666666,0.2857142857142857,0.19867985355975656,0.18850000000000003
0.68,0.71,0.3378995433789954,0.5833333333333334,1.0,0.16666666666666666,0.2857142857142857,0.19867985355975656,0.18850000000000006
0.67,0.73,0.3378995433789954,0.5833333333333334,1.0,0.16666666666666666,0.2857142857142857,0.19867985355975656,0.18980000000000002
0.65,0.76,0.3378995433789954,0.5833333333333334,1.0,0.16666666666666666,0.2857142857142857,0.19867985355975656,0.19010000000000005
0.66,0.75,0.3378995433789954,0.5833333333333334,1.0,0.16666666666666666,0.2857142857142857,0.19867985355975656,0.19210000000000002
0.68,0.72,0.3378995433789954,0.5833333333333334,1.0,0.16666666666666666,0.2857142857142857,0.19867985355975656,0.19280000000000005
0.64,0.78,0.3378995433789954,0.5833333333333334,1.0,0.16666666666666666,0.2857142857142857,0.19867985355975656,0.19400000000000003
0.67,0.74,0.3378995433789954,0.5833333333333334,1.0,0.16666666666666666,0.2857142857142857,0.19867985355975656,0.19450000000000006
0.65,0.77,0.3378995433789954,0.5833333333333334,1.0,0.16666666666666666,0.2857142857142857,0.19867985355975656,0.19540000000000002
0.69,0.71,0.3378995433789954,0.5833333333333334,1.0,0.16666666666666666,0.2857142857142857,0.19867985355975656,0.19619999999999993
0.66,0.76,0.3378995433789954,0.5833333333333334,1.0,0.16666666666666666,0.2857142857142857,0.19867985355975656,0.19720000000000004
0.68,0.73,0.3378995433789954,0.5833333333333334,1.0,0.16666666666666666,0.2857142857142857,0.19867985355975656,0.19730000000000003
0.67,0.75,0.3378995433789954,0.5833333333333334,1.0,0.16666666666666666,0.2857142857142857,0.19867985355975656,0.19940000000000005
0.69,0.72,0.3378995433789954,0.5833333333333334,1.0,0.16666666666666666,0.2857142857142857,0.19867985355975656,0.20049999999999996
0.65,0.78,0.3378995433789954,0.5833333333333334,1.0,0.16666666666666666,0.2857142857142857,0.19867985355975656,0.20090000000000002
0.68,0.74,0.3378995433789954,0.5833333333333334,1.0,0.16666666666666666,0.2857142857142857,0.19867985355975656,0.20200000000000007
0.66,0.77,0.3378995433789954,0.5833333333333334,1.0,0.16666666666666666,0.2857142857142857,0.19867985355975656,0.2025
0.67,0.76,0.3378995433789954,0.5833333333333334,1.0,0.16666666666666666,0.2857142857142857,0.19867985355975656,0.20450000000000007
0.69,0.73,0.3378995433789954,0.5833333333333334,1.0,0.16666666666666666,0.2857142857142857,0.19867985355975656,0.20499999999999996
0.68,0.75,0.3378995433789954,0.5833333333333334,1.0,0.16666666666666666,0.2857142857142857,0.19867985355975656,0.20690000000000006
0.66,0.78,0.3378995433789954,0.5833333333333334,1.0,0.16666666666666666,0.2857142857142857,0.19867985355975656,0.20800000000000002
0.69,0.74,0.3378995433789954,0.5833333333333334,1.0,0.16666666666666666,0.2857142857142857,0.19867985355975656,0.20969999999999994
0.67,0.77,0.3378995433789954,0.5833333333333334,1.0,0.16666666666666666,0.2857142857142857,0.19867985355975656,0.20980000000000004
0.68,0.76,0.3378995433789954,0.5833333333333334,1.0,0.16666666666666666,0.2857142857142857,0.19867985355975656,0.21200000000000008
0.69,0.75,0.3378995433789954,0.5833333333333334,1.0,0.16666666666666666,0.2857142857142857,0.19867985355975656,0.21459999999999996
0.67,0.78,0.3378995433789954,0.5833333333333334,1.0,0.16666666666666666,0.2857142857142857,0.19867985355975656,0.21530000000000005
0.68,0.77,0.3378995433789954,0.5833333333333334,1.0,0.16666666666666666,0.2857142857142857,0.19867985355975656,0.21730000000000005
0.69,0.76,0.3378995433789954,0.5833333333333334,1.0,0.16666666666666666,0.2857142857142857,0.19867985355975656,0.21969999999999995
0.68,0.78,0.3378995433789954,0.5833333333333334,1.0,0.16666666666666666,0.2857142857142857,0.19867985355975656,0.22280000000000005
0.69,0.77,0.3378995433789954,0.5833333333333334,1.0,0.16666666666666666,0.2857142857142857,0.19867985355975656,0.22499999999999998
0.69,0.78,0.3378995433789954,0.5833333333333334,1.0,0.16666666666666666,0.2857142857142857,0.19867985355975656,0.23049999999999998
0.3,0.81,0.3333333333333333,0.5804597701149425,1.0,0.16091954022988506,0.27722772277227725,0.19471255912866445,0.09610000000000003
0.29,0.81,0.3333333333333333,0.5804597701149425,1.0,0.16091954022988506,0.27722772277227725,0.19471255912866445,0.09620000000000004
0.31,0.81,0.3333333333333333,0.5804597701149425,1.0,0.16091954022988506,0.27722772277227725,0.19471255912866445,0.09620000000000004
0.28,0.81,0.3333333333333333,0.5804597701149425,1.0,0.16091954022988506,0.27722772277227725,0.19471255912866445,0.09650000000000003
0.32,0.81,0.3333333333333333,0.5804597701149425,1.0,0.16091954022988506,0.27722772277227725,0.19471255912866445,0.09650000000000003
0.27,0.81,0.3333333333333333,0.5804597701149425,1.0,0.16091954022988506,0.27722772277227725,0.19471255912866445,0.09700000000000003
0.33,0.81,0.3333333333333333,0.5804597701149425,1.0,0.16091954022988506,0.27722772277227725,0.19471255912866445,0.09700000000000003
0.26,0.81,0.3333333333333333,0.5804597701149425,1.0,0.16091954022988506,0.27722772277227725,0.19471255912866445,0.09770000000000004
0.34,0.81,0.3333333333333333,0.5804597701149425,1.0,0.16091954022988506,0.27722772277227725,0.19471255912866445,0.09770000000000004
0.25,0.81,0.3333333333333333,0.5804597701149425,1.0,0.16091954022988506,0.27722772277227725,0.19471255912866445,0.09860000000000003
0.35,0.81,0.3333333333333333,0.5804597701149425,1.0,0.16091954022988506,0.27722772277227725,0.19471255912866445,0.09860000000000003
0.24,0.81,0.3333333333333333,0.5804597701149425,1.0,0.16091954022988506,0.27722772277227725,0.19471255912866445,0.09970000000000004
0.36,0.81,0.3333333333333333,0.5804597701149425,1.0,0.16091954022988506,0.27722772277227725,0.19471255912866445,0.09970000000000004
0.23,0.81,0.3333333333333333,0.5804597701149425,1.0,0.16091954022988506,0.27722772277227725,0.19471255912866445,0.10100000000000003
0.37,0.81,0.3333333333333333,0.5804597701149425,1.0,0.16091954022988506,0.27722772277227725,0.19471255912866445,0.10100000000000003
0.3,0.82,0.3333333333333333,0.5804597701149425,1.0,0.16091954022988506,0.27722772277227725,0.19471255912866445,0.10239999999999996
0.29,0.82,0.3333333333333333,0.5804597701149425,1.0,0.16091954022988506,0.27722772277227725,0.19471255912866445,0.10249999999999997
0.31,0.82,0.3333333333333333,0.5804597701149425,1.0,0.16091954022988506,0.27722772277227725,0.19471255912866445,0.10249999999999997
0.22,0.81,0.3333333333333333,0.5804597701149425,1.0,0.16091954022988506,0.27722772277227725,0.19471255912866445,0.10250000000000004
0.38,0.81,0.3333333333333333,0.5804597701149425,1.0,0.16091954022988506,0.27722772277227725,0.19471255912866445,0.10250000000000004
0.28,0.82,0.3333333333333333,0.5804597701149425,1.0,0.16091954022988506,0.27722772277227725,0.19471255912866445,0.10279999999999996
0.32,0.82,0.3333333333333333,0.5804597701149425,1.0,0.16091954022988506,0.27722772277227725,0.19471255912866445,0.10279999999999996
0.27,0.82,0.3333333333333333,0.5804597701149425,1.0,0.16091954022988506,0.27722772277227725,0.19471255912866445,0.10329999999999996
0.33,0.82,0.3333333333333333,0.5804597701149425,1.0,0.16091954022988506,0.27722772277227725,0.19471255912866445,0.10329999999999996
0.26,0.82,0.3333333333333333,0.5804597701149425,1.0,0.16091954022988506,0.27722772277227725,0.19471255912866445,0.10399999999999997
0.34,0.82,0.3333333333333333,0.5804597701149425,1.0,0.16091954022988506,0.27722772277227725,0.19471255912866445,0.10399999999999997
0.21,0.81,0.3333333333333333,0.5804597701149425,1.0,0.16091954022988506,0.27722772277227725,0.19471255912866445,0.10420000000000003
0.39,0.81,0.3333333333333333,0.5804597701149425,1.0,0.16091954022988506,0.27722772277227725,0.19471255912866445,0.10420000000000004
0.25,0.82,0.3333333333333333,0.5804597701149425,1.0,0.16091954022988506,0.27722772277227725,0.19471255912866445,0.10489999999999997
0.35,0.82,0.3333333333333333,0.5804597701149425,1.0,0.16091954022988506,0.27722772277227725,0.19471255912866445,0.10489999999999997
0.24,0.82,0.3333333333333333,0.5804597701149425,1.0,0.16091954022988506,0.27722772277227725,0.19471255912866445,0.10599999999999997
0.36,0.82,0.3333333333333333,0.5804597701149425,1.0,0.16091954022988506,0.27722772277227725,0.19471255912866445,0.10599999999999997
0.2,0.81,0.3333333333333333,0.5804597701149425,1.0,0.16091954022988506,0.27722772277227725,0.19471255912866445,0.10610000000000003
0.4,0.81,0.3333333333333333,0.5804597701149425,1.0,0.16091954022988506,0.27722772277227725,0.19471255912866445,0.10610000000000004
0.23,0.82,0.3333333333333333,0.5804597701149425,1.0,0.16091954022988506,0.27722772277227725,0.19471255912866445,0.10729999999999996
0.37,0.82,0.3333333333333333,0.5804597701149425,1.0,0.16091954022988506,0.27722772277227725,0.19471255912866445,0.10729999999999996
0.19,0.81,0.3333333333333333,0.5804597701149425,1.0,0.16091954022988506,0.27722772277227725,0.19471255912866445,0.10820000000000003
0.41,0.81,0.3333333333333333,0.5804597701149425,1.0,0.16091954022988506,0.27722772277227725,0.19471255912866445,0.10820000000000003
0.22,0.82,0.3333333333333333,0.5804597701149425,1.0,0.16091954022988506,0.27722772277227725,0.19471255912866445,0.10879999999999997
0.38,0.82,0.3333333333333333,0.5804597701149425,1.0,0.16091954022988506,0.27722772277227725,0.19471255912866445,0.10879999999999997
0.3,0.83,0.3333333333333333,0.5804597701149425,1.0,0.16091954022988506,0.27722772277227725,0.19471255912866445,0.10889999999999997
0.29,0.83,0.3333333333333333,0.5804597701149425,1.0,0.16091954022988506,0.27722772277227725,0.19471255912866445,0.10899999999999997
0.31,0.83,0.3333333333333333,0.5804597701149425,1.0,0.16091954022988506,0.27722772277227725,0.19471255912866445,0.10899999999999997
0.28,0.83,0.3333333333333333,0.5804597701149425,1.0,0.16091954022988506,0.27722772277227725,0.19471255912866445,0.10929999999999997
0.32,0.83,0.3333333333333333,0.5804597701149425,1.0,0.16091954022988506,0.27722772277227725,0.19471255912866445,0.10929999999999997
0.27,0.83,0.3333333333333333,0.5804597701149425,1.0,0.16091954022988506,0.27722772277227725,0.19471255912866445,0.10979999999999997
0.33,0.83,0.3333333333333333,0.5804597701149425,1.0,0.16091954022988506,0.27722772277227725,0.19471255912866445,0.10979999999999997
0.21,0.82,0.3333333333333333,0.5804597701149425,1.0,0.16091954022988506,0.27722772277227725,0.19471255912866445,0.11049999999999996
0.26,0.83,0.3333333333333333,0.5804597701149425,1.0,0.16091954022988506,0.27722772277227725,0.19471255912866445,0.11049999999999997
0.34,0.83,0.3333333333333333,0.5804597701149425,1.0,0.16091954022988506,0.27722772277227725,0.19471255912866445,0.11049999999999997
0.39,0.82,0.3333333333333333,0.5804597701149425,1.0,0.16091954022988506,0.27722772277227725,0.19471255912866445,0.11049999999999997
0.18,0.81,0.3333333333333333,0.5804597701149425,1.0,0.16091954022988506,0.27722772277227725,0.19471255912866445,0.11050000000000003
0.42,0.81,0.3333333333333333,0.5804597701149425,1.0,0.16091954022988506,0.27722772277227725,0.19471255912866445,0.11050000000000003
0.25,0.83,0.3333333333333333,0.5804597701149425,1.0,0.16091954022988506,0.27722772277227725,0.19471255912866445,0.11139999999999997
0.35,0.83,0.3333333333333333,0.5804597701149425,1.0,0.16091954022988506,0.27722772277227725,0.19471255912866445,0.11139999999999997
0.2,0.82,0.3333333333333333,0.5804597701149425,1.0,0.16091954022988506,0.27722772277227725,0.19471255912866445,0.11239999999999996
0.4,0.82,0.3333333333333333,0.5804597701149425,1.0,0.16091954022988506,0.27722772277227725,0.19471255912866445,0.11239999999999997
0.24,0.83,0.3333333333333333,0.5804597701149425,1.0,0.16091954022988506,0.27722772277227725,0.19471255912866445,0.11249999999999998
0.36,0.83,0.3333333333333333,0.5804597701149425,1.0,0.16091954022988506,0.27722772277227725,0.19471255912866445,0.11249999999999998
0.17,0.81,0.3333333333333333,0.5804597701149425,1.0,0.16091954022988506,0.27722772277227725,0.19471255912866445,0.11300000000000003
0.43,0.81,0.3333333333333333,0.5804597701149425,1.0,0.16091954022988506,0.27722772277227725,0.19471255912866445,0.11300000000000003
0.23,0.83,0.3333333333333333,0.5804597701149425,1.0,0.16091954022988506,0.27722772277227725,0.19471255912866445,0.11379999999999997
0.37,0.83,0.3333333333333333,0.5804597701149425,1.0,0.16091954022988506,0.27722772277227725,0.19471255912866445,0.11379999999999997
0.19,0.82,0.3333333333333333,0.5804597701149425,1.0,0.16091954022988506,0.27722772277227725,0.19471255912866445,0.11449999999999996
0.41,0.82,0.3333333333333333,0.5804597701149425,1.0,0.16091954022988506,0.27722772277227725,0.19471255912866445,0.11449999999999996
0.22,0.83,0.3333333333333333,0.5804597701149425,1.0,0.16091954022988506,0.27722772277227725,0.19471255912866445,0.11529999999999997
0.38,0.83,0.3333333333333333,0.5804597701149425,1.0,0.16091954022988506,0.27722772277227725,0.19471255912866445,0.11529999999999997
0.16,0.81,0.3333333333333333,0.5804597701149425,1.0,0.16091954022988506,0.27722772277227725,0.19471255912866445,0.11570000000000003
0.44,0.81,0.3333333333333333,0.5804597701149425,1.0,0.16091954022988506,0.27722772277227725,0.19471255912866445,0.11570000000000004
0.18,0.82,0.3333333333333333,0.5804597701149425,1.0,0.16091954022988506,0.27722772277227725,0.19471255912866445,0.11679999999999996
0.42,0.82,0.3333333333333333,0.5804597701149425,1.0,0.16091954022988506,0.27722772277227725,0.19471255912866445,0.11679999999999996
0.21,0.83,0.3333333333333333,0.5804597701149425,1.0,0.16091954022988506,0.27722772277227725,0.19471255912866445,0.11699999999999997
0.39,0.83,0.3333333333333333,0.5804597701149425,1.0,0.16091954022988506,0.27722772277227725,0.19471255912866445,0.11699999999999998
0.15,0.81,0.3333333333333333,0.5804597701149425,1.0,0.16091954022988506,0.27722772277227725,0.19471255912866445,0.11860000000000004
0.45,0.81,0.3333333333333333,0.5804597701149425,1.0,0.16091954022988506,0.27722772277227725,0.19471255912866445,0.11860000000000004
0.2,0.83,0.3333333333333333,0.5804597701149425,1.0,0.16091954022988506,0.27722772277227725,0.19471255912866445,0.11889999999999996
0.4,0.83,0.3333333333333333,0.5804597701149425,1.0,0.16091954022988506,0.27722772277227725,0.19471255912866445,0.11889999999999998
0.17,0.82,0.3333333333333333,0.5804597701149425,1.0,0.16091954022988506,0.27722772277227725,0.19471255912866445,0.11929999999999996
0.43,0.82,0.3333333333333333,0.5804597701149425,1.0,0.16091954022988506,0.27722772277227725,0.19471255912866445,0.11929999999999996
0.19,0.83,0.3333333333333333,0.5804597701149425,1.0,0.16091954022988506,0.27722772277227725,0.19471255912866445,0.12099999999999997
0.41,0.83,0.3333333333333333,0.5804597701149425,1.0,0.16091954022988506,0.27722772277227725,0.19471255912866445,0.12099999999999997
0.14,0.81,0.3333333333333333,0.5804597701149425,1.0,0.16091954022988506,0.27722772277227725,0.19471255912866445,0.12170000000000003
0.46,0.81,0.3333333333333333,0.5804597701149425,1.0,0.16091954022988506,0.27722772277227725,0.19471255912866445,0.12170000000000004
0.16,0.82,0.3333333333333333,0.5804597701149425,1.0,0.16091954022988506,0.27722772277227725,0.19471255912866445,0.12199999999999996
0.44,0.82,0.3333333333333333,0.5804597701149425,1.0,0.16091954022988506,0.27722772277227725,0.19471255912866445,0.12199999999999997
0.18,0.83,0.3333333333333333,0.5804597701149425,1.0,0.16091954022988506,0.27722772277227725,0.19471255912866445,0.12329999999999997
0.42,0.83,0.3333333333333333,0.5804597701149425,1.0,0.16091954022988506,0.27722772277227725,0.19471255912866445,0.12329999999999997
0.15,0.82,0.3333333333333333,0.5804597701149425,1.0,0.16091954022988506,0.27722772277227725,0.19471255912866445,0.12489999999999996
0.45,0.82,0.3333333333333333,0.5804597701149425,1.0,0.16091954022988506,0.27722772277227725,0.19471255912866445,0.12489999999999997
0.13,0.81,0.3333333333333333,0.5804597701149425,1.0,0.16091954022988506,0.27722772277227725,0.19471255912866445,0.12500000000000003
0.47,0.81,0.3333333333333333,0.5804597701149425,1.0,0.16091954022988506,0.27722772277227725,0.19471255912866445,0.12500000000000003
0.17,0.83,0.3333333333333333,0.5804597701149425,1.0,0.16091954022988506,0.27722772277227725,0.19471255912866445,0.12579999999999997
0.43,0.83,0.3333333333333333,0.5804597701149425,1.0,0.16091954022988506,0.27722772277227725,0.19471255912866445,0.12579999999999997
0.14,0.82,0.3333333333333333,0.5804597701149425,1.0,0.16091954022988506,0.27722772277227725,0.19471255912866445,0.12799999999999995
0.46,0.82,0.3333333333333333,0.5804597701149425,1.0,0.16091954022988506,0.27722772277227725,0.19471255912866445,0.12799999999999997
0.16,0.83,0.3333333333333333,0.5804597701149425,1.0,0.16091954022988506,0.27722772277227725,0.19471255912866445,0.12849999999999998
0.44,0.83,0.3333333333333333,0.5804597701149425,1.0,0.16091954022988506,0.27722772277227725,0.19471255912866445,0.12849999999999998
0.12,0.81,0.3333333333333333,0.5804597701149425,1.0,0.16091954022988506,0.27722772277227725,0.19471255912866445,0.12850000000000003
0.48,0.81,0.3333333333333333,0.5804597701149425,1.0,0.16091954022988506,0.27722772277227725,0.19471255912866445,0.12850000000000003
0.13,0.82,0.3333333333333333,0.5804597701149425,1.0,0.16091954022988506,0.27722772277227725,0.19471255912866445,0.13129999999999997
0.47,0.82,0.3333333333333333,0.5804597701149425,1.0,0.16091954022988506,0.27722772277227725,0.19471255912866445,0.13129999999999997
0.15,0.83,0.3333333333333333,0.5804597701149425,1.0,0.16091954022988506,0.27722772277227725,0.19471255912866445,0.13139999999999996
0.45,0.83,0.3333333333333333,0.5804597701149425,1.0,0.16091954022988506,0.27722772277227725,0.19471255912866445,0.13139999999999996
0.11,0.81,0.3333333333333333,0.5804597701149425,1.0,0.16091954022988506,0.27722772277227725,0.19471255912866445,0.13220000000000004
0.49,0.81,0.3333333333333333,0.5804597701149425,1.0,0.16091954022988506,0.27722772277227725,0.19471255912866445,0.13220000000000004
0.14,0.83,0.3333333333333333,0.5804597701149425,1.0,0.16091954022988506,0.27722772277227725,0.19471255912866445,0.13449999999999995
0.46,0.83,0.3333333333333333,0.5804597701149425,1.0,0.16091954022988506,0.27722772277227725,0.19471255912866445,0.13449999999999998
0.12,0.82,0.3333333333333333,0.5804597701149425,1.0,0.16091954022988506,0.27722772277227725,0.19471255912866445,0.13479999999999998
0.48,0.82,0.3333333333333333,0.5804597701149425,1.0,0.16091954022988506,0.27722772277227725,0.19471255912866445,0.13479999999999998
0.1,0.81,0.3333333333333333,0.5804597701149425,1.0,0.16091954022988506,0.27722772277227725,0.19471255912866445,0.13610000000000003
0.5,0.81,0.3333333333333333,0.5804597701149425,1.0,0.16091954022988506,0.27722772277227725,0.19471255912866445,0.13610000000000005
0.13,0.83,0.3333333333333333,0.5804597701149425,1.0,0.16091954022988506,0.27722772277227725,0.19471255912866445,0.13779999999999998
0.47,0.83,0.3333333333333333,0.5804597701149425,1.0,0.16091954022988506,0.27722772277227725,0.19471255912866445,0.13779999999999998
0.11,0.82,0.3333333333333333,0.5804597701149425,1.0,0.16091954022988506,0.27722772277227725,0.19471255912866445,0.13849999999999996
0.49,0.82,0.3333333333333333,0.5804597701149425,1.0,0.16091954022988506,0.27722772277227725,0.19471255912866445,0.13849999999999996
0.09,0.81,0.3333333333333333,0.5804597701149425,1.0,0.16091954022988506,0.27722772277227725,0.19471255912866445,0.14020000000000002
0.51,0.81,0.3333333333333333,0.5804597701149425,1.0,0.16091954022988506,0.27722772277227725,0.19471255912866445,0.14020000000000005
0.12,0.83,0.3333333333333333,0.5804597701149425,1.0,0.16091954022988506,0.27722772277227725,0.19471255912866445,0.14129999999999998
0.48,0.83,0.3333333333333333,0.5804597701149425,1.0,0.16091954022988506,0.27722772277227725,0.19471255912866445,0.14129999999999998
0.1,0.82,0.3333333333333333,0.5804597701149425,1.0,0.16091954022988506,0.27722772277227725,0.19471255912866445,0.14239999999999997
0.5,0.82,0.3333333333333333,0.5804597701149425,1.0,0.16091954022988506,0.27722772277227725,0.19471255912866445,0.14239999999999997
0.08,0.81,0.3333333333333333,0.5804597701149425,1.0,0.16091954022988506,0.27722772277227725,0.19471255912866445,0.14450000000000002
0.52,0.81,0.3333333333333333,0.5804597701149425,1.0,0.16091954022988506,0.27722772277227725,0.19471255912866445,0.14450000000000005
0.11,0.83,0.3333333333333333,0.5804597701149425,1.0,0.16091954022988506,0.27722772277227725,0.19471255912866445,0.14499999999999996
0.49,0.83,0.3333333333333333,0.5804597701149425,1.0,0.16091954022988506,0.27722772277227725,0.19471255912866445,0.14499999999999996
0.09,0.82,0.3333333333333333,0.5804597701149425,1.0,0.16091954022988506,0.27722772277227725,0.19471255912866445,0.14649999999999996
0.51,0.82,0.3333333333333333,0.5804597701149425,1.0,0.16091954022988506,0.27722772277227725,0.19471255912866445,0.14649999999999996
0.1,0.83,0.3333333333333333,0.5804597701149425,1.0,0.16091954022988506,0.27722772277227725,0.19471255912866445,0.14889999999999998
0.5,0.83,0.3333333333333333,0.5804597701149425,1.0,0.16091954022988506,0.27722772277227725,0.19471255912866445,0.14889999999999998
0.07,0.81,0.3333333333333333,0.5804597701149425,1.0,0.16091954022988506,0.27722772277227725,0.19471255912866445,0.14900000000000002
0.53,0.81,0.3333333333333333,0.5804597701149425,1.0,0.16091954022988506,0.27722772277227725,0.19471255912866445,0.14900000000000005
0.08,0.82,0.3333333333333333,0.5804597701149425,1.0,0.16091954022988506,0.27722772277227725,0.19471255912866445,0.15079999999999996
0.52,0.82,0.3333333333333333,0.5804597701149425,1.0,0.16091954022988506,0.27722772277227725,0.19471255912866445,0.1508
0.09,0.83,0.3333333333333333,0.5804597701149425,1.0,0.16091954022988506,0.27722772277227725,0.19471255912866445,0.15299999999999997
0.51,0.83,0.3333333333333333,0.5804597701149425,1.0,0.16091954022988506,0.27722772277227725,0.19471255912866445,0.15299999999999997
0.06,0.81,0.3333333333333333,0.5804597701149425,1.0,0.16091954022988506,0.27722772277227725,0.19471255912866445,0.15370000000000003
0.54,0.81,0.3333333333333333,0.5804597701149425,1.0,0.16091954022988506,0.27722772277227725,0.19471255912866445,0.15370000000000006
0.07,0.82,0.3333333333333333,0.5804597701149425,1.0,0.16091954022988506,0.27722772277227725,0.19471255912866445,0.15529999999999994
0.53,0.82,0.3333333333333333,0.5804597701149425,1.0,0.16091954022988506,0.27722772277227725,0.19471255912866445,0.1553
0.08,0.83,0.3333333333333333,0.5804597701149425,1.0,0.16091954022988506,0.27722772277227725,0.19471255912866445,0.15729999999999997
0.52,0.83,0.3333333333333333,0.5804597701149425,1.0,0.16091954022988506,0.27722772277227725,0.19471255912866445,0.1573
0.05,0.81,0.3333333333333333,0.5804597701149425,1.0,0.16091954022988506,0.27722772277227725,0.19471255912866445,0.15860000000000002
0.55,0.81,0.3333333333333333,0.5804597701149425,1.0,0.16091954022988506,0.27722772277227725,0.19471255912866445,0.15860000000000007
0.06,0.82,0.3333333333333333,0.5804597701149425,1.0,0.16091954022988506,0.27722772277227725,0.19471255912866445,0.15999999999999998
0.54,0.82,0.3333333333333333,0.5804597701149425,1.0,0.16091954022988506,0.27722772277227725,0.19471255912866445,0.15999999999999998
0.07,0.83,0.3333333333333333,0.5804597701149425,1.0,0.16091954022988506,0.27722772277227725,0.19471255912866445,0.16179999999999994
0.53,0.83,0.3333333333333333,0.5804597701149425,1.0,0.16091954022988506,0.27722772277227725,0.19471255912866445,0.1618
0.04,0.81,0.3333333333333333,0.5804597701149425,1.0,0.16091954022988506,0.27722772277227725,0.19471255912866445,0.16370000000000004
0.56,0.81,0.3333333333333333,0.5804597701149425,1.0,0.16091954022988506,0.27722772277227725,0.19471255912866445,0.16370000000000007
0.05,0.82,0.3333333333333333,0.5804597701149425,1.0,0.16091954022988506,0.27722772277227725,0.19471255912866445,0.16489999999999996
0.55,0.82,0.3333333333333333,0.5804597701149425,1.0,0.16091954022988506,0.27722772277227725,0.19471255912866445,0.1649
0.06,0.83,0.3333333333333333,0.5804597701149425,1.0,0.16091954022988506,0.27722772277227725,0.19471255912866445,0.16649999999999998
0.54,0.83,0.3333333333333333,0.5804597701149425,1.0,0.16091954022988506,0.27722772277227725,0.19471255912866445,0.16649999999999998
0.57,0.81,0.3333333333333333,0.5804597701149425,1.0,0.16091954022988506,0.27722772277227725,0.19471255912866445,0.169
0.03,0.81,0.3333333333333333,0.5804597701149425,1.0,0.16091954022988506,0.27722772277227725,0.19471255912866445,0.16900000000000004
0.04,0.82,0.3333333333333333,0.5804597701149425,1.0,0.16091954022988506,0.27722772277227725,0.19471255912866445,0.16999999999999998
0.56,0.82,0.3333333333333333,0.5804597701149425,1.0,0.16091954022988506,0.27722772277227725,0.19471255912866445,0.16999999999999998
0.05,0.83,0.3333333333333333,0.5804597701149425,1.0,0.16091954022988506,0.27722772277227725,0.19471255912866445,0.17139999999999997
0.55,0.83,0.3333333333333333,0.5804597701149425,1.0,0.16091954022988506,0.27722772277227725,0.19471255912866445,0.1714
0.02,0.81,0.3333333333333333,0.5804597701149425,1.0,0.16091954022988506,0.27722772277227725,0.19471255912866445,0.17450000000000002
0.58,0.81,0.3333333333333333,0.5804597701149425,1.0,0.16091954022988506,0.27722772277227725,0.19471255912866445,0.17450000000000002
0.03,0.82,0.3333333333333333,0.5804597701149425,1.0,0.16091954022988506,0.27722772277227725,0.19471255912866445,0.17529999999999996
0.57,0.82,0.3333333333333333,0.5804597701149425,1.0,0.16091954022988506,0.27722772277227725,0.19471255912866445,0.17529999999999996
0.04,0.83,0.3333333333333333,0.5804597701149425,1.0,0.16091954022988506,0.27722772277227725,0.19471255912866445,0.1765
0.56,0.83,0.3333333333333333,0.5804597701149425,1.0,0.16091954022988506,0.27722772277227725,0.19471255912866445,0.1765
0.7,0.64,0.3333333333333333,0.5804597701149425,1.0,0.16091954022988506,0.27722772277227725,0.19471255912866445,0.17959999999999998
0.01,0.81,0.3333333333333333,0.5804597701149425,1.0,0.16091954022988506,0.27722772277227725,0.19471255912866445,0.18020000000000003
0.59,0.81,0.3333333333333333,0.5804597701149425,1.0,0.16091954022988506,0.27722772277227725,0.19471255912866445,0.18020000000000003
0.02,0.82,0.3333333333333333,0.5804597701149425,1.0,0.16091954022988506,0.27722772277227725,0.19471255912866445,0.18079999999999996
0.58,0.82,0.3333333333333333,0.5804597701149425,1.0,0.16091954022988506,0.27722772277227725,0.19471255912866445,0.18079999999999996
0.03,0.83,0.3333333333333333,0.5804597701149425,1.0,0.16091954022988506,0.27722772277227725,0.19471255912866445,0.18179999999999996
0.57,0.83,0.3333333333333333,0.5804597701149425,1.0,0.16091954022988506,0.27722772277227725,0.19471255912866445,0.18179999999999996
0.7,0.65,0.3333333333333333,0.5804597701149425,1.0,0.16091954022988506,0.27722772277227725,0.19471255912866445,0.1825
0.7,0.66,0.3333333333333333,0.5804597701149425,1.0,0.16091954022988506,0.27722772277227725,0.19471255912866445,0.1856
0.0,0.81,0.3333333333333333,0.5804597701149425,1.0,0.16091954022988506,0.27722772277227725,0.19471255912866445,0.18610000000000004
0.6,0.81,0.3333333333333333,0.5804597701149425,1.0,0.16091954022988506,0.27722772277227725,0.19471255912866445,0.18610000000000004
0.61,0.8,0.3333333333333333,0.5804597701149425,1.0,0.16091954022988506,0.27722772277227725,0.19471255912866445,0.18610000000000004
0.01,0.82,0.3333333333333333,0.5804597701149425,1.0,0.16091954022988506,0.27722772277227725,0.19471255912866445,0.18649999999999994
0.59,0.82,0.3333333333333333,0.5804597701149425,1.0,0.16091954022988506,0.27722772277227725,0.19471255912866445,0.18649999999999994
0.62,0.79,0.3333333333333333,0.5804597701149425,1.0,0.16091954022988506,0.27722772277227725,0.19471255912866445,0.18650000000000003
0.02,0.83,0.3333333333333333,0.5804597701149425,1.0,0.16091954022988506,0.27722772277227725,0.19471255912866445,0.18729999999999997
0.58,0.83,0.3333333333333333,0.5804597701149425,1.0,0.16091954022988506,0.27722772277227725,0.19471255912866445,0.18729999999999997
0.71,0.64,0.3333333333333333,0.5804597701149425,1.0,0.16091954022988506,0.27722772277227725,0.19471255912866445,0.18769999999999998
0.7,0.67,0.3333333333333333,0.5804597701149425,1.0,0.16091954022988506,0.27722772277227725,0.19471255912866445,0.18889999999999998
0.71,0.65,0.3333333333333333,0.5804597701149425,1.0,0.16091954022988506,0.27722772277227725,0.19471255912866445,0.1906
0.61,0.81,0.3333333333333333,0.5804597701149425,1.0,0.16091954022988506,0.27722772277227725,0.19471255912866445,0.19220000000000004
0.0,0.82,0.3333333333333333,0.5804597701149425,1.0,0.16091954022988506,0.27722772277227725,0.19471255912866445,0.19239999999999996
0.6,0.82,0.3333333333333333,0.5804597701149425,1.0,0.16091954022988506,0.27722772277227725,0.19471255912866445,0.19239999999999996
0.7,0.68,0.3333333333333333,0.5804597701149425,1.0,0.16091954022988506,0.27722772277227725,0.19471255912866445,0.1924
0.01,0.83,0.3333333333333333,0.5804597701149425,1.0,0.16091954022988506,0.27722772277227725,0.19471255912866445,0.19299999999999995
0.59,0.83,0.3333333333333333,0.5804597701149425,1.0,0.16091954022988506,0.27722772277227725,0.19471255912866445,0.19299999999999995
0.63,0.79,0.3333333333333333,0.5804597701149425,1.0,0.16091954022988506,0.27722772277227725,0.19471255912866445,0.19300000000000003
0.71,0.66,0.3333333333333333,0.5804597701149425,1.0,0.16091954022988506,0.27722772277227725,0.19471255912866445,0.19369999999999998
0.72,0.64,0.3333333333333333,0.5804597701149425,1.0,0.16091954022988506,0.27722772277227725,0.19471255912866445,0.19599999999999998
0.7,0.69,0.3333333333333333,0.5804597701149425,1.0,0.16091954022988506,0.27722772277227725,0.19471255912866445,0.19609999999999994
0.71,0.67,0.3333333333333333,0.5804597701149425,1.0,0.16091954022988506,0.27722772277227725,0.19471255912866445,0.19699999999999998
0.61,0.82,0.3333333333333333,0.5804597701149425,1.0,0.16091954022988506,0.27722772277227725,0.19471255912866445,0.19849999999999995
0.0,0.83,0.3333333333333333,0.5804597701149425,1.0,0.16091954022988506,0.27722772277227725,0.19471255912866445,0.19889999999999997
0.6,0.83,0.3333333333333333,0.5804597701149425,1.0,0.16091954022988506,0.27722772277227725,0.19471255912866445,0.19889999999999997
0.72,0.65,0.3333333333333333,0.5804597701149425,1.0,0.16091954022988506,0.27722772277227725,0.19471255912866445,0.19889999999999997
0.64,0.79,0.3333333333333333,0.5804597701149425,1.0,0.16091954022988506,0.27722772277227725,0.19471255912866445,0.19970000000000004
0.7,0.7,0.3333333333333333,0.5804597701149425,1.0,0.16091954022988506,0.27722772277227725,0.19471255912866445,0.19999999999999996
0.71,0.68,0.3333333333333333,0.5804597701149425,1.0,0.16091954022988506,0.27722772277227725,0.19471255912866445,0.20049999999999998
0.72,0.66,0.3333333333333333,0.5804597701149425,1.0,0.16091954022988506,0.27722772277227725,0.19471255912866445,0.20199999999999999
0.71,0.69,0.3333333333333333,0.5804597701149425,1.0,0.16091954022988506,0.27722772277227725,0.19471255912866445,0.20419999999999994
0.73,0.64,0.3333333333333333,0.5804597701149425,1.0,0.16091954022988506,0.27722772277227725,0.19471255912866445,0.2045
0.61,0.83,0.3333333333333333,0.5804597701149425,1.0,0.16091954022988506,0.27722772277227725,0.19471255912866445,0.20499999999999996
0.72,0.67,0.3333333333333333,0.5804597701149425,1.0,0.16091954022988506,0.27722772277227725,0.19471255912866445,0.20529999999999998
0.65,0.79,0.3333333333333333,0.5804597701149425,1.0,0.16091954022988506,0.27722772277227725,0.19471255912866445,0.20660000000000006
0.73,0.65,0.3333333333333333,0.5804597701149425,1.0,0.16091954022988506,0.27722772277227725,0.19471255912866445,0.20739999999999997
0.71,0.7,0.3333333333333333,0.5804597701149425,1.0,0.16091954022988506,0.27722772277227725,0.19471255912866445,0.20809999999999995
0.72,0.68,0.3333333333333333,0.5804597701149425,1.0,0.16091954022988506,0.27722772277227725,0.19471255912866445,0.20879999999999999
0.73,0.66,0.3333333333333333,0.5804597701149425,1.0,0.16091954022988506,0.27722772277227725,0.19471255912866445,0.2105
0.72,0.69,0.3333333333333333,0.5804597701149425,1.0,0.16091954022988506,0.27722772277227725,0.19471255912866445,0.21249999999999997
0.74,0.64,0.3333333333333333,0.5804597701149425,1.0,0.16091954022988506,0.27722772277227725,0.19471255912866445,0.2132
0.66,0.79,0.3333333333333333,0.5804597701149425,1.0,0.16091954022988506,0.27722772277227725,0.19471255912866445,0.21370000000000006
0.73,0.67,0.3333333333333333,0.5804597701149425,1.0,0.16091954022988506,0.27722772277227725,0.19471255912866445,0.2138
0.74,0.65,0.3333333333333333,0.5804597701149425,1.0,0.16091954022988506,0.27722772277227725,0.19471255912866445,0.21610000000000001
0.72,0.7,0.3333333333333333,0.5804597701149425,1.0,0.16091954022988506,0.27722772277227725,0.19471255912866445,0.21639999999999995
0.73,0.68,0.3333333333333333,0.5804597701149425,1.0,0.16091954022988506,0.27722772277227725,0.19471255912866445,0.2173
0.74,0.66,0.3333333333333333,0.5804597701149425,1.0,0.16091954022988506,0.27722772277227725,0.19471255912866445,0.2192
0.73,0.69,0.3333333333333333,0.5804597701149425,1.0,0.16091954022988506,0.27722772277227725,0.19471255912866445,0.22099999999999997
0.67,0.79,0.3333333333333333,0.5804597701149425,1.0,0.16091954022988506,0.27722772277227725,0.19471255912866445,0.22100000000000009
0.75,0.64,0.3333333333333333,0.5804597701149425,1.0,0.16091954022988506,0.27722772277227725,0.19471255912866445,0.22210000000000002
0.74,0.67,0.3333333333333333,0.5804597701149425,1.0,0.16091954022988506,0.27722772277227725,0.19471255912866445,0.2225
0.73,0.7,0.3333333333333333,0.5804597701149425,1.0,0.16091954022988506,0.27722772277227725,0.19471255912866445,0.22489999999999996
0.75,0.65,0.3333333333333333,0.5804597701149425,1.0,0.16091954022988506,0.27722772277227725,0.19471255912866445,0.22500000000000003
0.74,0.68,0.3333333333333333,0.5804597701149425,1.0,0.16091954022988506,0.27722772277227725,0.19471255912866445,0.226
0.75,0.66,0.3333333333333333,0.5804597701149425,1.0,0.16091954022988506,0.27722772277227725,0.19471255912866445,0.22810000000000002
0.68,0.79,0.3333333333333333,0.5804597701149425,1.0,0.16091954022988506,0.27722772277227725,0.19471255912866445,0.2285000000000001
0.74,0.69,0.3333333333333333,0.5804597701149425,1.0,0.16091954022988506,0.27722772277227725,0.19471255912866445,0.22969999999999996
0.76,0.64,0.3333333333333333,0.5804597701149425,1.0,0.16091954022988506,0.27722772277227725,0.19471255912866445,0.23120000000000002
0.75,0.67,0.3333333333333333,0.5804597701149425,1.0,0.16091954022988506,0.27722772277227725,0.19471255912866445,0.23140000000000002
0.74,0.7,0.3333333333333333,0.5804597701149425,1.0,0.16091954022988506,0.27722772277227725,0.19471255912866445,0.23359999999999997
0.76,0.65,0.3333333333333333,0.5804597701149425,1.0,0.16091954022988506,0.27722772277227725,0.19471255912866445,0.23410000000000003
0.75,0.68,0.3333333333333333,0.5804597701149425,1.0,0.16091954022988506,0.27722772277227725,0.19471255912866445,0.23490000000000003
0.69,0.79,0.3333333333333333,0.5804597701149425,1.0,0.16091954022988506,0.27722772277227725,0.19471255912866445,0.23619999999999997
0.76,0.66,0.3333333333333333,0.5804597701149425,1.0,0.16091954022988506,0.27722772277227725,0.19471255912866445,0.23720000000000002
0.75,0.69,0.3333333333333333,0.5804597701149425,1.0,0.16091954022988506,0.27722772277227725,0.19471255912866445,0.23859999999999998
0.76,0.67,0.3333333333333333,0.5804597701149425,1.0,0.16091954022988506,0.27722772277227725,0.19471255912866445,0.24050000000000002
0.75,0.7,0.3333333333333333,0.5804597701149425,1.0,0.16091954022988506,0.27722772277227725,0.19471255912866445,0.2425
0.76,0.68,0.3333333333333333,0.5804597701149425,1.0,0.16091954022988506,0.27722772277227725,0.19471255912866445,0.24400000000000002
0.76,0.69,0.3333333333333333,0.5804597701149425,1.0,0.16091954022988506,0.27722772277227725,0.19471255912866445,0.24769999999999998
0.76,0.7,0.3333333333333333,0.5804597701149425,1.0,0.16091954022988506,0.27722772277227725,0.19471255912866445,0.2516
0.3,0.84,0.3287671232876712,0.5775862068965517,1.0,0.15517241379310345,0.26865671641791045,0.1907053603933529,0.11559999999999998
0.29,0.84,0.3287671232876712,0.5775862068965517,1.0,0.15517241379310345,0.26865671641791045,0.1907053603933529,0.11569999999999998
0.31,0.84,0.3287671232876712,0.5775862068965517,1.0,0.15517241379310345,0.26865671641791045,0.1907053603933529,0.11569999999999998
0.28,0.84,0.3287671232876712,0.5775862068965517,1.0,0.15517241379310345,0.26865671641791045,0.1907053603933529,0.11599999999999998
0.32,0.84,0.3287671232876712,0.5775862068965517,1.0,0.15517241379310345,0.26865671641791045,0.1907053603933529,0.11599999999999998
0.27,0.84,0.3287671232876712,0.5775862068965517,1.0,0.15517241379310345,0.26865671641791045,0.1907053603933529,0.11649999999999998
0.33,0.84,0.3287671232876712,0.5775862068965517,1.0,0.15517241379310345,0.26865671641791045,0.1907053603933529,0.11649999999999998
0.26,0.84,0.3287671232876712,0.5775862068965517,1.0,0.15517241379310345,0.26865671641791045,0.1907053603933529,0.11719999999999998
0.34,0.84,0.3287671232876712,0.5775862068965517,1.0,0.15517241379310345,0.26865671641791045,0.1907053603933529,0.11719999999999998
0.25,0.84,0.3287671232876712,0.5775862068965517,1.0,0.15517241379310345,0.26865671641791045,0.1907053603933529,0.11809999999999998
0.35,0.84,0.3287671232876712,0.5775862068965517,1.0,0.15517241379310345,0.26865671641791045,0.1907053603933529,0.11809999999999998
0.24,0.84,0.3287671232876712,0.5775862068965517,1.0,0.15517241379310345,0.26865671641791045,0.1907053603933529,0.11919999999999999
0.36,0.84,0.3287671232876712,0.5775862068965517,1.0,0.15517241379310345,0.26865671641791045,0.1907053603933529,0.11919999999999999
0.23,0.84,0.3287671232876712,0.5775862068965517,1.0,0.15517241379310345,0.26865671641791045,0.1907053603933529,0.12049999999999998
0.37,0.84,0.3287671232876712,0.5775862068965517,1.0,0.15517241379310345,0.26865671641791045,0.1907053603933529,0.12049999999999998
0.22,0.84,0.3287671232876712,0.5775862068965517,1.0,0.15517241379310345,0.26865671641791045,0.1907053603933529,0.12199999999999998
0.38,0.84,0.3287671232876712,0.5775862068965517,1.0,0.15517241379310345,0.26865671641791045,0.1907053603933529,0.12199999999999998
0.21,0.84,0.3287671232876712,0.5775862068965517,1.0,0.15517241379310345,0.26865671641791045,0.1907053603933529,0.12369999999999998
0.39,0.84,0.3287671232876712,0.5775862068965517,1.0,0.15517241379310345,0.26865671641791045,0.1907053603933529,0.12369999999999999
0.2,0.84,0.3287671232876712,0.5775862068965517,1.0,0.15517241379310345,0.26865671641791045,0.1907053603933529,0.1256
0.4,0.84,0.3287671232876712,0.5775862068965517,1.0,0.15517241379310345,0.26865671641791045,0.1907053603933529,0.1256
0.19,0.84,0.3287671232876712,0.5775862068965517,1.0,0.15517241379310345,0.26865671641791045,0.1907053603933529,0.12769999999999998
0.41,0.84,0.3287671232876712,0.5775862068965517,1.0,0.15517241379310345,0.26865671641791045,0.1907053603933529,0.12769999999999998
0.18,0.84,0.3287671232876712,0.5775862068965517,1.0,0.15517241379310345,0.26865671641791045,0.1907053603933529,0.12999999999999998
0.42,0.84,0.3287671232876712,0.5775862068965517,1.0,0.15517241379310345,0.26865671641791045,0.1907053603933529,0.12999999999999998
0.17,0.84,0.3287671232876712,0.5775862068965517,1.0,0.15517241379310345,0.26865671641791045,0.1907053603933529,0.13249999999999998
0.43,0.84,0.3287671232876712,0.5775862068965517,1.0,0.15517241379310345,0.26865671641791045,0.1907053603933529,0.13249999999999998
0.16,0.84,0.3287671232876712,0.5775862068965517,1.0,0.15517241379310345,0.26865671641791045,0.1907053603933529,0.1352
0.44,0.84,0.3287671232876712,0.5775862068965517,1.0,0.15517241379310345,0.26865671641791045,0.1907053603933529,0.1352
0.15,0.84,0.3287671232876712,0.5775862068965517,1.0,0.15517241379310345,0.26865671641791045,0.1907053603933529,0.13809999999999997
0.45,0.84,0.3287671232876712,0.5775862068965517,1.0,0.15517241379310345,0.26865671641791045,0.1907053603933529,0.1381
0.14,0.84,0.3287671232876712,0.5775862068965517,1.0,0.15517241379310345,0.26865671641791045,0.1907053603933529,0.14119999999999996
0.46,0.84,0.3287671232876712,0.5775862068965517,1.0,0.15517241379310345,0.26865671641791045,0.1907053603933529,0.1412
0.13,0.84,0.3287671232876712,0.5775862068965517,1.0,0.15517241379310345,0.26865671641791045,0.1907053603933529,0.14449999999999996
0.47,0.84,0.3287671232876712,0.5775862068965517,1.0,0.15517241379310345,0.26865671641791045,0.1907053603933529,0.14449999999999996
0.12,0.84,0.3287671232876712,0.5775862068965517,1.0,0.15517241379310345,0.26865671641791045,0.1907053603933529,0.14799999999999996
0.48,0.84,0.3287671232876712,0.5775862068965517,1.0,0.15517241379310345,0.26865671641791045,0.1907053603933529,0.14799999999999996
0.11,0.84,0.3287671232876712,0.5775862068965517,1.0,0.15517241379310345,0.26865671641791045,0.1907053603933529,0.15169999999999997
0.49,0.84,0.3287671232876712,0.5775862068965517,1.0,0.15517241379310345,0.26865671641791045,0.1907053603933529,0.15169999999999997
0.1,0.84,0.3287671232876712,0.5775862068965517,1.0,0.15517241379310345,0.26865671641791045,0.1907053603933529,0.15559999999999996
0.5,0.84,0.3287671232876712,0.5775862068965517,1.0,0.15517241379310345,0.26865671641791045,0.1907053603933529,0.1556
0.09,0.84,0.3287671232876712,0.5775862068965517,1.0,0.15517241379310345,0.26865671641791045,0.1907053603933529,0.15969999999999998
0.51,0.84,0.3287671232876712,0.5775862068965517,1.0,0.15517241379310345,0.26865671641791045,0.1907053603933529,0.15969999999999998
0.08,0.84,0.3287671232876712,0.5775862068965517,1.0,0.15517241379310345,0.26865671641791045,0.1907053603933529,0.16399999999999998
0.52,0.84,0.3287671232876712,0.5775862068965517,1.0,0.15517241379310345,0.26865671641791045,0.1907053603933529,0.16399999999999998
0.07,0.84,0.3287671232876712,0.5775862068965517,1.0,0.15517241379310345,0.26865671641791045,0.1907053603933529,0.16849999999999998
0.53,0.84,0.3287671232876712,0.5775862068965517,1.0,0.15517241379310345,0.26865671641791045,0.1907053603933529,0.16849999999999998
0.06,0.84,0.3287671232876712,0.5775862068965517,1.0,0.15517241379310345,0.26865671641791045,0.1907053603933529,0.17319999999999997
0.54,0.84,0.3287671232876712,0.5775862068965517,1.0,0.15517241379310345,0.26865671641791045,0.1907053603933529,0.1732
0.05,0.84,0.3287671232876712,0.5775862068965517,1.0,0.15517241379310345,0.26865671641791045,0.1907053603933529,0.17809999999999998
0.55,0.84,0.3287671232876712,0.5775862068965517,1.0,0.15517241379310345,0.26865671641791045,0.1907053603933529,0.1781
0.04,0.84,0.3287671232876712,0.5775862068965517,1.0,0.15517241379310345,0.26865671641791045,0.1907053603933529,0.18319999999999997
0.56,0.84,0.3287671232876712,0.5775862068965517,1.0,0.15517241379310345,0.26865671641791045,0.1907053603933529,0.18320000000000003
0.57,0.84,0.3287671232876712,0.5775862068965517,1.0,0.15517241379310345,0.26865671641791045,0.1907053603933529,0.18849999999999995
0.03,0.84,0.3287671232876712,0.5775862068965517,1.0,0.15517241379310345,0.26865671641791045,0.1907053603933529,0.1885
0.62,0.8,0.3287671232876712,0.5775862068965517,1.0,0.15517241379310345,0.26865671641791045,0.1907053603933529,0.19240000000000002
0.02,0.84,0.3287671232876712,0.5775862068965517,1.0,0.15517241379310345,0.26865671641791045,0.1907053603933529,0.19399999999999995
0.58,0.84,0.3287671232876712,0.5775862068965517,1.0,0.15517241379310345,0.26865671641791045,0.1907053603933529,0.19399999999999995
0.62,0.81,0.3287671232876712,0.5775862068965517,1.0,0.15517241379310345,0.26865671641791045,0.1907053603933529,0.19850000000000004
0.63,0.8,0.3287671232876712,0.5775862068965517,1.0,0.15517241379310345,0.26865671641791045,0.1907053603933529,0.19890000000000002
0.01,0.84,0.3287671232876712,0.5775862068965517,1.0,0.15517241379310345,0.26865671641791045,0.1907053603933529,0.1997
0.59,0.84,0.3287671232876712,0.5775862068965517,1.0,0.15517241379310345,0.26865671641791045,0.1907053603933529,0.1997
0.7,0.71,0.3287671232876712,0.5775862068965517,1.0,0.15517241379310345,0.26865671641791045,0.1907053603933529,0.20409999999999995
0.62,0.82,0.3287671232876712,0.5775862068965517,1.0,0.15517241379310345,0.26865671641791045,0.1907053603933529,0.20479999999999998
0.63,0.81,0.3287671232876712,0.5775862068965517,1.0,0.15517241379310345,0.26865671641791045,0.1907053603933529,0.20500000000000004
0.0,0.84,0.3287671232876712,0.5775862068965517,1.0,0.15517241379310345,0.26865671641791045,0.1907053603933529,0.20559999999999998
0.6,0.84,0.3287671232876712,0.5775862068965517,1.0,0.15517241379310345,0.26865671641791045,0.1907053603933529,0.20559999999999998
0.64,0.8,0.3287671232876712,0.5775862068965517,1.0,0.15517241379310345,0.26865671641791045,0.1907053603933529,0.20560000000000006
0.7,0.72,0.3287671232876712,0.5775862068965517,1.0,0.15517241379310345,0.26865671641791045,0.1907053603933529,0.20839999999999997
0.62,0.83,0.3287671232876712,0.5775862068965517,1.0,0.15517241379310345,0.26865671641791045,0.1907053603933529,0.2113
0.63,0.82,0.3287671232876712,0.5775862068965517,1.0,0.15517241379310345,0.26865671641791045,0.1907053603933529,0.2113
0.61,0.84,0.3287671232876712,0.5775862068965517,1.0,0.15517241379310345,0.26865671641791045,0.1907053603933529,0.2117
0.64,0.81,0.3287671232876712,0.5775862068965517,1.0,0.15517241379310345,0.26865671641791045,0.1907053603933529,0.21170000000000005
0.71,0.71,0.3287671232876712,0.5775862068965517,1.0,0.15517241379310345,0.26865671641791045,0.1907053603933529,0.21219999999999994
0.65,0.8,0.3287671232876712,0.5775862068965517,1.0,0.15517241379310345,0.26865671641791045,0.1907053603933529,0.21250000000000005
0.7,0.73,0.3287671232876712,0.5775862068965517,1.0,0.15517241379310345,0.26865671641791045,0.1907053603933529,0.21289999999999998
0.71,0.72,0.3287671232876712,0.5775862068965517,1.0,0.15517241379310345,0.26865671641791045,0.1907053603933529,0.21649999999999997
0.7,0.74,0.3287671232876712,0.5775862068965517,1.0,0.15517241379310345,0.26865671641791045,0.1907053603933529,0.21759999999999996
0.63,0.83,0.3287671232876712,0.5775862068965517,1.0,0.15517241379310345,0.26865671641791045,0.1907053603933529,0.2178
0.62,0.84,0.3287671232876712,0.5775862068965517,1.0,0.15517241379310345,0.26865671641791045,0.1907053603933529,0.21799999999999997
0.64,0.82,0.3287671232876712,0.5775862068965517,1.0,0.15517241379310345,0.26865671641791045,0.1907053603933529,0.21799999999999997
0.65,0.81,0.3287671232876712,0.5775862068965517,1.0,0.15517241379310345,0.26865671641791045,0.1907053603933529,0.21860000000000007
0.66,0.8,0.3287671232876712,0.5775862068965517,1.0,0.15517241379310345,0.26865671641791045,0.1907053603933529,0.21960000000000005
0.72,0.71,0.3287671232876712,0.5775862068965517,1.0,0.15517241379310345,0.26865671641791045,0.1907053603933529,0.22049999999999997
0.71,0.73,0.3287671232876712,0.5775862068965517,1.0,0.15517241379310345,0.26865671641791045,0.1907053603933529,0.22099999999999997
0.7,0.75,0.3287671232876712,0.5775862068965517,1.0,0.15517241379310345,0.26865671641791045,0.1907053603933529,0.22249999999999998
0.63,0.84,0.3287671232876712,0.5775862068965517,1.0,0.15517241379310345,0.26865671641791045,0.1907053603933529,0.22449999999999998
0.64,0.83,0.3287671232876712,0.5775862068965517,1.0,0.15517241379310345,0.26865671641791045,0.1907053603933529,0.22449999999999998
0.72,0.72,0.3287671232876712,0.5775862068965517,1.0,0.15517241379310345,0.26865671641791045,0.1907053603933529,0.22479999999999997
0.65,0.82,0.3287671232876712,0.5775862068965517,1.0,0.15517241379310345,0.26865671641791045,0.1907053603933529,0.2249
0.71,0.74,0.3287671232876712,0.5775862068965517,1.0,0.15517241379310345,0.26865671641791045,0.1907053603933529,0.22569999999999996
0.66,0.81,0.3287671232876712,0.5775862068965517,1.0,0.15517241379310345,0.26865671641791045,0.1907053603933529,0.22570000000000007
0.67,0.8,0.3287671232876712,0.5775862068965517,1.0,0.15517241379310345,0.26865671641791045,0.1907053603933529,0.22690000000000007
0.7,0.76,0.3287671232876712,0.5775862068965517,1.0,0.15517241379310345,0.26865671641791045,0.1907053603933529,0.22759999999999997
0.73,0.71,0.3287671232876712,0.5775862068965517,1.0,0.15517241379310345,0.26865671641791045,0.1907053603933529,0.22899999999999998
0.72,0.73,0.3287671232876712,0.5775862068965517,1.0,0.15517241379310345,0.26865671641791045,0.1907053603933529,0.22929999999999995
0.71,0.75,0.3287671232876712,0.5775862068965517,1.0,0.15517241379310345,0.26865671641791045,0.1907053603933529,0.23059999999999997
0.64,0.84,0.3287671232876712,0.5775862068965517,1.0,0.15517241379310345,0.26865671641791045,0.1907053603933529,0.23120000000000002
0.65,0.83,0.3287671232876712,0.5775862068965517,1.0,0.15517241379310345,0.26865671641791045,0.1907053603933529,0.2314
0.66,0.82,0.3287671232876712,0.5775862068965517,1.0,0.15517241379310345,0.26865671641791045,0.1907053603933529,0.23199999999999998
0.7,0.77,0.3287671232876712,0.5775862068965517,1.0,0.15517241379310345,0.26865671641791045,0.1907053603933529,0.2329
0.67,0.81,0.3287671232876712,0.5775862068965517,1.0,0.15517241379310345,0.26865671641791045,0.1907053603933529,0.2330000000000001
0.73,0.72,0.3287671232876712,0.5775862068965517,1.0,0.15517241379310345,0.26865671641791045,0.1907053603933529,0.23329999999999998
0.72,0.74,0.3287671232876712,0.5775862068965517,1.0,0.15517241379310345,0.26865671641791045,0.1907053603933529,0.23399999999999999
0.68,0.8,0.3287671232876712,0.5775862068965517,1.0,0.15517241379310345,0.26865671641791045,0.1907053603933529,0.23440000000000008
0.71,0.76,0.3287671232876712,0.5775862068965517,1.0,0.15517241379310345,0.26865671641791045,0.1907053603933529,0.23569999999999997
0.74,0.71,0.3287671232876712,0.5775862068965517,1.0,0.15517241379310345,0.26865671641791045,0.1907053603933529,0.23769999999999997
0.73,0.73,0.3287671232876712,0.5775862068965517,1.0,0.15517241379310345,0.26865671641791045,0.1907053603933529,0.23779999999999996
0.65,0.84,0.3287671232876712,0.5775862068965517,1.0,0.15517241379310345,0.26865671641791045,0.1907053603933529,0.2381
0.7,0.78,0.3287671232876712,0.5775862068965517,1.0,0.15517241379310345,0.26865671641791045,0.1907053603933529,0.2384
0.66,0.83,0.3287671232876712,0.5775862068965517,1.0,0.15517241379310345,0.26865671641791045,0.1907053603933529,0.2385
0.72,0.75,0.3287671232876712,0.5775862068965517,1.0,0.15517241379310345,0.26865671641791045,0.1907053603933529,0.23889999999999997
0.67,0.82,0.3287671232876712,0.5775862068965517,1.0,0.15517241379310345,0.26865671641791045,0.1907053603933529,0.2393
0.77,0.64,0.3287671232876712,0.5775862068965517,1.0,0.15517241379310345,0.26865671641791045,0.1907053603933529,0.24050000000000005
0.68,0.81,0.3287671232876712,0.5775862068965517,1.0,0.15517241379310345,0.26865671641791045,0.1907053603933529,0.2405000000000001
0.71,0.77,0.3287671232876712,0.5775862068965517,1.0,0.15517241379310345,0.26865671641791045,0.1907053603933529,0.241
0.74,0.72,0.3287671232876712,0.5775862068965517,1.0,0.15517241379310345,0.26865671641791045,0.1907053603933529,0.242
0.69,0.8,0.3287671232876712,0.5775862068965517,1.0,0.15517241379310345,0.26865671641791045,0.1907053603933529,0.24209999999999998
0.73,0.74,0.3287671232876712,0.5775862068965517,1.0,0.15517241379310345,0.26865671641791045,0.1907053603933529,0.2425
0.77,0.65,0.3287671232876712,0.5775862068965517,1.0,0.15517241379310345,0.26865671641791045,0.1907053603933529,0.24340000000000006
0.72,0.76,0.3287671232876712,0.5775862068965517,1.0,0.15517241379310345,0.26865671641791045,0.1907053603933529,0.244
0.7,0.79,0.3287671232876712,0.5775862068965517,1.0,0.15517241379310345,0.26865671641791045,0.1907053603933529,0.24409999999999998
0.66,0.84,0.3287671232876712,0.5775862068965517,1.0,0.15517241379310345,0.26865671641791045,0.1907053603933529,0.2452
0.67,0.83,0.3287671232876712,0.5775862068965517,1.0,0.15517241379310345,0.26865671641791045,0.1907053603933529,0.24580000000000002
0.71,0.78,0.3287671232876712,0.5775862068965517,1.0,0.15517241379310345,0.26865671641791045,0.1907053603933529,0.2465
0.74,0.73,0.3287671232876712,0.5775862068965517,1.0,0.15517241379310345,0.26865671641791045,0.1907053603933529,0.2465
0.77,0.66,0.3287671232876712,0.5775862068965517,1.0,0.15517241379310345,0.26865671641791045,0.1907053603933529,0.24650000000000005
0.75,0.71,0.3287671232876712,0.5775862068965517,1.0,0.15517241379310345,0.26865671641791045,0.1907053603933529,0.24659999999999999
0.68,0.82,0.3287671232876712,0.5775862068965517,1.0,0.15517241379310345,0.26865671641791045,0.1907053603933529,0.24680000000000002
0.73,0.75,0.3287671232876712,0.5775862068965517,1.0,0.15517241379310345,0.26865671641791045,0.1907053603933529,0.24739999999999998
0.69,0.81,0.3287671232876712,0.5775862068965517,1.0,0.15517241379310345,0.26865671641791045,0.1907053603933529,0.24819999999999998
0.72,0.77,0.3287671232876712,0.5775862068965517,1.0,0.15517241379310345,0.26865671641791045,0.1907053603933529,0.24929999999999997
0.77,0.67,0.3287671232876712,0.5775862068965517,1.0,0.15517241379310345,0.26865671641791045,0.1907053603933529,0.24980000000000005
0.7,0.8,0.3287671232876712,0.5775862068965517,1.0,0.15517241379310345,0.26865671641791045,0.1907053603933529,0.25
0.78,0.64,0.3287671232876712,0.5775862068965517,1.0,0.15517241379310345,0.26865671641791045,0.1907053603933529,0.25000000000000006
0.75,0.72,0.3287671232876712,0.5775862068965517,1.0,0.15517241379310345,0.26865671641791045,0.1907053603933529,0.2509
0.74,0.74,0.3287671232876712,0.5775862068965517,1.0,0.15517241379310345,0.26865671641791045,0.1907053603933529,0.2512
0.71,0.79,0.3287671232876712,0.5775862068965517,1.0,0.15517241379310345,0.26865671641791045,0.1907053603933529,0.2522
0.73,0.76,0.3287671232876712,0.5775862068965517,1.0,0.15517241379310345,0.26865671641791045,0.1907053603933529,0.2525
0.67,0.84,0.3287671232876712,0.5775862068965517,1.0,0.15517241379310345,0.26865671641791045,0.1907053603933529,0.25250000000000006
0.78,0.65,0.3287671232876712,0.5775862068965517,1.0,0.15517241379310345,0.26865671641791045,0.1907053603933529,0.25290000000000007
0.68,0.83,0.3287671232876712,0.5775862068965517,1.0,0.15517241379310345,0.26865671641791045,0.1907053603933529,0.2533
0.77,0.68,0.3287671232876712,0.5775862068965517,1.0,0.15517241379310345,0.26865671641791045,0.1907053603933529,0.2533000000000001
0.69,0.82,0.3287671232876712,0.5775862068965517,1.0,0.15517241379310345,0.26865671641791045,0.1907053603933529,0.25449999999999995
0.72,0.78,0.3287671232876712,0.5775862068965517,1.0,0.15517241379310345,0.26865671641791045,0.1907053603933529,0.25479999999999997
0.75,0.73,0.3287671232876712,0.5775862068965517,1.0,0.15517241379310345,0.26865671641791045,0.1907053603933529,0.2554
0.76,0.71,0.3287671232876712,0.5775862068965517,1.0,0.15517241379310345,0.26865671641791045,0.1907053603933529,0.2557
0.78,0.66,0.3287671232876712,0.5775862068965517,1.0,0.15517241379310345,0.26865671641791045,0.1907053603933529,0.25600000000000006
0.7,0.81,0.3287671232876712,0.5775862068965517,1.0,0.15517241379310345,0.26865671641791045,0.1907053603933529,0.2561
0.74,0.75,0.3287671232876712,0.5775862068965517,1.0,0.15517241379310345,0.26865671641791045,0.1907053603933529,0.2561
0.77,0.69,0.3287671232876712,0.5775862068965517,1.0,0.15517241379310345,0.26865671641791045,0.1907053603933529,0.257
0.73,0.77,0.3287671232876712,0.5775862068965517,1.0,0.15517241379310345,0.26865671641791045,0.1907053603933529,0.2578
0.71,0.8,0.3287671232876712,0.5775862068965517,1.0,0.15517241379310345,0.26865671641791045,0.1907053603933529,0.2581
0.78,0.67,0.3287671232876712,0.5775862068965517,1.0,0.15517241379310345,0.26865671641791045,0.1907053603933529,0.2593000000000001
0.79,0.64,0.3287671232876712,0.5775862068965517,1.0,0.15517241379310345,0.26865671641791045,0.1907053603933529,0.25970000000000004
0.68,0.84,0.3287671232876712,0.5775862068965517,1.0,0.15517241379310345,0.26865671641791045,0.1907053603933529,0.26
0.76,0.72,0.3287671232876712,0.5775862068965517,1.0,0.15517241379310345,0.26865671641791045,0.1907053603933529,0.26
0.75,0.74,0.3287671232876712,0.5775862068965517,1.0,0.15517241379310345,0.26865671641791045,0.1907053603933529,0.2601
0.72,0.79,0.3287671232876712,0.5775862068965517,1.0,0.15517241379310345,0.26865671641791045,0.1907053603933529,0.2605
0.77,0.7,0.3287671232876712,0.5775862068965517,1.0,0.15517241379310345,0.26865671641791045,0.1907053603933529,0.2609
0.69,0.83,0.3287671232876712,0.5775862068965517,1.0,0.15517241379310345,0.26865671641791045,0.1907053603933529,0.2609999999999999
0.74,0.76,0.3287671232876712,0.5775862068965517,1.0,0.15517241379310345,0.26865671641791045,0.1907053603933529,0.2612
0.7,0.82,0.3287671232876712,0.5775862068965517,1.0,0.15517241379310345,0.26865671641791045,0.1907053603933529,0.26239999999999997
0.79,0.65,0.3287671232876712,0.5775862068965517,1.0,0.15517241379310345,0.26865671641791045,0.1907053603933529,0.26260000000000006
0.78,0.68,0.3287671232876712,0.5775862068965517,1.0,0.15517241379310345,0.26865671641791045,0.1907053603933529,0.2628000000000001
0.73,0.78,0.3287671232876712,0.5775862068965517,1.0,0.15517241379310345,0.26865671641791045,0.1907053603933529,0.2633
0.71,0.81,0.3287671232876712,0.5775862068965517,1.0,0.15517241379310345,0.26865671641791045,0.1907053603933529,0.2642
0.76,0.73,0.3287671232876712,0.5775862068965517,1.0,0.15517241379310345,0.26865671641791045,0.1907053603933529,0.2645
0.75,0.75,0.3287671232876712,0.5775862068965517,1.0,0.15517241379310345,0.26865671641791045,0.1907053603933529,0.265
0.79,0.66,0.3287671232876712,0.5775862068965517,1.0,0.15517241379310345,0.26865671641791045,0.1907053603933529,0.26570000000000005
0.72,0.8,0.3287671232876712,0.5775862068965517,1.0,0.15517241379310345,0.26865671641791045,0.1907053603933529,0.26639999999999997
0.74,0.77,0.3287671232876712,0.5775862068965517,1.0,0.15517241379310345,0.26865671641791045,0.1907053603933529,0.2665
0.78,0.69,0.3287671232876712,0.5775862068965517,1.0,0.15517241379310345,0.26865671641791045,0.1907053603933529,0.2665
0.69,0.84,0.3287671232876712,0.5775862068965517,1.0,0.15517241379310345,0.26865671641791045,0.1907053603933529,0.26769999999999994
0.7,0.83,0.3287671232876712,0.5775862068965517,1.0,0.15517241379310345,0.26865671641791045,0.1907053603933529,0.2688999999999999
0.73,0.79,0.3287671232876712,0.5775862068965517,1.0,0.15517241379310345,0.26865671641791045,0.1907053603933529,0.269
0.79,0.67,0.3287671232876712,0.5775862068965517,1.0,0.15517241379310345,0.26865671641791045,0.1907053603933529,0.2690000000000001
0.76,0.74,0.3287671232876712,0.5775862068965517,1.0,0.15517241379310345,0.26865671641791045,0.1907053603933529,0.2692
0.8,0.64,0.3287671232876712,0.5775862068965517,1.0,0.15517241379310345,0.26865671641791045,0.1907053603933529,0.2696
0.75,0.76,0.3287671232876712,0.5775862068965517,1.0,0.15517241379310345,0.26865671641791045,0.1907053603933529,0.2701
0.78,0.7,0.3287671232876712,0.5775862068965517,1.0,0.15517241379310345,0.26865671641791045,0.1907053603933529,0.27040000000000003
0.71,0.82,0.3287671232876712,0.5775862068965517,1.0,0.15517241379310345,0.26865671641791045,0.1907053603933529,0.27049999999999996
0.74,0.78,0.3287671232876712,0.5775862068965517,1.0,0.15517241379310345,0.26865671641791045,0.1907053603933529,0.272
0.72,0.81,0.3287671232876712,0.5775862068965517,1.0,0.15517241379310345,0.26865671641791045,0.1907053603933529,0.2725
0.8,0.65,0.3287671232876712,0.5775862068965517,1.0,0.15517241379310345,0.26865671641791045,0.1907053603933529,0.2725
0.79,0.68,0.3287671232876712,0.5775862068965517,1.0,0.15517241379310345,0.26865671641791045,0.1907053603933529,0.2725000000000001
0.76,0.75,0.3287671232876712,0.5775862068965517,1.0,0.15517241379310345,0.26865671641791045,0.1907053603933529,0.2741
0.73,0.8,0.3287671232876712,0.5775862068965517,1.0,0.15517241379310345,0.26865671641791045,0.1907053603933529,0.27490000000000003
0.75,0.77,0.3287671232876712,0.5775862068965517,1.0,0.15517241379310345,0.26865671641791045,0.1907053603933529,0.27540000000000003
0.7,0.84,0.3287671232876712,0.5775862068965517,1.0,0.15517241379310345,0.26865671641791045,0.1907053603933529,0.27559999999999996
0.8,0.66,0.3287671232876712,0.5775862068965517,1.0,0.15517241379310345,0.26865671641791045,0.1907053603933529,0.2756
0.79,0.69,0.3287671232876712,0.5775862068965517,1.0,0.15517241379310345,0.26865671641791045,0.1907053603933529,0.2762
0.71,0.83,0.3287671232876712,0.5775862068965517,1.0,0.15517241379310345,0.26865671641791045,0.1907053603933529,0.2769999999999999
0.74,0.79,0.3287671232876712,0.5775862068965517,1.0,0.15517241379310345,0.26865671641791045,0.1907053603933529,0.2777
0.72,0.82,0.3287671232876712,0.5775862068965517,1.0,0.15517241379310345,0.26865671641791045,0.1907053603933529,0.27879999999999994
0.8,0.67,0.3287671232876712,0.5775862068965517,1.0,0.15517241379310345,0.26865671641791045,0.1907053603933529,0.27890000000000004
0.76,0.76,0.3287671232876712,0.5775862068965517,1.0,0.15517241379310345,0.26865671641791045,0.1907053603933529,0.2792
0.79,0.7,0.3287671232876712,0.5775862068965517,1.0,0.15517241379310345,0.26865671641791045,0.1907053603933529,0.2801
0.75,0.78,0.3287671232876712,0.5775862068965517,1.0,0.15517241379310345,0.26865671641791045,0.1907053603933529,0.28090000000000004
0.73,0.81,0.3287671232876712,0.5775862068965517,1.0,0.15517241379310345,0.26865671641791045,0.1907053603933529,0.281
0.8,0.68,0.3287671232876712,0.5775862068965517,1.0,0.15517241379310345,0.26865671641791045,0.1907053603933529,0.28240000000000004
0.74,0.8,0.3287671232876712,0.5775862068965517,1.0,0.15517241379310345,0.26865671641791045,0.1907053603933529,0.2836
0.71,0.84,0.3287671232876712,0.5775862068965517,1.0,0.15517241379310345,0.26865671641791045,0.1907053603933529,0.28369999999999995
0.76,0.77,0.3287671232876712,0.5775862068965517,1.0,0.15517241379310345,0.26865671641791045,0.1907053603933529,0.28450000000000003
0.72,0.83,0.3287671232876712,0.5775862068965517,1.0,0.15517241379310345,0.26865671641791045,0.1907053603933529,0.28529999999999994
0.8,0.69,0.3287671232876712,0.5775862068965517,1.0,0.15517241379310345,0.26865671641791045,0.1907053603933529,0.28609999999999997
0.75,0.79,0.3287671232876712,0.5775862068965517,1.0,0.15517241379310345,0.26865671641791045,0.1907053603933529,0.2866
0.73,0.82,0.3287671232876712,0.5775862068965517,1.0,0.15517241379310345,0.26865671641791045,0.1907053603933529,0.28729999999999994
0.74,0.81,0.3287671232876712,0.5775862068965517,1.0,0.15517241379310345,0.26865671641791045,0.1907053603933529,0.2897
0.8,0.7,0.3287671232876712,0.5775862068965517,1.0,0.15517241379310345,0.26865671641791045,0.1907053603933529,0.29
0.76,0.78,0.3287671232876712,0.5775862068965517,1.0,0.15517241379310345,0.26865671641791045,0.1907053603933529,0.29000000000000004
0.72,0.84,0.3287671232876712,0.5775862068965517,1.0,0.15517241379310345,0.26865671641791045,0.1907053603933529,0.2919999999999999
0.75,0.8,0.3287671232876712,0.5775862068965517,1.0,0.15517241379310345,0.26865671641791045,0.1907053603933529,0.29250000000000004
0.73,0.83,0.3287671232876712,0.5775862068965517,1.0,0.15517241379310345,0.26865671641791045,0.1907053603933529,0.29379999999999995
0.76,0.79,0.3287671232876712,0.5775862068965517,1.0,0.15517241379310345,0.26865671641791045,0.1907053603933529,0.2957
0.74,0.82,0.3287671232876712,0.5775862068965517,1.0,0.15517241379310345,0.26865671641791045,0.1907053603933529,0.29599999999999993
0.75,0.81,0.3287671232876712,0.5775862068965517,1.0,0.15517241379310345,0.26865671641791045,0.1907053603933529,0.29860000000000003
0.73,0.84,0.3287671232876712,0.5775862068965517,1.0,0.15517241379310345,0.26865671641791045,0.1907053603933529,0.3005
0.76,0.8,0.3287671232876712,0.5775862068965517,1.0,0.15517241379310345,0.26865671641791045,0.1907053603933529,0.30160000000000003
0.74,0.83,0.3287671232876712,0.5775862068965517,1.0,0.15517241379310345,0.26865671641791045,0.1907053603933529,0.3025
0.75,0.82,0.3287671232876712,0.5775862068965517,1.0,0.15517241379310345,0.26865671641791045,0.1907053603933529,0.30489999999999995
0.76,0.81,0.3287671232876712,0.5775862068965517,1.0,0.15517241379310345,0.26865671641791045,0.1907053603933529,0.30770000000000003
0.74,0.84,0.3287671232876712,0.5775862068965517,1.0,0.15517241379310345,0.26865671641791045,0.1907053603933529,0.3092
0.75,0.83,0.3287671232876712,0.5775862068965517,1.0,0.15517241379310345,0.26865671641791045,0.1907053603933529,0.3114
0.76,0.82,0.3287671232876712,0.5775862068965517,1.0,0.15517241379310345,0.26865671641791045,0.1907053603933529,0.31399999999999995
0.75,0.84,0.3287671232876712,0.5775862068965517,1.0,0.15517241379310345,0.26865671641791045,0.1907053603933529,0.3181
0.76,0.83,0.3287671232876712,0.5775862068965517,1.0,0.15517241379310345,0.26865671641791045,0.1907053603933529,0.3205
0.76,0.84,0.3287671232876712,0.5775862068965517,1.0,0.15517241379310345,0.26865671641791045,0.1907053603933529,0.3272
0.3,0.85,0.3242009132420091,0.5747126436781609,1.0,0.14942528735632185,0.26,0.18665501039863466,0.12249999999999998
0.29,0.85,0.3242009132420091,0.5747126436781609,1.0,0.14942528735632185,0.26,0.18665501039863466,0.12259999999999999
0.31,0.85,0.3242009132420091,0.5747126436781609,1.0,0.14942528735632185,0.26,0.18665501039863466,0.12259999999999999
0.28,0.85,0.3242009132420091,0.5747126436781609,1.0,0.14942528735632185,0.26,0.18665501039863466,0.12289999999999998
0.32,0.85,0.3242009132420091,0.5747126436781609,1.0,0.14942528735632185,0.26,0.18665501039863466,0.12289999999999998
0.27,0.85,0.3242009132420091,0.5747126436781609,1.0,0.14942528735632185,0.26,0.18665501039863466,0.12339999999999998
0.33,0.85,0.3242009132420091,0.5747126436781609,1.0,0.14942528735632185,0.26,0.18665501039863466,0.12339999999999998
0.26,0.85,0.3242009132420091,0.5747126436781609,1.0,0.14942528735632185,0.26,0.18665501039863466,0.12409999999999999
0.34,0.85,0.3242009132420091,0.5747126436781609,1.0,0.14942528735632185,0.26,0.18665501039863466,0.12409999999999999
0.25,0.85,0.3242009132420091,0.5747126436781609,1.0,0.14942528735632185,0.26,0.18665501039863466,0.12499999999999999
0.35,0.85,0.3242009132420091,0.5747126436781609,1.0,0.14942528735632185,0.26,0.18665501039863466,0.12499999999999999
0.24,0.85,0.3242009132420091,0.5747126436781609,1.0,0.14942528735632185,0.26,0.18665501039863466,0.1261
0.36,0.85,0.3242009132420091,0.5747126436781609,1.0,0.14942528735632185,0.26,0.18665501039863466,0.1261
0.23,0.85,0.3242009132420091,0.5747126436781609,1.0,0.14942528735632185,0.26,0.18665501039863466,0.12739999999999999
0.37,0.85,0.3242009132420091,0.5747126436781609,1.0,0.14942528735632185,0.26,0.18665501039863466,0.12739999999999999
0.22,0.85,0.3242009132420091,0.5747126436781609,1.0,0.14942528735632185,0.26,0.18665501039863466,0.1289
0.38,0.85,0.3242009132420091,0.5747126436781609,1.0,0.14942528735632185,0.26,0.18665501039863466,0.1289
0.3,0.86,0.3242009132420091,0.5747126436781609,1.0,0.14942528735632185,0.26,0.18665501039863466,0.1296
0.29,0.86,0.3242009132420091,0.5747126436781609,1.0,0.14942528735632185,0.26,0.18665501039863466,0.12969999999999998
0.31,0.86,0.3242009132420091,0.5747126436781609,1.0,0.14942528735632185,0.26,0.18665501039863466,0.12969999999999998
0.28,0.86,0.3242009132420091,0.5747126436781609,1.0,0.14942528735632185,0.26,0.18665501039863466,0.13
0.32,0.86,0.3242009132420091,0.5747126436781609,1.0,0.14942528735632185,0.26,0.18665501039863466,0.13
0.27,0.86,0.3242009132420091,0.5747126436781609,1.0,0.14942528735632185,0.26,0.18665501039863466,0.1305
0.33,0.86,0.3242009132420091,0.5747126436781609,1.0,0.14942528735632185,0.26,0.18665501039863466,0.1305
0.21,0.85,0.3242009132420091,0.5747126436781609,1.0,0.14942528735632185,0.26,0.18665501039863466,0.1306
0.39,0.85,0.3242009132420091,0.5747126436781609,1.0,0.14942528735632185,0.26,0.18665501039863466,0.1306
0.26,0.86,0.3242009132420091,0.5747126436781609,1.0,0.14942528735632185,0.26,0.18665501039863466,0.13119999999999998
0.34,0.86,0.3242009132420091,0.5747126436781609,1.0,0.14942528735632185,0.26,0.18665501039863466,0.13119999999999998
0.25,0.86,0.3242009132420091,0.5747126436781609,1.0,0.14942528735632185,0.26,0.18665501039863466,0.1321
0.35,0.86,0.3242009132420091,0.5747126436781609,1.0,0.14942528735632185,0.26,0.18665501039863466,0.1321
0.2,0.85,0.3242009132420091,0.5747126436781609,1.0,0.14942528735632185,0.26,0.18665501039863466,0.13249999999999998
0.4,0.85,0.3242009132420091,0.5747126436781609,1.0,0.14942528735632185,0.26,0.18665501039863466,0.13249999999999998
0.24,0.86,0.3242009132420091,0.5747126436781609,1.0,0.14942528735632185,0.26,0.18665501039863466,0.13319999999999999
0.36,0.86,0.3242009132420091,0.5747126436781609,1.0,0.14942528735632185,0.26,0.18665501039863466,0.13319999999999999
0.23,0.86,0.3242009132420091,0.5747126436781609,1.0,0.14942528735632185,0.26,0.18665501039863466,0.13449999999999998
0.37,0.86,0.3242009132420091,0.5747126436781609,1.0,0.14942528735632185,0.26,0.18665501039863466,0.13449999999999998
0.19,0.85,0.3242009132420091,0.5747126436781609,1.0,0.14942528735632185,0.26,0.18665501039863466,0.13459999999999997
0.41,0.85,0.3242009132420091,0.5747126436781609,1.0,0.14942528735632185,0.26,0.18665501039863466,0.13459999999999997
0.22,0.86,0.3242009132420091,0.5747126436781609,1.0,0.14942528735632185,0.26,0.18665501039863466,0.13599999999999998
0.38,0.86,0.3242009132420091,0.5747126436781609,1.0,0.14942528735632185,0.26,0.18665501039863466,0.136
0.18,0.85,0.3242009132420091,0.5747126436781609,1.0,0.14942528735632185,0.26,0.18665501039863466,0.1369
0.42,0.85,0.3242009132420091,0.5747126436781609,1.0,0.14942528735632185,0.26,0.18665501039863466,0.1369
0.21,0.86,0.3242009132420091,0.5747126436781609,1.0,0.14942528735632185,0.26,0.18665501039863466,0.1377
0.39,0.86,0.3242009132420091,0.5747126436781609,1.0,0.14942528735632185,0.26,0.18665501039863466,0.1377
0.17,0.85,0.3242009132420091,0.5747126436781609,1.0,0.14942528735632185,0.26,0.18665501039863466,0.13939999999999997
0.43,0.85,0.3242009132420091,0.5747126436781609,1.0,0.14942528735632185,0.26,0.18665501039863466,0.1394
0.2,0.86,0.3242009132420091,0.5747126436781609,1.0,0.14942528735632185,0.26,0.18665501039863466,0.1396
0.4,0.86,0.3242009132420091,0.5747126436781609,1.0,0.14942528735632185,0.26,0.18665501039863466,0.1396
0.19,0.86,0.3242009132420091,0.5747126436781609,1.0,0.14942528735632185,0.26,0.18665501039863466,0.1417
0.41,0.86,0.3242009132420091,0.5747126436781609,1.0,0.14942528735632185,0.26,0.18665501039863466,0.1417
0.16,0.85,0.3242009132420091,0.5747126436781609,1.0,0.14942528735632185,0.26,0.18665501039863466,0.14209999999999998
0.44,0.85,0.3242009132420091,0.5747126436781609,1.0,0.14942528735632185,0.26,0.18665501039863466,0.14209999999999998
0.18,0.86,0.3242009132420091,0.5747126436781609,1.0,0.14942528735632185,0.26,0.18665501039863466,0.144
0.42,0.86,0.3242009132420091,0.5747126436781609,1.0,0.14942528735632185,0.26,0.18665501039863466,0.144
0.15,0.85,0.3242009132420091,0.5747126436781609,1.0,0.14942528735632185,0.26,0.18665501039863466,0.145
0.45,0.85,0.3242009132420091,0.5747126436781609,1.0,0.14942528735632185,0.26,0.18665501039863466,0.145
0.17,0.86,0.3242009132420091,0.5747126436781609,1.0,0.14942528735632185,0.26,0.18665501039863466,0.1465
0.43,0.86,0.3242009132420091,0.5747126436781609,1.0,0.14942528735632185,0.26,0.18665501039863466,0.1465
0.14,0.85,0.3242009132420091,0.5747126436781609,1.0,0.14942528735632185,0.26,0.18665501039863466,0.14809999999999998
0.46,0.85,0.3242009132420091,0.5747126436781609,1.0,0.14942528735632185,0.26,0.18665501039863466,0.1481
0.16,0.86,0.3242009132420091,0.5747126436781609,1.0,0.14942528735632185,0.26,0.18665501039863466,0.1492
0.44,0.86,0.3242009132420091,0.5747126436781609,1.0,0.14942528735632185,0.26,0.18665501039863466,0.1492
0.13,0.85,0.3242009132420091,0.5747126436781609,1.0,0.14942528735632185,0.26,0.18665501039863466,0.15139999999999998
0.47,0.85,0.3242009132420091,0.5747126436781609,1.0,0.14942528735632185,0.26,0.18665501039863466,0.15139999999999998
0.15,0.86,0.3242009132420091,0.5747126436781609,1.0,0.14942528735632185,0.26,0.18665501039863466,0.15209999999999999
0.45,0.86,0.3242009132420091,0.5747126436781609,1.0,0.14942528735632185,0.26,0.18665501039863466,0.1521
0.12,0.85,0.3242009132420091,0.5747126436781609,1.0,0.14942528735632185,0.26,0.18665501039863466,0.15489999999999998
0.48,0.85,0.3242009132420091,0.5747126436781609,1.0,0.14942528735632185,0.26,0.18665501039863466,0.15489999999999998
0.14,0.86,0.3242009132420091,0.5747126436781609,1.0,0.14942528735632185,0.26,0.18665501039863466,0.15519999999999998
0.46,0.86,0.3242009132420091,0.5747126436781609,1.0,0.14942528735632185,0.26,0.18665501039863466,0.1552
0.13,0.86,0.3242009132420091,0.5747126436781609,1.0,0.14942528735632185,0.26,0.18665501039863466,0.15849999999999997
0.47,0.86,0.3242009132420091,0.5747126436781609,1.0,0.14942528735632185,0.26,0.18665501039863466,0.15849999999999997
0.11,0.85,0.3242009132420091,0.5747126436781609,1.0,0.14942528735632185,0.26,0.18665501039863466,0.1586
0.49,0.85,0.3242009132420091,0.5747126436781609,1.0,0.14942528735632185,0.26,0.18665501039863466,0.1586
0.12,0.86,0.3242009132420091,0.5747126436781609,1.0,0.14942528735632185,0.26,0.18665501039863466,0.16199999999999998
0.48,0.86,0.3242009132420091,0.5747126436781609,1.0,0.14942528735632185,0.26,0.18665501039863466,0.16199999999999998
0.1,0.85,0.3242009132420091,0.5747126436781609,1.0,0.14942528735632185,0.26,0.18665501039863466,0.16249999999999998
0.5,0.85,0.3242009132420091,0.5747126436781609,1.0,0.14942528735632185,0.26,0.18665501039863466,0.16249999999999998
0.11,0.86,0.3242009132420091,0.5747126436781609,1.0,0.14942528735632185,0.26,0.18665501039863466,0.1657
0.49,0.86,0.3242009132420091,0.5747126436781609,1.0,0.14942528735632185,0.26,0.18665501039863466,0.1657
0.09,0.85,0.3242009132420091,0.5747126436781609,1.0,0.14942528735632185,0.26,0.18665501039863466,0.16659999999999997
0.51,0.85,0.3242009132420091,0.5747126436781609,1.0,0.14942528735632185,0.26,0.18665501039863466,0.1666
0.1,0.86,0.3242009132420091,0.5747126436781609,1.0,0.14942528735632185,0.26,0.18665501039863466,0.16959999999999997
0.5,0.86,0.3242009132420091,0.5747126436781609,1.0,0.14942528735632185,0.26,0.18665501039863466,0.1696
0.08,0.85,0.3242009132420091,0.5747126436781609,1.0,0.14942528735632185,0.26,0.18665501039863466,0.17089999999999997
0.52,0.85,0.3242009132420091,0.5747126436781609,1.0,0.14942528735632185,0.26,0.18665501039863466,0.1709
0.09,0.86,0.3242009132420091,0.5747126436781609,1.0,0.14942528735632185,0.26,0.18665501039863466,0.1737
0.51,0.86,0.3242009132420091,0.5747126436781609,1.0,0.14942528735632185,0.26,0.18665501039863466,0.1737
0.07,0.85,0.3242009132420091,0.5747126436781609,1.0,0.14942528735632185,0.26,0.18665501039863466,0.17539999999999997
0.53,0.85,0.3242009132420091,0.5747126436781609,1.0,0.14942528735632185,0.26,0.18665501039863466,0.1754
0.08,0.86,0.3242009132420091,0.5747126436781609,1.0,0.14942528735632185,0.26,0.18665501039863466,0.178
0.52,0.86,0.3242009132420091,0.5747126436781609,1.0,0.14942528735632185,0.26,0.18665501039863466,0.178
0.06,0.85,0.3242009132420091,0.5747126436781609,1.0,0.14942528735632185,0.26,0.18665501039863466,0.18009999999999998
0.54,0.85,0.3242009132420091,0.5747126436781609,1.0,0.14942528735632185,0.26,0.18665501039863466,0.1801
0.07,0.86,0.3242009132420091,0.5747126436781609,1.0,0.14942528735632185,0.26,0.18665501039863466,0.1825
0.53,0.86,0.3242009132420091,0.5747126436781609,1.0,0.14942528735632185,0.26,0.18665501039863466,0.1825
0.05,0.85,0.3242009132420091,0.5747126436781609,1.0,0.14942528735632185,0.26,0.18665501039863466,0.185
0.55,0.85,0.3242009132420091,0.5747126436781609,1.0,0.14942528735632185,0.26,0.18665501039863466,0.185
0.06,0.86,0.3242009132420091,0.5747126436781609,1.0,0.14942528735632185,0.26,0.18665501039863466,0.18719999999999998
0.54,0.86,0.3242009132420091,0.5747126436781609,1.0,0.14942528735632185,0.26,0.18665501039863466,0.1872
0.04,0.85,0.3242009132420091,0.5747126436781609,1.0,0.14942528735632185,0.26,0.18665501039863466,0.1901
0.56,0.85,0.3242009132420091,0.5747126436781609,1.0,0.14942528735632185,0.26,0.18665501039863466,0.19010000000000002
0.05,0.86,0.3242009132420091,0.5747126436781609,1.0,0.14942528735632185,0.26,0.18665501039863466,0.1921
0.55,0.86,0.3242009132420091,0.5747126436781609,1.0,0.14942528735632185,0.26,0.18665501039863466,0.19210000000000002
0.57,0.85,0.3242009132420091,0.5747126436781609,1.0,0.14942528735632185,0.26,0.18665501039863466,0.19539999999999996
0.03,0.85,0.3242009132420091,0.5747126436781609,1.0,0.14942528735632185,0.26,0.18665501039863466,0.1954
0.04,0.86,0.3242009132420091,0.5747126436781609,1.0,0.14942528735632185,0.26,0.18665501039863466,0.1972
0.56,0.86,0.3242009132420091,0.5747126436781609,1.0,0.14942528735632185,0.26,0.18665501039863466,0.19720000000000004
0.02,0.85,0.3242009132420091,0.5747126436781609,1.0,0.14942528735632185,0.26,0.18665501039863466,0.20089999999999997
0.58,0.85,0.3242009132420091,0.5747126436781609,1.0,0.14942528735632185,0.26,0.18665501039863466,0.20089999999999997
0.57,0.86,0.3242009132420091,0.5747126436781609,1.0,0.14942528735632185,0.26,0.18665501039863466,0.20249999999999996
0.03,0.86,0.3242009132420091,0.5747126436781609,1.0,0.14942528735632185,0.26,0.18665501039863466,0.2025
0.01,0.85,0.3242009132420091,0.5747126436781609,1.0,0.14942528735632185,0.26,0.18665501039863466,0.20659999999999998
0.59,0.85,0.3242009132420091,0.5747126436781609,1.0,0.14942528735632185,0.26,0.18665501039863466,0.20659999999999998
0.02,0.86,0.3242009132420091,0.5747126436781609,1.0,0.14942528735632185,0.26,0.18665501039863466,0.20799999999999996
0.58,0.86,0.3242009132420091,0.5747126436781609,1.0,0.14942528735632185,0.26,0.18665501039863466,0.20799999999999996
0.0,0.85,0.3242009132420091,0.5747126436781609,1.0,0.14942528735632185,0.26,0.18665501039863466,0.21249999999999997
0.6,0.85,0.3242009132420091,0.5747126436781609,1.0,0.14942528735632185,0.26,0.18665501039863466,0.21249999999999997
0.01,0.86,0.3242009132420091,0.5747126436781609,1.0,0.14942528735632185,0.26,0.18665501039863466,0.2137
0.59,0.86,0.3242009132420091,0.5747126436781609,1.0,0.14942528735632185,0.26,0.18665501039863466,0.2137
0.61,0.85,0.3242009132420091,0.5747126436781609,1.0,0.14942528735632185,0.26,0.18665501039863466,0.2186
0.0,0.86,0.3242009132420091,0.5747126436781609,1.0,0.14942528735632185,0.26,0.18665501039863466,0.2196
0.6,0.86,0.3242009132420091,0.5747126436781609,1.0,0.14942528735632185,0.26,0.18665501039863466,0.2196
0.62,0.85,0.3242009132420091,0.5747126436781609,1.0,0.14942528735632185,0.26,0.18665501039863466,0.2249
0.61,0.86,0.3242009132420091,0.5747126436781609,1.0,0.14942528735632185,0.26,0.18665501039863466,0.2257
0.63,0.85,0.3242009132420091,0.5747126436781609,1.0,0.14942528735632185,0.26,0.18665501039863466,0.2314
0.62,0.86,0.3242009132420091,0.5747126436781609,1.0,0.14942528735632185,0.26,0.18665501039863466,0.23199999999999998
0.64,0.85,0.3242009132420091,0.5747126436781609,1.0,0.14942528735632185,0.26,0.18665501039863466,0.2381
0.63,0.86,0.3242009132420091,0.5747126436781609,1.0,0.14942528735632185,0.26,0.18665501039863466,0.2385
0.65,0.85,0.3242009132420091,0.5747126436781609,1.0,0.14942528735632185,0.26,0.18665501039863466,0.245
0.64,0.86,0.3242009132420091,0.5747126436781609,1.0,0.14942528735632185,0.26,0.18665501039863466,0.24520000000000003
0.65,0.86,0.3242009132420091,0.5747126436781609,1.0,0.14942528735632185,0.26,0.18665501039863466,0.2521
0.66,0.85,0.3242009132420091,0.5747126436781609,1.0,0.14942528735632185,0.26,0.18665501039863466,0.2521
0.66,0.86,0.3242009132420091,0.5747126436781609,1.0,0.14942528735632185,0.26,0.18665501039863466,0.2592
0.67,0.85,0.3242009132420091,0.5747126436781609,1.0,0.14942528735632185,0.26,0.18665501039863466,0.2594
0.77,0.71,0.3242009132420091,0.5747126436781609,1.0,0.14942528735632185,0.26,0.18665501039863466,0.265
0.67,0.86,0.3242009132420091,0.5747126436781609,1.0,0.14942528735632185,0.26,0.18665501039863466,0.26650000000000007
0.68,0.85,0.3242009132420091,0.5747126436781609,1.0,0.14942528735632185,0.26,0.18665501039863466,0.2669
0.77,0.72,0.3242009132420091,0.5747126436781609,1.0,0.14942528735632185,0.26,0.18665501039863466,0.26930000000000004
0.77,0.73,0.3242009132420091,0.5747126436781609,1.0,0.14942528735632185,0.26,0.18665501039863466,0.27380000000000004
0.68,0.86,0.3242009132420091,0.5747126436781609,1.0,0.14942528735632185,0.26,0.18665501039863466,0.274
0.78,0.71,0.3242009132420091,0.5747126436781609,1.0,0.14942528735632185,0.26,0.18665501039863466,0.2745
0.69,0.85,0.3242009132420091,0.5747126436781609,1.0,0.14942528735632185,0.26,0.18665501039863466,0.27459999999999996
0.77,0.74,0.3242009132420091,0.5747126436781609,1.0,0.14942528735632185,0.26,0.18665501039863466,0.2785
0.78,0.72,0.3242009132420091,0.5747126436781609,1.0,0.14942528735632185,0.26,0.18665501039863466,0.27880000000000005
0.69,0.86,0.3242009132420091,0.5747126436781609,1.0,0.14942528735632185,0.26,0.18665501039863466,0.28169999999999995
0.7,0.85,0.3242009132420091,0.5747126436781609,1.0,0.14942528735632185,0.26,0.18665501039863466,0.2825
0.78,0.73,0.3242009132420091,0.5747126436781609,1.0,0.14942528735632185,0.26,0.18665501039863466,0.28330000000000005
0.77,0.75,0.3242009132420091,0.5747126436781609,1.0,0.14942528735632185,0.26,0.18665501039863466,0.28340000000000004
0.79,0.71,0.3242009132420091,0.5747126436781609,1.0,0.14942528735632185,0.26,0.18665501039863466,0.2842
0.78,0.74,0.3242009132420091,0.5747126436781609,1.0,0.14942528735632185,0.26,0.18665501039863466,0.28800000000000003
0.77,0.76,0.3242009132420091,0.5747126436781609,1.0,0.14942528735632185,0.26,0.18665501039863466,0.28850000000000003
0.79,0.72,0.3242009132420091,0.5747126436781609,1.0,0.14942528735632185,0.26,0.18665501039863466,0.28850000000000003
0.7,0.86,0.3242009132420091,0.5747126436781609,1.0,0.14942528735632185,0.26,0.18665501039863466,0.28959999999999997
0.71,0.85,0.3242009132420091,0.5747126436781609,1.0,0.14942528735632185,0.26,0.18665501039863466,0.29059999999999997
0.78,0.75,0.3242009132420091,0.5747126436781609,1.0,0.14942528735632185,0.26,0.18665501039863466,0.29290000000000005
0.79,0.73,0.3242009132420091,0.5747126436781609,1.0,0.14942528735632185,0.26,0.18665501039863466,0.29300000000000004
0.77,0.77,0.3242009132420091,0.5747126436781609,1.0,0.14942528735632185,0.26,0.18665501039863466,0.29380000000000006
0.8,0.71,0.3242009132420091,0.5747126436781609,1.0,0.14942528735632185,0.26,0.18665501039863466,0.2941
0.71,0.86,0.3242009132420091,0.5747126436781609,1.0,0.14942528735632185,0.26,0.18665501039863466,0.29769999999999996
0.79,0.74,0.3242009132420091,0.5747126436781609,1.0,0.14942528735632185,0.26,0.18665501039863466,0.2977
0.78,0.76,0.3242009132420091,0.5747126436781609,1.0,0.14942528735632185,0.26,0.18665501039863466,0.29800000000000004
0.8,0.72,0.3242009132420091,0.5747126436781609,1.0,0.14942528735632185,0.26,0.18665501039863466,0.2984
0.72,0.85,0.3242009132420091,0.5747126436781609,1.0,0.14942528735632185,0.26,0.18665501039863466,0.29889999999999994
0.77,0.78,0.3242009132420091,0.5747126436781609,1.0,0.14942528735632185,0.26,0.18665501039863466,0.29930000000000007
0.79,0.75,0.3242009132420091,0.5747126436781609,1.0,0.14942528735632185,0.26,0.18665501039863466,0.30260000000000004
0.8,0.73,0.3242009132420091,0.5747126436781609,1.0,0.14942528735632185,0.26,0.18665501039863466,0.3029
0.78,0.77,0.3242009132420091,0.5747126436781609,1.0,0.14942528735632185,0.26,0.18665501039863466,0.30330000000000007
0.77,0.79,0.3242009132420091,0.5747126436781609,1.0,0.14942528735632185,0.26,0.18665501039863466,0.30500000000000005
0.72,0.86,0.3242009132420091,0.5747126436781609,1.0,0.14942528735632185,0.26,0.18665501039863466,0.30599999999999994
0.73,0.85,0.3242009132420091,0.5747126436781609,1.0,0.14942528735632185,0.26,0.18665501039863466,0.30739999999999995
0.8,0.74,0.3242009132420091,0.5747126436781609,1.0,0.14942528735632185,0.26,0.18665501039863466,0.3076
0.79,0.76,0.3242009132420091,0.5747126436781609,1.0,0.14942528735632185,0.26,0.18665501039863466,0.30770000000000003
0.78,0.78,0.3242009132420091,0.5747126436781609,1.0,0.14942528735632185,0.26,0.18665501039863466,0.3088000000000001
0.77,0.8,0.3242009132420091,0.5747126436781609,1.0,0.14942528735632185,0.26,0.18665501039863466,0.31090000000000007
0.8,0.75,0.3242009132420091,0.5747126436781609,1.0,0.14942528735632185,0.26,0.18665501039863466,0.3125
0.79,0.77,0.3242009132420091,0.5747126436781609,1.0,0.14942528735632185,0.26,0.18665501039863466,0.31300000000000006
0.73,0.86,0.3242009132420091,0.5747126436781609,1.0,0.14942528735632185,0.26,0.18665501039863466,0.3145
0.78,0.79,0.3242009132420091,0.5747126436781609,1.0,0.14942528735632185,0.26,0.18665501039863466,0.31450000000000006
0.74,0.85,0.3242009132420091,0.5747126436781609,1.0,0.14942528735632185,0.26,0.18665501039863466,0.3161
0.77,0.81,0.3242009132420091,0.5747126436781609,1.0,0.14942528735632185,0.26,0.18665501039863466,0.31700000000000006
0.8,0.76,0.3242009132420091,0.5747126436781609,1.0,0.14942528735632185,0.26,0.18665501039863466,0.3176
0.79,0.78,0.3242009132420091,0.5747126436781609,1.0,0.14942528735632185,0.26,0.18665501039863466,0.31850000000000006
0.78,0.8,0.3242009132420091,0.5747126436781609,1.0,0.14942528735632185,0.26,0.18665501039863466,0.3204000000000001
0.8,0.77,0.3242009132420091,0.5747126436781609,1.0,0.14942528735632185,0.26,0.18665501039863466,0.3229
0.74,0.86,0.3242009132420091,0.5747126436781609,1.0,0.14942528735632185,0.26,0.18665501039863466,0.3232
0.77,0.82,0.3242009132420091,0.5747126436781609,1.0,0.14942528735632185,0.26,0.18665501039863466,0.32330000000000003
0.79,0.79,0.3242009132420091,0.5747126436781609,1.0,0.14942528735632185,0.26,0.18665501039863466,0.32420000000000004
0.75,0.85,0.3242009132420091,0.5747126436781609,1.0,0.14942528735632185,0.26,0.18665501039863466,0.325
0.78,0.81,0.3242009132420091,0.5747126436781609,1.0,0.14942528735632185,0.26,0.18665501039863466,0.32650000000000007
0.8,0.78,0.3242009132420091,0.5747126436781609,1.0,0.14942528735632185,0.26,0.18665501039863466,0.3284
0.77,0.83,0.3242009132420091,0.5747126436781609,1.0,0.14942528735632185,0.26,0.18665501039863466,0.3298
0.79,0.8,0.3242009132420091,0.5747126436781609,1.0,0.14942528735632185,0.26,0.18665501039863466,0.33010000000000006
0.75,0.86,0.3242009132420091,0.5747126436781609,1.0,0.14942528735632185,0.26,0.18665501039863466,0.3321
0.78,0.82,0.3242009132420091,0.5747126436781609,1.0,0.14942528735632185,0.26,0.18665501039863466,0.3328
0.76,0.85,0.3242009132420091,0.5747126436781609,1.0,0.14942528735632185,0.26,0.18665501039863466,0.3341
0.8,0.79,0.3242009132420091,0.5747126436781609,1.0,0.14942528735632185,0.26,0.18665501039863466,0.3341
0.79,0.81,0.3242009132420091,0.5747126436781609,1.0,0.14942528735632185,0.26,0.18665501039863466,0.33620000000000005
0.77,0.84,0.3242009132420091,0.5747126436781609,1.0,0.14942528735632185,0.26,0.18665501039863466,0.3365
0.78,0.83,0.3242009132420091,0.5747126436781609,1.0,0.14942528735632185,0.26,0.18665501039863466,0.33930000000000005
0.8,0.8,0.3242009132420091,0.5747126436781609,1.0,0.14942528735632185,0.26,0.18665501039863466,0.34
0.76,0.86,0.3242009132420091,0.5747126436781609,1.0,0.14942528735632185,0.26,0.18665501039863466,0.3412
0.79,0.82,0.3242009132420091,0.5747126436781609,1.0,0.14942528735632185,0.26,0.18665501039863466,0.3425
0.78,0.84,0.3242009132420091,0.5747126436781609,1.0,0.14942528735632185,0.26,0.18665501039863466,0.34600000000000003
0.8,0.81,0.3242009132420091,0.5747126436781609,1.0,0.14942528735632185,0.26,0.18665501039863466,0.3461
0.79,0.83,0.3242009132420091,0.5747126436781609,1.0,0.14942528735632185,0.26,0.18665501039863466,0.349
0.8,0.82,0.3242009132420091,0.5747126436781609,1.0,0.14942528735632185,0.26,0.18665501039863466,0.35239999999999994
0.79,0.84,0.3242009132420091,0.5747126436781609,1.0,0.14942528735632185,0.26,0.18665501039863466,0.3557
0.8,0.83,0.3242009132420091,0.5747126436781609,1.0,0.14942528735632185,0.26,0.18665501039863466,0.3589
0.8,0.84,0.3242009132420091,0.5747126436781609,1.0,0.14942528735632185,0.26,0.18665501039863466,0.3656
0.77,0.85,0.319634703196347,0.5718390804597702,1.0,0.14367816091954022,0.25125628140703515,0.18255795918205836,0.34340000000000004
0.77,0.86,0.319634703196347,0.5718390804597702,1.0,0.14367816091954022,0.25125628140703515,0.18255795918205836,0.35050000000000003
0.78,0.85,0.319634703196347,0.5718390804597702,1.0,0.14367816091954022,0.25125628140703515,0.18255795918205836,0.35290000000000005
0.78,0.86,0.319634703196347,0.5718390804597702,1.0,0.14367816091954022,0.25125628140703515,0.18255795918205836,0.36000000000000004
0.79,0.85,0.319634703196347,0.5718390804597702,1.0,0.14367816091954022,0.25125628140703515,0.18255795918205836,0.36260000000000003
0.79,0.86,0.319634703196347,0.5718390804597702,1.0,0.14367816091954022,0.25125628140703515,0.18255795918205836,0.36970000000000003
0.8,0.85,0.319634703196347,0.5718390804597702,1.0,0.14367816091954022,0.25125628140703515,0.18255795918205836,0.3725
0.8,0.86,0.319634703196347,0.5718390804597702,1.0,0.14367816091954022,0.25125628140703515,0.18255795918205836,0.3796
0.3,0.87,0.3150684931506849,0.5689655172413793,1.0,0.13793103448275862,0.24242424242424243,0.17841031003501578,0.1369
0.29,0.87,0.3150684931506849,0.5689655172413793,1.0,0.13793103448275862,0.24242424242424243,0.17841031003501578,0.13699999999999998
0.31,0.87,0.3150684931506849,0.5689655172413793,1.0,0.13793103448275862,0.24242424242424243,0.17841031003501578,0.13699999999999998
0.28,0.87,0.3150684931506849,0.5689655172413793,1.0,0.13793103448275862,0.24242424242424243,0.17841031003501578,0.1373
0.32,0.87,0.3150684931506849,0.5689655172413793,1.0,0.13793103448275862,0.24242424242424243,0.17841031003501578,0.1373
0.27,0.87,0.3150684931506849,0.5689655172413793,1.0,0.13793103448275862,0.24242424242424243,0.17841031003501578,0.1378
0.33,0.87,0.3150684931506849,0.5689655172413793,1.0,0.13793103448275862,0.24242424242424243,0.17841031003501578,0.1378
0.26,0.87,0.3150684931506849,0.5689655172413793,1.0,0.13793103448275862,0.24242424242424243,0.17841031003501578,0.13849999999999998
0.34,0.87,0.3150684931506849,0.5689655172413793,1.0,0.13793103448275862,0.24242424242424243,0.17841031003501578,0.13849999999999998
0.25,0.87,0.3150684931506849,0.5689655172413793,1.0,0.13793103448275862,0.24242424242424243,0.17841031003501578,0.1394
0.35,0.87,0.3150684931506849,0.5689655172413793,1.0,0.13793103448275862,0.24242424242424243,0.17841031003501578,0.1394
0.24,0.87,0.3150684931506849,0.5689655172413793,1.0,0.13793103448275862,0.24242424242424243,0.17841031003501578,0.14049999999999999
0.36,0.87,0.3150684931506849,0.5689655172413793,1.0,0.13793103448275862,0.24242424242424243,0.17841031003501578,0.14049999999999999
0.23,0.87,0.3150684931506849,0.5689655172413793,1.0,0.13793103448275862,0.24242424242424243,0.17841031003501578,0.14179999999999998
0.37,0.87,0.3150684931506849,0.5689655172413793,1.0,0.13793103448275862,0.24242424242424243,0.17841031003501578,0.14179999999999998
0.22,0.87,0.3150684931506849,0.5689655172413793,1.0,0.13793103448275862,0.24242424242424243,0.17841031003501578,0.14329999999999998
0.38,0.87,0.3150684931506849,0.5689655172413793,1.0,0.13793103448275862,0.24242424242424243,0.17841031003501578,0.14329999999999998
0.3,0.88,0.3150684931506849,0.5689655172413793,1.0,0.13793103448275862,0.24242424242424243,0.17841031003501578,0.1444
0.29,0.88,0.3150684931506849,0.5689655172413793,1.0,0.13793103448275862,0.24242424242424243,0.17841031003501578,0.1445
0.31,0.88,0.3150684931506849,0.5689655172413793,1.0,0.13793103448275862,0.24242424242424243,0.17841031003501578,0.1445
0.28,0.88,0.3150684931506849,0.5689655172413793,1.0,0.13793103448275862,0.24242424242424243,0.17841031003501578,0.1448
0.32,0.88,0.3150684931506849,0.5689655172413793,1.0,0.13793103448275862,0.24242424242424243,0.17841031003501578,0.1448
0.21,0.87,0.3150684931506849,0.5689655172413793,1.0,0.13793103448275862,0.24242424242424243,0.17841031003501578,0.145
0.39,0.87,0.3150684931506849,0.5689655172413793,1.0,0.13793103448275862,0.24242424242424243,0.17841031003501578,0.145
0.27,0.88,0.3150684931506849,0.5689655172413793,1.0,0.13793103448275862,0.24242424242424243,0.17841031003501578,0.1453
0.33,0.88,0.3150684931506849,0.5689655172413793,1.0,0.13793103448275862,0.24242424242424243,0.17841031003501578,0.1453
0.26,0.88,0.3150684931506849,0.5689655172413793,1.0,0.13793103448275862,0.24242424242424243,0.17841031003501578,0.146
0.34,0.88,0.3150684931506849,0.5689655172413793,1.0,0.13793103448275862,0.24242424242424243,0.17841031003501578,0.146
0.2,0.87,0.3150684931506849,0.5689655172413793,1.0,0.13793103448275862,0.24242424242424243,0.17841031003501578,0.14689999999999998
0.25,0.88,0.3150684931506849,0.5689655172413793,1.0,0.13793103448275862,0.24242424242424243,0.17841031003501578,0.1469
0.35,0.88,0.3150684931506849,0.5689655172413793,1.0,0.13793103448275862,0.24242424242424243,0.17841031003501578,0.1469
0.4,0.87,0.3150684931506849,0.5689655172413793,1.0,0.13793103448275862,0.24242424242424243,0.17841031003501578,0.1469
0.24,0.88,0.3150684931506849,0.5689655172413793,1.0,0.13793103448275862,0.24242424242424243,0.17841031003501578,0.148
0.36,0.88,0.3150684931506849,0.5689655172413793,1.0,0.13793103448275862,0.24242424242424243,0.17841031003501578,0.148
0.19,0.87,0.3150684931506849,0.5689655172413793,1.0,0.13793103448275862,0.24242424242424243,0.17841031003501578,0.149
0.41,0.87,0.3150684931506849,0.5689655172413793,1.0,0.13793103448275862,0.24242424242424243,0.17841031003501578,0.149
0.23,0.88,0.3150684931506849,0.5689655172413793,1.0,0.13793103448275862,0.24242424242424243,0.17841031003501578,0.1493
0.37,0.88,0.3150684931506849,0.5689655172413793,1.0,0.13793103448275862,0.24242424242424243,0.17841031003501578,0.1493
0.22,0.88,0.3150684931506849,0.5689655172413793,1.0,0.13793103448275862,0.24242424242424243,0.17841031003501578,0.1508
0.38,0.88,0.3150684931506849,0.5689655172413793,1.0,0.13793103448275862,0.24242424242424243,0.17841031003501578,0.1508
0.18,0.87,0.3150684931506849,0.5689655172413793,1.0,0.13793103448275862,0.24242424242424243,0.17841031003501578,0.1513
0.42,0.87,0.3150684931506849,0.5689655172413793,1.0,0.13793103448275862,0.24242424242424243,0.17841031003501578,0.1513
0.21,0.88,0.3150684931506849,0.5689655172413793,1.0,0.13793103448275862,0.24242424242424243,0.17841031003501578,0.1525
0.39,0.88,0.3150684931506849,0.5689655172413793,1.0,0.13793103448275862,0.24242424242424243,0.17841031003501578,0.1525
0.17,0.87,0.3150684931506849,0.5689655172413793,1.0,0.13793103448275862,0.24242424242424243,0.17841031003501578,0.1538
0.43,0.87,0.3150684931506849,0.5689655172413793,1.0,0.13793103448275862,0.24242424242424243,0.17841031003501578,0.1538
0.2,0.88,0.3150684931506849,0.5689655172413793,1.0,0.13793103448275862,0.24242424242424243,0.17841031003501578,0.15439999999999998
0.4,0.88,0.3150684931506849,0.5689655172413793,1.0,0.13793103448275862,0.24242424242424243,0.17841031003501578,0.1544
0.16,0.87,0.3150684931506849,0.5689655172413793,1.0,0.13793103448275862,0.24242424242424243,0.17841031003501578,0.1565
0.19,0.88,0.3150684931506849,0.5689655172413793,1.0,0.13793103448275862,0.24242424242424243,0.17841031003501578,0.1565
0.41,0.88,0.3150684931506849,0.5689655172413793,1.0,0.13793103448275862,0.24242424242424243,0.17841031003501578,0.1565
0.44,0.87,0.3150684931506849,0.5689655172413793,1.0,0.13793103448275862,0.24242424242424243,0.17841031003501578,0.1565
0.18,0.88,0.3150684931506849,0.5689655172413793,1.0,0.13793103448275862,0.24242424242424243,0.17841031003501578,0.1588
0.42,0.88,0.3150684931506849,0.5689655172413793,1.0,0.13793103448275862,0.24242424242424243,0.17841031003501578,0.1588
0.15,0.87,0.3150684931506849,0.5689655172413793,1.0,0.13793103448275862,0.24242424242424243,0.17841031003501578,0.1594
0.45,0.87,0.3150684931506849,0.5689655172413793,1.0,0.13793103448275862,0.24242424242424243,0.17841031003501578,0.1594
0.17,0.88,0.3150684931506849,0.5689655172413793,1.0,0.13793103448275862,0.24242424242424243,0.17841031003501578,0.1613
0.43,0.88,0.3150684931506849,0.5689655172413793,1.0,0.13793103448275862,0.24242424242424243,0.17841031003501578,0.1613
0.14,0.87,0.3150684931506849,0.5689655172413793,1.0,0.13793103448275862,0.24242424242424243,0.17841031003501578,0.16249999999999998
0.46,0.87,0.3150684931506849,0.5689655172413793,1.0,0.13793103448275862,0.24242424242424243,0.17841031003501578,0.1625
0.16,0.88,0.3150684931506849,0.5689655172413793,1.0,0.13793103448275862,0.24242424242424243,0.17841031003501578,0.164
0.44,0.88,0.3150684931506849,0.5689655172413793,1.0,0.13793103448275862,0.24242424242424243,0.17841031003501578,0.164
0.13,0.87,0.3150684931506849,0.5689655172413793,1.0,0.13793103448275862,0.24242424242424243,0.17841031003501578,0.1658
0.47,0.87,0.3150684931506849,0.5689655172413793,1.0,0.13793103448275862,0.24242424242424243,0.17841031003501578,0.1658
0.15,0.88,0.3150684931506849,0.5689655172413793,1.0,0.13793103448275862,0.24242424242424243,0.17841031003501578,0.1669
0.45,0.88,0.3150684931506849,0.5689655172413793,1.0,0.13793103448275862,0.24242424242424243,0.17841031003501578,0.1669
0.12,0.87,0.3150684931506849,0.5689655172413793,1.0,0.13793103448275862,0.24242424242424243,0.17841031003501578,0.1693
0.48,0.87,0.3150684931506849,0.5689655172413793,1.0,0.13793103448275862,0.24242424242424243,0.17841031003501578,0.1693
0.14,0.88,0.3150684931506849,0.5689655172413793,1.0,0.13793103448275862,0.24242424242424243,0.17841031003501578,0.16999999999999998
0.46,0.88,0.3150684931506849,0.5689655172413793,1.0,0.13793103448275862,0.24242424242424243,0.17841031003501578,0.17
0.11,0.87,0.3150684931506849,0.5689655172413793,1.0,0.13793103448275862,0.24242424242424243,0.17841031003501578,0.173
0.49,0.87,0.3150684931506849,0.5689655172413793,1.0,0.13793103448275862,0.24242424242424243,0.17841031003501578,0.173
0.13,0.88,0.3150684931506849,0.5689655172413793,1.0,0.13793103448275862,0.24242424242424243,0.17841031003501578,0.1733
0.47,0.88,0.3150684931506849,0.5689655172413793,1.0,0.13793103448275862,0.24242424242424243,0.17841031003501578,0.1733
0.12,0.88,0.3150684931506849,0.5689655172413793,1.0,0.13793103448275862,0.24242424242424243,0.17841031003501578,0.1768
0.48,0.88,0.3150684931506849,0.5689655172413793,1.0,0.13793103448275862,0.24242424242424243,0.17841031003501578,0.1768
0.1,0.87,0.3150684931506849,0.5689655172413793,1.0,0.13793103448275862,0.24242424242424243,0.17841031003501578,0.1769
0.5,0.87,0.3150684931506849,0.5689655172413793,1.0,0.13793103448275862,0.24242424242424243,0.17841031003501578,0.1769
0.11,0.88,0.3150684931506849,0.5689655172413793,1.0,0.13793103448275862,0.24242424242424243,0.17841031003501578,0.1805
0.49,0.88,0.3150684931506849,0.5689655172413793,1.0,0.13793103448275862,0.24242424242424243,0.17841031003501578,0.1805
0.09,0.87,0.3150684931506849,0.5689655172413793,1.0,0.13793103448275862,0.24242424242424243,0.17841031003501578,0.181
0.51,0.87,0.3150684931506849,0.5689655172413793,1.0,0.13793103448275862,0.24242424242424243,0.17841031003501578,0.181
0.1,0.88,0.3150684931506849,0.5689655172413793,1.0,0.13793103448275862,0.24242424242424243,0.17841031003501578,0.1844
0.5,0.88,0.3150684931506849,0.5689655172413793,1.0,0.13793103448275862,0.24242424242424243,0.17841031003501578,0.1844
0.08,0.87,0.3150684931506849,0.5689655172413793,1.0,0.13793103448275862,0.24242424242424243,0.17841031003501578,0.1853
0.52,0.87,0.3150684931506849,0.5689655172413793,1.0,0.13793103448275862,0.24242424242424243,0.17841031003501578,0.18530000000000002
0.09,0.88,0.3150684931506849,0.5689655172413793,1.0,0.13793103448275862,0.24242424242424243,0.17841031003501578,0.1885
0.51,0.88,0.3150684931506849,0.5689655172413793,1.0,0.13793103448275862,0.24242424242424243,0.17841031003501578,0.1885
0.07,0.87,0.3150684931506849,0.5689655172413793,1.0,0.13793103448275862,0.24242424242424243,0.17841031003501578,0.18979999999999997
0.53,0.87,0.3150684931506849,0.5689655172413793,1.0,0.13793103448275862,0.24242424242424243,0.17841031003501578,0.18980000000000002
0.08,0.88,0.3150684931506849,0.5689655172413793,1.0,0.13793103448275862,0.24242424242424243,0.17841031003501578,0.1928
0.52,0.88,0.3150684931506849,0.5689655172413793,1.0,0.13793103448275862,0.24242424242424243,0.17841031003501578,0.19280000000000003
0.06,0.87,0.3150684931506849,0.5689655172413793,1.0,0.13793103448275862,0.24242424242424243,0.17841031003501578,0.1945
0.54,0.87,0.3150684931506849,0.5689655172413793,1.0,0.13793103448275862,0.24242424242424243,0.17841031003501578,0.1945
0.07,0.88,0.3150684931506849,0.5689655172413793,1.0,0.13793103448275862,0.24242424242424243,0.17841031003501578,0.19729999999999998
0.53,0.88,0.3150684931506849,0.5689655172413793,1.0,0.13793103448275862,0.24242424242424243,0.17841031003501578,0.19730000000000003
0.05,0.87,0.3150684931506849,0.5689655172413793,1.0,0.13793103448275862,0.24242424242424243,0.17841031003501578,0.1994
0.55,0.87,0.3150684931506849,0.5689655172413793,1.0,0.13793103448275862,0.24242424242424243,0.17841031003501578,0.19940000000000002
0.06,0.88,0.3150684931506849,0.5689655172413793,1.0,0.13793103448275862,0.24242424242424243,0.17841031003501578,0.202
0.54,0.88,0.3150684931506849,0.5689655172413793,1.0,0.13793103448275862,0.24242424242424243,0.17841031003501578,0.202
0.04,0.87,0.3150684931506849,0.5689655172413793,1.0,0.13793103448275862,0.24242424242424243,0.17841031003501578,0.20450000000000002
0.56,0.87,0.3150684931506849,0.5689655172413793,1.0,0.13793103448275862,0.24242424242424243,0.17841031003501578,0.20450000000000002
0.05,0.88,0.3150684931506849,0.5689655172413793,1.0,0.13793103448275862,0.24242424242424243,0.17841031003501578,0.2069
0.55,0.88,0.3150684931506849,0.5689655172413793,1.0,0.13793103448275862,0.24242424242424243,0.17841031003501578,0.20690000000000003
0.03,0.87,0.3150684931506849,0.5689655172413793,1.0,0.13793103448275862,0.24242424242424243,0.17841031003501578,0.2098
0.57,0.87,0.3150684931506849,0.5689655172413793,1.0,0.13793103448275862,0.24242424242424243,0.17841031003501578,0.2098
0.04,0.88,0.3150684931506849,0.5689655172413793,1.0,0.13793103448275862,0.24242424242424243,0.17841031003501578,0.21200000000000002
0.56,0.88,0.3150684931506849,0.5689655172413793,1.0,0.13793103448275862,0.24242424242424243,0.17841031003501578,0.21200000000000002
0.02,0.87,0.3150684931506849,0.5689655172413793,1.0,0.13793103448275862,0.24242424242424243,0.17841031003501578,0.2153
0.58,0.87,0.3150684931506849,0.5689655172413793,1.0,0.13793103448275862,0.24242424242424243,0.17841031003501578,0.2153
0.03,0.88,0.3150684931506849,0.5689655172413793,1.0,0.13793103448275862,0.24242424242424243,0.17841031003501578,0.2173
0.57,0.88,0.3150684931506849,0.5689655172413793,1.0,0.13793103448275862,0.24242424242424243,0.17841031003501578,0.2173
0.01,0.87,0.3150684931506849,0.5689655172413793,1.0,0.13793103448275862,0.24242424242424243,0.17841031003501578,0.22099999999999997
0.59,0.87,0.3150684931506849,0.5689655172413793,1.0,0.13793103448275862,0.24242424242424243,0.17841031003501578,0.22099999999999997
0.02,0.88,0.3150684931506849,0.5689655172413793,1.0,0.13793103448275862,0.24242424242424243,0.17841031003501578,0.2228
0.58,0.88,0.3150684931506849,0.5689655172413793,1.0,0.13793103448275862,0.24242424242424243,0.17841031003501578,0.2228
0.0,0.87,0.3150684931506849,0.5689655172413793,1.0,0.13793103448275862,0.24242424242424243,0.17841031003501578,0.2269
0.6,0.87,0.3150684931506849,0.5689655172413793,1.0,0.13793103448275862,0.24242424242424243,0.17841031003501578,0.2269
0.01,0.88,0.3150684931506849,0.5689655172413793,1.0,0.13793103448275862,0.24242424242424243,0.17841031003501578,0.22849999999999998
0.59,0.88,0.3150684931506849,0.5689655172413793,1.0,0.13793103448275862,0.24242424242424243,0.17841031003501578,0.22849999999999998
0.61,0.87,0.3150684931506849,0.5689655172413793,1.0,0.13793103448275862,0.24242424242424243,0.17841031003501578,0.23299999999999998
0.0,0.88,0.3150684931506849,0.5689655172413793,1.0,0.13793103448275862,0.24242424242424243,0.17841031003501578,0.2344
0.6,0.88,0.3150684931506849,0.5689655172413793,1.0,0.13793103448275862,0.24242424242424243,0.17841031003501578,0.2344
0.62,0.87,0.3150684931506849,0.5689655172413793,1.0,0.13793103448275862,0.24242424242424243,0.17841031003501578,0.2393
0.61,0.88,0.3150684931506849,0.5689655172413793,1.0,0.13793103448275862,0.24242424242424243,0.17841031003501578,0.2405
0.63,0.87,0.3150684931506849,0.5689655172413793,1.0,0.13793103448275862,0.24242424242424243,0.17841031003501578,0.24580000000000002
0.62,0.88,0.3150684931506849,0.5689655172413793,1.0,0.13793103448275862,0.24242424242424243,0.17841031003501578,0.24680000000000002
0.64,0.87,0.3150684931506849,0.5689655172413793,1.0,0.13793103448275862,0.24242424242424243,0.17841031003501578,0.2525
0.63,0.88,0.3150684931506849,0.5689655172413793,1.0,0.13793103448275862,0.24242424242424243,0.17841031003501578,0.2533
0.65,0.87,0.3150684931506849,0.5689655172413793,1.0,0.13793103448275862,0.24242424242424243,0.17841031003501578,0.2594
0.64,0.88,0.3150684931506849,0.5689655172413793,1.0,0.13793103448275862,0.24242424242424243,0.17841031003501578,0.26
0.66,0.87,0.3150684931506849,0.5689655172413793,1.0,0.13793103448275862,0.24242424242424243,0.17841031003501578,0.2665
0.65,0.88,0.3150684931506849,0.5689655172413793,1.0,0.13793103448275862,0.24242424242424243,0.17841031003501578,0.2669
0.67,0.87,0.3150684931506849,0.5689655172413793,1.0,0.13793103448275862,0.24242424242424243,0.17841031003501578,0.27380000000000004
0.66,0.88,0.3150684931506849,0.5689655172413793,1.0,0.13793103448275862,0.24242424242424243,0.17841031003501578,0.274
0.67,0.88,0.3150684931506849,0.5689655172413793,1.0,0.13793103448275862,0.24242424242424243,0.17841031003501578,0.28130000000000005
0.68,0.87,0.3150684931506849,0.5689655172413793,1.0,0.13793103448275862,0.24242424242424243,0.17841031003501578,0.28130000000000005
0.68,0.88,0.3150684931506849,0.5689655172413793,1.0,0.13793103448275862,0.24242424242424243,0.17841031003501578,0.28880000000000006
0.69,0.87,0.3150684931506849,0.5689655172413793,1.0,0.13793103448275862,0.24242424242424243,0.17841031003501578,0.2889999999999999
0.69,0.88,0.3150684931506849,0.5689655172413793,1.0,0.13793103448275862,0.24242424242424243,0.17841031003501578,0.2965
0.7,0.87,0.3150684931506849,0.5689655172413793,1.0,0.13793103448275862,0.24242424242424243,0.17841031003501578,0.29689999999999994
0.7,0.88,0.3150684931506849,0.5689655172413793,1.0,0.13793103448275862,0.24242424242424243,0.17841031003501578,0.3044
0.71,0.87,0.3150684931506849,0.5689655172413793,1.0,0.13793103448275862,0.24242424242424243,0.17841031003501578,0.30499999999999994
0.71,0.88,0.3150684931506849,0.5689655172413793,1.0,0.13793103448275862,0.24242424242424243,0.17841031003501578,0.3125
0.72,0.87,0.3150684931506849,0.5689655172413793,1.0,0.13793103448275862,0.24242424242424243,0.17841031003501578,0.31329999999999997
0.72,0.88,0.3150684931506849,0.5689655172413793,1.0,0.13793103448275862,0.24242424242424243,0.17841031003501578,0.3208
0.73,0.87,0.3150684931506849,0.5689655172413793,1.0,0.13793103448275862,0.24242424242424243,0.17841031003501578,0.3218
0.73,0.88,0.3150684931506849,0.5689655172413793,1.0,0.13793103448275862,0.24242424242424243,0.17841031003501578,0.3293
0.74,0.87,0.3150684931506849,0.5689655172413793,1.0,0.13793103448275862,0.24242424242424243,0.17841031003501578,0.3305
0.74,0.88,0.3150684931506849,0.5689655172413793,1.0,0.13793103448275862,0.24242424242424243,0.17841031003501578,0.33799999999999997
0.75,0.87,0.3150684931506849,0.5689655172413793,1.0,0.13793103448275862,0.24242424242424243,0.17841031003501578,0.33940000000000003
0.75,0.88,0.3150684931506849,0.5689655172413793,1.0,0.13793103448275862,0.24242424242424243,0.17841031003501578,0.3469
0.76,0.87,0.3150684931506849,0.5689655172413793,1.0,0.13793103448275862,0.24242424242424243,0.17841031003501578,0.34850000000000003
0.76,0.88,0.3150684931506849,0.5689655172413793,1.0,0.13793103448275862,0.24242424242424243,0.17841031003501578,0.356
0.3,0.89,0.3105022831050228,0.5660919540229885,1.0,0.13218390804597702,0.233502538071066,0.17420776743602953,0.1521
0.29,0.89,0.3105022831050228,0.5660919540229885,1.0,0.13218390804597702,0.233502538071066,0.17420776743602953,0.1522
0.31,0.89,0.3105022831050228,0.5660919540229885,1.0,0.13218390804597702,0.233502538071066,0.17420776743602953,0.1522
0.28,0.89,0.3105022831050228,0.5660919540229885,1.0,0.13218390804597702,0.233502538071066,0.17420776743602953,0.15250000000000002
0.32,0.89,0.3105022831050228,0.5660919540229885,1.0,0.13218390804597702,0.233502538071066,0.17420776743602953,0.15250000000000002
0.27,0.89,0.3105022831050228,0.5660919540229885,1.0,0.13218390804597702,0.233502538071066,0.17420776743602953,0.15300000000000002
0.33,0.89,0.3105022831050228,0.5660919540229885,1.0,0.13218390804597702,0.233502538071066,0.17420776743602953,0.15300000000000002
0.26,0.89,0.3105022831050228,0.5660919540229885,1.0,0.13218390804597702,0.233502538071066,0.17420776743602953,0.1537
0.34,0.89,0.3105022831050228,0.5660919540229885,1.0,0.13218390804597702,0.233502538071066,0.17420776743602953,0.1537
0.25,0.89,0.3105022831050228,0.5660919540229885,1.0,0.13218390804597702,0.233502538071066,0.17420776743602953,0.15460000000000002
0.35,0.89,0.3105022831050228,0.5660919540229885,1.0,0.13218390804597702,0.233502538071066,0.17420776743602953,0.15460000000000002
0.24,0.89,0.3105022831050228,0.5660919540229885,1.0,0.13218390804597702,0.233502538071066,0.17420776743602953,0.1557
0.36,0.89,0.3105022831050228,0.5660919540229885,1.0,0.13218390804597702,0.233502538071066,0.17420776743602953,0.1557
0.23,0.89,0.3105022831050228,0.5660919540229885,1.0,0.13218390804597702,0.233502538071066,0.17420776743602953,0.157
0.37,0.89,0.3105022831050228,0.5660919540229885,1.0,0.13218390804597702,0.233502538071066,0.17420776743602953,0.157
0.22,0.89,0.3105022831050228,0.5660919540229885,1.0,0.13218390804597702,0.233502538071066,0.17420776743602953,0.1585
0.38,0.89,0.3105022831050228,0.5660919540229885,1.0,0.13218390804597702,0.233502538071066,0.17420776743602953,0.15850000000000003
0.3,0.9,0.3105022831050228,0.5660919540229885,1.0,0.13218390804597702,0.233502538071066,0.17420776743602953,0.16000000000000003
0.29,0.9,0.3105022831050228,0.5660919540229885,1.0,0.13218390804597702,0.233502538071066,0.17420776743602953,0.16010000000000002
0.31,0.9,0.3105022831050228,0.5660919540229885,1.0,0.13218390804597702,0.233502538071066,0.17420776743602953,0.16010000000000002
0.21,0.89,0.3105022831050228,0.5660919540229885,1.0,0.13218390804597702,0.233502538071066,0.17420776743602953,0.1602
0.39,0.89,0.3105022831050228,0.5660919540229885,1.0,0.13218390804597702,0.233502538071066,0.17420776743602953,0.1602
0.28,0.9,0.3105022831050228,0.5660919540229885,1.0,0.13218390804597702,0.233502538071066,0.17420776743602953,0.16040000000000004
0.32,0.9,0.3105022831050228,0.5660919540229885,1.0,0.13218390804597702,0.233502538071066,0.17420776743602953,0.16040000000000004
0.27,0.9,0.3105022831050228,0.5660919540229885,1.0,0.13218390804597702,0.233502538071066,0.17420776743602953,0.16090000000000004
0.33,0.9,0.3105022831050228,0.5660919540229885,1.0,0.13218390804597702,0.233502538071066,0.17420776743602953,0.16090000000000004
0.26,0.9,0.3105022831050228,0.5660919540229885,1.0,0.13218390804597702,0.233502538071066,0.17420776743602953,0.16160000000000002
0.34,0.9,0.3105022831050228,0.5660919540229885,1.0,0.13218390804597702,0.233502538071066,0.17420776743602953,0.16160000000000002
0.2,0.89,0.3105022831050228,0.5660919540229885,1.0,0.13218390804597702,0.233502538071066,0.17420776743602953,0.16210000000000002
0.4,0.89,0.3105022831050228,0.5660919540229885,1.0,0.13218390804597702,0.233502538071066,0.17420776743602953,0.16210000000000002
0.25,0.9,0.3105022831050228,0.5660919540229885,1.0,0.13218390804597702,0.233502538071066,0.17420776743602953,0.16250000000000003
0.35,0.9,0.3105022831050228,0.5660919540229885,1.0,0.13218390804597702,0.233502538071066,0.17420776743602953,0.16250000000000003
0.24,0.9,0.3105022831050228,0.5660919540229885,1.0,0.13218390804597702,0.233502538071066,0.17420776743602953,0.16360000000000002
0.36,0.9,0.3105022831050228,0.5660919540229885,1.0,0.13218390804597702,0.233502538071066,0.17420776743602953,0.16360000000000002
0.19,0.89,0.3105022831050228,0.5660919540229885,1.0,0.13218390804597702,0.233502538071066,0.17420776743602953,0.1642
0.41,0.89,0.3105022831050228,0.5660919540229885,1.0,0.13218390804597702,0.233502538071066,0.17420776743602953,0.1642
0.23,0.9,0.3105022831050228,0.5660919540229885,1.0,0.13218390804597702,0.233502538071066,0.17420776743602953,0.16490000000000002
0.37,0.9,0.3105022831050228,0.5660919540229885,1.0,0.13218390804597702,0.233502538071066,0.17420776743602953,0.16490000000000002
0.22,0.9,0.3105022831050228,0.5660919540229885,1.0,0.13218390804597702,0.233502538071066,0.17420776743602953,0.16640000000000002
0.38,0.9,0.3105022831050228,0.5660919540229885,1.0,0.13218390804597702,0.233502538071066,0.17420776743602953,0.16640000000000005
0.18,0.89,0.3105022831050228,0.5660919540229885,1.0,0.13218390804597702,0.233502538071066,0.17420776743602953,0.1665
0.42,0.89,0.3105022831050228,0.5660919540229885,1.0,0.13218390804597702,0.233502538071066,0.17420776743602953,0.1665
0.21,0.9,0.3105022831050228,0.5660919540229885,1.0,0.13218390804597702,0.233502538071066,0.17420776743602953,0.16810000000000003
0.39,0.9,0.3105022831050228,0.5660919540229885,1.0,0.13218390804597702,0.233502538071066,0.17420776743602953,0.16810000000000003
0.17,0.89,0.3105022831050228,0.5660919540229885,1.0,0.13218390804597702,0.233502538071066,0.17420776743602953,0.169
0.43,0.89,0.3105022831050228,0.5660919540229885,1.0,0.13218390804597702,0.233502538071066,0.17420776743602953,0.169
0.2,0.9,0.3105022831050228,0.5660919540229885,1.0,0.13218390804597702,0.233502538071066,0.17420776743602953,0.17000000000000004
0.4,0.9,0.3105022831050228,0.5660919540229885,1.0,0.13218390804597702,0.233502538071066,0.17420776743602953,0.17000000000000004
0.16,0.89,0.3105022831050228,0.5660919540229885,1.0,0.13218390804597702,0.233502538071066,0.17420776743602953,0.17170000000000002
0.44,0.89,0.3105022831050228,0.5660919540229885,1.0,0.13218390804597702,0.233502538071066,0.17420776743602953,0.17170000000000002
0.19,0.9,0.3105022831050228,0.5660919540229885,1.0,0.13218390804597702,0.233502538071066,0.17420776743602953,0.17210000000000003
0.41,0.9,0.3105022831050228,0.5660919540229885,1.0,0.13218390804597702,0.233502538071066,0.17420776743602953,0.17210000000000003
0.18,0.9,0.3105022831050228,0.5660919540229885,1.0,0.13218390804597702,0.233502538071066,0.17420776743602953,0.17440000000000003
0.42,0.9,0.3105022831050228,0.5660919540229885,1.0,0.13218390804597702,0.233502538071066,0.17420776743602953,0.17440000000000003
0.15,0.89,0.3105022831050228,0.5660919540229885,1.0,0.13218390804597702,0.233502538071066,0.17420776743602953,0.1746
0.45,0.89,0.3105022831050228,0.5660919540229885,1.0,0.13218390804597702,0.233502538071066,0.17420776743602953,0.17460000000000003
0.17,0.9,0.3105022831050228,0.5660919540229885,1.0,0.13218390804597702,0.233502538071066,0.17420776743602953,0.17690000000000003
0.43,0.9,0.3105022831050228,0.5660919540229885,1.0,0.13218390804597702,0.233502538071066,0.17420776743602953,0.17690000000000003
0.14,0.89,0.3105022831050228,0.5660919540229885,1.0,0.13218390804597702,0.233502538071066,0.17420776743602953,0.1777
0.46,0.89,0.3105022831050228,0.5660919540229885,1.0,0.13218390804597702,0.233502538071066,0.17420776743602953,0.17770000000000002
0.16,0.9,0.3105022831050228,0.5660919540229885,1.0,0.13218390804597702,0.233502538071066,0.17420776743602953,0.17960000000000004
0.44,0.9,0.3105022831050228,0.5660919540229885,1.0,0.13218390804597702,0.233502538071066,0.17420776743602953,0.17960000000000004
0.13,0.89,0.3105022831050228,0.5660919540229885,1.0,0.13218390804597702,0.233502538071066,0.17420776743602953,0.181
0.47,0.89,0.3105022831050228,0.5660919540229885,1.0,0.13218390804597702,0.233502538071066,0.17420776743602953,0.181
0.15,0.9,0.3105022831050228,0.5660919540229885,1.0,0.13218390804597702,0.233502538071066,0.17420776743602953,0.18250000000000002
0.45,0.9,0.3105022831050228,0.5660919540229885,1.0,0.13218390804597702,0.233502538071066,0.17420776743602953,0.18250000000000005
0.12,0.89,0.3105022831050228,0.5660919540229885,1.0,0.13218390804597702,0.233502538071066,0.17420776743602953,0.1845
0.48,0.89,0.3105022831050228,0.5660919540229885,1.0,0.13218390804597702,0.233502538071066,0.17420776743602953,0.1845
0.14,0.9,0.3105022831050228,0.5660919540229885,1.0,0.13218390804597702,0.233502538071066,0.17420776743602953,0.18560000000000001
0.46,0.9,0.3105022831050228,0.5660919540229885,1.0,0.13218390804597702,0.233502538071066,0.17420776743602953,0.18560000000000004
0.11,0.89,0.3105022831050228,0.5660919540229885,1.0,0.13218390804597702,0.233502538071066,0.17420776743602953,0.1882
0.49,0.89,0.3105022831050228,0.5660919540229885,1.0,0.13218390804597702,0.233502538071066,0.17420776743602953,0.1882
0.13,0.9,0.3105022831050228,0.5660919540229885,1.0,0.13218390804597702,0.233502538071066,0.17420776743602953,0.1889
0.47,0.9,0.3105022831050228,0.5660919540229885,1.0,0.13218390804597702,0.233502538071066,0.17420776743602953,0.1889
0.1,0.89,0.3105022831050228,0.5660919540229885,1.0,0.13218390804597702,0.233502538071066,0.17420776743602953,0.1921
0.5,0.89,0.3105022831050228,0.5660919540229885,1.0,0.13218390804597702,0.233502538071066,0.17420776743602953,0.19210000000000002
0.12,0.9,0.3105022831050228,0.5660919540229885,1.0,0.13218390804597702,0.233502538071066,0.17420776743602953,0.19240000000000002
0.48,0.9,0.3105022831050228,0.5660919540229885,1.0,0.13218390804597702,0.233502538071066,0.17420776743602953,0.19240000000000002
0.11,0.9,0.3105022831050228,0.5660919540229885,1.0,0.13218390804597702,0.233502538071066,0.17420776743602953,0.19610000000000002
0.49,0.9,0.3105022831050228,0.5660919540229885,1.0,0.13218390804597702,0.233502538071066,0.17420776743602953,0.19610000000000002
0.09,0.89,0.3105022831050228,0.5660919540229885,1.0,0.13218390804597702,0.233502538071066,0.17420776743602953,0.1962
0.51,0.89,0.3105022831050228,0.5660919540229885,1.0,0.13218390804597702,0.233502538071066,0.17420776743602953,0.1962
0.1,0.9,0.3105022831050228,0.5660919540229885,1.0,0.13218390804597702,0.233502538071066,0.17420776743602953,0.2
0.5,0.9,0.3105022831050228,0.5660919540229885,1.0,0.13218390804597702,0.233502538071066,0.17420776743602953,0.20000000000000004
0.08,0.89,0.3105022831050228,0.5660919540229885,1.0,0.13218390804597702,0.233502538071066,0.17420776743602953,0.2005
0.52,0.89,0.3105022831050228,0.5660919540229885,1.0,0.13218390804597702,0.233502538071066,0.17420776743602953,0.2005
0.09,0.9,0.3105022831050228,0.5660919540229885,1.0,0.13218390804597702,0.233502538071066,0.17420776743602953,0.20410000000000003
0.51,0.9,0.3105022831050228,0.5660919540229885,1.0,0.13218390804597702,0.233502538071066,0.17420776743602953,0.20410000000000003
0.07,0.89,0.3105022831050228,0.5660919540229885,1.0,0.13218390804597702,0.233502538071066,0.17420776743602953,0.20500000000000002
0.53,0.89,0.3105022831050228,0.5660919540229885,1.0,0.13218390804597702,0.233502538071066,0.17420776743602953,0.20500000000000002
0.08,0.9,0.3105022831050228,0.5660919540229885,1.0,0.13218390804597702,0.233502538071066,0.17420776743602953,0.20840000000000003
0.52,0.9,0.3105022831050228,0.5660919540229885,1.0,0.13218390804597702,0.233502538071066,0.17420776743602953,0.20840000000000003
0.06,0.89,0.3105022831050228,0.5660919540229885,1.0,0.13218390804597702,0.233502538071066,0.17420776743602953,0.2097
0.54,0.89,0.3105022831050228,0.5660919540229885,1.0,0.13218390804597702,0.233502538071066,0.17420776743602953,0.20970000000000003
0.07,0.9,0.3105022831050228,0.5660919540229885,1.0,0.13218390804597702,0.233502538071066,0.17420776743602953,0.21290000000000003
0.53,0.9,0.3105022831050228,0.5660919540229885,1.0,0.13218390804597702,0.233502538071066,0.17420776743602953,0.21290000000000003
0.05,0.89,0.3105022831050228,0.5660919540229885,1.0,0.13218390804597702,0.233502538071066,0.17420776743602953,0.2146
0.55,0.89,0.3105022831050228,0.5660919540229885,1.0,0.13218390804597702,0.233502538071066,0.17420776743602953,0.21460000000000004
0.06,0.9,0.3105022831050228,0.5660919540229885,1.0,0.13218390804597702,0.233502538071066,0.17420776743602953,0.21760000000000002
0.54,0.9,0.3105022831050228,0.5660919540229885,1.0,0.13218390804597702,0.233502538071066,0.17420776743602953,0.21760000000000004
0.04,0.89,0.3105022831050228,0.5660919540229885,1.0,0.13218390804597702,0.233502538071066,0.17420776743602953,0.2197
0.56,0.89,0.3105022831050228,0.5660919540229885,1.0,0.13218390804597702,0.233502538071066,0.17420776743602953,0.21970000000000006
0.05,0.9,0.3105022831050228,0.5660919540229885,1.0,0.13218390804597702,0.233502538071066,0.17420776743602953,0.22250000000000003
0.55,0.9,0.3105022831050228,0.5660919540229885,1.0,0.13218390804597702,0.233502538071066,0.17420776743602953,0.22250000000000006
0.57,0.89,0.3105022831050228,0.5660919540229885,1.0,0.13218390804597702,0.233502538071066,0.17420776743602953,0.22499999999999998
0.03,0.89,0.3105022831050228,0.5660919540229885,1.0,0.13218390804597702,0.233502538071066,0.17420776743602953,0.22500000000000003
0.04,0.9,0.3105022831050228,0.5660919540229885,1.0,0.13218390804597702,0.233502538071066,0.17420776743602953,0.22760000000000002
0.56,0.9,0.3105022831050228,0.5660919540229885,1.0,0.13218390804597702,0.233502538071066,0.17420776743602953,0.22760000000000008
0.02,0.89,0.3105022831050228,0.5660919540229885,1.0,0.13218390804597702,0.233502538071066,0.17420776743602953,0.23049999999999998
0.58,0.89,0.3105022831050228,0.5660919540229885,1.0,0.13218390804597702,0.233502538071066,0.17420776743602953,0.23049999999999998
0.57,0.9,0.3105022831050228,0.5660919540229885,1.0,0.13218390804597702,0.233502538071066,0.17420776743602953,0.2329
0.03,0.9,0.3105022831050228,0.5660919540229885,1.0,0.13218390804597702,0.233502538071066,0.17420776743602953,0.23290000000000005
0.01,0.89,0.3105022831050228,0.5660919540229885,1.0,0.13218390804597702,0.233502538071066,0.17420776743602953,0.23620000000000002
0.59,0.89,0.3105022831050228,0.5660919540229885,1.0,0.13218390804597702,0.233502538071066,0.17420776743602953,0.23620000000000002
0.02,0.9,0.3105022831050228,0.5660919540229885,1.0,0.13218390804597702,0.233502538071066,0.17420776743602953,0.2384
0.58,0.9,0.3105022831050228,0.5660919540229885,1.0,0.13218390804597702,0.233502538071066,0.17420776743602953,0.2384
0.0,0.89,0.3105022831050228,0.5660919540229885,1.0,0.13218390804597702,0.233502538071066,0.17420776743602953,0.2421
0.6,0.89,0.3105022831050228,0.5660919540229885,1.0,0.13218390804597702,0.233502538071066,0.17420776743602953,0.2421
0.01,0.9,0.3105022831050228,0.5660919540229885,1.0,0.13218390804597702,0.233502538071066,0.17420776743602953,0.24410000000000004
0.59,0.9,0.3105022831050228,0.5660919540229885,1.0,0.13218390804597702,0.233502538071066,0.17420776743602953,0.24410000000000004
0.61,0.89,0.3105022831050228,0.5660919540229885,1.0,0.13218390804597702,0.233502538071066,0.17420776743602953,0.24820000000000003
0.0,0.9,0.3105022831050228,0.5660919540229885,1.0,0.13218390804597702,0.233502538071066,0.17420776743602953,0.25
0.6,0.9,0.3105022831050228,0.5660919540229885,1.0,0.13218390804597702,0.233502538071066,0.17420776743602953,0.25
0.62,0.89,0.3105022831050228,0.5660919540229885,1.0,0.13218390804597702,0.233502538071066,0.17420776743602953,0.2545
0.61,0.9,0.3105022831050228,0.5660919540229885,1.0,0.13218390804597702,0.233502538071066,0.17420776743602953,0.25610000000000005
0.63,0.89,0.3105022831050228,0.5660919540229885,1.0,0.13218390804597702,0.233502538071066,0.17420776743602953,0.261
0.62,0.9,0.3105022831050228,0.5660919540229885,1.0,0.13218390804597702,0.233502538071066,0.17420776743602953,0.2624
0.64,0.89,0.3105022831050228,0.5660919540229885,1.0,0.13218390804597702,0.233502538071066,0.17420776743602953,0.26770000000000005
0.63,0.9,0.3105022831050228,0.5660919540229885,1.0,0.13218390804597702,0.233502538071066,0.17420776743602953,0.26890000000000003
0.65,0.89,0.3105022831050228,0.5660919540229885,1.0,0.13218390804597702,0.233502538071066,0.17420776743602953,0.27460000000000007
0.64,0.9,0.3105022831050228,0.5660919540229885,1.0,0.13218390804597702,0.233502538071066,0.17420776743602953,0.27560000000000007
0.66,0.89,0.3105022831050228,0.5660919540229885,1.0,0.13218390804597702,0.233502538071066,0.17420776743602953,0.28170000000000006
0.65,0.9,0.3105022831050228,0.5660919540229885,1.0,0.13218390804597702,0.233502538071066,0.17420776743602953,0.2825000000000001
0.67,0.89,0.3105022831050228,0.5660919540229885,1.0,0.13218390804597702,0.233502538071066,0.17420776743602953,0.28900000000000003
0.66,0.9,0.3105022831050228,0.5660919540229885,1.0,0.13218390804597702,0.233502538071066,0.17420776743602953,0.2896000000000001
0.68,0.89,0.3105022831050228,0.5660919540229885,1.0,0.13218390804597702,0.233502538071066,0.17420776743602953,0.2965000000000001
0.67,0.9,0.3105022831050228,0.5660919540229885,1.0,0.13218390804597702,0.233502538071066,0.17420776743602953,0.29690000000000005
0.69,0.89,0.3105022831050228,0.5660919540229885,1.0,0.13218390804597702,0.233502538071066,0.17420776743602953,0.30419999999999997
0.68,0.9,0.3105022831050228,0.5660919540229885,1.0,0.13218390804597702,0.233502538071066,0.17420776743602953,0.3044000000000001
0.69,0.9,0.3105022831050228,0.5660919540229885,1.0,0.13218390804597702,0.233502538071066,0.17420776743602953,0.3121
0.7,0.89,0.3105022831050228,0.5660919540229885,1.0,0.13218390804597702,0.233502538071066,0.17420776743602953,0.3121
0.7,0.9,0.3105022831050228,0.5660919540229885,1.0,0.13218390804597702,0.233502538071066,0.17420776743602953,0.32
0.71,0.89,0.3105022831050228,0.5660919540229885,1.0,0.13218390804597702,0.233502538071066,0.17420776743602953,0.3202
0.71,0.9,0.3105022831050228,0.5660919540229885,1.0,0.13218390804597702,0.233502538071066,0.17420776743602953,0.3281
0.72,0.89,0.3105022831050228,0.5660919540229885,1.0,0.13218390804597702,0.233502538071066,0.17420776743602953,0.3285
0.72,0.9,0.3105022831050228,0.5660919540229885,1.0,0.13218390804597702,0.233502538071066,0.17420776743602953,0.33640000000000003
0.73,0.89,0.3105022831050228,0.5660919540229885,1.0,0.13218390804597702,0.233502538071066,0.17420776743602953,0.33699999999999997
0.73,0.9,0.3105022831050228,0.5660919540229885,1.0,0.13218390804597702,0.233502538071066,0.17420776743602953,0.3449
0.74,0.89,0.3105022831050228,0.5660919540229885,1.0,0.13218390804597702,0.233502538071066,0.17420776743602953,0.3457
0.74,0.9,0.3105022831050228,0.5660919540229885,1.0,0.13218390804597702,0.233502538071066,0.17420776743602953,0.3536
0.75,0.89,0.3105022831050228,0.5660919540229885,1.0,0.13218390804597702,0.233502538071066,0.17420776743602953,0.3546
0.77,0.87,0.3105022831050228,0.5660919540229885,1.0,0.13218390804597702,0.233502538071066,0.17420776743602953,0.3578
0.75,0.9,0.3105022831050228,0.5660919540229885,1.0,0.13218390804597702,0.233502538071066,0.17420776743602953,0.36250000000000004
0.76,0.89,0.3105022831050228,0.5660919540229885,1.0,0.13218390804597702,0.233502538071066,0.17420776743602953,0.3637
0.77,0.88,0.3105022831050228,0.5660919540229885,1.0,0.13218390804597702,0.233502538071066,0.17420776743602953,0.36530000000000007
0.78,0.87,0.3105022831050228,0.5660919540229885,1.0,0.13218390804597702,0.233502538071066,0.17420776743602953,0.36730000000000007
0.76,0.9,0.3105022831050228,0.5660919540229885,1.0,0.13218390804597702,0.233502538071066,0.17420776743602953,0.37160000000000004
0.77,0.89,0.3105022831050228,0.5660919540229885,1.0,0.13218390804597702,0.233502538071066,0.17420776743602953,0.37300000000000005
0.78,0.88,0.3105022831050228,0.5660919540229885,1.0,0.13218390804597702,0.233502538071066,0.17420776743602953,0.3748
0.79,0.87,0.3105022831050228,0.5660919540229885,1.0,0.13218390804597702,0.233502538071066,0.17420776743602953,0.377
0.77,0.9,0.3105022831050228,0.5660919540229885,1.0,0.13218390804597702,0.233502538071066,0.17420776743602953,0.38090000000000007
0.78,0.89,0.3105022831050228,0.5660919540229885,1.0,0.13218390804597702,0.233502538071066,0.17420776743602953,0.38250000000000006
0.79,0.88,0.3105022831050228,0.5660919540229885,1.0,0.13218390804597702,0.233502538071066,0.17420776743602953,0.38450000000000006
0.8,0.87,0.3105022831050228,0.5660919540229885,1.0,0.13218390804597702,0.233502538071066,0.17420776743602953,0.3869
0.78,0.9,0.3105022831050228,0.5660919540229885,1.0,0.13218390804597702,0.233502538071066,0.17420776743602953,0.3904000000000001
0.79,0.89,0.3105022831050228,0.5660919540229885,1.0,0.13218390804597702,0.233502538071066,0.17420776743602953,0.39220000000000005
0.8,0.88,0.3105022831050228,0.5660919540229885,1.0,0.13218390804597702,0.233502538071066,0.17420776743602953,0.3944
0.79,0.9,0.3105022831050228,0.5660919540229885,1.0,0.13218390804597702,0.233502538071066,0.17420776743602953,0.40010000000000007
0.8,0.89,0.3105022831050228,0.5660919540229885,1.0,0.13218390804597702,0.233502538071066,0.17420776743602953,0.4021
0.8,0.9,0.3105022831050228,0.5660919540229885,1.0,0.13218390804597702,0.233502538071066,0.17420776743602953,0.41000000000000003
0.0,0.0,0.7945205479452054,0.5,0.7945205479452054,1.0,0.8854961832061069,0.0,0.33999999999999997
