model_id,topology,intervention,metric,n,mean,std,sem,median,q25,q75,min,max,ci95_low,ci95_high
mistral_7b,debate,communication,drr_target,15,0.2533333333333333,0.4373077809027587,0.11291238350688708,0.0,0.0,0.4,0.0,1.0,0.032025061659834625,0.47464160500683195
mistral_7b,debate,communication,irr_target,13,0.16923076923076924,0.31460190554788275,0.08725486937012078,0.0,0.0,0.2,0.0,1.0,-0.0017887747346674865,0.34025031319620597
mistral_7b,debate,communication,retention_target,15,0.18666666666666665,0.3888934240098375,0.10041185030931202,0.0,0.0,0.0,0.0,1.0,-0.010140559939584903,0.3834738932729182
mistral_7b,debate,communication,drr_system,15,0.22666666666666666,0.4131182235954578,0.10666666666666666,0.0,0.0,0.2,0.0,1.0,0.017600000000000005,0.4357333333333333
mistral_7b,debate,communication,irr_system,13,0.26153846153846155,0.40319238902055504,0.1118254486531104,0.0,0.0,0.4,0.0,1.0,0.042360582178365164,0.48071634089855797
mistral_7b,debate,communication,retention_system,15,0.2,0.3854496446637727,0.09952267030562387,0.0,0.0,0.1,0.0,1.0,0.004935566200977237,0.3950644337990228
mistral_7b,debate,communication,n_scored_probes,15,14.333333333333334,1.7593288763724917,0.4542567625794978,15.0,15.0,15.0,10.0,15.0,13.442990078677518,15.22367658798915
mistral_7b,debate,full_inference,drr_target,17,0.011764705882352941,0.04850712500726659,0.01176470588235294,0.0,0.0,0.0,0.0,0.2,-0.011294117647058819,0.0348235294117647
mistral_7b,debate,full_inference,irr_target,13,0.07692307692307693,0.2773500981126146,0.07692307692307693,0.0,0.0,0.0,0.0,1.0,-0.07384615384615384,0.2276923076923077
mistral_7b,debate,full_inference,retention_target,15,0.17333333333333334,0.3692979181920099,0.09535231246311489,0.0,0.0,0.0,0.0,1.0,-0.013557199094371836,0.3602238657610385
mistral_7b,debate,full_inference,drr_system,17,0.23529411764705882,0.40146789484121304,0.0973702668073344,0.0,0.0,0.4,0.0,1.0,0.0444483947046834,0.4261398405894342
mistral_7b,debate,full_inference,irr_system,13,0.12307692307692308,0.289118909083691,0.08018715780057378,0.0,0.0,0.0,0.0,1.0,-0.03408990621220154,0.2802437523660477
mistral_7b,debate,full_inference,retention_system,15,0.24000000000000002,0.37947331922020555,0.09797958971132713,0.0,0.0,0.5,0.0,1.0,0.04796000416579885,0.43203999583420116
mistral_7b,debate,full_inference,n_scored_probes,17,13.235294117647058,3.509441048171095,0.85116447814634,15.0,15.0,15.0,5.0,15.0,11.567011740480233,14.903576494813883
mistral_7b,debate,global_context,drr_target,15,0.02666666666666667,0.10327955589886445,0.026666666666666665,0.0,0.0,0.0,0.0,0.4,-0.025599999999999994,0.07893333333333333
mistral_7b,debate,global_context,irr_target,13,0.12307692307692308,0.20878156908535675,0.057905588669929314,0.0,0.0,0.2,0.0,0.6,0.009581969283861624,0.23657187686998454
mistral_7b,debate,global_context,retention_target,15,0.16000000000000003,0.322490309931942,0.08326663997864531,0.0,0.0,0.1,0.0,1.0,-0.0032026143581447564,0.3232026143581448
mistral_7b,debate,global_context,drr_system,15,0.02666666666666667,0.10327955589886445,0.026666666666666665,0.0,0.0,0.0,0.0,0.4,-0.025599999999999994,0.07893333333333333
mistral_7b,debate,global_context,irr_system,13,0.12307692307692308,0.20878156908535675,0.057905588669929314,0.0,0.0,0.2,0.0,0.6,0.009581969283861624,0.23657187686998454
mistral_7b,debate,global_context,retention_system,15,0.16000000000000003,0.322490309931942,0.08326663997864531,0.0,0.0,0.1,0.0,1.0,-0.0032026143581447564,0.3232026143581448
mistral_7b,debate,global_context,n_scored_probes,15,14.333333333333334,1.7593288763724917,0.4542567625794978,15.0,15.0,15.0,10.0,15.0,13.442990078677518,15.22367658798915
mistral_7b,debate,none,drr_target,17,0.19999999999999998,0.39370039370059057,0.09548637106322311,0.0,0.0,0.0,0.0,1.0,0.012846712716082703,0.3871532872839173
mistral_7b,debate,none,irr_target,13,0.18461538461538465,0.369337591385248,0.1024358172073753,0.0,0.0,0.2,0.0,1.0,-0.016158817111070922,0.38538958634184023
mistral_7b,debate,none,retention_target,15,0.18666666666666665,0.3888934240098375,0.10041185030931202,0.0,0.0,0.0,0.0,1.0,-0.010140559939584903,0.3834738932729182
mistral_7b,debate,none,drr_system,17,0.19999999999999998,0.39370039370059057,0.09548637106322311,0.0,0.0,0.0,0.0,1.0,0.012846712716082703,0.3871532872839173
mistral_7b,debate,none,irr_system,13,0.18461538461538465,0.369337591385248,0.1024358172073753,0.0,0.0,0.2,0.0,1.0,-0.016158817111070922,0.38538958634184023
mistral_7b,debate,none,retention_system,15,0.18666666666666665,0.3888934240098375,0.10041185030931202,0.0,0.0,0.0,0.0,1.0,-0.010140559939584903,0.3834738932729182
mistral_7b,debate,none,n_scored_probes,17,13.235294117647058,3.509441048171095,0.85116447814634,15.0,15.0,15.0,5.0,15.0,11.567011740480233,14.903576494813883
mistral_7b,debate,target_context,drr_target,15,0.22666666666666666,0.3692979181920098,0.09535231246311486,0.0,0.0,0.4,0.0,1.0,0.039776134238961536,0.4135571990943718
mistral_7b,debate,target_context,irr_target,13,0.16923076923076924,0.37279264876652135,0.10339407771105616,0.0,0.0,0.0,0.0,1.0,-0.033421623082900836,0.37188316154443934
mistral_7b,debate,target_context,retention_target,15,0.18666666666666665,0.38889342400983745,0.100411850309312,0.0,0.0,0.0,0.0,1.0,-0.010140559939584876,0.38347389327291814
mistral_7b,debate,target_context,drr_system,15,0.24000000000000002,0.3942443042436649,0.10179344164485628,0.0,0.0,0.4,0.0,1.0,0.04048485437608171,0.43951514562391836
mistral_7b,debate,target_context,irr_system,13,0.15384615384615385,0.31784530990033655,0.08815442788549273,0.0,0.0,0.0,0.0,1.0,-0.01893652480941188,0.3266288325017196
mistral_7b,debate,target_context,retention_system,15,0.17333333333333334,0.3534860406754148,0.09126970324351193,0.0,0.0,0.1,0.0,1.0,-0.0055552850239500295,0.3522219516906167
mistral_7b,debate,target_context,n_scored_probes,15,14.333333333333334,1.7593288763724917,0.4542567625794978,15.0,15.0,15.0,10.0,15.0,13.442990078677518,15.22367658798915
mistral_7b,debate,target_context_comm,drr_target,15,0.04,0.15491933384829665,0.039999999999999994,0.0,0.0,0.0,0.0,0.6,-0.03839999999999998,0.11839999999999998
mistral_7b,debate,target_context_comm,irr_target,13,0.0923076923076923,0.27827306272059,0.07717906124765338,0.0,0.0,0.0,0.0,1.0,-0.05896326773770831,0.2435786523530929
mistral_7b,debate,target_context_comm,retention_target,15,0.17333333333333334,0.3692979181920099,0.09535231246311489,0.0,0.0,0.0,0.0,1.0,-0.013557199094371836,0.3602238657610385
mistral_7b,debate,target_context_comm,drr_system,15,0.25333333333333335,0.39617216074880995,0.10229121205407657,0.0,0.0,0.5,0.0,1.0,0.05284255770734328,0.45382410895932346
mistral_7b,debate,target_context_comm,irr_system,13,0.15384615384615385,0.30717905911532173,0.08519614218377511,0.0,0.0,0.2,0.0,1.0,-0.01313828483404536,0.32083059252635304
mistral_7b,debate,target_context_comm,retention_system,15,0.17333333333333334,0.3534860406754148,0.09126970324351193,0.0,0.0,0.1,0.0,1.0,-0.0055552850239500295,0.3522219516906167
mistral_7b,debate,target_context_comm,n_scored_probes,15,14.333333333333334,1.7593288763724917,0.4542567625794978,15.0,15.0,15.0,10.0,15.0,13.442990078677518,15.22367658798915
mistral_7b,debate,target_context_memory,drr_target,17,0.2117647058823529,0.3966773766885006,0.09620839549291839,0.0,0.0,0.0,0.0,1.0,0.02319625071623288,0.40033316104847294
mistral_7b,debate,target_context_memory,irr_target,13,0.2,0.31622776601683794,0.08770580193070293,0.0,0.0,0.4,0.0,1.0,0.02809662821582226,0.37190337178417776
mistral_7b,debate,target_context_memory,retention_target,15,0.18666666666666665,0.3888934240098375,0.10041185030931202,0.0,0.0,0.0,0.0,1.0,-0.010140559939584903,0.3834738932729182
mistral_7b,debate,target_context_memory,drr_system,17,0.24705882352941172,0.4032952501871668,0.09781346557832878,0.0,0.0,0.6,0.0,1.0,0.05534443099588732,0.4387732160629361
mistral_7b,debate,target_context_memory,irr_system,13,0.10769230769230768,0.27827306272059,0.07717906124765338,0.0,0.0,0.0,0.0,1.0,-0.043578652353092925,0.2589632677377083
mistral_7b,debate,target_context_memory,retention_system,15,0.21333333333333335,0.38147583085145714,0.09849663599122206,0.0,0.0,0.3,0.0,1.0,0.02027992679053811,0.4063867398761286
mistral_7b,debate,target_context_memory,n_scored_probes,17,13.235294117647058,3.509441048171095,0.85116447814634,15.0,15.0,15.0,5.0,15.0,11.567011740480233,14.903576494813883
mistral_7b,debate,target_memory,drr_target,15,0.21333333333333335,0.41034248181360955,0.10594997322036864,0.0,0.0,0.1,0.0,1.0,0.0056713858214108015,0.4209952808452559
mistral_7b,debate,target_memory,irr_target,13,0.2153846153846154,0.369337591385248,0.1024358172073753,0.0,0.0,0.2,0.0,1.0,0.014610413658159821,0.41615881711107094
mistral_7b,debate,target_memory,retention_target,15,0.14666666666666667,0.324844285041017,0.08387443373830092,0.0,0.0,0.0,0.0,1.0,-0.01772722346040312,0.31106055679373645
mistral_7b,debate,target_memory,drr_system,15,0.29333333333333333,0.43991341139343504,0.11358515440667107,0.0,0.0,0.7,0.0,1.0,0.07070643069625804,0.5159602359704086
mistral_7b,debate,target_memory,irr_system,13,0.1846153846153846,0.31050001032247393,0.08611720832690599,0.0,0.0,0.4,0.0,0.8,0.015825656294648854,0.3534051129361203
mistral_7b,debate,target_memory,retention_system,15,0.16,0.35617010382279823,0.09196272536817761,0.0,0.0,0.0,0.0,1.0,-0.02024694172162811,0.3402469417216281
mistral_7b,debate,target_memory,n_scored_probes,15,14.333333333333334,1.7593288763724917,0.4542567625794978,15.0,15.0,15.0,10.0,15.0,13.442990078677518,15.22367658798915
mistral_7b,debate,target_memory_comm,drr_target,15,0.2,0.3854496446637727,0.09952267030562387,0.0,0.0,0.1,0.0,1.0,0.004935566200977237,0.3950644337990228
mistral_7b,debate,target_memory_comm,irr_target,13,0.15384615384615385,0.30717905911532173,0.08519614218377511,0.0,0.0,0.2,0.0,1.0,-0.01313828483404536,0.32083059252635304
mistral_7b,debate,target_memory_comm,retention_target,15,0.16,0.3397478056273086,0.08772250620700538,0.0,0.0,0.0,0.0,1.0,-0.011936112165730539,0.33193611216573055
mistral_7b,debate,target_memory_comm,drr_system,15,0.26666666666666666,0.4320493798938574,0.11155467020454342,0.0,0.0,0.5,0.0,1.0,0.048019513065761577,0.48531382026757175
mistral_7b,debate,target_memory_comm,irr_system,13,0.20000000000000004,0.3366501646120693,0.09336995618478527,0.0,0.0,0.2,0.0,1.0,0.016994885877820914,0.3830051141221792
mistral_7b,debate,target_memory_comm,retention_system,15,0.18666666666666665,0.358302877997027,0.0925134052920449,0.0,0.0,0.2,0.0,1.0,0.005340392294258645,0.36799294103907465
mistral_7b,debate,target_memory_comm,n_scored_probes,15,14.333333333333334,1.7593288763724917,0.4542567625794978,15.0,15.0,15.0,10.0,15.0,13.442990078677518,15.22367658798915
mistral_7b,hierarchical,communication,drr_target,15,0.3333333333333333,0.48795003647426666,0.12598815766974242,0.0,0.0,1.0,0.0,1.0,0.08639654430063817,0.5802701223660285
mistral_7b,hierarchical,communication,irr_target,13,0.24615384615384614,0.4095025124371128,0.1135755620017954,0.0,0.0,0.4,0.0,1.0,0.02354574463032716,0.4687619476773651
mistral_7b,hierarchical,communication,retention_target,15,0.3466666666666666,0.46270426634648404,0.11946972785193691,0.0,0.0,0.9,0.0,1.0,0.11250600007687028,0.580827333256463
mistral_7b,hierarchical,communication,drr_system,15,0.3333333333333333,0.48795003647426666,0.12598815766974242,0.0,0.0,1.0,0.0,1.0,0.08639654430063817,0.5802701223660285
mistral_7b,hierarchical,communication,irr_system,13,0.23076923076923078,0.3727926487665214,0.10339407771105617,0.0,0.0,0.4,0.0,1.0,0.028116838455560678,0.4334216230829009
mistral_7b,hierarchical,communication,retention_system,15,0.27999999999999997,0.40567404226968795,0.10474458731327634,0.0,0.0,0.4,0.0,1.0,0.07470060886597835,0.4852993911340216
mistral_7b,hierarchical,communication,n_scored_probes,15,14.333333333333334,1.7593288763724917,0.4542567625794978,15.0,15.0,15.0,10.0,15.0,13.442990078677518,15.22367658798915
mistral_7b,hierarchical,full_inference,drr_target,15,0.0,0.0,0.0,0.0,0.0,0.0,0.0,0.0,0.0,0.0
mistral_7b,hierarchical,full_inference,irr_target,13,0.03076923076923077,0.11094003924504582,0.03076923076923077,0.0,0.0,0.0,0.0,0.4,-0.02953846153846154,0.09107692307692308
mistral_7b,hierarchical,full_inference,retention_target,15,0.30666666666666664,0.4061433010064071,0.10486574939810138,0.0,0.0,0.5,0.0,1.0,0.10112979784638795,0.5122035354869453
mistral_7b,hierarchical,full_inference,drr_system,15,0.29333333333333333,0.45271666741172784,0.11689094089574292,0.0,0.0,0.7,0.0,1.0,0.06422708917767722,0.5224395774889894
mistral_7b,hierarchical,full_inference,irr_system,13,0.15384615384615385,0.37553380809940534,0.10415433852097385,0.0,0.0,0.0,0.0,1.0,-0.050296349654954886,0.3579886573472626
mistral_7b,hierarchical,full_inference,retention_system,15,0.28,0.41265689656870425,0.10654755254054854,0.0,0.0,0.5,0.0,1.0,0.07116679702052489,0.4888332029794752
mistral_7b,hierarchical,full_inference,n_scored_probes,15,14.333333333333334,1.7593288763724917,0.4542567625794978,15.0,15.0,15.0,10.0,15.0,13.442990078677518,15.22367658798915
mistral_7b,hierarchical,global_context,drr_target,15,0.06666666666666667,0.25819888974716115,0.06666666666666667,0.0,0.0,0.0,0.0,1.0,-0.06399999999999999,0.1973333333333333
mistral_7b,hierarchical,global_context,irr_target,13,0.15384615384615385,0.2961288700756947,0.08213137116947163,0.0,0.0,0.0,0.0,0.8,-0.00713133364601054,0.31482364133831825
mistral_7b,hierarchical,global_context,retention_target,15,0.28,0.43293021542573284,0.1117821009609235,0.0,0.0,0.6000000000000001,0.0,1.0,0.06090708211658996,0.4990929178834101
mistral_7b,hierarchical,global_context,drr_system,15,0.06666666666666667,0.25819888974716115,0.06666666666666667,0.0,0.0,0.0,0.0,1.0,-0.06399999999999999,0.1973333333333333
mistral_7b,hierarchical,global_context,irr_system,13,0.13846153846153847,0.2631174057921088,0.072975638311578,0.0,0.0,0.2,0.0,0.8,-0.0045707126291544,0.28149378955223137
mistral_7b,hierarchical,global_context,retention_system,15,0.18666666666666665,0.3888934240098375,0.10041185030931202,0.0,0.0,0.0,0.0,1.0,-0.010140559939584903,0.3834738932729182
mistral_7b,hierarchical,global_context,n_scored_probes,15,14.333333333333334,1.7593288763724917,0.4542567625794978,15.0,15.0,15.0,10.0,15.0,13.442990078677518,15.22367658798915
mistral_7b,hierarchical,none,drr_target,15,0.3333333333333333,0.48795003647426666,0.12598815766974242,0.0,0.0,1.0,0.0,1.0,0.08639654430063817,0.5802701223660285
mistral_7b,hierarchical,none,irr_target,13,0.24615384615384614,0.4095025124371128,0.1135755620017954,0.0,0.0,0.4,0.0,1.0,0.02354574463032716,0.4687619476773651
mistral_7b,hierarchical,none,retention_target,15,0.3466666666666666,0.46270426634648404,0.11946972785193691,0.0,0.0,0.9,0.0,1.0,0.11250600007687028,0.580827333256463
mistral_7b,hierarchical,none,drr_system,15,0.3333333333333333,0.48795003647426666,0.12598815766974242,0.0,0.0,1.0,0.0,1.0,0.08639654430063817,0.5802701223660285
mistral_7b,hierarchical,none,irr_system,13,0.23076923076923078,0.3727926487665214,0.10339407771105617,0.0,0.0,0.4,0.0,1.0,0.028116838455560678,0.4334216230829009
mistral_7b,hierarchical,none,retention_system,15,0.27999999999999997,0.40567404226968795,0.10474458731327634,0.0,0.0,0.4,0.0,1.0,0.07470060886597835,0.4852993911340216
mistral_7b,hierarchical,none,n_scored_probes,15,14.333333333333334,1.7593288763724917,0.4542567625794978,15.0,15.0,15.0,10.0,15.0,13.442990078677518,15.22367658798915
mistral_7b,hierarchical,target_context,drr_target,15,0.06666666666666667,0.25819888974716115,0.06666666666666667,0.0,0.0,0.0,0.0,1.0,-0.06399999999999999,0.1973333333333333
mistral_7b,hierarchical,target_context,irr_target,13,0.15384615384615385,0.2961288700756947,0.08213137116947163,0.0,0.0,0.0,0.0,0.8,-0.00713133364601054,0.31482364133831825
mistral_7b,hierarchical,target_context,retention_target,15,0.28,0.43293021542573284,0.1117821009609235,0.0,0.0,0.6000000000000001,0.0,1.0,0.06090708211658996,0.4990929178834101
mistral_7b,hierarchical,target_context,drr_system,15,0.28,0.4522957313212545,0.1167822556645282,0.0,0.0,0.6,0.0,1.0,0.05110677889752477,0.5088932211024753
mistral_7b,hierarchical,target_context,irr_system,13,0.1846153846153846,0.3782551031736691,0.10490908997681428,0.0,0.0,0.0,0.0,1.0,-0.021006431739171383,0.3902372009699406
mistral_7b,hierarchical,target_context,retention_system,15,0.29333333333333333,0.4131182235954578,0.10666666666666666,0.0,0.0,0.5,0.0,1.0,0.08426666666666668,0.5024
mistral_7b,hierarchical,target_context,n_scored_probes,15,14.333333333333334,1.7593288763724917,0.4542567625794978,15.0,15.0,15.0,10.0,15.0,13.442990078677518,15.22367658798915
mistral_7b,hierarchical,target_context_comm,drr_target,15,0.06666666666666667,0.25819888974716115,0.06666666666666667,0.0,0.0,0.0,0.0,1.0,-0.06399999999999999,0.1973333333333333
mistral_7b,hierarchical,target_context_comm,irr_target,13,0.15384615384615385,0.2961288700756947,0.08213137116947163,0.0,0.0,0.0,0.0,0.8,-0.00713133364601054,0.31482364133831825
mistral_7b,hierarchical,target_context_comm,retention_target,15,0.28,0.43293021542573284,0.1117821009609235,0.0,0.0,0.6000000000000001,0.0,1.0,0.06090708211658996,0.4990929178834101
mistral_7b,hierarchical,target_context_comm,drr_system,15,0.28,0.4522957313212545,0.1167822556645282,0.0,0.0,0.6,0.0,1.0,0.05110677889752477,0.5088932211024753
mistral_7b,hierarchical,target_context_comm,irr_system,13,0.1846153846153846,0.3782551031736691,0.10490908997681428,0.0,0.0,0.0,0.0,1.0,-0.021006431739171383,0.3902372009699406
mistral_7b,hierarchical,target_context_comm,retention_system,15,0.29333333333333333,0.4131182235954578,0.10666666666666666,0.0,0.0,0.5,0.0,1.0,0.08426666666666668,0.5024
mistral_7b,hierarchical,target_context_comm,n_scored_probes,15,14.333333333333334,1.7593288763724917,0.4542567625794978,15.0,15.0,15.0,10.0,15.0,13.442990078677518,15.22367658798915
mistral_7b,hierarchical,target_context_memory,drr_target,15,0.0,0.0,0.0,0.0,0.0,0.0,0.0,0.0,0.0,0.0
mistral_7b,hierarchical,target_context_memory,irr_target,13,0.03076923076923077,0.11094003924504582,0.03076923076923077,0.0,0.0,0.0,0.0,0.4,-0.02953846153846154,0.09107692307692308
mistral_7b,hierarchical,target_context_memory,retention_target,15,0.30666666666666664,0.4061433010064071,0.10486574939810138,0.0,0.0,0.5,0.0,1.0,0.10112979784638795,0.5122035354869453
mistral_7b,hierarchical,target_context_memory,drr_system,15,0.29333333333333333,0.45271666741172784,0.11689094089574292,0.0,0.0,0.7,0.0,1.0,0.06422708917767722,0.5224395774889894
mistral_7b,hierarchical,target_context_memory,irr_system,13,0.15384615384615385,0.37553380809940534,0.10415433852097385,0.0,0.0,0.0,0.0,1.0,-0.050296349654954886,0.3579886573472626
mistral_7b,hierarchical,target_context_memory,retention_system,15,0.28,0.41265689656870425,0.10654755254054854,0.0,0.0,0.5,0.0,1.0,0.07116679702052489,0.4888332029794752
mistral_7b,hierarchical,target_context_memory,n_scored_probes,15,14.333333333333334,1.7593288763724917,0.4542567625794978,15.0,15.0,15.0,10.0,15.0,13.442990078677518,15.22367658798915
mistral_7b,hierarchical,target_memory,drr_target,15,0.3333333333333333,0.48795003647426666,0.12598815766974242,0.0,0.0,1.0,0.0,1.0,0.08639654430063817,0.5802701223660285
mistral_7b,hierarchical,target_memory,irr_target,13,0.23076923076923078,0.4385290096535146,0.12162606385262997,0.0,0.0,0.0,0.0,1.0,-0.007617854381923972,0.46915631592038554
mistral_7b,hierarchical,target_memory,retention_target,15,0.3333333333333333,0.4450789122113495,0.11491888098284463,0.0,0.0,0.8,0.0,1.0,0.10809232660695786,0.5585743400597087
mistral_7b,hierarchical,target_memory,drr_system,15,0.3333333333333333,0.48795003647426666,0.12598815766974242,0.0,0.0,1.0,0.0,1.0,0.08639654430063817,0.5802701223660285
mistral_7b,hierarchical,target_memory,irr_system,13,0.18461538461538465,0.369337591385248,0.1024358172073753,0.0,0.0,0.2,0.0,1.0,-0.016158817111070922,0.38538958634184023
mistral_7b,hierarchical,target_memory,retention_system,15,0.26666666666666666,0.4047338925881101,0.10450184170929679,0.0,0.0,0.4,0.0,1.0,0.061843056916444955,0.47149027641688834
mistral_7b,hierarchical,target_memory,n_scored_probes,15,14.333333333333334,1.7593288763724917,0.4542567625794978,15.0,15.0,15.0,10.0,15.0,13.442990078677518,15.22367658798915
mistral_7b,hierarchical,target_memory_comm,drr_target,15,0.3333333333333333,0.48795003647426666,0.12598815766974242,0.0,0.0,1.0,0.0,1.0,0.08639654430063817,0.5802701223660285
mistral_7b,hierarchical,target_memory_comm,irr_target,13,0.23076923076923078,0.4385290096535146,0.12162606385262997,0.0,0.0,0.0,0.0,1.0,-0.007617854381923972,0.46915631592038554
mistral_7b,hierarchical,target_memory_comm,retention_target,15,0.3333333333333333,0.4450789122113495,0.11491888098284463,0.0,0.0,0.8,0.0,1.0,0.10809232660695786,0.5585743400597087
mistral_7b,hierarchical,target_memory_comm,drr_system,15,0.3333333333333333,0.48795003647426666,0.12598815766974242,0.0,0.0,1.0,0.0,1.0,0.08639654430063817,0.5802701223660285
mistral_7b,hierarchical,target_memory_comm,irr_system,13,0.18461538461538465,0.369337591385248,0.1024358172073753,0.0,0.0,0.2,0.0,1.0,-0.016158817111070922,0.38538958634184023
mistral_7b,hierarchical,target_memory_comm,retention_system,15,0.26666666666666666,0.4047338925881101,0.10450184170929679,0.0,0.0,0.4,0.0,1.0,0.061843056916444955,0.47149027641688834
mistral_7b,hierarchical,target_memory_comm,n_scored_probes,15,14.333333333333334,1.7593288763724917,0.4542567625794978,15.0,15.0,15.0,10.0,15.0,13.442990078677518,15.22367658798915
mistral_7b,independent,communication,drr_target,15,0.3333333333333333,0.48795003647426666,0.12598815766974242,0.0,0.0,1.0,0.0,1.0,0.08639654430063817,0.5802701223660285
mistral_7b,independent,communication,irr_target,13,0.3538461538461538,0.4701336416654748,0.13039161164196023,0.0,0.0,0.8,0.0,1.0,0.09827859502791175,0.6094137126643959
mistral_7b,independent,communication,retention_target,15,0.3733333333333333,0.4832430129073876,0.12477280941076052,0.0,0.0,1.0,0.0,1.0,0.12877862688824268,0.6178880397784239
mistral_7b,independent,communication,drr_system,15,0.3333333333333333,0.48795003647426666,0.12598815766974242,0.0,0.0,1.0,0.0,1.0,0.08639654430063817,0.5802701223660285
mistral_7b,independent,communication,irr_system,13,0.3538461538461538,0.4701336416654748,0.13039161164196023,0.0,0.0,0.8,0.0,1.0,0.09827859502791175,0.6094137126643959
mistral_7b,independent,communication,retention_system,15,0.3733333333333333,0.4832430129073876,0.12477280941076052,0.0,0.0,1.0,0.0,1.0,0.12877862688824268,0.6178880397784239
mistral_7b,independent,communication,n_scored_probes,15,14.333333333333334,1.7593288763724917,0.4542567625794978,15.0,15.0,15.0,10.0,15.0,13.442990078677518,15.22367658798915
mistral_7b,independent,full_inference,drr_target,17,0.0,0.0,0.0,0.0,0.0,0.0,0.0,0.0,0.0,0.0
mistral_7b,independent,full_inference,irr_target,13,0.06153846153846154,0.17097008285302207,0.04741856925360751,0.0,0.0,0.0,0.0,0.6,-0.03140193419860918,0.15447885727553226
mistral_7b,independent,full_inference,retention_target,15,0.3866666666666667,0.46883848371216685,0.12105357596522397,0.0,0.0,1.0,0.0,1.0,0.14940165777482775,0.6239316755585057
mistral_7b,independent,full_inference,drr_system,17,0.0,0.0,0.0,0.0,0.0,0.0,0.0,0.0,0.0,0.0
mistral_7b,independent,full_inference,irr_system,13,0.06153846153846154,0.17097008285302207,0.04741856925360751,0.0,0.0,0.0,0.0,0.6,-0.03140193419860918,0.15447885727553226
mistral_7b,independent,full_inference,retention_system,15,0.3866666666666667,0.46883848371216685,0.12105357596522397,0.0,0.0,1.0,0.0,1.0,0.14940165777482775,0.6239316755585057
mistral_7b,independent,full_inference,n_scored_probes,17,13.235294117647058,3.509441048171095,0.85116447814634,15.0,15.0,15.0,5.0,15.0,11.567011740480233,14.903576494813883
mistral_7b,independent,global_context,drr_target,15,0.06666666666666667,0.25819888974716115,0.06666666666666667,0.0,0.0,0.0,0.0,1.0,-0.06399999999999999,0.1973333333333333
mistral_7b,independent,global_context,irr_target,13,0.21538461538461537,0.4119995021157062,0.11426810233413946,0.0,0.0,0.0,0.0,1.0,-0.008580865190297965,0.4393500959595287
mistral_7b,independent,global_context,retention_target,15,0.3466666666666667,0.45648762566027173,0.11786459812879986,0.0,0.0,0.9,0.0,1.0,0.11565205433421896,0.5776812789991144
mistral_7b,independent,global_context,drr_system,15,0.06666666666666667,0.25819888974716115,0.06666666666666667,0.0,0.0,0.0,0.0,1.0,-0.06399999999999999,0.1973333333333333
mistral_7b,independent,global_context,irr_system,13,0.21538461538461537,0.4119995021157062,0.11426810233413946,0.0,0.0,0.0,0.0,1.0,-0.008580865190297965,0.4393500959595287
mistral_7b,independent,global_context,retention_system,15,0.3466666666666667,0.45648762566027173,0.11786459812879986,0.0,0.0,0.9,0.0,1.0,0.11565205433421896,0.5776812789991144
mistral_7b,independent,global_context,n_scored_probes,15,14.333333333333334,1.7593288763724917,0.4542567625794978,15.0,15.0,15.0,10.0,15.0,13.442990078677518,15.22367658798915
mistral_7b,independent,none,drr_target,17,0.29411764705882354,0.46966821831386213,0.11391127488845344,0.0,0.0,1.0,0.0,1.0,0.0708515482774548,0.5173837458401923
mistral_7b,independent,none,irr_target,13,0.3538461538461538,0.4701336416654748,0.13039161164196023,0.0,0.0,0.8,0.0,1.0,0.09827859502791175,0.6094137126643959
mistral_7b,independent,none,retention_target,15,0.3733333333333333,0.4832430129073876,0.12477280941076052,0.0,0.0,1.0,0.0,1.0,0.12877862688824268,0.6178880397784239
mistral_7b,independent,none,drr_system,17,0.29411764705882354,0.46966821831386213,0.11391127488845344,0.0,0.0,1.0,0.0,1.0,0.0708515482774548,0.5173837458401923
mistral_7b,independent,none,irr_system,13,0.3538461538461538,0.4701336416654748,0.13039161164196023,0.0,0.0,0.8,0.0,1.0,0.09827859502791175,0.6094137126643959
mistral_7b,independent,none,retention_system,15,0.3733333333333333,0.4832430129073876,0.12477280941076052,0.0,0.0,1.0,0.0,1.0,0.12877862688824268,0.6178880397784239
mistral_7b,independent,none,n_scored_probes,17,13.235294117647058,3.509441048171095,0.85116447814634,15.0,15.0,15.0,5.0,15.0,11.567011740480233,14.903576494813883
mistral_7b,independent,target_context,drr_target,15,0.06666666666666667,0.25819888974716115,0.06666666666666667,0.0,0.0,0.0,0.0,1.0,-0.06399999999999999,0.1973333333333333
mistral_7b,independent,target_context,irr_target,13,0.21538461538461537,0.4119995021157062,0.11426810233413946,0.0,0.0,0.0,0.0,1.0,-0.008580865190297965,0.4393500959595287
mistral_7b,independent,target_context,retention_target,15,0.3466666666666667,0.45648762566027173,0.11786459812879986,0.0,0.0,0.9,0.0,1.0,0.11565205433421896,0.5776812789991144
mistral_7b,independent,target_context,drr_system,15,0.06666666666666667,0.25819888974716115,0.06666666666666667,0.0,0.0,0.0,0.0,1.0,-0.06399999999999999,0.1973333333333333
mistral_7b,independent,target_context,irr_system,13,0.21538461538461537,0.4119995021157062,0.11426810233413946,0.0,0.0,0.0,0.0,1.0,-0.008580865190297965,0.4393500959595287
mistral_7b,independent,target_context,retention_system,15,0.3466666666666667,0.45648762566027173,0.11786459812879986,0.0,0.0,0.9,0.0,1.0,0.11565205433421896,0.5776812789991144
mistral_7b,independent,target_context,n_scored_probes,15,14.333333333333334,1.7593288763724917,0.4542567625794978,15.0,15.0,15.0,10.0,15.0,13.442990078677518,15.22367658798915
mistral_7b,independent,target_context_comm,drr_target,15,0.06666666666666667,0.25819888974716115,0.06666666666666667,0.0,0.0,0.0,0.0,1.0,-0.06399999999999999,0.1973333333333333
mistral_7b,independent,target_context_comm,irr_target,13,0.21538461538461537,0.4119995021157062,0.11426810233413946,0.0,0.0,0.0,0.0,1.0,-0.008580865190297965,0.4393500959595287
mistral_7b,independent,target_context_comm,retention_target,15,0.3466666666666667,0.45648762566027173,0.11786459812879986,0.0,0.0,0.9,0.0,1.0,0.11565205433421896,0.5776812789991144
mistral_7b,independent,target_context_comm,drr_system,15,0.06666666666666667,0.25819888974716115,0.06666666666666667,0.0,0.0,0.0,0.0,1.0,-0.06399999999999999,0.1973333333333333
mistral_7b,independent,target_context_comm,irr_system,13,0.21538461538461537,0.4119995021157062,0.11426810233413946,0.0,0.0,0.0,0.0,1.0,-0.008580865190297965,0.4393500959595287
mistral_7b,independent,target_context_comm,retention_system,15,0.3466666666666667,0.45648762566027173,0.11786459812879986,0.0,0.0,0.9,0.0,1.0,0.11565205433421896,0.5776812789991144
mistral_7b,independent,target_context_comm,n_scored_probes,15,14.333333333333334,1.7593288763724917,0.4542567625794978,15.0,15.0,15.0,10.0,15.0,13.442990078677518,15.22367658798915
mistral_7b,independent,target_context_memory,drr_target,17,0.0,0.0,0.0,0.0,0.0,0.0,0.0,0.0,0.0,0.0
mistral_7b,independent,target_context_memory,irr_target,13,0.06153846153846154,0.17097008285302207,0.04741856925360751,0.0,0.0,0.0,0.0,0.6,-0.03140193419860918,0.15447885727553226
mistral_7b,independent,target_context_memory,retention_target,15,0.3866666666666667,0.46883848371216685,0.12105357596522397,0.0,0.0,1.0,0.0,1.0,0.14940165777482775,0.6239316755585057
mistral_7b,independent,target_context_memory,drr_system,17,0.0,0.0,0.0,0.0,0.0,0.0,0.0,0.0,0.0,0.0
mistral_7b,independent,target_context_memory,irr_system,13,0.06153846153846154,0.17097008285302207,0.04741856925360751,0.0,0.0,0.0,0.0,0.6,-0.03140193419860918,0.15447885727553226
mistral_7b,independent,target_context_memory,retention_system,15,0.3866666666666667,0.46883848371216685,0.12105357596522397,0.0,0.0,1.0,0.0,1.0,0.14940165777482775,0.6239316755585057
mistral_7b,independent,target_context_memory,n_scored_probes,17,13.235294117647058,3.509441048171095,0.85116447814634,15.0,15.0,15.0,5.0,15.0,11.567011740480233,14.903576494813883
mistral_7b,independent,target_memory,drr_target,15,0.3333333333333333,0.48795003647426666,0.12598815766974242,0.0,0.0,1.0,0.0,1.0,0.08639654430063817,0.5802701223660285
mistral_7b,independent,target_memory,irr_target,13,0.24615384615384614,0.4095025124371128,0.1135755620017954,0.0,0.0,0.4,0.0,1.0,0.02354574463032716,0.4687619476773651
mistral_7b,independent,target_memory,retention_target,15,0.3333333333333333,0.48795003647426666,0.12598815766974242,0.0,0.0,1.0,0.0,1.0,0.08639654430063817,0.5802701223660285
mistral_7b,independent,target_memory,drr_system,15,0.3333333333333333,0.48795003647426666,0.12598815766974242,0.0,0.0,1.0,0.0,1.0,0.08639654430063817,0.5802701223660285
mistral_7b,independent,target_memory,irr_system,13,0.24615384615384614,0.4095025124371128,0.1135755620017954,0.0,0.0,0.4,0.0,1.0,0.02354574463032716,0.4687619476773651
mistral_7b,independent,target_memory,retention_system,15,0.3333333333333333,0.48795003647426666,0.12598815766974242,0.0,0.0,1.0,0.0,1.0,0.08639654430063817,0.5802701223660285
mistral_7b,independent,target_memory,n_scored_probes,15,14.333333333333334,1.7593288763724917,0.4542567625794978,15.0,15.0,15.0,10.0,15.0,13.442990078677518,15.22367658798915
mistral_7b,independent,target_memory_comm,drr_target,15,0.3333333333333333,0.48795003647426666,0.12598815766974242,0.0,0.0,1.0,0.0,1.0,0.08639654430063817,0.5802701223660285
mistral_7b,independent,target_memory_comm,irr_target,13,0.24615384615384614,0.4095025124371128,0.1135755620017954,0.0,0.0,0.4,0.0,1.0,0.02354574463032716,0.4687619476773651
mistral_7b,independent,target_memory_comm,retention_target,15,0.3333333333333333,0.48795003647426666,0.12598815766974242,0.0,0.0,1.0,0.0,1.0,0.08639654430063817,0.5802701223660285
mistral_7b,independent,target_memory_comm,drr_system,15,0.3333333333333333,0.48795003647426666,0.12598815766974242,0.0,0.0,1.0,0.0,1.0,0.08639654430063817,0.5802701223660285
mistral_7b,independent,target_memory_comm,irr_system,13,0.24615384615384614,0.4095025124371128,0.1135755620017954,0.0,0.0,0.4,0.0,1.0,0.02354574463032716,0.4687619476773651
mistral_7b,independent,target_memory_comm,retention_system,15,0.3333333333333333,0.48795003647426666,0.12598815766974242,0.0,0.0,1.0,0.0,1.0,0.08639654430063817,0.5802701223660285
mistral_7b,independent,target_memory_comm,n_scored_probes,15,14.333333333333334,1.7593288763724917,0.4542567625794978,15.0,15.0,15.0,10.0,15.0,13.442990078677518,15.22367658798915
mistral_7b,scratchpad,communication,drr_target,15,0.32,0.4708654645589179,0.12157694016939385,0.0,0.0,0.9,0.0,1.0,0.08170919726798806,0.5582908027320119
mistral_7b,scratchpad,communication,irr_target,13,0.24615384615384617,0.40128000327158225,0.11129504827800364,0.0,0.0,0.2,0.0,1.0,0.028015551528959043,0.46429214077873326
mistral_7b,scratchpad,communication,retention_target,15,0.41333333333333333,0.474893471763731,0.12261696715757014,0.0,0.0,1.0,0.0,1.0,0.17300407770449586,0.6536625889621708
mistral_7b,scratchpad,communication,drr_system,15,0.3333333333333333,0.48795003647426666,0.12598815766974242,0.0,0.0,1.0,0.0,1.0,0.08639654430063817,0.5802701223660285
mistral_7b,scratchpad,communication,irr_system,13,0.3538461538461538,0.4701336416654748,0.13039161164196023,0.0,0.0,0.8,0.0,1.0,0.09827859502791175,0.6094137126643959
mistral_7b,scratchpad,communication,retention_system,15,0.3333333333333333,0.4639375984311848,0.1197881728268962,0.0,0.0,0.9,0.0,1.0,0.09854851459261676,0.5681181520740499
mistral_7b,scratchpad,communication,n_scored_probes,15,14.333333333333334,1.7593288763724917,0.4542567625794978,15.0,15.0,15.0,10.0,15.0,13.442990078677518,15.22367658798915
mistral_7b,scratchpad,full_inference,drr_target,17,0.03529411764705883,0.10571882797418489,0.025640582020827495,0.0,0.0,0.0,0.0,0.4,-0.014961423113763056,0.08554965840788072
mistral_7b,scratchpad,full_inference,irr_target,13,0.21538461538461537,0.3411894728889747,0.0946289337807484,0.0,0.0,0.4,0.0,1.0,0.029911905174348524,0.4008573255948822
mistral_7b,scratchpad,full_inference,retention_target,15,0.4266666666666667,0.45898438608156017,0.11850925889754119,0.2,0.0,0.9,0.0,1.0,0.19438851922748598,0.6589448141058474
mistral_7b,scratchpad,full_inference,drr_system,17,0.25882352941176473,0.43453829452853143,0.10539101686569952,0.0,0.0,0.4,0.0,1.0,0.05225713635499368,0.4653899224685358
mistral_7b,scratchpad,full_inference,irr_system,13,0.3076923076923077,0.45177711772793905,0.12530042792687812,0.0,0.0,0.8,0.0,1.0,0.0621034689556266,0.5532811464289888
mistral_7b,scratchpad,full_inference,retention_system,15,0.32,0.4708654645589179,0.12157694016939385,0.0,0.0,0.9,0.0,1.0,0.08170919726798806,0.5582908027320119
mistral_7b,scratchpad,full_inference,n_scored_probes,17,13.235294117647058,3.509441048171095,0.85116447814634,15.0,15.0,15.0,5.0,15.0,11.567011740480233,14.903576494813883
mistral_7b,scratchpad,global_context,drr_target,15,0.09333333333333332,0.2604026186687143,0.06723566702751539,0.0,0.0,0.0,0.0,1.0,-0.038448574040596845,0.2251152407072635
mistral_7b,scratchpad,global_context,irr_target,13,0.24615384615384617,0.38430756913220915,0.10658774200423861,0.0,0.0,0.4,0.0,1.0,0.03724187182553851,0.4550658204821538
mistral_7b,scratchpad,global_context,retention_target,15,0.3466666666666667,0.45648762566027173,0.11786459812879986,0.0,0.0,0.9,0.0,1.0,0.11565205433421896,0.5776812789991144
mistral_7b,scratchpad,global_context,drr_system,15,0.08,0.2596701204000403,0.06704653678780205,0.0,0.0,0.0,0.0,1.0,-0.05141121210409201,0.21141121210409203
mistral_7b,scratchpad,global_context,irr_system,13,0.27692307692307694,0.39613517506411483,0.10986812966989,0.0,0.0,0.6,0.0,1.0,0.061581542770092534,0.49226461107606134
mistral_7b,scratchpad,global_context,retention_system,15,0.26666666666666666,0.4577377082170635,0.11818736805705578,0.0,0.0,0.5,0.0,1.0,0.03501942527483734,0.49831390805849596
mistral_7b,scratchpad,global_context,n_scored_probes,15,14.333333333333334,1.7593288763724917,0.4542567625794978,15.0,15.0,15.0,10.0,15.0,13.442990078677518,15.22367658798915
mistral_7b,scratchpad,none,drr_target,17,0.28235294117647064,0.43622713997074825,0.10580062205061734,0.0,0.0,0.6,0.0,1.0,0.07498372195726066,0.4897221603956806
mistral_7b,scratchpad,none,irr_target,13,0.38461538461538464,0.5063696835418333,0.14044168141158106,0.0,0.0,1.0,0.0,1.0,0.10934968904868575,0.6598810801820836
mistral_7b,scratchpad,none,retention_target,15,0.3866666666666667,0.4564876256602717,0.11786459812879985,0.0,0.0,0.9,0.0,1.0,0.15565205433421903,0.6176812789991144
mistral_7b,scratchpad,none,drr_system,17,0.29411764705882354,0.46966821831386213,0.11391127488845344,0.0,0.0,1.0,0.0,1.0,0.0708515482774548,0.5173837458401923
mistral_7b,scratchpad,none,irr_system,13,0.3692307692307692,0.4888500373062878,0.13558260580925421,0.0,0.0,1.0,0.0,1.0,0.10348886184463096,0.6349726766169075
mistral_7b,scratchpad,none,retention_system,15,0.3466666666666666,0.46270426634648404,0.11946972785193691,0.0,0.0,0.9,0.0,1.0,0.11250600007687028,0.580827333256463
mistral_7b,scratchpad,none,n_scored_probes,17,13.235294117647058,3.509441048171095,0.85116447814634,15.0,15.0,15.0,5.0,15.0,11.567011740480233,14.903576494813883
mistral_7b,scratchpad,target_context,drr_target,15,0.36000000000000004,0.4732863826479692,0.1222020185321557,0.0,0.0,1.0,0.0,1.0,0.12048404367697488,0.5995159563230252
mistral_7b,scratchpad,target_context,irr_target,13,0.3538461538461538,0.448358830654244,0.12435236567161172,0.0,0.0,0.8,0.0,1.0,0.11011551712979484,0.5975767905625128
mistral_7b,scratchpad,target_context,retention_target,15,0.4133333333333334,0.4627042663464841,0.11946972785193692,0.2,0.0,1.0,0.0,1.0,0.17917266674353702,0.6474939999231297
mistral_7b,scratchpad,target_context,drr_system,15,0.3466666666666667,0.480872223400453,0.12416067419224579,0.0,0.0,1.0,0.0,1.0,0.10331174524986494,0.5900215880834684
mistral_7b,scratchpad,target_context,irr_system,13,0.3230769230769231,0.47285277157879035,0.13114576259019922,0.0,0.0,1.0,0.0,1.0,0.06603122840013265,0.5801226177537135
mistral_7b,scratchpad,target_context,retention_system,15,0.32,0.4708654645589179,0.12157694016939385,0.0,0.0,0.9,0.0,1.0,0.08170919726798806,0.5582908027320119
mistral_7b,scratchpad,target_context,n_scored_probes,15,14.333333333333334,1.7593288763724917,0.4542567625794978,15.0,15.0,15.0,10.0,15.0,13.442990078677518,15.22367658798915
mistral_7b,scratchpad,target_context_comm,drr_target,15,0.08,0.2596701204000403,0.06704653678780205,0.0,0.0,0.0,0.0,1.0,-0.05141121210409201,0.21141121210409203
mistral_7b,scratchpad,target_context_comm,irr_target,13,0.2307692307692308,0.3544587784792833,0.09830917698810675,0.0,0.0,0.4,0.0,1.0,0.03808324387254158,0.42345521766592004
mistral_7b,scratchpad,target_context_comm,retention_target,15,0.4133333333333334,0.4627042663464841,0.11946972785193692,0.2,0.0,1.0,0.0,1.0,0.17917266674353702,0.6474939999231297
mistral_7b,scratchpad,target_context_comm,drr_system,15,0.3333333333333333,0.48795003647426666,0.12598815766974242,0.0,0.0,1.0,0.0,1.0,0.08639654430063817,0.5802701223660285
mistral_7b,scratchpad,target_context_comm,irr_system,13,0.3538461538461538,0.4701336416654748,0.13039161164196023,0.0,0.0,0.8,0.0,1.0,0.09827859502791175,0.6094137126643959
mistral_7b,scratchpad,target_context_comm,retention_system,15,0.32,0.4708654645589179,0.12157694016939385,0.0,0.0,0.9,0.0,1.0,0.08170919726798806,0.5582908027320119
mistral_7b,scratchpad,target_context_comm,n_scored_probes,15,14.333333333333334,1.7593288763724917,0.4542567625794978,15.0,15.0,15.0,10.0,15.0,13.442990078677518,15.22367658798915
mistral_7b,scratchpad,target_context_memory,drr_target,17,0.30588235294117644,0.44225358709016444,0.10726225016947336,0.0,0.0,0.8,0.0,1.0,0.09564834260900867,0.5161163632733442
mistral_7b,scratchpad,target_context_memory,irr_target,13,0.4461538461538461,0.5043401375648923,0.1398787866357524,0.0,0.0,1.0,0.0,1.0,0.17199142434777143,0.7203162679599209
mistral_7b,scratchpad,target_context_memory,retention_target,15,0.4666666666666667,0.45773770821706344,0.11818736805705576,0.4,0.0,1.0,0.0,1.0,0.23501942527483738,0.6983139080584959
mistral_7b,scratchpad,target_context_memory,drr_system,17,0.29411764705882354,0.46966821831386213,0.11391127488845344,0.0,0.0,1.0,0.0,1.0,0.0708515482774548,0.5173837458401923
mistral_7b,scratchpad,target_context_memory,irr_system,13,0.38461538461538464,0.5063696835418333,0.14044168141158106,0.0,0.0,1.0,0.0,1.0,0.10934968904868575,0.6598810801820836
mistral_7b,scratchpad,target_context_memory,retention_system,15,0.3333333333333333,0.4639375984311848,0.1197881728268962,0.0,0.0,0.9,0.0,1.0,0.09854851459261676,0.5681181520740499
mistral_7b,scratchpad,target_context_memory,n_scored_probes,17,13.235294117647058,3.509441048171095,0.85116447814634,15.0,15.0,15.0,5.0,15.0,11.567011740480233,14.903576494813883
mistral_7b,scratchpad,target_memory,drr_target,15,0.36,0.45481550419608924,0.11743285822322554,0.0,0.0,0.9,0.0,1.0,0.12983159788247794,0.590168402117522
mistral_7b,scratchpad,target_memory,irr_target,13,0.3384615384615385,0.4717670002915661,0.13084462381715972,0.0,0.0,1.0,0.0,1.0,0.08200607577990543,0.5949170011431715
mistral_7b,scratchpad,target_memory,retention_target,15,0.4,0.4720774754816659,0.1218898800440088,0.0,0.0,1.0,0.0,1.0,0.16109583511374279,0.6389041648862572
mistral_7b,scratchpad,target_memory,drr_system,15,0.3333333333333333,0.48795003647426666,0.12598815766974242,0.0,0.0,1.0,0.0,1.0,0.08639654430063817,0.5802701223660285
mistral_7b,scratchpad,target_memory,irr_system,13,0.3384615384615385,0.4717670002915661,0.13084462381715972,0.0,0.0,1.0,0.0,1.0,0.08200607577990543,0.5949170011431715
mistral_7b,scratchpad,target_memory,retention_system,15,0.3333333333333333,0.48795003647426666,0.12598815766974242,0.0,0.0,1.0,0.0,1.0,0.08639654430063817,0.5802701223660285
mistral_7b,scratchpad,target_memory,n_scored_probes,15,14.333333333333334,1.7593288763724917,0.4542567625794978,15.0,15.0,15.0,10.0,15.0,13.442990078677518,15.22367658798915
mistral_7b,scratchpad,target_memory_comm,drr_target,15,0.3466666666666667,0.480872223400453,0.12416067419224579,0.0,0.0,1.0,0.0,1.0,0.10331174524986494,0.5900215880834684
mistral_7b,scratchpad,target_memory_comm,irr_target,13,0.2923076923076923,0.436771371279335,0.12113858267710477,0.0,0.0,0.6,0.0,1.0,0.054876070260566984,0.5297393143548177
mistral_7b,scratchpad,target_memory_comm,retention_target,15,0.3866666666666667,0.4564876256602717,0.11786459812879985,0.0,0.0,0.9,0.0,1.0,0.15565205433421903,0.6176812789991144
mistral_7b,scratchpad,target_memory_comm,drr_system,15,0.3333333333333333,0.48795003647426666,0.12598815766974242,0.0,0.0,1.0,0.0,1.0,0.08639654430063817,0.5802701223660285
mistral_7b,scratchpad,target_memory_comm,irr_system,13,0.3384615384615385,0.4574174999174925,0.12686478848054342,0.0,0.0,0.8,0.0,1.0,0.08980655303967339,0.5871165238834035
mistral_7b,scratchpad,target_memory_comm,retention_system,15,0.3333333333333333,0.48795003647426666,0.12598815766974242,0.0,0.0,1.0,0.0,1.0,0.08639654430063817,0.5802701223660285
mistral_7b,scratchpad,target_memory_comm,n_scored_probes,15,14.333333333333334,1.7593288763724917,0.4542567625794978,15.0,15.0,15.0,10.0,15.0,13.442990078677518,15.22367658798915
mistral_7b,sequential,communication,drr_target,15,0.3333333333333333,0.48795003647426666,0.12598815766974242,0.0,0.0,1.0,0.0,1.0,0.08639654430063817,0.5802701223660285
mistral_7b,sequential,communication,irr_target,13,0.3076923076923077,0.45177711772793905,0.12530042792687812,0.0,0.0,0.8,0.0,1.0,0.0621034689556266,0.5532811464289888
mistral_7b,sequential,communication,retention_target,15,0.20000000000000004,0.3625307868699863,0.09360504666899516,0.0,0.0,0.2,0.0,1.0,0.01653410852876952,0.38346589147123056
mistral_7b,sequential,communication,drr_system,15,0.3333333333333333,0.48795003647426666,0.12598815766974242,0.0,0.0,1.0,0.0,1.0,0.08639654430063817,0.5802701223660285
mistral_7b,sequential,communication,irr_system,13,0.29230769230769227,0.42907174703371476,0.11900309113715173,0.0,0.0,0.8,0.0,1.0,0.0590616336788749,0.5255537509365096
mistral_7b,sequential,communication,retention_system,15,0.18666666666666668,0.3661901665736508,0.09454989444564463,0.0,0.0,0.1,0.0,1.0,0.001348873553203206,0.37198445978013017
mistral_7b,sequential,communication,n_scored_probes,15,14.333333333333334,1.7593288763724917,0.4542567625794978,15.0,15.0,15.0,10.0,15.0,13.442990078677518,15.22367658798915
mistral_7b,sequential,full_inference,drr_target,15,0.0,0.0,0.0,0.0,0.0,0.0,0.0,0.0,0.0,0.0
mistral_7b,sequential,full_inference,irr_target,13,0.1846153846153846,0.29957234475763905,0.08308641921035718,0.0,0.0,0.4,0.0,1.0,0.021766002963084508,0.3474647662676847
mistral_7b,sequential,full_inference,retention_target,15,0.29333333333333333,0.4399134113934349,0.11358515440667104,0.0,0.0,0.7,0.0,1.0,0.0707064306962581,0.5159602359704085
mistral_7b,sequential,full_inference,drr_system,15,0.24000000000000002,0.422238930329398,0.10902162301907949,0.0,0.0,0.3,0.0,1.0,0.026317618882604227,0.4536823811173958
mistral_7b,sequential,full_inference,irr_system,13,0.2153846153846154,0.369337591385248,0.1024358172073753,0.0,0.0,0.2,0.0,1.0,0.014610413658159821,0.41615881711107094
mistral_7b,sequential,full_inference,retention_system,15,0.21333333333333335,0.38147583085145714,0.09849663599122206,0.0,0.0,0.2,0.0,1.0,0.02027992679053811,0.4063867398761286
mistral_7b,sequential,full_inference,n_scored_probes,15,14.333333333333334,1.7593288763724917,0.4542567625794978,15.0,15.0,15.0,10.0,15.0,13.442990078677518,15.22367658798915
mistral_7b,sequential,global_context,drr_target,15,0.06666666666666667,0.25819888974716115,0.06666666666666667,0.0,0.0,0.0,0.0,1.0,-0.06399999999999999,0.1973333333333333
mistral_7b,sequential,global_context,irr_target,13,0.16923076923076924,0.3351233986275687,0.09294650748918902,0.0,0.0,0.0,0.0,1.0,-0.012944385448041246,0.3514059239095797
mistral_7b,sequential,global_context,retention_target,15,0.24000000000000002,0.40848150858654897,0.10546947199929241,0.0,0.0,0.30000000000000004,0.0,1.0,0.033279834881386916,0.4467201651186131
mistral_7b,sequential,global_context,drr_system,15,0.06666666666666667,0.25819888974716115,0.06666666666666667,0.0,0.0,0.0,0.0,1.0,-0.06399999999999999,0.1973333333333333
mistral_7b,sequential,global_context,irr_system,13,0.15384615384615385,0.2961288700756947,0.08213137116947163,0.0,0.0,0.0,0.0,0.8,-0.00713133364601054,0.31482364133831825
mistral_7b,sequential,global_context,retention_system,15,0.22666666666666668,0.406143301006407,0.10486574939810135,0.0,0.0,0.2,0.0,1.0,0.02112979784638805,0.43220353548694534
mistral_7b,sequential,global_context,n_scored_probes,15,14.333333333333334,1.7593288763724917,0.4542567625794978,15.0,15.0,15.0,10.0,15.0,13.442990078677518,15.22367658798915
mistral_7b,sequential,none,drr_target,15,0.3333333333333333,0.48795003647426666,0.12598815766974242,0.0,0.0,1.0,0.0,1.0,0.08639654430063817,0.5802701223660285
mistral_7b,sequential,none,irr_target,13,0.30769230769230765,0.42907174703371476,0.11900309113715173,0.0,0.0,0.8,0.0,1.0,0.07444624906349029,0.540938366321125
mistral_7b,sequential,none,retention_target,15,0.18666666666666668,0.3661901665736508,0.09454989444564463,0.0,0.0,0.1,0.0,1.0,0.001348873553203206,0.37198445978013017
mistral_7b,sequential,none,drr_system,15,0.3333333333333333,0.48795003647426666,0.12598815766974242,0.0,0.0,1.0,0.0,1.0,0.08639654430063817,0.5802701223660285
mistral_7b,sequential,none,irr_system,13,0.30769230769230765,0.42907174703371476,0.11900309113715173,0.0,0.0,0.8,0.0,1.0,0.07444624906349029,0.540938366321125
mistral_7b,sequential,none,retention_system,15,0.18666666666666668,0.3661901665736508,0.09454989444564463,0.0,0.0,0.1,0.0,1.0,0.001348873553203206,0.37198445978013017
mistral_7b,sequential,none,n_scored_probes,15,14.333333333333334,1.7593288763724917,0.4542567625794978,15.0,15.0,15.0,10.0,15.0,13.442990078677518,15.22367658798915
mistral_7b,sequential,target_context,drr_target,15,0.3333333333333333,0.48795003647426666,0.12598815766974242,0.0,0.0,1.0,0.0,1.0,0.08639654430063817,0.5802701223660285
mistral_7b,sequential,target_context,irr_target,13,0.26153846153846155,0.37757661813743526,0.10472091208544687,0.0,0.0,0.4,0.0,1.0,0.0562854738509857,0.4667914492259374
mistral_7b,sequential,target_context,retention_target,15,0.26666666666666666,0.4047338925881101,0.10450184170929679,0.0,0.0,0.4,0.0,1.0,0.061843056916444955,0.47149027641688834
mistral_7b,sequential,target_context,drr_system,15,0.3333333333333333,0.48795003647426666,0.12598815766974242,0.0,0.0,1.0,0.0,1.0,0.08639654430063817,0.5802701223660285
mistral_7b,sequential,target_context,irr_system,13,0.30769230769230765,0.42907174703371476,0.11900309113715173,0.0,0.0,0.8,0.0,1.0,0.07444624906349029,0.540938366321125
mistral_7b,sequential,target_context,retention_system,15,0.21333333333333335,0.38147583085145714,0.09849663599122206,0.0,0.0,0.2,0.0,1.0,0.02027992679053811,0.4063867398761286
mistral_7b,sequential,target_context,n_scored_probes,15,14.333333333333334,1.7593288763724917,0.4542567625794978,15.0,15.0,15.0,10.0,15.0,13.442990078677518,15.22367658798915
mistral_7b,sequential,target_context_comm,drr_target,15,0.06666666666666667,0.25819888974716115,0.06666666666666667,0.0,0.0,0.0,0.0,1.0,-0.06399999999999999,0.1973333333333333
mistral_7b,sequential,target_context_comm,irr_target,13,0.18461538461538465,0.33127570050275307,0.09187934803676369,0.0,0.0,0.2,0.0,1.0,0.004531862463327818,0.3646989067674415
mistral_7b,sequential,target_context_comm,retention_target,15,0.28,0.4126568965687042,0.10654755254054853,0.0,0.0,0.5,0.0,1.0,0.07116679702052492,0.48883320297947513
mistral_7b,sequential,target_context_comm,drr_system,15,0.3333333333333333,0.48795003647426666,0.12598815766974242,0.0,0.0,1.0,0.0,1.0,0.08639654430063817,0.5802701223660285
mistral_7b,sequential,target_context_comm,irr_system,13,0.24615384615384617,0.38430756913220915,0.10658774200423861,0.0,0.0,0.4,0.0,1.0,0.03724187182553851,0.4550658204821538
mistral_7b,sequential,target_context_comm,retention_system,15,0.21333333333333335,0.38147583085145714,0.09849663599122206,0.0,0.0,0.2,0.0,1.0,0.02027992679053811,0.4063867398761286
mistral_7b,sequential,target_context_comm,n_scored_probes,15,14.333333333333334,1.7593288763724917,0.4542567625794978,15.0,15.0,15.0,10.0,15.0,13.442990078677518,15.22367658798915
mistral_7b,sequential,target_context_memory,drr_target,15,0.3333333333333333,0.48795003647426666,0.12598815766974242,0.0,0.0,1.0,0.0,1.0,0.08639654430063817,0.5802701223660285
mistral_7b,sequential,target_context_memory,irr_target,13,0.26153846153846155,0.3686426940784748,0.10224308737116354,0.0,0.0,0.6,0.0,1.0,0.061142010290981014,0.4619349127859421
mistral_7b,sequential,target_context_memory,retention_target,15,0.29333333333333333,0.4199773236508757,0.10843767868564026,0.0,0.0,0.6,0.0,1.0,0.08079548310947843,0.5058711835571883
mistral_7b,sequential,target_context_memory,drr_system,15,0.3333333333333333,0.48795003647426666,0.12598815766974242,0.0,0.0,1.0,0.0,1.0,0.08639654430063817,0.5802701223660285
mistral_7b,sequential,target_context_memory,irr_system,13,0.24615384615384614,0.4095025124371128,0.1135755620017954,0.0,0.0,0.4,0.0,1.0,0.02354574463032716,0.4687619476773651
mistral_7b,sequential,target_context_memory,retention_system,15,0.21333333333333335,0.38147583085145714,0.09849663599122206,0.0,0.0,0.2,0.0,1.0,0.02027992679053811,0.4063867398761286
mistral_7b,sequential,target_context_memory,n_scored_probes,15,14.333333333333334,1.7593288763724917,0.4542567625794978,15.0,15.0,15.0,10.0,15.0,13.442990078677518,15.22367658798915
mistral_7b,sequential,target_memory,drr_target,15,0.3333333333333333,0.48795003647426666,0.12598815766974242,0.0,0.0,1.0,0.0,1.0,0.08639654430063817,0.5802701223660285
mistral_7b,sequential,target_memory,irr_target,13,0.3076923076923077,0.42907174703371476,0.11900309113715173,0.0,0.0,0.8,0.0,1.0,0.07444624906349034,0.5409383663211251
mistral_7b,sequential,target_memory,retention_target,15,0.18666666666666668,0.3661901665736508,0.09454989444564463,0.0,0.0,0.1,0.0,1.0,0.001348873553203206,0.37198445978013017
mistral_7b,sequential,target_memory,drr_system,15,0.3333333333333333,0.48795003647426666,0.12598815766974242,0.0,0.0,1.0,0.0,1.0,0.08639654430063817,0.5802701223660285
mistral_7b,sequential,target_memory,irr_system,13,0.29230769230769227,0.41324233903271673,0.11461280327501032,0.0,0.0,0.6,0.0,1.0,0.06766659788867205,0.5169487867267125
mistral_7b,sequential,target_memory,retention_system,15,0.18666666666666668,0.3661901665736508,0.09454989444564463,0.0,0.0,0.1,0.0,1.0,0.001348873553203206,0.37198445978013017
mistral_7b,sequential,target_memory,n_scored_probes,15,14.333333333333334,1.7593288763724917,0.4542567625794978,15.0,15.0,15.0,10.0,15.0,13.442990078677518,15.22367658798915
mistral_7b,sequential,target_memory_comm,drr_target,15,0.32,0.4708654645589179,0.12157694016939385,0.0,0.0,0.9,0.0,1.0,0.08170919726798806,0.5582908027320119
mistral_7b,sequential,target_memory_comm,irr_target,13,0.2923076923076923,0.436771371279335,0.12113858267710477,0.0,0.0,0.6,0.0,1.0,0.054876070260566984,0.5297393143548177
mistral_7b,sequential,target_memory_comm,retention_target,15,0.18666666666666668,0.3661901665736508,0.09454989444564463,0.0,0.0,0.1,0.0,1.0,0.001348873553203206,0.37198445978013017
mistral_7b,sequential,target_memory_comm,drr_system,15,0.32,0.4708654645589179,0.12157694016939385,0.0,0.0,0.9,0.0,1.0,0.08170919726798806,0.5582908027320119
mistral_7b,sequential,target_memory_comm,irr_system,13,0.2923076923076923,0.436771371279335,0.12113858267710477,0.0,0.0,0.6,0.0,1.0,0.054876070260566984,0.5297393143548177
mistral_7b,sequential,target_memory_comm,retention_system,15,0.18666666666666668,0.3661901665736508,0.09454989444564463,0.0,0.0,0.1,0.0,1.0,0.001348873553203206,0.37198445978013017
mistral_7b,sequential,target_memory_comm,n_scored_probes,15,14.333333333333334,1.7593288763724917,0.4542567625794978,15.0,15.0,15.0,10.0,15.0,13.442990078677518,15.22367658798915
qwen25coder_14b,debate,full_inference,drr_target,15,0.08000000000000002,0.18205179796655993,0.047005572111440255,0.0,0.0,0.0,0.0,0.6,-0.01213092133842289,0.17213092133842292
qwen25coder_14b,debate,full_inference,irr_target,13,0.0923076923076923,0.2253202848596432,0.062492603112584304,0.0,0.0,0.0,0.0,0.6,-0.030177809792972937,0.21479319440835754
qwen25coder_14b,debate,full_inference,retention_target,15,0.4,0.37032803990902063,0.0956182887467515,0.4,0.0,0.7,0.0,1.0,0.21258815405636708,0.5874118459436329
qwen25coder_14b,debate,full_inference,drr_system,15,0.25333333333333335,0.39617216074880995,0.10229121205407657,0.0,0.0,0.5,0.0,1.0,0.05284255770734328,0.45382410895932346
qwen25coder_14b,debate,full_inference,irr_system,13,0.3076923076923077,0.40509574683346666,0.11235334512926486,0.0,0.0,0.6,0.0,1.0,0.0874797512389486,0.5279048641456668
qwen25coder_14b,debate,full_inference,retention_system,15,0.24000000000000005,0.37947331922020555,0.09797958971132713,0.0,0.0,0.30000000000000004,0.0,1.0,0.047960004165798875,0.4320399958342012
qwen25coder_14b,debate,full_inference,n_scored_probes,15,14.333333333333334,1.7593288763724917,0.4542567625794978,15.0,15.0,15.0,10.0,15.0,13.442990078677518,15.22367658798915
qwen25coder_14b,debate,none,drr_target,15,0.29333333333333333,0.45271666741172784,0.11689094089574292,0.0,0.0,0.7,0.0,1.0,0.06422708917767722,0.5224395774889894
qwen25coder_14b,debate,none,irr_target,13,0.27692307692307694,0.42847373733957556,0.11883723308980992,0.0,0.0,0.4,0.0,1.0,0.04400210006704949,0.5098440537791044
qwen25coder_14b,debate,none,retention_target,15,0.22666666666666668,0.36147844564602555,0.09333333333333332,0.0,0.0,0.30000000000000004,0.0,1.0,0.043733333333333374,0.40959999999999996
qwen25coder_14b,debate,none,drr_system,15,0.29333333333333333,0.45271666741172784,0.11689094089574292,0.0,0.0,0.7,0.0,1.0,0.06422708917767722,0.5224395774889894
qwen25coder_14b,debate,none,irr_system,13,0.27692307692307694,0.42847373733957556,0.11883723308980992,0.0,0.0,0.4,0.0,1.0,0.04400210006704949,0.5098440537791044
qwen25coder_14b,debate,none,retention_system,15,0.22666666666666668,0.36147844564602555,0.09333333333333332,0.0,0.0,0.30000000000000004,0.0,1.0,0.043733333333333374,0.40959999999999996
qwen25coder_14b,debate,none,n_scored_probes,15,14.333333333333334,1.7593288763724917,0.4542567625794978,15.0,15.0,15.0,10.0,15.0,13.442990078677518,15.22367658798915
qwen25coder_14b,debate,target_context_memory,drr_target,15,0.28,0.4329302154257327,0.11178210096092346,0.0,0.0,0.6000000000000001,0.0,1.0,0.060907082116590044,0.49909291788341004
qwen25coder_14b,debate,target_context_memory,irr_target,13,0.26153846153846155,0.3594868137091669,0.09970370305242864,0.0,0.0,0.6,0.0,1.0,0.06611920355570144,0.45695771952122166
qwen25coder_14b,debate,target_context_memory,retention_target,15,0.36000000000000004,0.36410359593311975,0.09401114422288048,0.4,0.0,0.5,0.0,1.0,0.1757381573231543,0.5442618426768457
qwen25coder_14b,debate,target_context_memory,drr_system,15,0.28,0.4329302154257327,0.11178210096092346,0.0,0.0,0.6000000000000001,0.0,1.0,0.060907082116590044,0.49909291788341004
qwen25coder_14b,debate,target_context_memory,irr_system,13,0.3230769230769231,0.41262138851059366,0.1144405825867764,0.0,0.0,0.6,0.0,1.0,0.09877338120684134,0.5473804649470049
qwen25coder_14b,debate,target_context_memory,retention_system,15,0.24000000000000005,0.37947331922020555,0.09797958971132713,0.0,0.0,0.30000000000000004,0.0,1.0,0.047960004165798875,0.4320399958342012
qwen25coder_14b,debate,target_context_memory,n_scored_probes,15,14.333333333333334,1.7593288763724917,0.4542567625794978,15.0,15.0,15.0,10.0,15.0,13.442990078677518,15.22367658798915
qwen25coder_14b,independent,full_inference,drr_target,15,0.09333333333333332,0.24918916127158924,0.06434036477735063,0.0,0.0,0.0,0.0,0.8,-0.03277378163027389,0.21944044829694054
qwen25coder_14b,independent,full_inference,irr_target,13,0.07692307692307693,0.2773500981126146,0.07692307692307693,0.0,0.0,0.0,0.0,1.0,-0.07384615384615384,0.2276923076923077
qwen25coder_14b,independent,full_inference,retention_target,15,0.6,0.4840306956027834,0.12497618820818478,1.0,0.0,1.0,0.0,1.0,0.3550466711119578,0.8449533288880422
qwen25coder_14b,independent,full_inference,drr_system,15,0.09333333333333332,0.24918916127158924,0.06434036477735063,0.0,0.0,0.0,0.0,0.8,-0.03277378163027389,0.21944044829694054
qwen25coder_14b,independent,full_inference,irr_system,13,0.07692307692307693,0.2773500981126146,0.07692307692307693,0.0,0.0,0.0,0.0,1.0,-0.07384615384615384,0.2276923076923077
qwen25coder_14b,independent,full_inference,retention_system,15,0.6,0.4840306956027834,0.12497618820818478,1.0,0.0,1.0,0.0,1.0,0.3550466711119578,0.8449533288880422
qwen25coder_14b,independent,full_inference,n_scored_probes,15,14.333333333333334,1.7593288763724917,0.4542567625794978,15.0,15.0,15.0,10.0,15.0,13.442990078677518,15.22367658798915
qwen25coder_14b,independent,none,drr_target,15,0.42666666666666664,0.48324301290738747,0.1247728094107605,0.0,0.0,1.0,0.0,1.0,0.18211196022157608,0.6712213731117572
qwen25coder_14b,independent,none,irr_target,13,0.29230769230769227,0.42907174703371476,0.11900309113715173,0.0,0.0,0.4,0.0,1.0,0.0590616336788749,0.5255537509365096
qwen25coder_14b,independent,none,retention_target,15,0.6133333333333333,0.46270426634648404,0.11946972785193691,0.8,0.0,1.0,0.0,1.0,0.37917266674353695,0.8474939999231297
qwen25coder_14b,independent,none,drr_system,15,0.42666666666666664,0.48324301290738747,0.1247728094107605,0.0,0.0,1.0,0.0,1.0,0.18211196022157608,0.6712213731117572
qwen25coder_14b,independent,none,irr_system,13,0.29230769230769227,0.42907174703371476,0.11900309113715173,0.0,0.0,0.4,0.0,1.0,0.0590616336788749,0.5255537509365096
qwen25coder_14b,independent,none,retention_system,15,0.6133333333333333,0.46270426634648404,0.11946972785193691,0.8,0.0,1.0,0.0,1.0,0.37917266674353695,0.8474939999231297
qwen25coder_14b,independent,none,n_scored_probes,15,14.333333333333334,1.7593288763724917,0.4542567625794978,15.0,15.0,15.0,10.0,15.0,13.442990078677518,15.22367658798915
qwen25coder_14b,independent,target_context_memory,drr_target,15,0.09333333333333332,0.24918916127158924,0.06434036477735063,0.0,0.0,0.0,0.0,0.8,-0.03277378163027389,0.21944044829694054
qwen25coder_14b,independent,target_context_memory,irr_target,13,0.07692307692307693,0.2773500981126146,0.07692307692307693,0.0,0.0,0.0,0.0,1.0,-0.07384615384615384,0.2276923076923077
qwen25coder_14b,independent,target_context_memory,retention_target,15,0.6,0.4840306956027834,0.12497618820818478,1.0,0.0,1.0,0.0,1.0,0.3550466711119578,0.8449533288880422
qwen25coder_14b,independent,target_context_memory,drr_system,15,0.09333333333333332,0.24918916127158924,0.06434036477735063,0.0,0.0,0.0,0.0,0.8,-0.03277378163027389,0.21944044829694054
qwen25coder_14b,independent,target_context_memory,irr_system,13,0.07692307692307693,0.2773500981126146,0.07692307692307693,0.0,0.0,0.0,0.0,1.0,-0.07384615384615384,0.2276923076923077
qwen25coder_14b,independent,target_context_memory,retention_system,15,0.6,0.4840306956027834,0.12497618820818478,1.0,0.0,1.0,0.0,1.0,0.3550466711119578,0.8449533288880422
qwen25coder_14b,independent,target_context_memory,n_scored_probes,15,14.333333333333334,1.7593288763724917,0.4542567625794978,15.0,15.0,15.0,10.0,15.0,13.442990078677518,15.22367658798915
qwen25coder_14b,scratchpad,full_inference,drr_target,15,0.12000000000000001,0.2808151400069855,0.07250615737399725,0.0,0.0,0.0,0.0,0.8,-0.02211206845303461,0.26211206845303464
qwen25coder_14b,scratchpad,full_inference,irr_target,13,0.15384615384615385,0.33817003764227005,0.09379149311883016,0.0,0.0,0.0,0.0,1.0,-0.02998517266675324,0.337677480359061
qwen25coder_14b,scratchpad,full_inference,retention_target,15,0.6666666666666667,0.4117326918327103,0.10630892390381583,1.0,0.30000000000000004,1.0,0.0,1.0,0.4583011758151877,0.8750321575181458
qwen25coder_14b,scratchpad,full_inference,drr_system,15,0.36000000000000004,0.479285182030788,0.12375090187261548,0.0,0.0,1.0,0.0,1.0,0.11744823232967372,0.6025517676703264
qwen25coder_14b,scratchpad,full_inference,irr_system,13,0.4,0.45460605656619524,0.12608503439122307,0.2,0.0,1.0,0.0,1.0,0.15287333259320282,0.6471266674067973
qwen25coder_14b,scratchpad,full_inference,retention_system,15,0.28,0.43293021542573273,0.11178210096092348,0.0,0.0,0.6000000000000001,0.0,1.0,0.06090708211659002,0.49909291788341004
qwen25coder_14b,scratchpad,full_inference,n_scored_probes,15,14.333333333333334,1.7593288763724917,0.4542567625794978,15.0,15.0,15.0,10.0,15.0,13.442990078677518,15.22367658798915
qwen25coder_14b,scratchpad,none,drr_target,15,0.4533333333333333,0.480872223400453,0.12416067419224579,0.2,0.0,1.0,0.0,1.0,0.20997841191653158,0.6966882547501351
qwen25coder_14b,scratchpad,none,irr_target,13,0.3692307692307692,0.4888500373062878,0.13558260580925421,0.0,0.0,1.0,0.0,1.0,0.10348886184463096,0.6349726766169075
qwen25coder_14b,scratchpad,none,retention_target,15,0.56,0.4732863826479693,0.12220201853215573,0.8,0.0,1.0,0.0,1.0,0.3204840436769748,0.7995159563230253
qwen25coder_14b,scratchpad,none,drr_system,15,0.3733333333333333,0.4832430129073876,0.12477280941076052,0.0,0.0,1.0,0.0,1.0,0.12877862688824268,0.6178880397784239
qwen25coder_14b,scratchpad,none,irr_system,13,0.38461538461538464,0.4793157516122225,0.13293827073657152,0.0,0.0,1.0,0.0,1.0,0.12405637397170444,0.6451743952590648
qwen25coder_14b,scratchpad,none,retention_system,15,0.28,0.43293021542573273,0.11178210096092348,0.0,0.0,0.6000000000000001,0.0,1.0,0.06090708211659002,0.49909291788341004
qwen25coder_14b,scratchpad,none,n_scored_probes,15,14.333333333333334,1.7593288763724917,0.4542567625794978,15.0,15.0,15.0,10.0,15.0,13.442990078677518,15.22367658798915
qwen25coder_14b,scratchpad,target_context_memory,drr_target,15,0.5066666666666666,0.4949266419908924,0.1277895094683391,0.8,0.0,1.0,0.0,1.0,0.2561992281087219,0.7571341052246112
qwen25coder_14b,scratchpad,target_context_memory,irr_target,13,0.4461538461538461,0.4771711513621792,0.13234346564680965,0.2,0.0,1.0,0.0,1.0,0.18676065348609922,0.705547038821593
qwen25coder_14b,scratchpad,target_context_memory,retention_target,15,0.7200000000000001,0.3985688683993556,0.10291003930849599,1.0,0.4,1.0,0.0,1.0,0.5182963229553479,0.9217036770446523
qwen25coder_14b,scratchpad,target_context_memory,drr_system,15,0.38666666666666666,0.47489347176373087,0.12261696715757012,0.0,0.0,1.0,0.0,1.0,0.14633741103782924,0.626995922295504
qwen25coder_14b,scratchpad,target_context_memory,irr_system,13,0.38461538461538464,0.4793157516122225,0.13293827073657152,0.0,0.0,1.0,0.0,1.0,0.12405637397170444,0.6451743952590648
qwen25coder_14b,scratchpad,target_context_memory,retention_system,15,0.28,0.43293021542573273,0.11178210096092348,0.0,0.0,0.6000000000000001,0.0,1.0,0.06090708211659002,0.49909291788341004
qwen25coder_14b,scratchpad,target_context_memory,n_scored_probes,15,14.333333333333334,1.7593288763724917,0.4542567625794978,15.0,15.0,15.0,10.0,15.0,13.442990078677518,15.22367658798915
qwen25coder_1p5b,debate,full_inference,drr_target,15,0.0,0.0,0.0,0.0,0.0,0.0,0.0,0.0,0.0,0.0
qwen25coder_1p5b,debate,full_inference,irr_target,13,0.04615384615384615,0.1664100588675687,0.04615384615384615,0.0,0.0,0.0,0.0,0.6,-0.044307692307692305,0.1366153846153846
qwen25coder_1p5b,debate,full_inference,retention_target,15,0.18666666666666668,0.35023801430836526,0.09043106644167025,0.0,0.0,0.2,0.0,1.0,0.009421776440992985,0.36391155689234034
qwen25coder_1p5b,debate,full_inference,drr_system,15,0.17333333333333334,0.31045281828476357,0.08015857300000312,0.0,0.0,0.2,0.0,0.8,0.016222530253327233,0.3304441364133395
qwen25coder_1p5b,debate,full_inference,irr_system,13,0.12307692307692308,0.289118909083691,0.08018715780057378,0.0,0.0,0.0,0.0,1.0,-0.03408990621220154,0.2802437523660477
qwen25coder_1p5b,debate,full_inference,retention_system,15,0.16,0.3397478056273086,0.08772250620700538,0.0,0.0,0.0,0.0,1.0,-0.011936112165730539,0.33193611216573055
qwen25coder_1p5b,debate,full_inference,n_scored_probes,15,14.333333333333334,1.7593288763724917,0.4542567625794978,15.0,15.0,15.0,10.0,15.0,13.442990078677518,15.22367658798915
qwen25coder_1p5b,debate,none,drr_target,15,0.22666666666666666,0.4131182235954578,0.10666666666666666,0.0,0.0,0.2,0.0,1.0,0.017600000000000005,0.4357333333333333
qwen25coder_1p5b,debate,none,irr_target,13,0.1846153846153846,0.3782551031736691,0.10490908997681428,0.0,0.0,0.0,0.0,1.0,-0.021006431739171383,0.3902372009699406
qwen25coder_1p5b,debate,none,retention_target,15,0.08,0.2596701204000403,0.06704653678780205,0.0,0.0,0.0,0.0,1.0,-0.05141121210409201,0.21141121210409203
qwen25coder_1p5b,debate,none,drr_system,15,0.22666666666666666,0.4131182235954578,0.10666666666666666,0.0,0.0,0.2,0.0,1.0,0.017600000000000005,0.4357333333333333
qwen25coder_1p5b,debate,none,irr_system,13,0.1846153846153846,0.3782551031736691,0.10490908997681428,0.0,0.0,0.0,0.0,1.0,-0.021006431739171383,0.3902372009699406
qwen25coder_1p5b,debate,none,retention_system,15,0.08,0.2596701204000403,0.06704653678780205,0.0,0.0,0.0,0.0,1.0,-0.05141121210409201,0.21141121210409203
qwen25coder_1p5b,debate,none,n_scored_probes,15,14.333333333333334,1.7593288763724917,0.4542567625794978,15.0,15.0,15.0,10.0,15.0,13.442990078677518,15.22367658798915
qwen25coder_1p5b,debate,target_context_memory,drr_target,15,0.13333333333333333,0.27945525240230873,0.07215503590428879,0.0,0.0,0.1,0.0,0.8,-0.008090537039072698,0.27475720370573936
qwen25coder_1p5b,debate,target_context_memory,irr_target,13,0.12307692307692308,0.289118909083691,0.08018715780057378,0.0,0.0,0.0,0.0,1.0,-0.03408990621220154,0.2802437523660477
qwen25coder_1p5b,debate,target_context_memory,retention_target,15,0.17333333333333334,0.3369329451445934,0.08699571235557516,0.0,0.0,0.1,0.0,1.0,0.0028217371164060423,0.34384492955026064
qwen25coder_1p5b,debate,target_context_memory,drr_system,15,0.2,0.36253078686998635,0.09360504666899518,0.0,0.0,0.2,0.0,1.0,0.016534108528769464,0.38346589147123056
qwen25coder_1p5b,debate,target_context_memory,irr_system,13,0.12307692307692308,0.289118909083691,0.08018715780057378,0.0,0.0,0.0,0.0,1.0,-0.03408990621220154,0.2802437523660477
qwen25coder_1p5b,debate,target_context_memory,retention_system,15,0.16,0.3397478056273086,0.08772250620700538,0.0,0.0,0.0,0.0,1.0,-0.011936112165730539,0.33193611216573055
qwen25coder_1p5b,debate,target_context_memory,n_scored_probes,15,14.333333333333334,1.7593288763724917,0.4542567625794978,15.0,15.0,15.0,10.0,15.0,13.442990078677518,15.22367658798915
qwen25coder_1p5b,independent,full_inference,drr_target,15,0.0,0.0,0.0,0.0,0.0,0.0,0.0,0.0,0.0,0.0
qwen25coder_1p5b,independent,full_inference,irr_target,13,0.015384615384615385,0.05547001962252291,0.015384615384615385,0.0,0.0,0.0,0.0,0.2,-0.01476923076923077,0.04553846153846154
qwen25coder_1p5b,independent,full_inference,retention_target,15,0.6133333333333334,0.4748934717637309,0.12261696715757013,1.0,0.0,1.0,0.0,1.0,0.37300407770449595,0.8536625889621708
qwen25coder_1p5b,independent,full_inference,drr_system,15,0.0,0.0,0.0,0.0,0.0,0.0,0.0,0.0,0.0,0.0
qwen25coder_1p5b,independent,full_inference,irr_system,13,0.015384615384615385,0.05547001962252291,0.015384615384615385,0.0,0.0,0.0,0.0,0.2,-0.01476923076923077,0.04553846153846154
qwen25coder_1p5b,independent,full_inference,retention_system,15,0.6133333333333334,0.4748934717637309,0.12261696715757013,1.0,0.0,1.0,0.0,1.0,0.37300407770449595,0.8536625889621708
qwen25coder_1p5b,independent,full_inference,n_scored_probes,15,14.333333333333334,1.7593288763724917,0.4542567625794978,15.0,15.0,15.0,10.0,15.0,13.442990078677518,15.22367658798915
qwen25coder_1p5b,independent,none,drr_target,15,0.26666666666666666,0.4577377082170635,0.11818736805705578,0.0,0.0,0.5,0.0,1.0,0.03501942527483734,0.49831390805849596
qwen25coder_1p5b,independent,none,irr_target,13,0.38461538461538464,0.46519915779186066,0.12902303205547822,0.0,0.0,1.0,0.0,1.0,0.13173024178664733,0.6375005274441219
qwen25coder_1p5b,independent,none,retention_target,15,0.41333333333333333,0.47489347176373103,0.12261696715757016,0.2,0.0,1.0,0.0,1.0,0.17300407770449583,0.6536625889621708
qwen25coder_1p5b,independent,none,drr_system,15,0.26666666666666666,0.4577377082170635,0.11818736805705578,0.0,0.0,0.5,0.0,1.0,0.03501942527483734,0.49831390805849596
qwen25coder_1p5b,independent,none,irr_system,13,0.38461538461538464,0.46519915779186066,0.12902303205547822,0.0,0.0,1.0,0.0,1.0,0.13173024178664733,0.6375005274441219
qwen25coder_1p5b,independent,none,retention_system,15,0.41333333333333333,0.47489347176373103,0.12261696715757016,0.2,0.0,1.0,0.0,1.0,0.17300407770449583,0.6536625889621708
qwen25coder_1p5b,independent,none,n_scored_probes,15,14.333333333333334,1.7593288763724917,0.4542567625794978,15.0,15.0,15.0,10.0,15.0,13.442990078677518,15.22367658798915
qwen25coder_1p5b,independent,target_context_memory,drr_target,15,0.0,0.0,0.0,0.0,0.0,0.0,0.0,0.0,0.0,0.0
qwen25coder_1p5b,independent,target_context_memory,irr_target,13,0.015384615384615385,0.05547001962252291,0.015384615384615385,0.0,0.0,0.0,0.0,0.2,-0.01476923076923077,0.04553846153846154
qwen25coder_1p5b,independent,target_context_memory,retention_target,15,0.6133333333333334,0.4748934717637309,0.12261696715757013,1.0,0.0,1.0,0.0,1.0,0.37300407770449595,0.8536625889621708
qwen25coder_1p5b,independent,target_context_memory,drr_system,15,0.0,0.0,0.0,0.0,0.0,0.0,0.0,0.0,0.0,0.0
qwen25coder_1p5b,independent,target_context_memory,irr_system,13,0.015384615384615385,0.05547001962252291,0.015384615384615385,0.0,0.0,0.0,0.0,0.2,-0.01476923076923077,0.04553846153846154
qwen25coder_1p5b,independent,target_context_memory,retention_system,15,0.6133333333333334,0.4748934717637309,0.12261696715757013,1.0,0.0,1.0,0.0,1.0,0.37300407770449595,0.8536625889621708
qwen25coder_1p5b,independent,target_context_memory,n_scored_probes,15,14.333333333333334,1.7593288763724917,0.4542567625794978,15.0,15.0,15.0,10.0,15.0,13.442990078677518,15.22367658798915
qwen25coder_1p5b,scratchpad,full_inference,drr_target,15,0.08,0.2596701204000403,0.06704653678780205,0.0,0.0,0.0,0.0,1.0,-0.05141121210409201,0.21141121210409203
qwen25coder_1p5b,scratchpad,full_inference,irr_target,13,0.07692307692307693,0.2773500981126146,0.07692307692307693,0.0,0.0,0.0,0.0,1.0,-0.07384615384615384,0.2276923076923077
qwen25coder_1p5b,scratchpad,full_inference,retention_target,15,0.4799999999999999,0.4459340117743239,0.11513966674062791,0.6,0.0,1.0,0.0,1.0,0.2543262531883692,0.7056737468116306
qwen25coder_1p5b,scratchpad,full_inference,drr_system,15,0.3866666666666667,0.4240395309514477,0.10948653610057076,0.2,0.0,0.8,0.0,1.0,0.17207305590954805,0.6012602774237854
qwen25coder_1p5b,scratchpad,full_inference,irr_system,13,0.3384615384615385,0.35948681370916685,0.09970370305242862,0.4,0.0,0.6,0.0,1.0,0.14304228047877837,0.5338807964442986
qwen25coder_1p5b,scratchpad,full_inference,retention_system,15,0.4666666666666666,0.4514526816949079,0.11656458118700375,0.4,0.0,1.0,0.0,1.0,0.23820008754013927,0.695133245793194
qwen25coder_1p5b,scratchpad,full_inference,n_scored_probes,15,14.333333333333334,1.7593288763724917,0.4542567625794978,15.0,15.0,15.0,10.0,15.0,13.442990078677518,15.22367658798915
qwen25coder_1p5b,scratchpad,none,drr_target,15,0.3466666666666667,0.46270426634648404,0.11946972785193691,0.0,0.0,0.9,0.0,1.0,0.11250600007687034,0.5808273332564631
qwen25coder_1p5b,scratchpad,none,irr_target,13,0.4,0.439696865275764,0.12194996872404222,0.2,0.0,0.8,0.0,1.0,0.16097806130087727,0.6390219386991227
qwen25coder_1p5b,scratchpad,none,retention_target,15,0.52,0.41952353926806063,0.1083205120618128,0.6,0.0,0.9,0.0,1.0,0.3076917963588469,0.7323082036411531
qwen25coder_1p5b,scratchpad,none,drr_system,15,0.36000000000000004,0.479285182030788,0.12375090187261548,0.0,0.0,1.0,0.0,1.0,0.11744823232967372,0.6025517676703264
qwen25coder_1p5b,scratchpad,none,irr_system,13,0.4153846153846154,0.43559567231962915,0.12081250245527946,0.4,0.0,0.8,0.0,1.0,0.17859211057226768,0.6521771201969632
qwen25coder_1p5b,scratchpad,none,retention_system,15,0.42666666666666664,0.42672618632471815,0.11018022753508243,0.4,0.0,0.9,0.0,1.0,0.21071342069790508,0.6426199126354282
qwen25coder_1p5b,scratchpad,none,n_scored_probes,15,14.333333333333334,1.7593288763724917,0.4542567625794978,15.0,15.0,15.0,10.0,15.0,13.442990078677518,15.22367658798915
qwen25coder_1p5b,scratchpad,target_context_memory,drr_target,15,0.29333333333333333,0.4463609472591607,0.11524990100880643,0.0,0.0,0.6,0.0,1.0,0.06744352735607273,0.5192231393105939
qwen25coder_1p5b,scratchpad,target_context_memory,irr_target,13,0.23076923076923078,0.38162943497721147,0.10584496123359126,0.0,0.0,0.4,0.0,1.0,0.02331310675139192,0.43822535478706964
qwen25coder_1p5b,scratchpad,target_context_memory,retention_target,15,0.4933333333333333,0.4333699618219101,0.1118956429921868,0.6,0.0,1.0,0.0,1.0,0.27401787306864717,0.7126487935980195
qwen25coder_1p5b,scratchpad,target_context_memory,drr_system,15,0.41333333333333333,0.4373077809027588,0.1129123835068871,0.2,0.0,0.9,0.0,1.0,0.1920250616598346,0.6346416050068321
qwen25coder_1p5b,scratchpad,target_context_memory,irr_system,13,0.4153846153846154,0.42001220983473375,0.11649042760615946,0.4,0.0,0.8,0.0,1.0,0.18706337727654287,0.6437058534926879
qwen25coder_1p5b,scratchpad,target_context_memory,retention_system,15,0.4666666666666666,0.4514526816949079,0.11656458118700375,0.4,0.0,1.0,0.0,1.0,0.23820008754013927,0.695133245793194
qwen25coder_1p5b,scratchpad,target_context_memory,n_scored_probes,15,14.333333333333334,1.7593288763724917,0.4542567625794978,15.0,15.0,15.0,10.0,15.0,13.442990078677518,15.22367658798915
qwen25coder_7b,debate,full_inference,drr_target,15,0.10666666666666667,0.22509257354845513,0.05811865258054232,0.0,0.0,0.1,0.0,0.8,-0.007245892391196274,0.22057922572452962
qwen25coder_7b,debate,full_inference,irr_target,13,0.0923076923076923,0.27827306272059,0.07717906124765338,0.0,0.0,0.0,0.0,1.0,-0.05896326773770831,0.2435786523530929
qwen25coder_7b,debate,full_inference,retention_target,15,0.52,0.3687817782917155,0.09521904571390466,0.6,0.2,0.8,0.0,1.0,0.33337067040074686,0.7066293295992532
qwen25coder_7b,debate,full_inference,drr_system,15,0.36000000000000004,0.43556203428936,0.11246163366952767,0.0,0.0,0.8,0.0,1.0,0.1395751980077258,0.5804248019922743
qwen25coder_7b,debate,full_inference,irr_system,13,0.18461538461538465,0.369337591385248,0.1024358172073753,0.0,0.0,0.2,0.0,1.0,-0.016158817111070922,0.38538958634184023
qwen25coder_7b,debate,full_inference,retention_system,15,0.3333333333333333,0.4320493798938574,0.11155467020454342,0.2,0.0,0.7,0.0,1.0,0.11468617973242823,0.5519804869342384
qwen25coder_7b,debate,full_inference,n_scored_probes,15,14.333333333333334,1.7593288763724917,0.4542567625794978,15.0,15.0,15.0,10.0,15.0,13.442990078677518,15.22367658798915
qwen25coder_7b,debate,none,drr_target,15,0.36000000000000004,0.4548155041960892,0.11743285822322552,0.0,0.0,0.9,0.0,1.0,0.12983159788247803,0.5901684021175221
qwen25coder_7b,debate,none,irr_target,13,0.2,0.37416573867739417,0.10377490433255418,0.0,0.0,0.2,0.0,1.0,-0.00339881249180618,0.4033988124918062
qwen25coder_7b,debate,none,retention_target,15,0.30666666666666664,0.38446004188930194,0.09926715596796482,0.2,0.0,0.4,0.0,1.0,0.11210304096945561,0.5012302923638776
qwen25coder_7b,debate,none,drr_system,15,0.36000000000000004,0.4548155041960892,0.11743285822322552,0.0,0.0,0.9,0.0,1.0,0.12983159788247803,0.5901684021175221
qwen25coder_7b,debate,none,irr_system,13,0.2,0.37416573867739417,0.10377490433255418,0.0,0.0,0.2,0.0,1.0,-0.00339881249180618,0.4033988124918062
qwen25coder_7b,debate,none,retention_system,15,0.30666666666666664,0.38446004188930194,0.09926715596796482,0.2,0.0,0.4,0.0,1.0,0.11210304096945561,0.5012302923638776
qwen25coder_7b,debate,none,n_scored_probes,15,14.333333333333334,1.7593288763724917,0.4542567625794978,15.0,15.0,15.0,10.0,15.0,13.442990078677518,15.22367658798915
qwen25coder_7b,debate,target_context_memory,drr_target,15,0.33333333333333337,0.3677473252630062,0.09495195109039634,0.2,0.0,0.7,0.0,1.0,0.14722750919615654,0.5194391574705102
qwen25coder_7b,debate,target_context_memory,irr_target,13,0.24615384615384617,0.4332347027793453,0.12015768732164082,0.0,0.0,0.2,0.0,1.0,0.010644779003430166,0.48166291330426214
qwen25coder_7b,debate,target_context_memory,retention_target,15,0.44000000000000006,0.33974780562730855,0.08772250620700536,0.4,0.2,0.6,0.0,1.0,0.26806388783426954,0.6119361121657305
qwen25coder_7b,debate,target_context_memory,drr_system,15,0.3733333333333334,0.4267261863247182,0.11018022753508244,0.2,0.0,0.8,0.0,1.0,0.15738008736457182,0.5892865793020949
qwen25coder_7b,debate,target_context_memory,irr_system,13,0.2,0.3651483716701108,0.1012739367083667,0.0,0.0,0.2,0.0,1.0,0.0015030840516012944,0.39849691594839876
qwen25coder_7b,debate,target_context_memory,retention_system,15,0.3333333333333333,0.4320493798938574,0.11155467020454342,0.2,0.0,0.7,0.0,1.0,0.11468617973242823,0.5519804869342384
qwen25coder_7b,debate,target_context_memory,n_scored_probes,15,14.333333333333334,1.7593288763724917,0.4542567625794978,15.0,15.0,15.0,10.0,15.0,13.442990078677518,15.22367658798915
qwen25coder_7b,independent,full_inference,drr_target,15,0.14666666666666667,0.324844285041017,0.08387443373830092,0.0,0.0,0.0,0.0,1.0,-0.01772722346040312,0.31106055679373645
qwen25coder_7b,independent,full_inference,irr_target,13,0.06153846153846154,0.17097008285302204,0.047418569253607504,0.0,0.0,0.0,0.0,0.6,-0.03140193419860916,0.15447885727553223
qwen25coder_7b,independent,full_inference,retention_target,15,0.76,0.42223893032939813,0.10902162301907951,1.0,0.7,1.0,0.0,1.0,0.5463176188826042,0.9736823811173958
qwen25coder_7b,independent,full_inference,drr_system,15,0.14666666666666667,0.324844285041017,0.08387443373830092,0.0,0.0,0.0,0.0,1.0,-0.01772722346040312,0.31106055679373645
qwen25coder_7b,independent,full_inference,irr_system,13,0.06153846153846154,0.17097008285302204,0.047418569253607504,0.0,0.0,0.0,0.0,0.6,-0.03140193419860916,0.15447885727553223
qwen25coder_7b,independent,full_inference,retention_system,15,0.76,0.42223893032939813,0.10902162301907951,1.0,0.7,1.0,0.0,1.0,0.5463176188826042,0.9736823811173958
qwen25coder_7b,independent,full_inference,n_scored_probes,15,14.333333333333334,1.7593288763724917,0.4542567625794978,15.0,15.0,15.0,10.0,15.0,13.442990078677518,15.22367658798915
qwen25coder_7b,independent,none,drr_target,15,0.4133333333333333,0.47489347176373103,0.12261696715757016,0.0,0.0,1.0,0.0,1.0,0.17300407770449577,0.6536625889621708
qwen25coder_7b,independent,none,irr_target,13,0.3230769230769231,0.451209201579205,0.125142916327307,0.0,0.0,0.8,0.0,1.0,0.07779680707540138,0.5683570390784448
qwen25coder_7b,independent,none,retention_target,15,0.6,0.50709255283711,0.13093073414159542,1.0,0.0,1.0,0.0,1.0,0.343375761082473,0.8566242389175269
qwen25coder_7b,independent,none,drr_system,15,0.4133333333333333,0.47489347176373103,0.12261696715757016,0.0,0.0,1.0,0.0,1.0,0.17300407770449577,0.6536625889621708
qwen25coder_7b,independent,none,irr_system,13,0.3230769230769231,0.451209201579205,0.125142916327307,0.0,0.0,0.8,0.0,1.0,0.07779680707540138,0.5683570390784448
qwen25coder_7b,independent,none,retention_system,15,0.6,0.50709255283711,0.13093073414159542,1.0,0.0,1.0,0.0,1.0,0.343375761082473,0.8566242389175269
qwen25coder_7b,independent,none,n_scored_probes,15,14.333333333333334,1.7593288763724917,0.4542567625794978,15.0,15.0,15.0,10.0,15.0,13.442990078677518,15.22367658798915
qwen25coder_7b,independent,target_context_memory,drr_target,15,0.14666666666666667,0.324844285041017,0.08387443373830092,0.0,0.0,0.0,0.0,1.0,-0.01772722346040312,0.31106055679373645
qwen25coder_7b,independent,target_context_memory,irr_target,13,0.06153846153846154,0.17097008285302204,0.047418569253607504,0.0,0.0,0.0,0.0,0.6,-0.03140193419860916,0.15447885727553223
qwen25coder_7b,independent,target_context_memory,retention_target,15,0.76,0.42223893032939813,0.10902162301907951,1.0,0.7,1.0,0.0,1.0,0.5463176188826042,0.9736823811173958
qwen25coder_7b,independent,target_context_memory,drr_system,15,0.14666666666666667,0.324844285041017,0.08387443373830092,0.0,0.0,0.0,0.0,1.0,-0.01772722346040312,0.31106055679373645
qwen25coder_7b,independent,target_context_memory,irr_system,13,0.06153846153846154,0.17097008285302204,0.047418569253607504,0.0,0.0,0.0,0.0,0.6,-0.03140193419860916,0.15447885727553223
qwen25coder_7b,independent,target_context_memory,retention_system,15,0.76,0.42223893032939813,0.10902162301907951,1.0,0.7,1.0,0.0,1.0,0.5463176188826042,0.9736823811173958
qwen25coder_7b,independent,target_context_memory,n_scored_probes,15,14.333333333333334,1.7593288763724917,0.4542567625794978,15.0,15.0,15.0,10.0,15.0,13.442990078677518,15.22367658798915
qwen25coder_7b,scratchpad,full_inference,drr_target,15,0.16000000000000003,0.34805582475065283,0.08986762752065104,0.0,0.0,0.1,0.0,1.0,-0.016140549940476007,0.33614054994047604
qwen25coder_7b,scratchpad,full_inference,irr_target,13,0.21538461538461537,0.38696716881873816,0.10732538223823772,0.0,0.0,0.2,0.0,1.0,0.005026866197669455,0.4257423645715613
qwen25coder_7b,scratchpad,full_inference,retention_target,15,0.7733333333333334,0.376955220278534,0.09732941936031403,1.0,0.8,1.0,0.0,1.0,0.582567671387118,0.9640989952795489
qwen25coder_7b,scratchpad,full_inference,drr_system,15,0.3333333333333333,0.4639375984311848,0.1197881728268962,0.0,0.0,0.9,0.0,1.0,0.09854851459261676,0.5681181520740499
qwen25coder_7b,scratchpad,full_inference,irr_system,13,0.26153846153846155,0.41940128266069465,0.11632098689450006,0.0,0.0,0.6,0.0,1.0,0.033549327225241454,0.48952759585168165
qwen25coder_7b,scratchpad,full_inference,retention_system,15,0.3866666666666667,0.44379317362075427,0.11458690470624786,0.2,0.0,0.9,0.0,1.0,0.16207633344242092,0.6112569998909125
qwen25coder_7b,scratchpad,full_inference,n_scored_probes,15,14.333333333333334,1.7593288763724917,0.4542567625794978,15.0,15.0,15.0,10.0,15.0,13.442990078677518,15.22367658798915
qwen25coder_7b,scratchpad,none,drr_target,15,0.41333333333333333,0.47489347176373103,0.12261696715757016,0.2,0.0,1.0,0.0,1.0,0.17300407770449583,0.6536625889621708
qwen25coder_7b,scratchpad,none,irr_target,13,0.27692307692307694,0.42847373733957556,0.11883723308980992,0.0,0.0,0.4,0.0,1.0,0.04400210006704949,0.5098440537791044
qwen25coder_7b,scratchpad,none,retention_target,15,0.48000000000000004,0.5059644256269407,0.13063945294843615,0.2,0.0,1.0,0.0,1.0,0.22394667222106518,0.736053327778935
qwen25coder_7b,scratchpad,none,drr_system,15,0.4266666666666667,0.4949266419908925,0.12778950946833914,0.0,0.0,1.0,0.0,1.0,0.17619922810872196,0.6771341052246114
qwen25coder_7b,scratchpad,none,irr_system,13,0.24615384615384617,0.40128000327158225,0.11129504827800364,0.0,0.0,0.6,0.0,1.0,0.028015551528959043,0.46429214077873326
qwen25coder_7b,scratchpad,none,retention_system,15,0.3466666666666667,0.46270426634648404,0.11946972785193691,0.0,0.0,0.9,0.0,1.0,0.11250600007687034,0.5808273332564631
qwen25coder_7b,scratchpad,none,n_scored_probes,15,14.333333333333334,1.7593288763724917,0.4542567625794978,15.0,15.0,15.0,10.0,15.0,13.442990078677518,15.22367658798915
qwen25coder_7b,scratchpad,target_context_memory,drr_target,15,0.52,0.46475800154489,0.11999999999999998,0.6,0.0,1.0,0.0,1.0,0.28480000000000005,0.7552
qwen25coder_7b,scratchpad,target_context_memory,irr_target,13,0.3230769230769231,0.4361839179250082,0.12097565243164565,0.0,0.0,0.8,0.0,1.0,0.08596464431089762,0.5601892018429486
qwen25coder_7b,scratchpad,target_context_memory,retention_target,15,0.7333333333333333,0.43204937989385733,0.1115546702045434,1.0,0.5,1.0,0.0,1.0,0.5146861797324283,0.9519804869342383
qwen25coder_7b,scratchpad,target_context_memory,drr_system,15,0.41333333333333333,0.4808722234004531,0.12416067419224582,0.0,0.0,1.0,0.0,1.0,0.16997841191653154,0.6566882547501351
qwen25coder_7b,scratchpad,target_context_memory,irr_system,13,0.29230769230769227,0.45909610188851613,0.12733034890189884,0.0,0.0,0.8,0.0,1.0,0.042740208459970536,0.541875176155414
qwen25coder_7b,scratchpad,target_context_memory,retention_system,15,0.3866666666666667,0.44379317362075427,0.11458690470624786,0.2,0.0,0.9,0.0,1.0,0.16207633344242092,0.6112569998909125
qwen25coder_7b,scratchpad,target_context_memory,n_scored_probes,15,14.333333333333334,1.7593288763724917,0.4542567625794978,15.0,15.0,15.0,10.0,15.0,13.442990078677518,15.22367658798915
qwen3_14b,debate,full_inference,drr_target,15,0.13333333333333333,0.2350278605572013,0.060683932655519975,0.0,0.0,0.2,0.0,0.8,0.014392825328514186,0.25227384133815245
qwen3_14b,debate,full_inference,irr_target,13,0.15384615384615385,0.30717905911532173,0.08519614218377511,0.0,0.0,0.2,0.0,1.0,-0.01313828483404536,0.32083059252635304
qwen3_14b,debate,full_inference,retention_target,15,0.25333333333333335,0.358302877997027,0.0925134052920449,0.0,0.0,0.4,0.0,1.0,0.07200705896092535,0.43465960770574136
qwen3_14b,debate,full_inference,drr_system,15,0.38666666666666666,0.46883848371216685,0.12105357596522397,0.0,0.0,0.9,0.0,1.0,0.1494016577748277,0.6239316755585056
qwen3_14b,debate,full_inference,irr_system,13,0.27692307692307694,0.42847373733957556,0.11883723308980992,0.0,0.0,0.4,0.0,1.0,0.04400210006704949,0.5098440537791044
qwen3_14b,debate,full_inference,retention_system,15,0.34666666666666673,0.4033195589934446,0.10413666234542206,0.2,0.0,0.6,0.0,1.0,0.1425588084696395,0.5507745248636939
qwen3_14b,debate,full_inference,n_scored_probes,15,14.333333333333334,1.7593288763724917,0.4542567625794978,15.0,15.0,15.0,10.0,15.0,13.442990078677518,15.22367658798915
qwen3_14b,debate,none,drr_target,15,0.45333333333333337,0.46270426634648404,0.11946972785193691,0.2,0.0,1.0,0.0,1.0,0.21917266674353703,0.6874939999231298
qwen3_14b,debate,none,irr_target,13,0.27692307692307694,0.42847373733957556,0.11883723308980992,0.0,0.0,0.4,0.0,1.0,0.04400210006704949,0.5098440537791044
qwen3_14b,debate,none,retention_target,15,0.3866666666666667,0.43730778090275874,0.11291238350688709,0.2,0.0,0.8,0.0,1.0,0.165358394993168,0.6079749383401654
qwen3_14b,debate,none,drr_system,15,0.45333333333333337,0.46270426634648404,0.11946972785193691,0.2,0.0,1.0,0.0,1.0,0.21917266674353703,0.6874939999231298
qwen3_14b,debate,none,irr_system,13,0.27692307692307694,0.42847373733957556,0.11883723308980992,0.0,0.0,0.4,0.0,1.0,0.04400210006704949,0.5098440537791044
qwen3_14b,debate,none,retention_system,15,0.3866666666666667,0.43730778090275874,0.11291238350688709,0.2,0.0,0.8,0.0,1.0,0.165358394993168,0.6079749383401654
qwen3_14b,debate,none,n_scored_probes,15,14.333333333333334,1.7593288763724917,0.4542567625794978,15.0,15.0,15.0,10.0,15.0,13.442990078677518,15.22367658798915
qwen3_14b,debate,target_context_memory,drr_target,15,0.32000000000000006,0.43293021542573296,0.11178210096092353,0.0,0.0,0.7,0.0,1.0,0.10090708211658994,0.5390929178834102
qwen3_14b,debate,target_context_memory,irr_target,13,0.27692307692307694,0.42847373733957556,0.11883723308980992,0.0,0.0,0.4,0.0,1.0,0.04400210006704949,0.5098440537791044
qwen3_14b,debate,target_context_memory,retention_target,15,0.24000000000000002,0.3480558247506529,0.08986762752065106,0.0,0.0,0.4,0.0,1.0,0.06385945005952395,0.4161405499404761
qwen3_14b,debate,target_context_memory,drr_system,15,0.36,0.4484895284651105,0.11579949831291934,0.0,0.0,0.8,0.0,1.0,0.13303298330667807,0.5869670166933219
qwen3_14b,debate,target_context_memory,irr_system,13,0.27692307692307694,0.42847373733957556,0.11883723308980992,0.0,0.0,0.4,0.0,1.0,0.04400210006704949,0.5098440537791044
qwen3_14b,debate,target_context_memory,retention_system,15,0.33333333333333337,0.397611918955202,0.10266295602447136,0.2,0.0,0.5,0.0,1.0,0.1321139395253695,0.5345527271412972
qwen3_14b,debate,target_context_memory,n_scored_probes,15,14.333333333333334,1.7593288763724917,0.4542567625794978,15.0,15.0,15.0,10.0,15.0,13.442990078677518,15.22367658798915
qwen3_14b,hierarchical,full_inference,drr_target,15,0.32,0.44593401177432385,0.1151396667406279,0.0,0.0,0.8,0.0,1.0,0.09432625318836935,0.5456737468116306
qwen3_14b,hierarchical,full_inference,irr_target,13,0.21538461538461537,0.37825510317366917,0.1049090899768143,0.0,0.0,0.4,0.0,1.0,0.00976279903005936,0.4210064317391714
qwen3_14b,hierarchical,full_inference,retention_target,15,0.7866666666666667,0.35023801430836526,0.09043106644167025,1.0,0.6000000000000001,1.0,0.0,1.0,0.609421776440993,0.9639115568923404
qwen3_14b,hierarchical,full_inference,drr_system,15,0.4266666666666667,0.4589843860815602,0.1185092588975412,0.4,0.0,1.0,0.0,1.0,0.19438851922748596,0.6589448141058474
qwen3_14b,hierarchical,full_inference,irr_system,13,0.3076923076923077,0.4367713712793351,0.12113858267710478,0.0,0.0,0.6,0.0,1.0,0.07026068564518234,0.545123929739433
qwen3_14b,hierarchical,full_inference,retention_system,15,0.4666666666666667,0.4760952285695233,0.12292725943057181,0.2,0.0,1.0,0.0,1.0,0.22572923818274593,0.7076040951505874
qwen3_14b,hierarchical,full_inference,n_scored_probes,15,14.333333333333334,1.7593288763724917,0.4542567625794978,15.0,15.0,15.0,10.0,15.0,13.442990078677518,15.22367658798915
qwen3_14b,hierarchical,none,drr_target,15,0.6133333333333334,0.45018514709691015,0.11623730516108462,0.8,0.1,1.0,0.0,1.0,0.3855082152176076,0.8411584514490592
qwen3_14b,hierarchical,none,irr_target,13,0.3076923076923077,0.45177711772793905,0.12530042792687812,0.0,0.0,0.8,0.0,1.0,0.0621034689556266,0.5532811464289888
qwen3_14b,hierarchical,none,retention_target,15,0.6933333333333334,0.4589843860815602,0.1185092588975412,1.0,0.2,1.0,0.0,1.0,0.4610551858941526,0.9256114807725141
qwen3_14b,hierarchical,none,drr_system,15,0.41333333333333333,0.46270426634648415,0.11946972785193694,0.2,0.0,1.0,0.0,1.0,0.17917266674353693,0.6474939999231297
qwen3_14b,hierarchical,none,irr_system,13,0.2923076923076923,0.436771371279335,0.12113858267710477,0.0,0.0,0.6,0.0,1.0,0.054876070260566984,0.5297393143548177
qwen3_14b,hierarchical,none,retention_system,15,0.4533333333333333,0.4867775477077603,0.12568542237198946,0.2,0.0,1.0,0.0,1.0,0.206989905484234,0.6996767611824326
qwen3_14b,hierarchical,none,n_scored_probes,15,14.333333333333334,1.7593288763724917,0.4542567625794978,15.0,15.0,15.0,10.0,15.0,13.442990078677518,15.22367658798915
qwen3_14b,hierarchical,target_context_memory,drr_target,15,0.32,0.44593401177432385,0.1151396667406279,0.0,0.0,0.8,0.0,1.0,0.09432625318836935,0.5456737468116306
qwen3_14b,hierarchical,target_context_memory,irr_target,13,0.21538461538461537,0.37825510317366917,0.1049090899768143,0.0,0.0,0.4,0.0,1.0,0.00976279903005936,0.4210064317391714
qwen3_14b,hierarchical,target_context_memory,retention_target,15,0.7866666666666667,0.35023801430836526,0.09043106644167025,1.0,0.6000000000000001,1.0,0.0,1.0,0.609421776440993,0.9639115568923404
qwen3_14b,hierarchical,target_context_memory,drr_system,15,0.4266666666666667,0.4589843860815602,0.1185092588975412,0.4,0.0,1.0,0.0,1.0,0.19438851922748596,0.6589448141058474
qwen3_14b,hierarchical,target_context_memory,irr_system,13,0.3076923076923077,0.4367713712793351,0.12113858267710478,0.0,0.0,0.6,0.0,1.0,0.07026068564518234,0.545123929739433
qwen3_14b,hierarchical,target_context_memory,retention_system,15,0.4666666666666667,0.4760952285695233,0.12292725943057181,0.2,0.0,1.0,0.0,1.0,0.22572923818274593,0.7076040951505874
qwen3_14b,hierarchical,target_context_memory,n_scored_probes,15,14.333333333333334,1.7593288763724917,0.4542567625794978,15.0,15.0,15.0,10.0,15.0,13.442990078677518,15.22367658798915
qwen3_14b,independent,full_inference,drr_target,15,0.21333333333333335,0.3661901665736507,0.0945498944456446,0.0,0.0,0.30000000000000004,0.0,1.0,0.028015540219869933,0.3986511264467968
qwen3_14b,independent,full_inference,irr_target,13,0.2,0.37416573867739417,0.10377490433255418,0.0,0.0,0.2,0.0,1.0,-0.00339881249180618,0.4033988124918062
qwen3_14b,independent,full_inference,retention_target,15,0.7866666666666667,0.3335237551331168,0.08611546327967477,1.0,0.7,1.0,0.0,1.0,0.6178803586385042,0.9554529746948293
qwen3_14b,independent,full_inference,drr_system,15,0.21333333333333335,0.3661901665736507,0.0945498944456446,0.0,0.0,0.30000000000000004,0.0,1.0,0.028015540219869933,0.3986511264467968
qwen3_14b,independent,full_inference,irr_system,13,0.2,0.37416573867739417,0.10377490433255418,0.0,0.0,0.2,0.0,1.0,-0.00339881249180618,0.4033988124918062
qwen3_14b,independent,full_inference,retention_system,15,0.7866666666666667,0.3335237551331168,0.08611546327967477,1.0,0.7,1.0,0.0,1.0,0.6178803586385042,0.9554529746948293
qwen3_14b,independent,full_inference,n_scored_probes,15,14.333333333333334,1.7593288763724917,0.4542567625794978,15.0,15.0,15.0,10.0,15.0,13.442990078677518,15.22367658798915
qwen3_14b,independent,none,drr_target,15,0.5866666666666666,0.44379317362075427,0.11458690470624786,0.6,0.1,1.0,0.0,1.0,0.36207633344242074,0.8112569998909124
qwen3_14b,independent,none,irr_target,13,0.27692307692307694,0.42847373733957556,0.11883723308980992,0.0,0.0,0.4,0.0,1.0,0.04400210006704949,0.5098440537791044
qwen3_14b,independent,none,retention_target,15,0.6266666666666667,0.4712698145385912,0.12168134288521477,1.0,0.0,1.0,0.0,1.0,0.3881712346116457,0.8651620987216877
qwen3_14b,independent,none,drr_system,15,0.5866666666666666,0.44379317362075427,0.11458690470624786,0.6,0.1,1.0,0.0,1.0,0.36207633344242074,0.8112569998909124
qwen3_14b,independent,none,irr_system,13,0.27692307692307694,0.42847373733957556,0.11883723308980992,0.0,0.0,0.4,0.0,1.0,0.04400210006704949,0.5098440537791044
qwen3_14b,independent,none,retention_system,15,0.6266666666666667,0.4712698145385912,0.12168134288521477,1.0,0.0,1.0,0.0,1.0,0.3881712346116457,0.8651620987216877
qwen3_14b,independent,none,n_scored_probes,15,14.333333333333334,1.7593288763724917,0.4542567625794978,15.0,15.0,15.0,10.0,15.0,13.442990078677518,15.22367658798915
qwen3_14b,independent,target_context_memory,drr_target,15,0.21333333333333335,0.3661901665736507,0.0945498944456446,0.0,0.0,0.30000000000000004,0.0,1.0,0.028015540219869933,0.3986511264467968
qwen3_14b,independent,target_context_memory,irr_target,13,0.2,0.37416573867739417,0.10377490433255418,0.0,0.0,0.2,0.0,1.0,-0.00339881249180618,0.4033988124918062
qwen3_14b,independent,target_context_memory,retention_target,15,0.7866666666666667,0.3335237551331168,0.08611546327967477,1.0,0.7,1.0,0.0,1.0,0.6178803586385042,0.9554529746948293
qwen3_14b,independent,target_context_memory,drr_system,15,0.21333333333333335,0.3661901665736507,0.0945498944456446,0.0,0.0,0.30000000000000004,0.0,1.0,0.028015540219869933,0.3986511264467968
qwen3_14b,independent,target_context_memory,irr_system,13,0.2,0.37416573867739417,0.10377490433255418,0.0,0.0,0.2,0.0,1.0,-0.00339881249180618,0.4033988124918062
qwen3_14b,independent,target_context_memory,retention_system,15,0.7866666666666667,0.3335237551331168,0.08611546327967477,1.0,0.7,1.0,0.0,1.0,0.6178803586385042,0.9554529746948293
qwen3_14b,independent,target_context_memory,n_scored_probes,15,14.333333333333334,1.7593288763724917,0.4542567625794978,15.0,15.0,15.0,10.0,15.0,13.442990078677518,15.22367658798915
qwen3_14b,scratchpad,full_inference,drr_target,15,0.3466666666666667,0.44379317362075427,0.11458690470624786,0.0,0.0,0.8,0.0,1.0,0.12207633344242089,0.5712569998909125
qwen3_14b,scratchpad,full_inference,irr_target,13,0.3384615384615385,0.41137667560372115,0.11409536133993328,0.2,0.0,0.8,0.0,1.0,0.11483463023526924,0.5620884466878078
qwen3_14b,scratchpad,full_inference,retention_target,15,0.7333333333333333,0.40473389258811004,0.10450184170929677,1.0,0.4,1.0,0.0,1.0,0.5285097235831115,0.938156943083555
qwen3_14b,scratchpad,full_inference,drr_system,15,0.4666666666666667,0.4760952285695233,0.12292725943057181,0.2,0.0,1.0,0.0,1.0,0.22572923818274593,0.7076040951505874
qwen3_14b,scratchpad,full_inference,irr_system,13,0.43076923076923074,0.4385290096535146,0.12162606385262997,0.2,0.0,0.8,0.0,1.0,0.19238214561807598,0.6691563159203855
qwen3_14b,scratchpad,full_inference,retention_system,15,0.5866666666666667,0.4983783225431785,0.12868072955470125,1.0,0.0,1.0,0.0,1.0,0.33445243673945224,0.8388808965938811
qwen3_14b,scratchpad,full_inference,n_scored_probes,15,14.333333333333334,1.7593288763724917,0.4542567625794978,15.0,15.0,15.0,10.0,15.0,13.442990078677518,15.22367658798915
qwen3_14b,scratchpad,none,drr_target,15,0.8533333333333333,0.2972893411828826,0.07675977782708526,1.0,0.9,1.0,0.0,1.0,0.7028841687922461,1.0037824978744203
qwen3_14b,scratchpad,none,irr_target,13,0.43076923076923074,0.46794696171078937,0.12978513574198733,0.2,0.0,1.0,0.0,1.0,0.17639036471493558,0.685148096823526
qwen3_14b,scratchpad,none,retention_target,15,0.6799999999999999,0.47086546455891815,0.12157694016939391,1.0,0.1,1.0,0.0,1.0,0.44170919726798785,0.918290802732012
qwen3_14b,scratchpad,none,drr_system,15,0.6799999999999999,0.405674042269688,0.10474458731327635,1.0,0.30000000000000004,1.0,0.0,1.0,0.4747006088659783,0.8852993911340216
qwen3_14b,scratchpad,none,irr_system,13,0.43076923076923074,0.46794696171078937,0.12978513574198733,0.2,0.0,1.0,0.0,1.0,0.17639036471493558,0.685148096823526
qwen3_14b,scratchpad,none,retention_system,15,0.5866666666666667,0.4983783225431785,0.12868072955470125,1.0,0.0,1.0,0.0,1.0,0.33445243673945224,0.8388808965938811
qwen3_14b,scratchpad,none,n_scored_probes,15,14.333333333333334,1.7593288763724917,0.4542567625794978,15.0,15.0,15.0,10.0,15.0,13.442990078677518,15.22367658798915
qwen3_14b,scratchpad,target_context_memory,drr_target,15,0.76,0.4222389303293981,0.1090216230190795,1.0,0.7,1.0,0.0,1.0,0.5463176188826042,0.9736823811173958
qwen3_14b,scratchpad,target_context_memory,irr_target,13,0.47692307692307695,0.4798504040390195,0.1330865566395998,0.2,0.0,1.0,0.0,1.0,0.21607342590946133,0.7377727279366926
qwen3_14b,scratchpad,target_context_memory,retention_target,15,0.7333333333333333,0.40473389258811004,0.10450184170929677,1.0,0.4,1.0,0.0,1.0,0.5285097235831115,0.938156943083555
qwen3_14b,scratchpad,target_context_memory,drr_system,15,0.6533333333333334,0.44379317362075427,0.11458690470624786,1.0,0.2,1.0,0.0,1.0,0.4287430001090876,0.8779236665575793
qwen3_14b,scratchpad,target_context_memory,irr_system,13,0.43076923076923074,0.4607685886729827,0.1277942132756627,0.4,0.0,1.0,0.0,1.0,0.18029257274893185,0.6812458887895296
qwen3_14b,scratchpad,target_context_memory,retention_system,15,0.5866666666666667,0.4983783225431785,0.12868072955470125,1.0,0.0,1.0,0.0,1.0,0.33445243673945224,0.8388808965938811
qwen3_14b,scratchpad,target_context_memory,n_scored_probes,15,14.333333333333334,1.7593288763724917,0.4542567625794978,15.0,15.0,15.0,10.0,15.0,13.442990078677518,15.22367658798915
qwen3_14b,sequential,full_inference,drr_target,15,0.13333333333333333,0.26903708365381973,0.06946507630023037,0.0,0.0,0.2,0.0,1.0,-0.0028182162151181855,0.26948488288178485
qwen3_14b,sequential,full_inference,irr_target,13,0.16923076923076924,0.37279264876652135,0.10339407771105616,0.0,0.0,0.0,0.0,1.0,-0.033421623082900836,0.37188316154443934
qwen3_14b,sequential,full_inference,retention_target,15,0.4666666666666667,0.45773770821706344,0.11818736805705576,0.4,0.0,1.0,0.0,1.0,0.23501942527483738,0.6983139080584959
qwen3_14b,sequential,full_inference,drr_system,15,0.3333333333333333,0.4450789122113495,0.11491888098284463,0.0,0.0,0.8,0.0,1.0,0.10809232660695786,0.5585743400597087
qwen3_14b,sequential,full_inference,irr_system,13,0.26153846153846155,0.43500663124919053,0.12064913185660095,0.0,0.0,0.4,0.0,1.0,0.025066163099523697,0.4980107599773994
qwen3_14b,sequential,full_inference,retention_system,15,0.4266666666666667,0.4712698145385912,0.12168134288521477,0.2,0.0,1.0,0.0,1.0,0.18817123461164573,0.6651620987216876
qwen3_14b,sequential,full_inference,n_scored_probes,15,14.333333333333334,1.7593288763724917,0.4542567625794978,15.0,15.0,15.0,10.0,15.0,13.442990078677518,15.22367658798915
qwen3_14b,sequential,none,drr_target,15,0.48000000000000004,0.5059644256269407,0.13063945294843615,0.2,0.0,1.0,0.0,1.0,0.22394667222106518,0.736053327778935
qwen3_14b,sequential,none,irr_target,13,0.3076923076923077,0.48038446141526137,0.13323467750529824,0.0,0.0,1.0,0.0,1.0,0.046552339781923135,0.5688322756026922
qwen3_14b,sequential,none,retention_target,15,0.4533333333333333,0.46270426634648404,0.11946972785193691,0.2,0.0,1.0,0.0,1.0,0.21917266674353697,0.6874939999231297
qwen3_14b,sequential,none,drr_system,15,0.48000000000000004,0.5059644256269407,0.13063945294843615,0.2,0.0,1.0,0.0,1.0,0.22394667222106518,0.736053327778935
qwen3_14b,sequential,none,irr_system,13,0.29230769230769227,0.4590961018885161,0.12733034890189884,0.0,0.0,0.8,0.0,1.0,0.042740208459970536,0.541875176155414
qwen3_14b,sequential,none,retention_system,15,0.44,0.4732863826479693,0.12220201853215573,0.2,0.0,1.0,0.0,1.0,0.20048404367697478,0.6795159563230252
qwen3_14b,sequential,none,n_scored_probes,15,14.333333333333334,1.7593288763724917,0.4542567625794978,15.0,15.0,15.0,10.0,15.0,13.442990078677518,15.22367658798915
qwen3_14b,sequential,target_context_memory,drr_target,15,0.44,0.4672105673951674,0.12063324977957342,0.2,0.0,0.9,0.0,1.0,0.2035588304320361,0.676441169567964
qwen3_14b,sequential,target_context_memory,irr_target,13,0.2923076923076923,0.436771371279335,0.12113858267710477,0.0,0.0,0.6,0.0,1.0,0.054876070260566984,0.5297393143548177
qwen3_14b,sequential,target_context_memory,retention_target,15,0.4666666666666667,0.45773770821706344,0.11818736805705576,0.4,0.0,1.0,0.0,1.0,0.23501942527483738,0.6983139080584959
qwen3_14b,sequential,target_context_memory,drr_system,15,0.4533333333333333,0.480872223400453,0.12416067419224579,0.2,0.0,1.0,0.0,1.0,0.20997841191653158,0.6966882547501351
qwen3_14b,sequential,target_context_memory,irr_system,13,0.27692307692307694,0.44376015698018334,0.1230769230769231,0.0,0.0,0.6,0.0,1.0,0.03569230769230766,0.5181538461538462
qwen3_14b,sequential,target_context_memory,retention_system,15,0.44,0.4732863826479693,0.12220201853215573,0.2,0.0,1.0,0.0,1.0,0.20048404367697478,0.6795159563230252
qwen3_14b,sequential,target_context_memory,n_scored_probes,15,14.333333333333334,1.7593288763724917,0.4542567625794978,15.0,15.0,15.0,10.0,15.0,13.442990078677518,15.22367658798915
qwen3_4b,debate,communication,drr_target,15,0.28,0.3687817782917155,0.09521904571390466,0.2,0.0,0.4,0.0,1.0,0.0933706704007469,0.4666293295992532
qwen3_4b,debate,communication,irr_target,13,0.2,0.3915780041490244,0.10860419786947371,0.0,0.0,0.0,0.0,1.0,-0.012864227824168462,0.4128642278241685
qwen3_4b,debate,communication,retention_target,15,0.24000000000000002,0.29471535904520296,0.07609517849690736,0.0,0.0,0.5,0.0,0.8,0.09085345014606158,0.3891465498539385
qwen3_4b,debate,communication,drr_system,15,0.3333333333333333,0.4117326918327103,0.10630892390381583,0.2,0.0,0.6000000000000001,0.0,1.0,0.1249678424818543,0.5416988241848123
qwen3_4b,debate,communication,irr_system,13,0.2,0.37416573867739417,0.10377490433255418,0.0,0.0,0.2,0.0,1.0,-0.00339881249180618,0.4033988124918062
qwen3_4b,debate,communication,retention_system,15,0.22666666666666666,0.2711527420547495,0.07001133695043468,0.0,0.0,0.5,0.0,0.6,0.08944444624381467,0.3638888870895186
qwen3_4b,debate,communication,n_scored_probes,15,14.333333333333334,1.7593288763724917,0.4542567625794978,15.0,15.0,15.0,10.0,15.0,13.442990078677518,15.22367658798915
qwen3_4b,debate,full_inference,drr_target,15,0.0,0.0,0.0,0.0,0.0,0.0,0.0,0.0,0.0,0.0
qwen3_4b,debate,full_inference,irr_target,13,0.13846153846153844,0.2873396989002783,0.07969369368164131,0.0,0.0,0.2,0.0,1.0,-0.01773810115447852,0.29466117807755543
qwen3_4b,debate,full_inference,retention_target,15,0.21333333333333335,0.21995670569671752,0.05679257720333553,0.2,0.0,0.30000000000000004,0.0,0.8,0.1020198820147957,0.324646784651871
qwen3_4b,debate,full_inference,drr_system,15,0.32000000000000006,0.3839642840533107,0.09913915184512842,0.2,0.0,0.6,0.0,1.0,0.12568726238354835,0.5143127376164518
qwen3_4b,debate,full_inference,irr_system,13,0.1846153846153846,0.3411894728889747,0.0946289337807484,0.0,0.0,0.2,0.0,1.0,-0.0008573255948822467,0.3700880948256514
qwen3_4b,debate,full_inference,retention_system,15,0.2533333333333333,0.341983012666391,0.08829963418285149,0.2,0.0,0.4,0.0,1.0,0.08026605033494438,0.4264006163317222
qwen3_4b,debate,full_inference,n_scored_probes,15,14.333333333333334,1.7593288763724917,0.4542567625794978,15.0,15.0,15.0,10.0,15.0,13.442990078677518,15.22367658798915
qwen3_4b,debate,global_context,drr_target,15,0.04000000000000001,0.1121223821162776,0.02894987457822983,0.0,0.0,0.0,0.0,0.4,-0.01674175417333046,0.09674175417333047
qwen3_4b,debate,global_context,irr_target,13,0.04615384615384615,0.1664100588675687,0.04615384615384615,0.0,0.0,0.0,0.0,0.6,-0.044307692307692305,0.1366153846153846
qwen3_4b,debate,global_context,retention_target,15,0.3333333333333333,0.34364987719368983,0.08873001675315897,0.2,0.0,0.5,0.0,1.0,0.15942250049714174,0.5072441661695248
qwen3_4b,debate,global_context,drr_system,15,0.04000000000000001,0.1121223821162776,0.02894987457822983,0.0,0.0,0.0,0.0,0.4,-0.01674175417333046,0.09674175417333047
qwen3_4b,debate,global_context,irr_system,13,0.04615384615384615,0.1664100588675687,0.04615384615384615,0.0,0.0,0.0,0.0,0.6,-0.044307692307692305,0.1366153846153846
qwen3_4b,debate,global_context,retention_system,15,0.3333333333333333,0.34364987719368983,0.08873001675315897,0.2,0.0,0.5,0.0,1.0,0.15942250049714174,0.5072441661695248
qwen3_4b,debate,global_context,n_scored_probes,15,14.333333333333334,1.7593288763724917,0.4542567625794978,15.0,15.0,15.0,10.0,15.0,13.442990078677518,15.22367658798915
qwen3_4b,debate,none,drr_target,15,0.3466666666666667,0.41724721460452924,0.10773276756098492,0.2,0.0,0.7,0.0,1.0,0.13551044224713624,0.5578228910861971
qwen3_4b,debate,none,irr_target,13,0.1846153846153846,0.3782551031736691,0.10490908997681428,0.0,0.0,0.0,0.0,1.0,-0.021006431739171383,0.3902372009699406
qwen3_4b,debate,none,retention_target,15,0.22666666666666666,0.2711527420547495,0.07001133695043468,0.0,0.0,0.5,0.0,0.6,0.08944444624381467,0.3638888870895186
qwen3_4b,debate,none,drr_system,15,0.3466666666666667,0.41724721460452924,0.10773276756098492,0.2,0.0,0.7,0.0,1.0,0.13551044224713624,0.5578228910861971
qwen3_4b,debate,none,irr_system,13,0.1846153846153846,0.3782551031736691,0.10490908997681428,0.0,0.0,0.0,0.0,1.0,-0.021006431739171383,0.3902372009699406
qwen3_4b,debate,none,retention_system,15,0.22666666666666666,0.2711527420547495,0.07001133695043468,0.0,0.0,0.5,0.0,0.6,0.08944444624381467,0.3638888870895186
qwen3_4b,debate,none,n_scored_probes,15,14.333333333333334,1.7593288763724917,0.4542567625794978,15.0,15.0,15.0,10.0,15.0,13.442990078677518,15.22367658798915
qwen3_4b,debate,parameter_only,drr_target,10,0.58,0.5028805910838963,0.1590248058916875,0.9,0.0,1.0,0.0,1.0,0.26831138045229247,0.8916886195477074
qwen3_4b,debate,parameter_only,irr_target,8,0.6,0.4535573676110727,0.16035674514745463,0.7,0.30000000000000004,1.0,0.0,1.0,0.28570077951098893,0.914299220489011
qwen3_4b,debate,parameter_only,retention_target,10,0.4,0.33993463423951903,0.107496769977314,0.30000000000000004,0.2,0.6,0.0,1.0,0.18930633084446458,0.6106936691555355
qwen3_4b,debate,parameter_only,drr_system,10,0.58,0.5028805910838963,0.1590248058916875,0.9,0.0,1.0,0.0,1.0,0.26831138045229247,0.8916886195477074
qwen3_4b,debate,parameter_only,irr_system,8,0.6,0.4535573676110727,0.16035674514745463,0.7,0.30000000000000004,1.0,0.0,1.0,0.28570077951098893,0.914299220489011
qwen3_4b,debate,parameter_only,retention_system,10,0.36,0.2796823595120404,0.08844332774281065,0.30000000000000004,0.2,0.6,0.0,0.8,0.1866510776240911,0.5333489223759089
qwen3_4b,debate,parameter_only,n_scored_probes,10,14.0,2.1081851067789197,0.6666666666666666,15.0,15.0,15.0,10.0,15.0,12.693333333333333,15.306666666666667
qwen3_4b,debate,parameter_plus_comm,drr_target,10,0.58,0.5028805910838963,0.1590248058916875,0.9,0.0,1.0,0.0,1.0,0.26831138045229247,0.8916886195477074
qwen3_4b,debate,parameter_plus_comm,irr_target,8,0.6,0.427617987059879,0.15118578920369088,0.7,0.30000000000000004,1.0,0.0,1.0,0.30367585316076584,0.8963241468392341
qwen3_4b,debate,parameter_plus_comm,retention_target,10,0.4,0.33993463423951903,0.107496769977314,0.30000000000000004,0.2,0.6,0.0,1.0,0.18930633084446458,0.6106936691555355
qwen3_4b,debate,parameter_plus_comm,drr_system,10,0.58,0.5028805910838963,0.1590248058916875,0.9,0.0,1.0,0.0,1.0,0.26831138045229247,0.8916886195477074
qwen3_4b,debate,parameter_plus_comm,irr_system,8,0.6,0.4535573676110727,0.16035674514745463,0.7,0.30000000000000004,1.0,0.0,1.0,0.28570077951098893,0.914299220489011
qwen3_4b,debate,parameter_plus_comm,retention_system,10,0.36,0.2796823595120404,0.08844332774281065,0.30000000000000004,0.2,0.6,0.0,0.8,0.1866510776240911,0.5333489223759089
qwen3_4b,debate,parameter_plus_comm,n_scored_probes,10,14.0,2.1081851067789197,0.6666666666666666,15.0,15.0,15.0,10.0,15.0,12.693333333333333,15.306666666666667
qwen3_4b,debate,target_context,drr_target,15,0.28,0.3839642840533107,0.09913915184512842,0.0,0.0,0.5,0.0,1.0,0.08568726238354832,0.47431273761645176
qwen3_4b,debate,target_context,irr_target,13,0.20000000000000004,0.30550504633038933,0.08473185457363235,0.0,0.0,0.2,0.0,1.0,0.033925565035680644,0.36607443496431946
qwen3_4b,debate,target_context,retention_target,15,0.2666666666666667,0.28949874578229834,0.07474825474418507,0.2,0.0,0.4,0.0,1.0,0.12016008736806397,0.4131732459652695
qwen3_4b,debate,target_context,drr_system,15,0.32,0.4195235392680606,0.10832051206181278,0.0,0.0,0.6000000000000001,0.0,1.0,0.10769179635884696,0.532308203641153
qwen3_4b,debate,target_context,irr_system,13,0.2307692307692308,0.38162943497721147,0.10584496123359126,0.0,0.0,0.2,0.0,1.0,0.02331310675139195,0.4382253547870697
qwen3_4b,debate,target_context,retention_system,15,0.28,0.33636714634883286,0.0868496237346895,0.2,0.0,0.5,0.0,1.0,0.1097747374800086,0.45022526251999145
qwen3_4b,debate,target_context,n_scored_probes,15,14.333333333333334,1.7593288763724917,0.4542567625794978,15.0,15.0,15.0,10.0,15.0,13.442990078677518,15.22367658798915
qwen3_4b,debate,target_context_comm,drr_target,15,0.06666666666666667,0.12344267996967354,0.03187276291558383,0.0,0.0,0.1,0.0,0.4,0.004196051352122358,0.12913728198121097
qwen3_4b,debate,target_context_comm,irr_target,13,0.13846153846153847,0.2873396989002783,0.07969369368164131,0.0,0.0,0.2,0.0,1.0,-0.01773810115447849,0.29466117807755543
qwen3_4b,debate,target_context_comm,retention_target,15,0.24000000000000005,0.284855853271189,0.07354946505260124,0.2,0.0,0.4,0.0,1.0,0.09584304849690162,0.3841569515030985
qwen3_4b,debate,target_context_comm,drr_system,15,0.36000000000000004,0.4084815085865489,0.1054694719992924,0.2,0.0,0.6,0.0,1.0,0.15327983488138697,0.5667201651186131
qwen3_4b,debate,target_context_comm,irr_system,13,0.20000000000000004,0.33665016461206926,0.09336995618478526,0.0,0.0,0.2,0.0,1.0,0.016994885877820942,0.38300511412217914
qwen3_4b,debate,target_context_comm,retention_system,15,0.2800000000000001,0.30983866769659335,0.08,0.2,0.0,0.5,0.0,1.0,0.12320000000000009,0.4368000000000001
qwen3_4b,debate,target_context_comm,n_scored_probes,15,14.333333333333334,1.7593288763724917,0.4542567625794978,15.0,15.0,15.0,10.0,15.0,13.442990078677518,15.22367658798915
qwen3_4b,debate,target_context_memory,drr_target,15,0.25333333333333335,0.358302877997027,0.0925134052920449,0.0,0.0,0.4,0.0,1.0,0.07200705896092535,0.43465960770574136
qwen3_4b,debate,target_context_memory,irr_target,13,0.2307692307692308,0.3250246538972477,0.09014561964742025,0.0,0.0,0.4,0.0,1.0,0.054083816260287104,0.40745464527817454
qwen3_4b,debate,target_context_memory,retention_target,15,0.24000000000000005,0.25298221281347033,0.06531972647421808,0.2,0.0,0.30000000000000004,0.0,0.8,0.11197333611053262,0.3680266638894675
qwen3_4b,debate,target_context_memory,drr_system,15,0.32000000000000006,0.3913347124174613,0.1010421882657131,0.0,0.0,0.6,0.0,1.0,0.1219573109992024,0.5180426890007978
qwen3_4b,debate,target_context_memory,irr_system,13,0.2153846153846154,0.3411894728889747,0.0946289337807484,0.0,0.0,0.4,0.0,1.0,0.029911905174348552,0.40085732559488224
qwen3_4b,debate,target_context_memory,retention_system,15,0.22666666666666663,0.3534860406754147,0.09126970324351191,0.0,0.0,0.4,0.0,1.0,0.047778048309383286,0.40555528502395
qwen3_4b,debate,target_context_memory,n_scored_probes,15,14.333333333333334,1.7593288763724917,0.4542567625794978,15.0,15.0,15.0,10.0,15.0,13.442990078677518,15.22367658798915
qwen3_4b,debate,target_memory,drr_target,15,0.3466666666666667,0.41724721460452924,0.10773276756098492,0.2,0.0,0.7,0.0,1.0,0.13551044224713624,0.5578228910861971
qwen3_4b,debate,target_memory,irr_target,13,0.1846153846153846,0.3782551031736691,0.10490908997681428,0.0,0.0,0.0,0.0,1.0,-0.021006431739171383,0.3902372009699406
qwen3_4b,debate,target_memory,retention_target,15,0.28,0.35294677866702306,0.09113046639166236,0.2,0.0,0.4,0.0,1.0,0.1013842858723418,0.4586157141276582
qwen3_4b,debate,target_memory,drr_system,15,0.3466666666666667,0.39617216074880995,0.10229121205407657,0.2,0.0,0.6,0.0,1.0,0.1461758910406766,0.5471574422926567
qwen3_4b,debate,target_memory,irr_system,13,0.23076923076923078,0.3727926487665214,0.10339407771105617,0.0,0.0,0.4,0.0,1.0,0.028116838455560678,0.4334216230829009
qwen3_4b,debate,target_memory,retention_system,15,0.30666666666666664,0.376955220278534,0.09732941936031403,0.0,0.0,0.6,0.0,1.0,0.11590100472045115,0.4974323286128821
qwen3_4b,debate,target_memory,n_scored_probes,15,14.333333333333334,1.7593288763724917,0.4542567625794978,15.0,15.0,15.0,10.0,15.0,13.442990078677518,15.22367658798915
qwen3_4b,debate,target_memory_comm,drr_target,15,0.3066666666666667,0.376955220278534,0.09732941936031403,0.2,0.0,0.5,0.0,1.0,0.1159010047204512,0.4974323286128822
qwen3_4b,debate,target_memory_comm,irr_target,13,0.1846153846153846,0.3782551031736691,0.10490908997681428,0.0,0.0,0.0,0.0,1.0,-0.021006431739171383,0.3902372009699406
qwen3_4b,debate,target_memory_comm,retention_target,15,0.29333333333333333,0.36147844564602555,0.09333333333333332,0.2,0.0,0.5,0.0,1.0,0.11040000000000003,0.4762666666666666
qwen3_4b,debate,target_memory_comm,drr_system,15,0.36000000000000004,0.3869293032509759,0.0999047165100446,0.2,0.0,0.6,0.0,1.0,0.16418675564031265,0.5558132443596875
qwen3_4b,debate,target_memory_comm,irr_system,13,0.2,0.37416573867739417,0.10377490433255418,0.0,0.0,0.2,0.0,1.0,-0.00339881249180618,0.4033988124918062
qwen3_4b,debate,target_memory_comm,retention_system,15,0.30666666666666664,0.376955220278534,0.09732941936031403,0.0,0.0,0.6,0.0,1.0,0.11590100472045115,0.4974323286128821
qwen3_4b,debate,target_memory_comm,n_scored_probes,15,14.333333333333334,1.7593288763724917,0.4542567625794978,15.0,15.0,15.0,10.0,15.0,13.442990078677518,15.22367658798915
qwen3_4b,hierarchical,communication,drr_target,15,0.48000000000000004,0.45229573132125467,0.11678225566452824,0.2,0.1,1.0,0.0,1.0,0.2511067788975247,0.7088932211024754
qwen3_4b,hierarchical,communication,irr_target,13,0.27692307692307694,0.42847373733957556,0.11883723308980992,0.0,0.0,0.4,0.0,1.0,0.04400210006704949,0.5098440537791044
qwen3_4b,hierarchical,communication,retention_target,15,0.4,0.4472135954999579,0.11547005383792515,0.2,0.0,0.9,0.0,1.0,0.17367869447766673,0.6263213055223333
qwen3_4b,hierarchical,communication,drr_system,15,0.46666666666666673,0.41861449477782686,0.10808579778370367,0.2,0.2,1.0,0.0,1.0,0.25481850301060754,0.678514830322726
qwen3_4b,hierarchical,communication,irr_system,13,0.24615384615384617,0.40128000327158225,0.11129504827800364,0.0,0.0,0.2,0.0,1.0,0.028015551528959043,0.46429214077873326
qwen3_4b,hierarchical,communication,retention_system,15,0.3866666666666667,0.4501851470969101,0.1162373051610846,0.2,0.0,0.9,0.0,1.0,0.1588415485509409,0.6144917847823925
qwen3_4b,hierarchical,communication,n_scored_probes,15,14.333333333333334,1.7593288763724917,0.4542567625794978,15.0,15.0,15.0,10.0,15.0,13.442990078677518,15.22367658798915
qwen3_4b,hierarchical,full_inference,drr_target,15,0.02666666666666667,0.10327955589886445,0.026666666666666665,0.0,0.0,0.0,0.0,0.4,-0.025599999999999994,0.07893333333333333
qwen3_4b,hierarchical,full_inference,irr_target,13,0.04615384615384615,0.1664100588675687,0.04615384615384615,0.0,0.0,0.0,0.0,0.6,-0.044307692307692305,0.1366153846153846
qwen3_4b,hierarchical,full_inference,retention_target,15,0.7866666666666667,0.3067494712224262,0.07920237290015919,1.0,0.6,1.0,0.2,1.0,0.6314300157823547,0.9419033175509788
qwen3_4b,hierarchical,full_inference,drr_system,15,0.45333333333333337,0.41724721460452924,0.10773276756098492,0.2,0.2,0.9,0.0,1.0,0.24217710891380292,0.6644895577528638
qwen3_4b,hierarchical,full_inference,irr_system,13,0.26153846153846155,0.40319238902055504,0.1118254486531104,0.0,0.0,0.4,0.0,1.0,0.042360582178365164,0.48071634089855797
qwen3_4b,hierarchical,full_inference,retention_system,15,0.3733333333333333,0.4333699618219101,0.1118956429921868,0.2,0.0,0.8,0.0,1.0,0.15401787306864717,0.5926487935980194
qwen3_4b,hierarchical,full_inference,n_scored_probes,15,14.333333333333334,1.7593288763724917,0.4542567625794978,15.0,15.0,15.0,10.0,15.0,13.442990078677518,15.22367658798915
qwen3_4b,hierarchical,global_context,drr_target,15,0.09333333333333332,0.27115274205474954,0.0700113369504347,0.0,0.0,0.0,0.0,1.0,-0.043888887089518686,0.23055555375618533
qwen3_4b,hierarchical,global_context,irr_target,13,0.07692307692307693,0.19215378456610452,0.05329387100211929,0.0,0.0,0.0,0.0,0.6,-0.027532910241076874,0.18137906408723073
qwen3_4b,hierarchical,global_context,retention_target,15,0.6666666666666666,0.38297084310253526,0.09888264649460884,0.8,0.30000000000000004,1.0,0.0,1.0,0.4728566795372333,0.8604766537960999
qwen3_4b,hierarchical,global_context,drr_system,15,0.10666666666666666,0.27115274205474954,0.0700113369504347,0.0,0.0,0.0,0.0,1.0,-0.03055555375618535,0.24388888708951867
qwen3_4b,hierarchical,global_context,irr_system,13,0.09230769230769233,0.19348358440936902,0.053662691119118845,0.0,0.0,0.0,0.0,0.6,-0.012871182285780602,0.19748656690116526
qwen3_4b,hierarchical,global_context,retention_system,15,0.5866666666666667,0.35023801430836526,0.09043106644167025,0.4,0.4,1.0,0.0,1.0,0.409421776440993,0.7639115568923404
qwen3_4b,hierarchical,global_context,n_scored_probes,15,14.333333333333334,1.7593288763724917,0.4542567625794978,15.0,15.0,15.0,10.0,15.0,13.442990078677518,15.22367658798915
qwen3_4b,hierarchical,none,drr_target,15,0.48000000000000004,0.45229573132125467,0.11678225566452824,0.2,0.1,1.0,0.0,1.0,0.2511067788975247,0.7088932211024754
qwen3_4b,hierarchical,none,irr_target,13,0.27692307692307694,0.42847373733957556,0.11883723308980992,0.0,0.0,0.4,0.0,1.0,0.04400210006704949,0.5098440537791044
qwen3_4b,hierarchical,none,retention_target,15,0.4,0.4472135954999579,0.11547005383792515,0.2,0.0,0.9,0.0,1.0,0.17367869447766673,0.6263213055223333
qwen3_4b,hierarchical,none,drr_system,15,0.46666666666666673,0.41861449477782686,0.10808579778370367,0.2,0.2,1.0,0.0,1.0,0.25481850301060754,0.678514830322726
qwen3_4b,hierarchical,none,irr_system,13,0.24615384615384617,0.40128000327158225,0.11129504827800364,0.0,0.0,0.2,0.0,1.0,0.028015551528959043,0.46429214077873326
qwen3_4b,hierarchical,none,retention_system,15,0.3866666666666667,0.4501851470969101,0.1162373051610846,0.2,0.0,0.9,0.0,1.0,0.1588415485509409,0.6144917847823925
qwen3_4b,hierarchical,none,n_scored_probes,15,14.333333333333334,1.7593288763724917,0.4542567625794978,15.0,15.0,15.0,10.0,15.0,13.442990078677518,15.22367658798915
qwen3_4b,hierarchical,parameter_only,drr_target,10,0.62,0.4939635614091388,0.15620499351813308,1.0,0.05,1.0,0.0,1.0,0.31383821270445916,0.9261617872955408
qwen3_4b,hierarchical,parameter_only,irr_target,8,0.75,0.4629100498862757,0.16366341767699427,1.0,0.75,1.0,0.0,1.0,0.42921970135309123,1.0707802986469088
qwen3_4b,hierarchical,parameter_only,retention_target,10,0.64,0.4788875998951459,0.15143755588800728,1.0,0.1,1.0,0.0,1.0,0.34318239045950577,0.9368176095404943
qwen3_4b,hierarchical,parameter_only,drr_system,10,0.64,0.4695151163109069,0.1484737163421339,1.0,0.2,1.0,0.0,1.0,0.3489915159694176,0.9310084840305825
qwen3_4b,hierarchical,parameter_only,irr_system,8,0.725,0.45276925690687087,0.16007810593582122,1.0,0.6000000000000001,1.0,0.0,1.0,0.41124691236579036,1.0387530876342095
qwen3_4b,hierarchical,parameter_only,retention_system,10,0.6599999999999999,0.45264653858047876,0.14313940369055925,1.0,0.25,1.0,0.0,1.0,0.3794467687665038,0.9405532312334961
qwen3_4b,hierarchical,parameter_only,n_scored_probes,10,14.0,2.1081851067789197,0.6666666666666666,15.0,15.0,15.0,10.0,15.0,12.693333333333333,15.306666666666667
qwen3_4b,hierarchical,parameter_plus_comm,drr_target,10,0.62,0.4939635614091388,0.15620499351813308,1.0,0.05,1.0,0.0,1.0,0.31383821270445916,0.9261617872955408
qwen3_4b,hierarchical,parameter_plus_comm,irr_target,8,0.75,0.4629100498862757,0.16366341767699427,1.0,0.75,1.0,0.0,1.0,0.42921970135309123,1.0707802986469088
qwen3_4b,hierarchical,parameter_plus_comm,retention_target,10,0.64,0.4788875998951459,0.15143755588800728,1.0,0.1,1.0,0.0,1.0,0.34318239045950577,0.9368176095404943
qwen3_4b,hierarchical,parameter_plus_comm,drr_system,10,0.64,0.4695151163109069,0.1484737163421339,1.0,0.2,1.0,0.0,1.0,0.3489915159694176,0.9310084840305825
qwen3_4b,hierarchical,parameter_plus_comm,irr_system,8,0.725,0.45276925690687087,0.16007810593582122,1.0,0.6000000000000001,1.0,0.0,1.0,0.41124691236579036,1.0387530876342095
qwen3_4b,hierarchical,parameter_plus_comm,retention_system,10,0.6599999999999999,0.45264653858047876,0.14313940369055925,1.0,0.25,1.0,0.0,1.0,0.3794467687665038,0.9405532312334961
qwen3_4b,hierarchical,parameter_plus_comm,n_scored_probes,10,14.0,2.1081851067789197,0.6666666666666666,15.0,15.0,15.0,10.0,15.0,12.693333333333333,15.306666666666667
qwen3_4b,hierarchical,target_context,drr_target,15,0.09333333333333332,0.27115274205474954,0.0700113369504347,0.0,0.0,0.0,0.0,1.0,-0.043888887089518686,0.23055555375618533
qwen3_4b,hierarchical,target_context,irr_target,13,0.07692307692307693,0.19215378456610452,0.05329387100211929,0.0,0.0,0.0,0.0,0.6,-0.027532910241076874,0.18137906408723073
qwen3_4b,hierarchical,target_context,retention_target,15,0.6666666666666666,0.38297084310253526,0.09888264649460884,0.8,0.30000000000000004,1.0,0.0,1.0,0.4728566795372333,0.8604766537960999
qwen3_4b,hierarchical,target_context,drr_system,15,0.4266666666666667,0.4463609472591607,0.11524990100880643,0.2,0.0,1.0,0.0,1.0,0.2007768606894061,0.6525564726439272
qwen3_4b,hierarchical,target_context,irr_system,13,0.20000000000000004,0.3651483716701107,0.10127393670836667,0.0,0.0,0.2,0.0,1.0,0.0015030840516013777,0.3984969159483987
qwen3_4b,hierarchical,target_context,retention_system,15,0.3866666666666667,0.4501851470969101,0.1162373051610846,0.2,0.0,0.9,0.0,1.0,0.1588415485509409,0.6144917847823925
qwen3_4b,hierarchical,target_context,n_scored_probes,15,14.333333333333334,1.7593288763724917,0.4542567625794978,15.0,15.0,15.0,10.0,15.0,13.442990078677518,15.22367658798915
qwen3_4b,hierarchical,target_context_comm,drr_target,15,0.09333333333333332,0.27115274205474954,0.0700113369504347,0.0,0.0,0.0,0.0,1.0,-0.043888887089518686,0.23055555375618533
qwen3_4b,hierarchical,target_context_comm,irr_target,13,0.07692307692307693,0.19215378456610452,0.05329387100211929,0.0,0.0,0.0,0.0,0.6,-0.027532910241076874,0.18137906408723073
qwen3_4b,hierarchical,target_context_comm,retention_target,15,0.6666666666666666,0.38297084310253526,0.09888264649460884,0.8,0.30000000000000004,1.0,0.0,1.0,0.4728566795372333,0.8604766537960999
qwen3_4b,hierarchical,target_context_comm,drr_system,15,0.4266666666666667,0.4463609472591607,0.11524990100880643,0.2,0.0,1.0,0.0,1.0,0.2007768606894061,0.6525564726439272
qwen3_4b,hierarchical,target_context_comm,irr_system,13,0.20000000000000004,0.3651483716701107,0.10127393670836667,0.0,0.0,0.2,0.0,1.0,0.0015030840516013777,0.3984969159483987
qwen3_4b,hierarchical,target_context_comm,retention_system,15,0.3866666666666667,0.4501851470969101,0.1162373051610846,0.2,0.0,0.9,0.0,1.0,0.1588415485509409,0.6144917847823925
qwen3_4b,hierarchical,target_context_comm,n_scored_probes,15,14.333333333333334,1.7593288763724917,0.4542567625794978,15.0,15.0,15.0,10.0,15.0,13.442990078677518,15.22367658798915
qwen3_4b,hierarchical,target_context_memory,drr_target,15,0.02666666666666667,0.10327955589886445,0.026666666666666665,0.0,0.0,0.0,0.0,0.4,-0.025599999999999994,0.07893333333333333
qwen3_4b,hierarchical,target_context_memory,irr_target,13,0.04615384615384615,0.1664100588675687,0.04615384615384615,0.0,0.0,0.0,0.0,0.6,-0.044307692307692305,0.1366153846153846
qwen3_4b,hierarchical,target_context_memory,retention_target,15,0.7866666666666667,0.3067494712224262,0.07920237290015919,1.0,0.6,1.0,0.2,1.0,0.6314300157823547,0.9419033175509788
qwen3_4b,hierarchical,target_context_memory,drr_system,15,0.45333333333333337,0.41724721460452924,0.10773276756098492,0.2,0.2,0.9,0.0,1.0,0.24217710891380292,0.6644895577528638
qwen3_4b,hierarchical,target_context_memory,irr_system,13,0.26153846153846155,0.40319238902055504,0.1118254486531104,0.0,0.0,0.4,0.0,1.0,0.042360582178365164,0.48071634089855797
qwen3_4b,hierarchical,target_context_memory,retention_system,15,0.3733333333333333,0.4333699618219101,0.1118956429921868,0.2,0.0,0.8,0.0,1.0,0.15401787306864717,0.5926487935980194
qwen3_4b,hierarchical,target_context_memory,n_scored_probes,15,14.333333333333334,1.7593288763724917,0.4542567625794978,15.0,15.0,15.0,10.0,15.0,13.442990078677518,15.22367658798915
qwen3_4b,hierarchical,target_memory,drr_target,15,0.4933333333333334,0.45271666741172784,0.11689094089574292,0.4,0.0,1.0,0.0,1.0,0.2642270891776773,0.7224395774889896
qwen3_4b,hierarchical,target_memory,irr_target,13,0.3076923076923077,0.4212314060417355,0.11682857179378993,0.0,0.0,0.4,0.0,1.0,0.07870830697647946,0.536676308408136
qwen3_4b,hierarchical,target_memory,retention_target,15,0.52,0.45856920337688867,0.11840205918415278,0.4,0.0,1.0,0.0,1.0,0.28793196399906057,0.7520680360009395
qwen3_4b,hierarchical,target_memory,drr_system,15,0.49333333333333335,0.4399134113934349,0.11358515440667104,0.2,0.2,1.0,0.0,1.0,0.2707064306962581,0.7159602359704086
qwen3_4b,hierarchical,target_memory,irr_system,13,0.27692307692307694,0.42062224967668665,0.1166596222161777,0.0,0.0,0.2,0.0,1.0,0.04827021737936865,0.5055759364667852
qwen3_4b,hierarchical,target_memory,retention_system,15,0.3866666666666667,0.4501851470969101,0.1162373051610846,0.2,0.0,0.9,0.0,1.0,0.1588415485509409,0.6144917847823925
qwen3_4b,hierarchical,target_memory,n_scored_probes,15,14.333333333333334,1.7593288763724917,0.4542567625794978,15.0,15.0,15.0,10.0,15.0,13.442990078677518,15.22367658798915
qwen3_4b,hierarchical,target_memory_comm,drr_target,15,0.4933333333333334,0.45271666741172784,0.11689094089574292,0.4,0.0,1.0,0.0,1.0,0.2642270891776773,0.7224395774889896
qwen3_4b,hierarchical,target_memory_comm,irr_target,13,0.3076923076923077,0.4212314060417355,0.11682857179378993,0.0,0.0,0.4,0.0,1.0,0.07870830697647946,0.536676308408136
qwen3_4b,hierarchical,target_memory_comm,retention_target,15,0.52,0.45856920337688867,0.11840205918415278,0.4,0.0,1.0,0.0,1.0,0.28793196399906057,0.7520680360009395
qwen3_4b,hierarchical,target_memory_comm,drr_system,15,0.49333333333333335,0.4399134113934349,0.11358515440667104,0.2,0.2,1.0,0.0,1.0,0.2707064306962581,0.7159602359704086
qwen3_4b,hierarchical,target_memory_comm,irr_system,13,0.27692307692307694,0.42062224967668665,0.1166596222161777,0.0,0.0,0.2,0.0,1.0,0.04827021737936865,0.5055759364667852
qwen3_4b,hierarchical,target_memory_comm,retention_system,15,0.3866666666666667,0.4501851470969101,0.1162373051610846,0.2,0.0,0.9,0.0,1.0,0.1588415485509409,0.6144917847823925
qwen3_4b,hierarchical,target_memory_comm,n_scored_probes,15,14.333333333333334,1.7593288763724917,0.4542567625794978,15.0,15.0,15.0,10.0,15.0,13.442990078677518,15.22367658798915
qwen3_4b,independent,communication,drr_target,15,0.5866666666666667,0.41034248181360944,0.10594997322036862,0.4,0.2,1.0,0.0,1.0,0.3790047191547442,0.7943286141785891
qwen3_4b,independent,communication,irr_target,13,0.3384615384615385,0.39483849343425964,0.10950849489262883,0.2,0.0,0.4,0.0,1.0,0.12382488847198597,0.553098188451091
qwen3_4b,independent,communication,retention_target,15,0.52,0.43948021245882857,0.11347330292271603,0.4,0.1,1.0,0.0,1.0,0.2975923262714766,0.7424076737285235
qwen3_4b,independent,communication,drr_system,15,0.5866666666666667,0.41034248181360944,0.10594997322036862,0.4,0.2,1.0,0.0,1.0,0.3790047191547442,0.7943286141785891
qwen3_4b,independent,communication,irr_system,13,0.3384615384615385,0.39483849343425964,0.10950849489262883,0.2,0.0,0.4,0.0,1.0,0.12382488847198597,0.553098188451091
qwen3_4b,independent,communication,retention_system,15,0.52,0.43948021245882857,0.11347330292271603,0.4,0.1,1.0,0.0,1.0,0.2975923262714766,0.7424076737285235
qwen3_4b,independent,communication,n_scored_probes,15,14.333333333333334,1.7593288763724917,0.4542567625794978,15.0,15.0,15.0,10.0,15.0,13.442990078677518,15.22367658798915
qwen3_4b,independent,full_inference,drr_target,15,0.013333333333333334,0.051639777949432225,0.013333333333333332,0.0,0.0,0.0,0.0,0.2,-0.012799999999999997,0.039466666666666664
qwen3_4b,independent,full_inference,irr_target,13,0.04615384615384615,0.1664100588675687,0.04615384615384615,0.0,0.0,0.0,0.0,0.6,-0.044307692307692305,0.1366153846153846
qwen3_4b,independent,full_inference,retention_target,15,0.84,0.284855853271189,0.07354946505260124,1.0,0.8,1.0,0.2,1.0,0.6958430484969016,0.9841569515030983
qwen3_4b,independent,full_inference,drr_system,15,0.013333333333333334,0.051639777949432225,0.013333333333333332,0.0,0.0,0.0,0.0,0.2,-0.012799999999999997,0.039466666666666664
qwen3_4b,independent,full_inference,irr_system,13,0.04615384615384615,0.1664100588675687,0.04615384615384615,0.0,0.0,0.0,0.0,0.6,-0.044307692307692305,0.1366153846153846
qwen3_4b,independent,full_inference,retention_system,15,0.84,0.284855853271189,0.07354946505260124,1.0,0.8,1.0,0.2,1.0,0.6958430484969016,0.9841569515030983
qwen3_4b,independent,full_inference,n_scored_probes,15,14.333333333333334,1.7593288763724917,0.4542567625794978,15.0,15.0,15.0,10.0,15.0,13.442990078677518,15.22367658798915
qwen3_4b,independent,global_context,drr_target,15,0.12000000000000001,0.27044936151312526,0.06982972487551754,0.0,0.0,0.1,0.0,1.0,-0.01686626075601437,0.2568662607560144
qwen3_4b,independent,global_context,irr_target,13,0.07692307692307693,0.17394369852458078,0.048243301851863526,0.0,0.0,0.0,0.0,0.6,-0.017633794706575584,0.17147994855272944
qwen3_4b,independent,global_context,retention_target,15,0.7333333333333333,0.34364987719368983,0.08873001675315897,1.0,0.4,1.0,0.2,1.0,0.5594225004971417,0.9072441661695249
qwen3_4b,independent,global_context,drr_system,15,0.12000000000000001,0.27044936151312526,0.06982972487551754,0.0,0.0,0.1,0.0,1.0,-0.01686626075601437,0.2568662607560144
qwen3_4b,independent,global_context,irr_system,13,0.07692307692307693,0.17394369852458078,0.048243301851863526,0.0,0.0,0.0,0.0,0.6,-0.017633794706575584,0.17147994855272944
qwen3_4b,independent,global_context,retention_system,15,0.7333333333333333,0.34364987719368983,0.08873001675315897,1.0,0.4,1.0,0.2,1.0,0.5594225004971417,0.9072441661695249
qwen3_4b,independent,global_context,n_scored_probes,15,14.333333333333334,1.7593288763724917,0.4542567625794978,15.0,15.0,15.0,10.0,15.0,13.442990078677518,15.22367658798915
qwen3_4b,independent,none,drr_target,15,0.5866666666666667,0.41034248181360944,0.10594997322036862,0.4,0.2,1.0,0.0,1.0,0.3790047191547442,0.7943286141785891
qwen3_4b,independent,none,irr_target,13,0.3384615384615385,0.39483849343425964,0.10950849489262883,0.2,0.0,0.4,0.0,1.0,0.12382488847198597,0.553098188451091
qwen3_4b,independent,none,retention_target,15,0.52,0.43948021245882857,0.11347330292271603,0.4,0.1,1.0,0.0,1.0,0.2975923262714766,0.7424076737285235
qwen3_4b,independent,none,drr_system,15,0.5866666666666667,0.41034248181360944,0.10594997322036862,0.4,0.2,1.0,0.0,1.0,0.3790047191547442,0.7943286141785891
qwen3_4b,independent,none,irr_system,13,0.3384615384615385,0.39483849343425964,0.10950849489262883,0.2,0.0,0.4,0.0,1.0,0.12382488847198597,0.553098188451091
qwen3_4b,independent,none,retention_system,15,0.52,0.43948021245882857,0.11347330292271603,0.4,0.1,1.0,0.0,1.0,0.2975923262714766,0.7424076737285235
qwen3_4b,independent,none,n_scored_probes,15,14.333333333333334,1.7593288763724917,0.4542567625794978,15.0,15.0,15.0,10.0,15.0,13.442990078677518,15.22367658798915
qwen3_4b,independent,parameter_only,drr_target,10,0.62,0.4939635614091388,0.15620499351813308,1.0,0.05,1.0,0.0,1.0,0.31383821270445916,0.9261617872955408
qwen3_4b,independent,parameter_only,irr_target,8,0.75,0.4629100498862757,0.16366341767699427,1.0,0.75,1.0,0.0,1.0,0.42921970135309123,1.0707802986469088
qwen3_4b,independent,parameter_only,retention_target,10,0.7200000000000001,0.37947331922020555,0.12000000000000001,1.0,0.4,1.0,0.0,1.0,0.48480000000000006,0.9552
qwen3_4b,independent,parameter_only,drr_system,10,0.62,0.4939635614091388,0.15620499351813308,1.0,0.05,1.0,0.0,1.0,0.31383821270445916,0.9261617872955408
qwen3_4b,independent,parameter_only,irr_system,8,0.75,0.4629100498862757,0.16366341767699427,1.0,0.75,1.0,0.0,1.0,0.42921970135309123,1.0707802986469088
qwen3_4b,independent,parameter_only,retention_system,10,0.7200000000000001,0.37947331922020555,0.12000000000000001,1.0,0.4,1.0,0.0,1.0,0.48480000000000006,0.9552
qwen3_4b,independent,parameter_only,n_scored_probes,10,14.0,2.1081851067789197,0.6666666666666666,15.0,15.0,15.0,10.0,15.0,12.693333333333333,15.306666666666667
qwen3_4b,independent,parameter_plus_comm,drr_target,10,0.62,0.4939635614091388,0.15620499351813308,1.0,0.05,1.0,0.0,1.0,0.31383821270445916,0.9261617872955408
qwen3_4b,independent,parameter_plus_comm,irr_target,8,0.75,0.4629100498862757,0.16366341767699427,1.0,0.75,1.0,0.0,1.0,0.42921970135309123,1.0707802986469088
qwen3_4b,independent,parameter_plus_comm,retention_target,10,0.7200000000000001,0.37947331922020555,0.12000000000000001,1.0,0.4,1.0,0.0,1.0,0.48480000000000006,0.9552
qwen3_4b,independent,parameter_plus_comm,drr_system,10,0.62,0.4939635614091388,0.15620499351813308,1.0,0.05,1.0,0.0,1.0,0.31383821270445916,0.9261617872955408
qwen3_4b,independent,parameter_plus_comm,irr_system,8,0.75,0.4629100498862757,0.16366341767699427,1.0,0.75,1.0,0.0,1.0,0.42921970135309123,1.0707802986469088
qwen3_4b,independent,parameter_plus_comm,retention_system,10,0.7200000000000001,0.37947331922020555,0.12000000000000001,1.0,0.4,1.0,0.0,1.0,0.48480000000000006,0.9552
qwen3_4b,independent,parameter_plus_comm,n_scored_probes,10,14.0,2.1081851067789197,0.6666666666666666,15.0,15.0,15.0,10.0,15.0,12.693333333333333,15.306666666666667
qwen3_4b,independent,target_context,drr_target,15,0.12000000000000001,0.27044936151312526,0.06982972487551754,0.0,0.0,0.1,0.0,1.0,-0.01686626075601437,0.2568662607560144
qwen3_4b,independent,target_context,irr_target,13,0.07692307692307693,0.17394369852458078,0.048243301851863526,0.0,0.0,0.0,0.0,0.6,-0.017633794706575584,0.17147994855272944
qwen3_4b,independent,target_context,retention_target,15,0.7333333333333333,0.34364987719368983,0.08873001675315897,1.0,0.4,1.0,0.2,1.0,0.5594225004971417,0.9072441661695249
qwen3_4b,independent,target_context,drr_system,15,0.12000000000000001,0.27044936151312526,0.06982972487551754,0.0,0.0,0.1,0.0,1.0,-0.01686626075601437,0.2568662607560144
qwen3_4b,independent,target_context,irr_system,13,0.07692307692307693,0.17394369852458078,0.048243301851863526,0.0,0.0,0.0,0.0,0.6,-0.017633794706575584,0.17147994855272944
qwen3_4b,independent,target_context,retention_system,15,0.7333333333333333,0.34364987719368983,0.08873001675315897,1.0,0.4,1.0,0.2,1.0,0.5594225004971417,0.9072441661695249
qwen3_4b,independent,target_context,n_scored_probes,15,14.333333333333334,1.7593288763724917,0.4542567625794978,15.0,15.0,15.0,10.0,15.0,13.442990078677518,15.22367658798915
qwen3_4b,independent,target_context_comm,drr_target,15,0.12000000000000001,0.27044936151312526,0.06982972487551754,0.0,0.0,0.1,0.0,1.0,-0.01686626075601437,0.2568662607560144
qwen3_4b,independent,target_context_comm,irr_target,13,0.07692307692307693,0.17394369852458078,0.048243301851863526,0.0,0.0,0.0,0.0,0.6,-0.017633794706575584,0.17147994855272944
qwen3_4b,independent,target_context_comm,retention_target,15,0.7333333333333333,0.34364987719368983,0.08873001675315897,1.0,0.4,1.0,0.2,1.0,0.5594225004971417,0.9072441661695249
qwen3_4b,independent,target_context_comm,drr_system,15,0.12000000000000001,0.27044936151312526,0.06982972487551754,0.0,0.0,0.1,0.0,1.0,-0.01686626075601437,0.2568662607560144
qwen3_4b,independent,target_context_comm,irr_system,13,0.07692307692307693,0.17394369852458078,0.048243301851863526,0.0,0.0,0.0,0.0,0.6,-0.017633794706575584,0.17147994855272944
qwen3_4b,independent,target_context_comm,retention_system,15,0.7333333333333333,0.34364987719368983,0.08873001675315897,1.0,0.4,1.0,0.2,1.0,0.5594225004971417,0.9072441661695249
qwen3_4b,independent,target_context_comm,n_scored_probes,15,14.333333333333334,1.7593288763724917,0.4542567625794978,15.0,15.0,15.0,10.0,15.0,13.442990078677518,15.22367658798915
qwen3_4b,independent,target_context_memory,drr_target,15,0.013333333333333334,0.051639777949432225,0.013333333333333332,0.0,0.0,0.0,0.0,0.2,-0.012799999999999997,0.039466666666666664
qwen3_4b,independent,target_context_memory,irr_target,13,0.04615384615384615,0.1664100588675687,0.04615384615384615,0.0,0.0,0.0,0.0,0.6,-0.044307692307692305,0.1366153846153846
qwen3_4b,independent,target_context_memory,retention_target,15,0.84,0.284855853271189,0.07354946505260124,1.0,0.8,1.0,0.2,1.0,0.6958430484969016,0.9841569515030983
qwen3_4b,independent,target_context_memory,drr_system,15,0.013333333333333334,0.051639777949432225,0.013333333333333332,0.0,0.0,0.0,0.0,0.2,-0.012799999999999997,0.039466666666666664
qwen3_4b,independent,target_context_memory,irr_system,13,0.04615384615384615,0.1664100588675687,0.04615384615384615,0.0,0.0,0.0,0.0,0.6,-0.044307692307692305,0.1366153846153846
qwen3_4b,independent,target_context_memory,retention_system,15,0.84,0.284855853271189,0.07354946505260124,1.0,0.8,1.0,0.2,1.0,0.6958430484969016,0.9841569515030983
qwen3_4b,independent,target_context_memory,n_scored_probes,15,14.333333333333334,1.7593288763724917,0.4542567625794978,15.0,15.0,15.0,10.0,15.0,13.442990078677518,15.22367658798915
qwen3_4b,independent,target_memory,drr_target,15,0.5466666666666666,0.4103424818136094,0.1059499732203686,0.4,0.2,1.0,0.0,1.0,0.33900471915474417,0.7543286141785891
qwen3_4b,independent,target_memory,irr_target,13,0.35384615384615387,0.3928854468658445,0.10896681723526039,0.2,0.0,0.4,0.0,1.0,0.14027119206504352,0.5674211156272642
qwen3_4b,independent,target_memory,retention_target,15,0.52,0.43948021245882857,0.11347330292271603,0.6,0.1,1.0,0.0,1.0,0.2975923262714766,0.7424076737285235
qwen3_4b,independent,target_memory,drr_system,15,0.5466666666666666,0.4103424818136094,0.1059499732203686,0.4,0.2,1.0,0.0,1.0,0.33900471915474417,0.7543286141785891
qwen3_4b,independent,target_memory,irr_system,13,0.35384615384615387,0.3928854468658445,0.10896681723526039,0.2,0.0,0.4,0.0,1.0,0.14027119206504352,0.5674211156272642
qwen3_4b,independent,target_memory,retention_system,15,0.52,0.43948021245882857,0.11347330292271603,0.6,0.1,1.0,0.0,1.0,0.2975923262714766,0.7424076737285235
qwen3_4b,independent,target_memory,n_scored_probes,15,14.333333333333334,1.7593288763724917,0.4542567625794978,15.0,15.0,15.0,10.0,15.0,13.442990078677518,15.22367658798915
qwen3_4b,independent,target_memory_comm,drr_target,15,0.5466666666666666,0.4103424818136094,0.1059499732203686,0.4,0.2,1.0,0.0,1.0,0.33900471915474417,0.7543286141785891
qwen3_4b,independent,target_memory_comm,irr_target,13,0.35384615384615387,0.3928854468658445,0.10896681723526039,0.2,0.0,0.4,0.0,1.0,0.14027119206504352,0.5674211156272642
qwen3_4b,independent,target_memory_comm,retention_target,15,0.52,0.43948021245882857,0.11347330292271603,0.6,0.1,1.0,0.0,1.0,0.2975923262714766,0.7424076737285235
qwen3_4b,independent,target_memory_comm,drr_system,15,0.5466666666666666,0.4103424818136094,0.1059499732203686,0.4,0.2,1.0,0.0,1.0,0.33900471915474417,0.7543286141785891
qwen3_4b,independent,target_memory_comm,irr_system,13,0.35384615384615387,0.3928854468658445,0.10896681723526039,0.2,0.0,0.4,0.0,1.0,0.14027119206504352,0.5674211156272642
qwen3_4b,independent,target_memory_comm,retention_system,15,0.52,0.43948021245882857,0.11347330292271603,0.6,0.1,1.0,0.0,1.0,0.2975923262714766,0.7424076737285235
qwen3_4b,independent,target_memory_comm,n_scored_probes,15,14.333333333333334,1.7593288763724917,0.4542567625794978,15.0,15.0,15.0,10.0,15.0,13.442990078677518,15.22367658798915
qwen3_4b,scratchpad,communication,drr_target,15,0.5866666666666667,0.4307247491424303,0.11121265201519999,0.6,0.2,1.0,0.0,1.0,0.3686898687168747,0.8046434646164586
qwen3_4b,scratchpad,communication,irr_target,13,0.3384615384615385,0.4350066312491905,0.12064913185660092,0.2,0.0,0.8,0.0,1.0,0.10198924002260068,0.5749338369004763
qwen3_4b,scratchpad,communication,retention_target,15,0.6,0.4472135954999579,0.11547005383792515,0.8,0.1,1.0,0.0,1.0,0.37367869447766666,0.8263213055223333
qwen3_4b,scratchpad,communication,drr_system,15,0.5733333333333335,0.40614330100640705,0.10486574939810137,0.6,0.30000000000000004,1.0,0.0,1.0,0.3677964645130548,0.7788702021536121
qwen3_4b,scratchpad,communication,irr_system,13,0.3692307692307692,0.4150996173302166,0.11512791959304434,0.2,0.0,0.8,0.0,1.0,0.14358004682840228,0.5948814916331361
qwen3_4b,scratchpad,communication,retention_system,15,0.6533333333333334,0.4033195589934446,0.10413666234542206,0.8,0.30000000000000004,1.0,0.0,1.0,0.4492254751363062,0.8574411915303607
qwen3_4b,scratchpad,communication,n_scored_probes,15,14.333333333333334,1.7593288763724917,0.4542567625794978,15.0,15.0,15.0,10.0,15.0,13.442990078677518,15.22367658798915
qwen3_4b,scratchpad,full_inference,drr_target,15,0.04000000000000001,0.08280786712108253,0.021380899352993955,0.0,0.0,0.0,0.0,0.2,-0.001906562731868143,0.08190656273186817
qwen3_4b,scratchpad,full_inference,irr_target,13,0.15384615384615385,0.30717905911532173,0.08519614218377511,0.0,0.0,0.2,0.0,1.0,-0.01313828483404536,0.32083059252635304
qwen3_4b,scratchpad,full_inference,retention_target,15,0.6933333333333334,0.40614330100640705,0.10486574939810137,1.0,0.4,1.0,0.0,1.0,0.4877964645130547,0.898870202153612
qwen3_4b,scratchpad,full_inference,drr_system,15,0.5200000000000001,0.3985688683993556,0.10291003930849599,0.4,0.2,1.0,0.0,1.0,0.318296322955348,0.7217036770446523
qwen3_4b,scratchpad,full_inference,irr_system,13,0.38461538461538464,0.4431819676050194,0.12291656219699369,0.2,0.0,1.0,0.0,1.0,0.143698922709277,0.6255318465214923
qwen3_4b,scratchpad,full_inference,retention_system,15,0.6666666666666666,0.4117326918327103,0.10630892390381583,1.0,0.30000000000000004,1.0,0.0,1.0,0.4583011758151876,0.8750321575181457
qwen3_4b,scratchpad,full_inference,n_scored_probes,15,14.333333333333334,1.7593288763724917,0.4542567625794978,15.0,15.0,15.0,10.0,15.0,13.442990078677518,15.22367658798915
qwen3_4b,scratchpad,global_context,drr_target,15,0.10666666666666666,0.27115274205474954,0.0700113369504347,0.0,0.0,0.0,0.0,1.0,-0.03055555375618535,0.24388888708951867
qwen3_4b,scratchpad,global_context,irr_target,13,0.12307692307692308,0.31132471299766246,0.08634593969478326,0.0,0.0,0.0,0.0,1.0,-0.046161118724852096,0.29231496487869824
qwen3_4b,scratchpad,global_context,retention_target,15,0.6799999999999999,0.41952353926806063,0.1083205120618128,1.0,0.30000000000000004,1.0,0.0,1.0,0.46769179635884683,0.892308203641153
qwen3_4b,scratchpad,global_context,drr_system,15,0.13333333333333333,0.2794552524023088,0.0721550359042888,0.0,0.0,0.1,0.0,1.0,-0.008090537039072726,0.2747572037057394
qwen3_4b,scratchpad,global_context,irr_system,13,0.12307692307692308,0.31132471299766246,0.08634593969478326,0.0,0.0,0.0,0.0,1.0,-0.046161118724852096,0.29231496487869824
qwen3_4b,scratchpad,global_context,retention_system,15,0.7333333333333333,0.37543625417956233,0.09693722399999598,1.0,0.4,1.0,0.0,1.0,0.5433363742933411,0.9233302923733254
qwen3_4b,scratchpad,global_context,n_scored_probes,15,14.333333333333334,1.7593288763724917,0.4542567625794978,15.0,15.0,15.0,10.0,15.0,13.442990078677518,15.22367658798915
qwen3_4b,scratchpad,none,drr_target,15,0.5466666666666667,0.43072474914243036,0.1112126520152,0.6,0.1,1.0,0.0,1.0,0.3286898687168748,0.7646434646164587
qwen3_4b,scratchpad,none,irr_target,13,0.3692307692307692,0.44606542006118227,0.12371628801861353,0.2,0.0,1.0,0.0,1.0,0.12674684471428668,0.6117146937472517
qwen3_4b,scratchpad,none,retention_target,15,0.56,0.47328638264796924,0.12220201853215572,0.8,0.0,1.0,0.0,1.0,0.32048404367697486,0.7995159563230252
qwen3_4b,scratchpad,none,drr_system,15,0.5866666666666668,0.4103424818136094,0.1059499732203686,0.6,0.30000000000000004,1.0,0.0,1.0,0.3790047191547443,0.7943286141785892
qwen3_4b,scratchpad,none,irr_system,13,0.35384615384615387,0.425471081303584,0.11800444614362925,0.2,0.0,0.8,0.0,1.0,0.12255743940464053,0.5851348682876671
qwen3_4b,scratchpad,none,retention_system,15,0.6266666666666667,0.4333699618219101,0.1118956429921868,0.8,0.2,1.0,0.0,1.0,0.4073512064019806,0.8459821269313528
qwen3_4b,scratchpad,none,n_scored_probes,15,14.333333333333334,1.7593288763724917,0.4542567625794978,15.0,15.0,15.0,10.0,15.0,13.442990078677518,15.22367658798915
qwen3_4b,scratchpad,parameter_only,drr_target,10,0.74,0.4115013163202924,0.13012814197295422,1.0,0.65,1.0,0.0,1.0,0.48494884173300973,0.9950511582669903
qwen3_4b,scratchpad,parameter_only,irr_target,8,0.75,0.4629100498862757,0.16366341767699427,1.0,0.75,1.0,0.0,1.0,0.42921970135309123,1.0707802986469088
qwen3_4b,scratchpad,parameter_only,retention_target,10,0.68,0.42373996218855203,0.13399834161494517,1.0,0.25,1.0,0.0,1.0,0.4173632504347075,0.9426367495652925
qwen3_4b,scratchpad,parameter_only,drr_system,10,0.76,0.40879225911349043,0.12927146286443542,1.0,0.8,1.0,0.0,1.0,0.5066279327857066,1.0133720672142934
qwen3_4b,scratchpad,parameter_only,irr_system,8,0.75,0.4629100498862757,0.16366341767699427,1.0,0.75,1.0,0.0,1.0,0.42921970135309123,1.0707802986469088
qwen3_4b,scratchpad,parameter_only,retention_system,10,0.8,0.32659863237109044,0.10327955589886445,1.0,0.8,1.0,0.2,1.0,0.5975720704382257,1.0024279295617744
qwen3_4b,scratchpad,parameter_only,n_scored_probes,10,14.0,2.1081851067789197,0.6666666666666666,15.0,15.0,15.0,10.0,15.0,12.693333333333333,15.306666666666667
qwen3_4b,scratchpad,parameter_plus_comm,drr_target,10,0.7,0.4447221354708778,0.14063348739819323,1.0,0.35000000000000003,1.0,0.0,1.0,0.42435836469954125,0.9756416353004587
qwen3_4b,scratchpad,parameter_plus_comm,irr_target,8,0.75,0.4629100498862757,0.16366341767699427,1.0,0.75,1.0,0.0,1.0,0.42921970135309123,1.0707802986469088
qwen3_4b,scratchpad,parameter_plus_comm,retention_target,10,0.68,0.42373996218855203,0.13399834161494517,1.0,0.25,1.0,0.0,1.0,0.4173632504347075,0.9426367495652925
qwen3_4b,scratchpad,parameter_plus_comm,drr_system,10,0.76,0.41952353926806063,0.132664991614216,1.0,0.7,1.0,0.0,1.0,0.49997661643613667,1.0200233835638635
qwen3_4b,scratchpad,parameter_plus_comm,irr_system,8,0.75,0.4629100498862757,0.16366341767699427,1.0,0.75,1.0,0.0,1.0,0.42921970135309123,1.0707802986469088
qwen3_4b,scratchpad,parameter_plus_comm,retention_system,10,0.8,0.32659863237109044,0.10327955589886445,1.0,0.8,1.0,0.2,1.0,0.5975720704382257,1.0024279295617744
qwen3_4b,scratchpad,parameter_plus_comm,n_scored_probes,10,14.0,2.1081851067789197,0.6666666666666666,15.0,15.0,15.0,10.0,15.0,12.693333333333333,15.306666666666667
qwen3_4b,scratchpad,target_context,drr_target,15,0.5066666666666667,0.4399134113934349,0.11358515440667104,0.6,0.0,1.0,0.0,1.0,0.28403976402959147,0.7292935693037419
qwen3_4b,scratchpad,target_context,irr_target,13,0.4153846153846154,0.45797771751864713,0.12702016488718806,0.2,0.0,1.0,0.0,1.0,0.1664250922057268,0.664344138563504
qwen3_4b,scratchpad,target_context,retention_target,15,0.6933333333333334,0.40614330100640705,0.10486574939810137,1.0,0.4,1.0,0.0,1.0,0.4877964645130547,0.898870202153612
qwen3_4b,scratchpad,target_context,drr_system,15,0.5866666666666668,0.4103424818136094,0.1059499732203686,0.6,0.30000000000000004,1.0,0.0,1.0,0.3790047191547443,0.7943286141785892
qwen3_4b,scratchpad,target_context,irr_system,13,0.4307692307692308,0.44606542006118227,0.12371628801861353,0.2,0.0,1.0,0.0,1.0,0.18828530625274828,0.6732531552857133
qwen3_4b,scratchpad,target_context,retention_system,15,0.6666666666666666,0.4117326918327103,0.10630892390381583,1.0,0.30000000000000004,1.0,0.0,1.0,0.4583011758151876,0.8750321575181457
qwen3_4b,scratchpad,target_context,n_scored_probes,15,14.333333333333334,1.7593288763724917,0.4542567625794978,15.0,15.0,15.0,10.0,15.0,13.442990078677518,15.22367658798915
qwen3_4b,scratchpad,target_context_comm,drr_target,15,0.14666666666666667,0.28751811537130434,0.07423685817106696,0.0,0.0,0.2,0.0,1.0,0.0011624246513754488,0.2921709086819579
qwen3_4b,scratchpad,target_context_comm,irr_target,13,0.2,0.3559026084010437,0.09870962335856491,0.0,0.0,0.2,0.0,1.0,0.006529138217212793,0.39347086178278723
qwen3_4b,scratchpad,target_context_comm,retention_target,15,0.68,0.4195235392680606,0.10832051206181278,1.0,0.30000000000000004,1.0,0.0,1.0,0.467691796358847,0.8923082036411532
qwen3_4b,scratchpad,target_context_comm,drr_system,15,0.5066666666666667,0.39904648255321734,0.10303335875275062,0.4,0.2,1.0,0.0,1.0,0.3047212835112755,0.7086120498220579
qwen3_4b,scratchpad,target_context_comm,irr_system,13,0.4153846153846154,0.4862203784399173,0.13485326966466366,0.2,0.0,1.0,0.0,1.0,0.15107220684187467,0.6796970239273561
qwen3_4b,scratchpad,target_context_comm,retention_system,15,0.68,0.3913347124174613,0.1010421882657131,1.0,0.30000000000000004,1.0,0.0,1.0,0.48195731099920236,0.8780426890007977
qwen3_4b,scratchpad,target_context_comm,n_scored_probes,15,14.333333333333334,1.7593288763724917,0.4542567625794978,15.0,15.0,15.0,10.0,15.0,13.442990078677518,15.22367658798915
qwen3_4b,scratchpad,target_context_memory,drr_target,15,0.52,0.45229573132125467,0.11678225566452824,0.6,0.0,1.0,0.0,1.0,0.2911067788975247,0.7488932211024754
qwen3_4b,scratchpad,target_context_memory,irr_target,13,0.3692307692307693,0.4230536124114283,0.11733396090920566,0.2,0.0,0.8,0.0,1.0,0.13925620584872622,0.5992053326128124
qwen3_4b,scratchpad,target_context_memory,retention_target,15,0.6266666666666667,0.4267261863247182,0.11018022753508244,1.0,0.2,1.0,0.0,1.0,0.4107134206979051,0.8426199126354283
qwen3_4b,scratchpad,target_context_memory,drr_system,15,0.5866666666666668,0.4103424818136094,0.1059499732203686,0.6,0.30000000000000004,1.0,0.0,1.0,0.3790047191547443,0.7943286141785892
qwen3_4b,scratchpad,target_context_memory,irr_system,13,0.3846153846153847,0.41199950211570613,0.11426810233413945,0.2,0.0,0.8,0.0,1.0,0.1606499040404714,0.608580865190298
qwen3_4b,scratchpad,target_context_memory,retention_system,15,0.6666666666666666,0.4117326918327103,0.10630892390381583,1.0,0.30000000000000004,1.0,0.0,1.0,0.4583011758151876,0.8750321575181457
qwen3_4b,scratchpad,target_context_memory,n_scored_probes,15,14.333333333333334,1.7593288763724917,0.4542567625794978,15.0,15.0,15.0,10.0,15.0,13.442990078677518,15.22367658798915
qwen3_4b,scratchpad,target_memory,drr_target,15,0.5333333333333333,0.4514526816949079,0.11656458118700375,0.6,0.1,1.0,0.0,1.0,0.304866754206806,0.7617999124598607
qwen3_4b,scratchpad,target_memory,irr_target,13,0.3692307692307692,0.44606542006118227,0.12371628801861353,0.2,0.0,1.0,0.0,1.0,0.12674684471428668,0.6117146937472517
qwen3_4b,scratchpad,target_memory,retention_target,15,0.5866666666666667,0.4627042663464841,0.11946972785193692,1.0,0.2,1.0,0.0,1.0,0.3525060000768703,0.8208273332564631
qwen3_4b,scratchpad,target_memory,drr_system,15,0.56,0.415417174141162,0.10726025314515113,0.6,0.2,1.0,0.0,1.0,0.3497699038355039,0.7702300961644962
qwen3_4b,scratchpad,target_memory,irr_system,13,0.3692307692307693,0.41509961733021666,0.11512791959304436,0.2,0.0,0.8,0.0,1.0,0.14358004682840236,0.5948814916331362
qwen3_4b,scratchpad,target_memory,retention_system,15,0.64,0.4084815085865489,0.1054694719992924,0.8,0.2,1.0,0.0,1.0,0.43327983488138694,0.8467201651186131
qwen3_4b,scratchpad,target_memory,n_scored_probes,15,14.333333333333334,1.7593288763724917,0.4542567625794978,15.0,15.0,15.0,10.0,15.0,13.442990078677518,15.22367658798915
qwen3_4b,scratchpad,target_memory_comm,drr_target,15,0.49333333333333335,0.44636094725916065,0.11524990100880642,0.4,0.1,1.0,0.0,1.0,0.2674435273560728,0.7192231393105939
qwen3_4b,scratchpad,target_memory_comm,irr_target,13,0.3230769230769231,0.4206222496766867,0.11665962221617772,0.2,0.0,0.6,0.0,1.0,0.09442406353321478,0.5517297826206314
qwen3_4b,scratchpad,target_memory_comm,retention_target,15,0.6133333333333333,0.4501851470969102,0.11623730516108463,1.0,0.2,1.0,0.0,1.0,0.3855082152176074,0.8411584514490591
qwen3_4b,scratchpad,target_memory_comm,drr_system,15,0.5866666666666668,0.42403953095144775,0.10948653610057077,0.4,0.30000000000000004,1.0,0.0,1.0,0.3720730559095481,0.8012602774237855
qwen3_4b,scratchpad,target_memory_comm,irr_system,13,0.35384615384615387,0.3843075691322091,0.1065877420042386,0.2,0.2,0.4,0.0,1.0,0.14493417951784623,0.5627581281744615
qwen3_4b,scratchpad,target_memory_comm,retention_system,15,0.64,0.4084815085865489,0.1054694719992924,0.8,0.2,1.0,0.0,1.0,0.43327983488138694,0.8467201651186131
qwen3_4b,scratchpad,target_memory_comm,n_scored_probes,15,14.333333333333334,1.7593288763724917,0.4542567625794978,15.0,15.0,15.0,10.0,15.0,13.442990078677518,15.22367658798915
qwen3_4b,sequential,communication,drr_target,15,0.45333333333333337,0.41724721460452924,0.10773276756098492,0.2,0.2,1.0,0.0,1.0,0.24217710891380292,0.6644895577528638
qwen3_4b,sequential,communication,irr_target,13,0.3230769230769231,0.41262138851059366,0.1144405825867764,0.2,0.0,0.4,0.0,1.0,0.09877338120684134,0.5473804649470049
qwen3_4b,sequential,communication,retention_target,15,0.4266666666666667,0.439913411393435,0.11358515440667105,0.2,0.0,0.9,0.0,1.0,0.20403976402959142,0.6492935693037419
qwen3_4b,sequential,communication,drr_system,15,0.49333333333333335,0.41997732365087564,0.10843767868564023,0.4,0.2,1.0,0.0,1.0,0.2807954831094785,0.7058711835571883
qwen3_4b,sequential,communication,irr_system,13,0.3076923076923077,0.3882901373576604,0.1076923076923077,0.2,0.0,0.4,0.0,1.0,0.09661538461538463,0.5187692307692308
qwen3_4b,sequential,communication,retention_system,15,0.3866666666666667,0.4373077809027587,0.11291238350688708,0.2,0.0,0.9,0.0,1.0,0.16535839499316804,0.6079749383401654
qwen3_4b,sequential,communication,n_scored_probes,15,14.333333333333334,1.7593288763724917,0.4542567625794978,15.0,15.0,15.0,10.0,15.0,13.442990078677518,15.22367658798915
qwen3_4b,sequential,full_inference,drr_target,15,0.04000000000000001,0.11212238211627762,0.028949874578229836,0.0,0.0,0.0,0.0,0.4,-0.016741754173330473,0.09674175417333049
qwen3_4b,sequential,full_inference,irr_target,13,0.15384615384615385,0.30717905911532173,0.08519614218377511,0.0,0.0,0.2,0.0,1.0,-0.01313828483404536,0.32083059252635304
qwen3_4b,sequential,full_inference,retention_target,15,0.5200000000000001,0.405674042269688,0.10474458731327635,0.4,0.2,1.0,0.0,1.0,0.3147006088659785,0.7252993911340218
qwen3_4b,sequential,full_inference,drr_system,15,0.48000000000000004,0.4262795863213317,0.11006491591004698,0.2,0.2,1.0,0.0,1.0,0.26427276481630796,0.6957272351836921
qwen3_4b,sequential,full_inference,irr_system,13,0.26153846153846155,0.3686426940784747,0.10224308737116353,0.0,0.0,0.4,0.0,1.0,0.06114201029098104,0.46193491278594206
qwen3_4b,sequential,full_inference,retention_system,15,0.3866666666666667,0.4103424818136094,0.1059499732203686,0.2,0.0,0.7,0.0,1.0,0.17900471915474425,0.5943286141785892
qwen3_4b,sequential,full_inference,n_scored_probes,15,14.333333333333334,1.7593288763724917,0.4542567625794978,15.0,15.0,15.0,10.0,15.0,13.442990078677518,15.22367658798915
qwen3_4b,sequential,global_context,drr_target,15,0.16000000000000003,0.29471535904520296,0.07609517849690736,0.0,0.0,0.2,0.0,1.0,0.010853450146061594,0.30914654985393847
qwen3_4b,sequential,global_context,irr_target,13,0.09230769230769233,0.17541160386140583,0.04865042554105199,0.0,0.0,0.0,0.0,0.4,-0.003047141752769572,0.18766252636815423
qwen3_4b,sequential,global_context,retention_target,15,0.5866666666666667,0.341983012666391,0.08829963418285149,0.4,0.30000000000000004,1.0,0.2,1.0,0.41359938366827775,0.7597339496650556
qwen3_4b,sequential,global_context,drr_system,15,0.17333333333333334,0.29146591730832094,0.07525617624814634,0.0,0.0,0.2,0.0,1.0,0.025831227886966512,0.32083543877970017
qwen3_4b,sequential,global_context,irr_system,13,0.09230769230769233,0.17541160386140583,0.04865042554105199,0.0,0.0,0.0,0.0,0.4,-0.003047141752769572,0.18766252636815423
qwen3_4b,sequential,global_context,retention_system,15,0.5733333333333334,0.3283436063174123,0.0847779546067348,0.4,0.4,1.0,0.2,1.0,0.40716854230413313,0.7394981243625336
qwen3_4b,sequential,global_context,n_scored_probes,15,14.333333333333334,1.7593288763724917,0.4542567625794978,15.0,15.0,15.0,10.0,15.0,13.442990078677518,15.22367658798915
qwen3_4b,sequential,none,drr_target,15,0.48000000000000004,0.4262795863213317,0.11006491591004698,0.2,0.2,1.0,0.0,1.0,0.26427276481630796,0.6957272351836921
qwen3_4b,sequential,none,irr_target,13,0.3384615384615385,0.4113766756037212,0.1140953613399333,0.2,0.0,0.8,0.0,1.0,0.11483463023526921,0.5620884466878078
qwen3_4b,sequential,none,retention_target,15,0.4266666666666667,0.439913411393435,0.11358515440667105,0.2,0.0,0.9,0.0,1.0,0.20403976402959142,0.6492935693037419
qwen3_4b,sequential,none,drr_system,15,0.49333333333333335,0.41997732365087564,0.10843767868564023,0.4,0.2,1.0,0.0,1.0,0.2807954831094785,0.7058711835571883
qwen3_4b,sequential,none,irr_system,13,0.3230769230769231,0.39613517506411483,0.10986812966989,0.2,0.0,0.6,0.0,1.0,0.10773538892393869,0.5384184572299076
qwen3_4b,sequential,none,retention_system,15,0.3866666666666667,0.4373077809027587,0.11291238350688708,0.2,0.0,0.9,0.0,1.0,0.16535839499316804,0.6079749383401654
qwen3_4b,sequential,none,n_scored_probes,15,14.333333333333334,1.7593288763724917,0.4542567625794978,15.0,15.0,15.0,10.0,15.0,13.442990078677518,15.22367658798915
qwen3_4b,sequential,parameter_only,drr_target,10,0.64,0.4695151163109069,0.1484737163421339,1.0,0.2,1.0,0.0,1.0,0.3489915159694176,0.9310084840305825
qwen3_4b,sequential,parameter_only,irr_target,8,0.725,0.45276925690687087,0.16007810593582122,1.0,0.6000000000000001,1.0,0.0,1.0,0.41124691236579036,1.0387530876342095
qwen3_4b,sequential,parameter_only,retention_target,10,0.68,0.42373996218855203,0.13399834161494517,1.0,0.25,1.0,0.0,1.0,0.4173632504347075,0.9426367495652925
qwen3_4b,sequential,parameter_only,drr_system,10,0.64,0.4695151163109069,0.1484737163421339,1.0,0.2,1.0,0.0,1.0,0.3489915159694176,0.9310084840305825
qwen3_4b,sequential,parameter_only,irr_system,8,0.65,0.43752550946038726,0.15468862734076938,0.8,0.44999999999999996,1.0,0.0,1.0,0.34681029041209205,0.953189709587908
qwen3_4b,sequential,parameter_only,retention_system,10,0.7,0.3915780041490244,0.12382783747337807,1.0,0.25,1.0,0.2,1.0,0.45729743855217897,0.9427025614478209
qwen3_4b,sequential,parameter_only,n_scored_probes,10,14.0,2.1081851067789197,0.6666666666666666,15.0,15.0,15.0,10.0,15.0,12.693333333333333,15.306666666666667
qwen3_4b,sequential,parameter_plus_comm,drr_target,10,0.5,0.4546060565661952,0.14375905768565214,0.4,0.05,1.0,0.0,1.0,0.2182322469361218,0.7817677530638782
qwen3_4b,sequential,parameter_plus_comm,irr_target,8,0.75,0.4629100498862757,0.16366341767699427,1.0,0.75,1.0,0.0,1.0,0.42921970135309123,1.0707802986469088
qwen3_4b,sequential,parameter_plus_comm,retention_target,10,0.68,0.42373996218855203,0.13399834161494517,1.0,0.25,1.0,0.0,1.0,0.4173632504347075,0.9426367495652925
qwen3_4b,sequential,parameter_plus_comm,drr_system,10,0.64,0.4695151163109069,0.1484737163421339,1.0,0.2,1.0,0.0,1.0,0.3489915159694176,0.9310084840305825
qwen3_4b,sequential,parameter_plus_comm,irr_system,8,0.625,0.446414285485707,0.15783128424274537,0.8,0.30000000000000004,1.0,0.0,1.0,0.3156506828842191,0.9343493171157808
qwen3_4b,sequential,parameter_plus_comm,retention_system,10,0.7,0.3915780041490244,0.12382783747337807,1.0,0.25,1.0,0.2,1.0,0.45729743855217897,0.9427025614478209
qwen3_4b,sequential,parameter_plus_comm,n_scored_probes,10,14.0,2.1081851067789197,0.6666666666666666,15.0,15.0,15.0,10.0,15.0,12.693333333333333,15.306666666666667
qwen3_4b,sequential,target_context,drr_target,15,0.3866666666666667,0.4373077809027587,0.11291238350688708,0.2,0.0,0.9,0.0,1.0,0.16535839499316804,0.6079749383401654
qwen3_4b,sequential,target_context,irr_target,13,0.3230769230769231,0.41262138851059366,0.1144405825867764,0.2,0.0,0.4,0.0,1.0,0.09877338120684134,0.5473804649470049
qwen3_4b,sequential,target_context,retention_target,15,0.56,0.3718678720805473,0.09601587170383664,0.4,0.2,1.0,0.0,1.0,0.37180889146048024,0.7481911085395199
qwen3_4b,sequential,target_context,drr_system,15,0.4533333333333334,0.4172472146045293,0.10773276756098493,0.2,0.2,1.0,0.0,1.0,0.24217710891380295,0.6644895577528639
qwen3_4b,sequential,target_context,irr_system,13,0.26153846153846155,0.3775766181374352,0.10472091208544686,0.0,0.0,0.4,0.0,1.0,0.05628547385098573,0.4667914492259374
qwen3_4b,sequential,target_context,retention_system,15,0.4133333333333334,0.4240395309514478,0.10948653610057078,0.2,0.0,0.9,0.0,1.0,0.19873972257621467,0.6279269440904521
qwen3_4b,sequential,target_context,n_scored_probes,15,14.333333333333334,1.7593288763724917,0.4542567625794978,15.0,15.0,15.0,10.0,15.0,13.442990078677518,15.22367658798915
qwen3_4b,sequential,target_context_comm,drr_target,15,0.16000000000000003,0.29471535904520296,0.07609517849690736,0.0,0.0,0.2,0.0,1.0,0.010853450146061594,0.30914654985393847
qwen3_4b,sequential,target_context_comm,irr_target,13,0.16923076923076924,0.3146019055478828,0.0872548693701208,0.0,0.0,0.2,0.0,1.0,-0.0017887747346675142,0.340250313196206
qwen3_4b,sequential,target_context_comm,retention_target,15,0.5466666666666667,0.3661901665736507,0.0945498944456446,0.4,0.2,1.0,0.0,1.0,0.36134887355320333,0.7319844597801302
qwen3_4b,sequential,target_context_comm,drr_system,15,0.41333333333333333,0.4033195589934446,0.10413666234542206,0.2,0.1,0.8,0.0,1.0,0.2092254751363061,0.6174411915303606
qwen3_4b,sequential,target_context_comm,irr_system,13,0.24615384615384617,0.38430756913220915,0.10658774200423861,0.0,0.0,0.4,0.0,1.0,0.03724187182553851,0.4550658204821538
qwen3_4b,sequential,target_context_comm,retention_system,15,0.4133333333333334,0.4240395309514478,0.10948653610057078,0.2,0.0,0.9,0.0,1.0,0.19873972257621467,0.6279269440904521
qwen3_4b,sequential,target_context_comm,n_scored_probes,15,14.333333333333334,1.7593288763724917,0.4542567625794978,15.0,15.0,15.0,10.0,15.0,13.442990078677518,15.22367658798915
qwen3_4b,sequential,target_context_memory,drr_target,15,0.4,0.427617987059879,0.11041048949477668,0.2,0.0,0.9,0.0,1.0,0.18359544059023775,0.6164045594097622
qwen3_4b,sequential,target_context_memory,irr_target,13,0.35384615384615387,0.4095025124371127,0.11357556200179539,0.2,0.0,0.6,0.0,1.0,0.1312380523226349,0.5764542553696728
qwen3_4b,sequential,target_context_memory,retention_target,15,0.4800000000000001,0.405674042269688,0.10474458731327635,0.4,0.2,1.0,0.0,1.0,0.27470060886597847,0.6852993911340217
qwen3_4b,sequential,target_context_memory,drr_system,15,0.49333333333333335,0.41997732365087564,0.10843767868564023,0.4,0.2,1.0,0.0,1.0,0.2807954831094785,0.7058711835571883
qwen3_4b,sequential,target_context_memory,irr_system,13,0.2923076923076923,0.3882901373576603,0.10769230769230768,0.0,0.0,0.6,0.0,1.0,0.08123076923076927,0.5033846153846153
qwen3_4b,sequential,target_context_memory,retention_system,15,0.3866666666666667,0.4103424818136094,0.1059499732203686,0.2,0.0,0.7,0.0,1.0,0.17900471915474425,0.5943286141785892
qwen3_4b,sequential,target_context_memory,n_scored_probes,15,14.333333333333334,1.7593288763724917,0.4542567625794978,15.0,15.0,15.0,10.0,15.0,13.442990078677518,15.22367658798915
qwen3_4b,sequential,target_memory,drr_target,15,0.49333333333333335,0.4131182235954578,0.10666666666666666,0.2,0.2,1.0,0.0,1.0,0.28426666666666667,0.7024
qwen3_4b,sequential,target_memory,irr_target,13,0.3076923076923077,0.3616202853397895,0.1002954216185023,0.2,0.0,0.4,0.0,1.0,0.1111132813200432,0.5042713340645723
qwen3_4b,sequential,target_memory,retention_target,15,0.48000000000000004,0.46475800154489,0.11999999999999998,0.2,0.0,1.0,0.0,1.0,0.24480000000000007,0.7152000000000001
qwen3_4b,sequential,target_memory,drr_system,15,0.48000000000000004,0.405674042269688,0.10474458731327635,0.4,0.2,0.9,0.0,1.0,0.27470060886597836,0.6852993911340217
qwen3_4b,sequential,target_memory,irr_system,13,0.2923076923076923,0.37072347839851927,0.10282019310647907,0.2,0.0,0.4,0.0,1.0,0.09078011381899337,0.4938352707963913
qwen3_4b,sequential,target_memory,retention_system,15,0.4000000000000001,0.43424811867344754,0.11212238211627762,0.2,0.0,0.9,0.0,1.0,0.18024013105209594,0.6197598689479042
qwen3_4b,sequential,target_memory,n_scored_probes,15,14.333333333333334,1.7593288763724917,0.4542567625794978,15.0,15.0,15.0,10.0,15.0,13.442990078677518,15.22367658798915
qwen3_4b,sequential,target_memory_comm,drr_target,15,0.46666666666666673,0.40473389258811004,0.10450184170929677,0.2,0.2,1.0,0.0,1.0,0.26184305691644505,0.6714902764168884
qwen3_4b,sequential,target_memory_comm,irr_target,13,0.2923076923076923,0.4132423390327166,0.11461280327501029,0.2,0.0,0.2,0.0,1.0,0.06766659788867216,0.5169487867267125
qwen3_4b,sequential,target_memory_comm,retention_target,15,0.4933333333333333,0.4589843860815602,0.1185092588975412,0.4,0.0,1.0,0.0,1.0,0.26105518589415255,0.725611480772514
qwen3_4b,sequential,target_memory_comm,drr_system,15,0.49333333333333335,0.41997732365087564,0.10843767868564023,0.4,0.2,1.0,0.0,1.0,0.2807954831094785,0.7058711835571883
qwen3_4b,sequential,target_memory_comm,irr_system,13,0.2923076923076923,0.4212314060417354,0.1168285717937899,0.0,0.0,0.4,0.0,1.0,0.06332369159186413,0.5212916930235205
qwen3_4b,sequential,target_memory_comm,retention_system,15,0.4000000000000001,0.43424811867344754,0.11212238211627762,0.2,0.0,0.9,0.0,1.0,0.18024013105209594,0.6197598689479042
qwen3_4b,sequential,target_memory_comm,n_scored_probes,15,14.333333333333334,1.7593288763724917,0.4542567625794978,15.0,15.0,15.0,10.0,15.0,13.442990078677518,15.22367658798915
qwen3_8b,debate,communication,drr_target,15,0.28,0.43293021542573273,0.11178210096092348,0.0,0.0,0.6000000000000001,0.0,1.0,0.06090708211659002,0.49909291788341004
qwen3_8b,debate,communication,irr_target,13,0.23076923076923078,0.4385290096535146,0.12162606385262997,0.0,0.0,0.0,0.0,1.0,-0.007617854381923972,0.46915631592038554
qwen3_8b,debate,communication,retention_target,15,0.22666666666666668,0.40614330100640705,0.10486574939810137,0.0,0.0,0.2,0.0,1.0,0.02112979784638802,0.43220353548694534
qwen3_8b,debate,communication,drr_system,15,0.36000000000000004,0.479285182030788,0.12375090187261548,0.0,0.0,1.0,0.0,1.0,0.11744823232967372,0.6025517676703264
qwen3_8b,debate,communication,irr_system,13,0.1846153846153846,0.3782551031736691,0.10490908997681428,0.0,0.0,0.0,0.0,1.0,-0.021006431739171383,0.3902372009699406
qwen3_8b,debate,communication,retention_system,15,0.24000000000000002,0.40848150858654886,0.10546947199929238,0.0,0.0,0.30000000000000004,0.0,1.0,0.033279834881386944,0.4467201651186131
qwen3_8b,debate,communication,n_scored_probes,15,14.333333333333334,1.7593288763724917,0.4542567625794978,15.0,15.0,15.0,10.0,15.0,13.442990078677518,15.22367658798915
qwen3_8b,debate,full_inference,drr_target,112,0.03035714285714286,0.08988409525133233,0.008493248673395251,0.0,0.0,0.0,0.0,0.6,0.01371037545728817,0.04700391025699755
qwen3_8b,debate,full_inference,irr_target,89,0.27865168539325846,0.39035878313545197,0.04137794825654415,0.0,0.0,0.6,0.0,1.0,0.19755090681043191,0.359752463976085
qwen3_8b,debate,full_inference,retention_target,110,0.4527272727272727,0.4331893860697686,0.04130298736757901,0.5,0.0,1.0,0.0,1.0,0.37177341748681786,0.5336811279677276
qwen3_8b,debate,full_inference,drr_system,112,0.3946428571428572,0.4479863426397765,0.04233073047779355,0.0,0.0,1.0,0.0,1.0,0.3116746254063818,0.47761108887933257
qwen3_8b,debate,full_inference,irr_system,89,0.447191011235955,0.42321547478808264,0.04486075060612527,0.4,0.0,0.8,0.0,1.0,0.3592639400479495,0.5351180824239605
qwen3_8b,debate,full_inference,retention_system,110,0.5218181818181818,0.47783568212925454,0.04555984467168928,0.7,0.0,1.0,0.0,1.0,0.43252088626167084,0.6111154773746929
qwen3_8b,debate,full_inference,n_scored_probes,112,13.883928571428571,2.296670271761782,0.21701494223560017,15.0,15.0,15.0,5.0,15.0,13.458579284646795,14.309277858210347
qwen3_8b,debate,global_context,drr_target,15,0.05333333333333334,0.11872336794093273,0.030654241789392533,0.0,0.0,0.0,0.0,0.4,-0.006748980573876025,0.1134156472405427
qwen3_8b,debate,global_context,irr_target,13,0.0923076923076923,0.15525000516123696,0.043058604163452995,0.0,0.0,0.2,0.0,0.4,0.007912828147324427,0.17670255646806016
qwen3_8b,debate,global_context,retention_target,15,0.22666666666666668,0.376955220278534,0.09732941936031403,0.0,0.0,0.2,0.0,1.0,0.035901004720451185,0.41743232861288215
qwen3_8b,debate,global_context,drr_system,15,0.05333333333333334,0.11872336794093273,0.030654241789392533,0.0,0.0,0.0,0.0,0.4,-0.006748980573876025,0.1134156472405427
qwen3_8b,debate,global_context,irr_system,13,0.0923076923076923,0.15525000516123696,0.043058604163452995,0.0,0.0,0.2,0.0,0.4,0.007912828147324427,0.17670255646806016
qwen3_8b,debate,global_context,retention_system,15,0.22666666666666668,0.376955220278534,0.09732941936031403,0.0,0.0,0.2,0.0,1.0,0.035901004720451185,0.41743232861288215
qwen3_8b,debate,global_context,n_scored_probes,15,14.333333333333334,1.7593288763724917,0.4542567625794978,15.0,15.0,15.0,10.0,15.0,13.442990078677518,15.22367658798915
qwen3_8b,debate,none,drr_target,17,0.29411764705882354,0.46966821831386213,0.11391127488845344,0.0,0.0,1.0,0.0,1.0,0.0708515482774548,0.5173837458401923
qwen3_8b,debate,none,irr_target,13,0.2153846153846154,0.3869671688187381,0.1073253822382377,0.0,0.0,0.2,0.0,1.0,0.005026866197669511,0.4257423645715613
qwen3_8b,debate,none,retention_target,15,0.24000000000000002,0.40848150858654886,0.10546947199929238,0.0,0.0,0.30000000000000004,0.0,1.0,0.033279834881386944,0.4467201651186131
qwen3_8b,debate,none,drr_system,17,0.29411764705882354,0.46966821831386213,0.11391127488845344,0.0,0.0,1.0,0.0,1.0,0.0708515482774548,0.5173837458401923
qwen3_8b,debate,none,irr_system,13,0.2153846153846154,0.3869671688187381,0.1073253822382377,0.0,0.0,0.2,0.0,1.0,0.005026866197669511,0.4257423645715613
qwen3_8b,debate,none,retention_system,15,0.24000000000000002,0.40848150858654886,0.10546947199929238,0.0,0.0,0.30000000000000004,0.0,1.0,0.033279834881386944,0.4467201651186131
qwen3_8b,debate,none,n_scored_probes,17,13.235294117647058,3.509441048171095,0.85116447814634,15.0,15.0,15.0,5.0,15.0,11.567011740480233,14.903576494813883
qwen3_8b,debate,parameter_only,drr_target,10,0.6,0.5163977794943222,0.1632993161855452,1.0,0.0,1.0,0.0,1.0,0.27993334027633143,0.9200666597236685
qwen3_8b,debate,parameter_only,irr_target,8,0.625,0.446414285485707,0.15783128424274537,0.8,0.30000000000000004,1.0,0.0,1.0,0.3156506828842191,0.9343493171157808
qwen3_8b,debate,parameter_only,retention_target,10,0.6,0.5163977794943222,0.1632993161855452,1.0,0.0,1.0,0.0,1.0,0.27993334027633143,0.9200666597236685
qwen3_8b,debate,parameter_only,drr_system,10,0.6599999999999999,0.47187568984497036,0.14922019523732927,1.0,0.15,1.0,0.0,1.0,0.36752841733483455,0.9524715826651653
qwen3_8b,debate,parameter_only,irr_system,8,0.6,0.4535573676110727,0.16035674514745463,0.7,0.30000000000000004,1.0,0.0,1.0,0.28570077951098893,0.914299220489011
qwen3_8b,debate,parameter_only,retention_system,10,0.6,0.5163977794943222,0.1632993161855452,1.0,0.0,1.0,0.0,1.0,0.27993334027633143,0.9200666597236685
qwen3_8b,debate,parameter_only,n_scored_probes,10,14.0,2.1081851067789197,0.6666666666666666,15.0,15.0,15.0,10.0,15.0,12.693333333333333,15.306666666666667
qwen3_8b,debate,parameter_plus_comm,drr_target,10,0.5599999999999999,0.4880801391392834,0.154344492037203,0.8,0.0,1.0,0.0,1.0,0.2574847956070821,0.8625152043929178
qwen3_8b,debate,parameter_plus_comm,irr_target,8,0.725,0.45276925690687087,0.16007810593582122,1.0,0.6000000000000001,1.0,0.0,1.0,0.41124691236579036,1.0387530876342095
qwen3_8b,debate,parameter_plus_comm,retention_target,10,0.6,0.5163977794943222,0.1632993161855452,1.0,0.0,1.0,0.0,1.0,0.27993334027633143,0.9200666597236685
qwen3_8b,debate,parameter_plus_comm,drr_system,10,0.6599999999999999,0.47187568984497036,0.14922019523732927,1.0,0.15,1.0,0.0,1.0,0.36752841733483455,0.9524715826651653
qwen3_8b,debate,parameter_plus_comm,irr_system,8,0.575,0.43342489875080187,0.15323884252089237,0.6000000000000001,0.30000000000000004,1.0,0.0,1.0,0.2746518686590509,0.875348131340949
qwen3_8b,debate,parameter_plus_comm,retention_system,10,0.6,0.5163977794943222,0.1632993161855452,1.0,0.0,1.0,0.0,1.0,0.27993334027633143,0.9200666597236685
qwen3_8b,debate,parameter_plus_comm,n_scored_probes,10,14.0,2.1081851067789197,0.6666666666666666,15.0,15.0,15.0,10.0,15.0,12.693333333333333,15.306666666666667
qwen3_8b,debate,target_context,drr_target,15,0.24000000000000002,0.4084815085865489,0.1054694719992924,0.0,0.0,0.30000000000000004,0.0,1.0,0.033279834881386944,0.4467201651186131
qwen3_8b,debate,target_context,irr_target,13,0.16923076923076924,0.3351233986275686,0.092946507489189,0.0,0.0,0.0,0.0,1.0,-0.012944385448041218,0.3514059239095797
qwen3_8b,debate,target_context,retention_target,15,0.2,0.37032803990902063,0.0956182887467515,0.0,0.0,0.2,0.0,1.0,0.012588154056367068,0.387411845943633
qwen3_8b,debate,target_context,drr_system,15,0.3333333333333333,0.4639375984311848,0.1197881728268962,0.0,0.0,0.9,0.0,1.0,0.09854851459261676,0.5681181520740499
qwen3_8b,debate,target_context,irr_system,13,0.2,0.3829708431025353,0.1062170009087589,0.0,0.0,0.0,0.0,1.0,-0.008185321781167404,0.4081853217811674
qwen3_8b,debate,target_context,retention_system,15,0.32000000000000006,0.41952353926806074,0.10832051206181283,0.0,0.0,0.6000000000000001,0.0,1.0,0.10769179635884693,0.5323082036411532
qwen3_8b,debate,target_context,n_scored_probes,15,14.333333333333334,1.7593288763724917,0.4542567625794978,15.0,15.0,15.0,10.0,15.0,13.442990078677518,15.22367658798915
qwen3_8b,debate,target_context_comm,drr_target,35,0.25142857142857145,0.3890950500625692,0.0657690674108371,0.0,0.0,0.30000000000000004,0.0,1.0,0.12252119930333072,0.3803359435538122
qwen3_8b,debate,target_context_comm,irr_target,29,0.303448275862069,0.39864301844837996,0.07402615012269265,0.0,0.0,0.6,0.0,1.0,0.15835702162159143,0.4485395301025466
qwen3_8b,debate,target_context_comm,retention_target,35,0.38285714285714284,0.4481896357345091,0.07575787551324888,0.0,0.0,1.0,0.0,1.0,0.23437170685117503,0.5313425788631106
qwen3_8b,debate,target_context_comm,drr_system,35,0.48000000000000004,0.4927712749458563,0.08329354792569722,0.4,0.0,1.0,0.0,1.0,0.31674464606563346,0.6432553539343666
qwen3_8b,debate,target_context_comm,irr_system,29,0.42758620689655175,0.43333964881086884,0.08046915263145918,0.6,0.0,0.8,0.0,1.0,0.2698666677388918,0.5853057460542117
qwen3_8b,debate,target_context_comm,retention_system,35,0.4799999999999999,0.483127068902046,0.08166337957141627,0.4,0.0,1.0,0.0,1.0,0.31993977604002405,0.6400602239599757
qwen3_8b,debate,target_context_comm,n_scored_probes,35,14.142857142857142,1.9119263021554858,0.3231745297988136,15.0,15.0,15.0,10.0,15.0,13.509435064451468,14.776279221262817
qwen3_8b,debate,target_context_memory,drr_target,112,0.39999999999999997,0.4460032723186221,0.04214334794557471,0.2,0.0,1.0,0.0,1.0,0.3173990380266735,0.4826009619733264
qwen3_8b,debate,target_context_memory,irr_target,89,0.43146067415730344,0.41219906532964296,0.043693013539002463,0.4,0.0,0.8,0.0,1.0,0.3458223676208586,0.5170989806937483
qwen3_8b,debate,target_context_memory,retention_target,110,0.45454545454545453,0.4342316558502523,0.04140236389193825,0.5,0.0,1.0,0.0,1.0,0.37339682131725555,0.5356940877736535
qwen3_8b,debate,target_context_memory,drr_system,112,0.4339285714285714,0.4625728228869661,0.043709023307715686,0.2,0.0,1.0,0.0,1.0,0.3482588857454486,0.5195982571116942
qwen3_8b,debate,target_context_memory,irr_system,89,0.4584269662921348,0.4201755555079018,0.044538519806887056,0.6,0.0,0.8,0.0,1.0,0.3711314674706362,0.5457224651136334
qwen3_8b,debate,target_context_memory,retention_system,110,0.5218181818181818,0.47783568212925454,0.04555984467168928,0.7,0.0,1.0,0.0,1.0,0.43252088626167084,0.6111154773746929
qwen3_8b,debate,target_context_memory,n_scored_probes,112,13.883928571428571,2.296670271761782,0.21701494223560017,15.0,15.0,15.0,5.0,15.0,13.458579284646795,14.309277858210347
qwen3_8b,debate,target_memory,drr_target,15,0.32,0.4522957313212546,0.11678225566452823,0.0,0.0,0.8,0.0,1.0,0.09110677889752469,0.5488932211024753
qwen3_8b,debate,target_memory,irr_target,13,0.1846153846153846,0.3782551031736691,0.10490908997681428,0.0,0.0,0.0,0.0,1.0,-0.021006431739171383,0.3902372009699406
qwen3_8b,debate,target_memory,retention_target,15,0.24000000000000002,0.40848150858654886,0.10546947199929238,0.0,0.0,0.30000000000000004,0.0,1.0,0.033279834881386944,0.4467201651186131
qwen3_8b,debate,target_memory,drr_system,15,0.3733333333333333,0.45271666741172784,0.11689094089574292,0.0,0.0,0.9,0.0,1.0,0.14422708917767718,0.6024395774889895
qwen3_8b,debate,target_memory,irr_system,13,0.2153846153846154,0.369337591385248,0.1024358172073753,0.0,0.0,0.2,0.0,1.0,0.014610413658159821,0.41615881711107094
qwen3_8b,debate,target_memory,retention_system,15,0.24000000000000002,0.40848150858654886,0.10546947199929238,0.0,0.0,0.30000000000000004,0.0,1.0,0.033279834881386944,0.4467201651186131
qwen3_8b,debate,target_memory,n_scored_probes,15,14.333333333333334,1.7593288763724917,0.4542567625794978,15.0,15.0,15.0,10.0,15.0,13.442990078677518,15.22367658798915
qwen3_8b,debate,target_memory_comm,drr_target,15,0.25333333333333335,0.3888934240098375,0.10041185030931202,0.0,0.0,0.6000000000000001,0.0,1.0,0.056526106727081804,0.4501405599395849
qwen3_8b,debate,target_memory_comm,irr_target,13,0.23076923076923078,0.4385290096535146,0.12162606385262997,0.0,0.0,0.0,0.0,1.0,-0.007617854381923972,0.46915631592038554
qwen3_8b,debate,target_memory_comm,retention_target,15,0.22666666666666666,0.4131182235954578,0.10666666666666666,0.0,0.0,0.2,0.0,1.0,0.017600000000000005,0.4357333333333333
qwen3_8b,debate,target_memory_comm,drr_system,15,0.3733333333333333,0.45271666741172784,0.11689094089574292,0.0,0.0,0.9,0.0,1.0,0.14422708917767718,0.6024395774889895
qwen3_8b,debate,target_memory_comm,irr_system,13,0.21538461538461537,0.41199950211570613,0.11426810233413945,0.0,0.0,0.0,0.0,1.0,-0.008580865190297937,0.4393500959595287
qwen3_8b,debate,target_memory_comm,retention_system,15,0.24000000000000002,0.40848150858654886,0.10546947199929238,0.0,0.0,0.30000000000000004,0.0,1.0,0.033279834881386944,0.4467201651186131
qwen3_8b,debate,target_memory_comm,n_scored_probes,15,14.333333333333334,1.7593288763724917,0.4542567625794978,15.0,15.0,15.0,10.0,15.0,13.442990078677518,15.22367658798915
qwen3_8b,hierarchical,communication,drr_target,15,0.44000000000000006,0.4792851820307881,0.1237509018726155,0.2,0.0,1.0,0.0,1.0,0.19744823232967368,0.6825517676703264
qwen3_8b,hierarchical,communication,irr_target,13,0.24615384615384617,0.4332347027793453,0.12015768732164082,0.0,0.0,0.2,0.0,1.0,0.010644779003430166,0.48166291330426214
qwen3_8b,hierarchical,communication,retention_target,15,0.4266666666666667,0.4589843860815602,0.1185092588975412,0.4,0.0,1.0,0.0,1.0,0.19438851922748596,0.6589448141058474
qwen3_8b,hierarchical,communication,drr_system,15,0.37333333333333335,0.4712698145385912,0.12168134288521477,0.0,0.0,1.0,0.0,1.0,0.13483790127831238,0.6118287653883543
qwen3_8b,hierarchical,communication,irr_system,13,0.24615384615384617,0.4332347027793453,0.12015768732164082,0.0,0.0,0.2,0.0,1.0,0.010644779003430166,0.48166291330426214
qwen3_8b,hierarchical,communication,retention_system,15,0.29333333333333333,0.45271666741172784,0.11689094089574292,0.0,0.0,0.7,0.0,1.0,0.06422708917767722,0.5224395774889894
qwen3_8b,hierarchical,communication,n_scored_probes,15,14.333333333333334,1.7593288763724917,0.4542567625794978,15.0,15.0,15.0,10.0,15.0,13.442990078677518,15.22367658798915
qwen3_8b,hierarchical,full_inference,drr_target,65,0.03384615384615385,0.16419969080829128,0.020366465069036502,0.0,0.0,0.0,0.0,1.0,-0.006072117689157691,0.0737644253814654
qwen3_8b,hierarchical,full_inference,irr_target,53,0.045283018867924525,0.12795136957190634,0.017575472282404185,0.0,0.0,0.0,0.0,0.6,0.010835093194412324,0.07973094454143673
qwen3_8b,hierarchical,full_inference,retention_target,65,0.5292307692307693,0.47359102772166356,0.05874173742728701,0.8,0.0,1.0,0.0,1.0,0.41409696387328676,0.6443645745882518
qwen3_8b,hierarchical,full_inference,drr_system,65,0.5415384615384616,0.4895445292859948,0.060720525759587356,1.0,0.0,1.0,0.0,1.0,0.4225262310496704,0.6605506920272528
qwen3_8b,hierarchical,full_inference,irr_system,53,0.6264150943396227,0.48522435072552794,0.06665069045729499,1.0,0.0,1.0,0.0,1.0,0.49577974104332456,0.7570504476359209
qwen3_8b,hierarchical,full_inference,retention_system,65,0.5323076923076924,0.4990953354281663,0.06190515746454458,1.0,0.0,1.0,0.0,1.0,0.410973583677185,0.6536418009381998
qwen3_8b,hierarchical,full_inference,n_scored_probes,65,14.076923076923077,1.9550231161332556,0.24249077332535565,15.0,15.0,15.0,10.0,15.0,13.601641161205379,14.552204992640775
qwen3_8b,hierarchical,global_context,drr_target,15,0.16,0.29471535904520285,0.07609517849690733,0.0,0.0,0.2,0.0,1.0,0.010853450146061622,0.3091465498539384
qwen3_8b,hierarchical,global_context,irr_target,13,0.07692307692307693,0.19215378456610452,0.05329387100211929,0.0,0.0,0.0,0.0,0.6,-0.027532910241076874,0.18137906408723073
qwen3_8b,hierarchical,global_context,retention_target,15,0.52,0.4828486896977739,0.12467099559583673,0.8,0.0,1.0,0.0,1.0,0.27564484863216,0.76435515136784
qwen3_8b,hierarchical,global_context,drr_system,15,0.10666666666666666,0.27115274205474954,0.0700113369504347,0.0,0.0,0.0,0.0,1.0,-0.03055555375618535,0.24388888708951867
qwen3_8b,hierarchical,global_context,irr_system,13,0.07692307692307693,0.19215378456610452,0.05329387100211929,0.0,0.0,0.0,0.0,0.6,-0.027532910241076874,0.18137906408723073
qwen3_8b,hierarchical,global_context,retention_system,15,0.38666666666666666,0.43072474914243025,0.11121265201519998,0.2,0.0,0.8,0.0,1.0,0.16868986871687472,0.6046434646164586
qwen3_8b,hierarchical,global_context,n_scored_probes,15,14.333333333333334,1.7593288763724917,0.4542567625794978,15.0,15.0,15.0,10.0,15.0,13.442990078677518,15.22367658798915
qwen3_8b,hierarchical,none,drr_target,15,0.44000000000000006,0.4792851820307881,0.1237509018726155,0.2,0.0,1.0,0.0,1.0,0.19744823232967368,0.6825517676703264
qwen3_8b,hierarchical,none,irr_target,13,0.24615384615384617,0.4332347027793453,0.12015768732164082,0.0,0.0,0.2,0.0,1.0,0.010644779003430166,0.48166291330426214
qwen3_8b,hierarchical,none,retention_target,15,0.4266666666666667,0.4589843860815602,0.1185092588975412,0.4,0.0,1.0,0.0,1.0,0.19438851922748596,0.6589448141058474
qwen3_8b,hierarchical,none,drr_system,15,0.37333333333333335,0.4712698145385912,0.12168134288521477,0.0,0.0,1.0,0.0,1.0,0.13483790127831238,0.6118287653883543
qwen3_8b,hierarchical,none,irr_system,13,0.24615384615384617,0.4332347027793453,0.12015768732164082,0.0,0.0,0.2,0.0,1.0,0.010644779003430166,0.48166291330426214
qwen3_8b,hierarchical,none,retention_system,15,0.29333333333333333,0.45271666741172784,0.11689094089574292,0.0,0.0,0.7,0.0,1.0,0.06422708917767722,0.5224395774889894
qwen3_8b,hierarchical,none,n_scored_probes,15,14.333333333333334,1.7593288763724917,0.4542567625794978,15.0,15.0,15.0,10.0,15.0,13.442990078677518,15.22367658798915
qwen3_8b,hierarchical,parameter_only,drr_target,10,0.62,0.4939635614091388,0.15620499351813308,1.0,0.05,1.0,0.0,1.0,0.31383821270445916,0.9261617872955408
qwen3_8b,hierarchical,parameter_only,irr_target,8,0.75,0.4629100498862757,0.16366341767699427,1.0,0.75,1.0,0.0,1.0,0.42921970135309123,1.0707802986469088
qwen3_8b,hierarchical,parameter_only,retention_target,10,0.6,0.5163977794943222,0.1632993161855452,1.0,0.0,1.0,0.0,1.0,0.27993334027633143,0.9200666597236685
qwen3_8b,hierarchical,parameter_only,drr_system,10,0.66,0.4526465385804788,0.14313940369055925,1.0,0.25,1.0,0.0,1.0,0.3794467687665039,0.9405532312334961
qwen3_8b,hierarchical,parameter_only,irr_system,8,0.75,0.4629100498862757,0.16366341767699427,1.0,0.75,1.0,0.0,1.0,0.42921970135309123,1.0707802986469088
qwen3_8b,hierarchical,parameter_only,retention_system,10,0.6,0.5163977794943222,0.1632993161855452,1.0,0.0,1.0,0.0,1.0,0.27993334027633143,0.9200666597236685
qwen3_8b,hierarchical,parameter_only,n_scored_probes,10,14.0,2.1081851067789197,0.6666666666666666,15.0,15.0,15.0,10.0,15.0,12.693333333333333,15.306666666666667
qwen3_8b,hierarchical,parameter_plus_comm,drr_target,10,0.62,0.4939635614091388,0.15620499351813308,1.0,0.05,1.0,0.0,1.0,0.31383821270445916,0.9261617872955408
qwen3_8b,hierarchical,parameter_plus_comm,irr_target,8,0.75,0.4629100498862757,0.16366341767699427,1.0,0.75,1.0,0.0,1.0,0.42921970135309123,1.0707802986469088
qwen3_8b,hierarchical,parameter_plus_comm,retention_target,10,0.6,0.5163977794943222,0.1632993161855452,1.0,0.0,1.0,0.0,1.0,0.27993334027633143,0.9200666597236685
qwen3_8b,hierarchical,parameter_plus_comm,drr_system,10,0.66,0.4526465385804788,0.14313940369055925,1.0,0.25,1.0,0.0,1.0,0.3794467687665039,0.9405532312334961
qwen3_8b,hierarchical,parameter_plus_comm,irr_system,8,0.75,0.4629100498862757,0.16366341767699427,1.0,0.75,1.0,0.0,1.0,0.42921970135309123,1.0707802986469088
qwen3_8b,hierarchical,parameter_plus_comm,retention_system,10,0.6,0.5163977794943222,0.1632993161855452,1.0,0.0,1.0,0.0,1.0,0.27993334027633143,0.9200666597236685
qwen3_8b,hierarchical,parameter_plus_comm,n_scored_probes,10,14.0,2.1081851067789197,0.6666666666666666,15.0,15.0,15.0,10.0,15.0,12.693333333333333,15.306666666666667
qwen3_8b,hierarchical,target_context,drr_target,15,0.16,0.29471535904520285,0.07609517849690733,0.0,0.0,0.2,0.0,1.0,0.010853450146061622,0.3091465498539384
qwen3_8b,hierarchical,target_context,irr_target,13,0.07692307692307693,0.19215378456610452,0.05329387100211929,0.0,0.0,0.0,0.0,0.6,-0.027532910241076874,0.18137906408723073
qwen3_8b,hierarchical,target_context,retention_target,15,0.52,0.4828486896977739,0.12467099559583673,0.8,0.0,1.0,0.0,1.0,0.27564484863216,0.76435515136784
qwen3_8b,hierarchical,target_context,drr_system,15,0.3466666666666667,0.45648762566027173,0.11786459812879986,0.0,0.0,0.9,0.0,1.0,0.11565205433421896,0.5776812789991144
qwen3_8b,hierarchical,target_context,irr_system,13,0.24615384615384617,0.4332347027793453,0.12015768732164082,0.0,0.0,0.2,0.0,1.0,0.010644779003430166,0.48166291330426214
qwen3_8b,hierarchical,target_context,retention_system,15,0.30666666666666664,0.4589843860815602,0.1185092588975412,0.0,0.0,0.8,0.0,1.0,0.0743885192274859,0.5389448141058474
qwen3_8b,hierarchical,target_context,n_scored_probes,15,14.333333333333334,1.7593288763724917,0.4542567625794978,15.0,15.0,15.0,10.0,15.0,13.442990078677518,15.22367658798915
qwen3_8b,hierarchical,target_context_comm,drr_target,15,0.16,0.29471535904520285,0.07609517849690733,0.0,0.0,0.2,0.0,1.0,0.010853450146061622,0.3091465498539384
qwen3_8b,hierarchical,target_context_comm,irr_target,13,0.07692307692307693,0.19215378456610452,0.05329387100211929,0.0,0.0,0.0,0.0,0.6,-0.027532910241076874,0.18137906408723073
qwen3_8b,hierarchical,target_context_comm,retention_target,15,0.52,0.4828486896977739,0.12467099559583673,0.8,0.0,1.0,0.0,1.0,0.27564484863216,0.76435515136784
qwen3_8b,hierarchical,target_context_comm,drr_system,15,0.3466666666666667,0.45648762566027173,0.11786459812879986,0.0,0.0,0.9,0.0,1.0,0.11565205433421896,0.5776812789991144
qwen3_8b,hierarchical,target_context_comm,irr_system,13,0.24615384615384617,0.4332347027793453,0.12015768732164082,0.0,0.0,0.2,0.0,1.0,0.010644779003430166,0.48166291330426214
qwen3_8b,hierarchical,target_context_comm,retention_system,15,0.30666666666666664,0.4589843860815602,0.1185092588975412,0.0,0.0,0.8,0.0,1.0,0.0743885192274859,0.5389448141058474
qwen3_8b,hierarchical,target_context_comm,n_scored_probes,15,14.333333333333334,1.7593288763724917,0.4542567625794978,15.0,15.0,15.0,10.0,15.0,13.442990078677518,15.22367658798915
qwen3_8b,hierarchical,target_context_memory,drr_target,65,0.03384615384615385,0.16419969080829128,0.020366465069036502,0.0,0.0,0.0,0.0,1.0,-0.006072117689157691,0.0737644253814654
qwen3_8b,hierarchical,target_context_memory,irr_target,53,0.045283018867924525,0.12795136957190634,0.017575472282404185,0.0,0.0,0.0,0.0,0.6,0.010835093194412324,0.07973094454143673
qwen3_8b,hierarchical,target_context_memory,retention_target,65,0.5292307692307693,0.47359102772166356,0.05874173742728701,0.8,0.0,1.0,0.0,1.0,0.41409696387328676,0.6443645745882518
qwen3_8b,hierarchical,target_context_memory,drr_system,65,0.5415384615384616,0.4895445292859948,0.060720525759587356,1.0,0.0,1.0,0.0,1.0,0.4225262310496704,0.6605506920272528
qwen3_8b,hierarchical,target_context_memory,irr_system,53,0.6264150943396227,0.48522435072552794,0.06665069045729499,1.0,0.0,1.0,0.0,1.0,0.49577974104332456,0.7570504476359209
qwen3_8b,hierarchical,target_context_memory,retention_system,65,0.5323076923076924,0.4990953354281663,0.06190515746454458,1.0,0.0,1.0,0.0,1.0,0.410973583677185,0.6536418009381998
qwen3_8b,hierarchical,target_context_memory,n_scored_probes,65,14.076923076923077,1.9550231161332556,0.24249077332535565,15.0,15.0,15.0,10.0,15.0,13.601641161205379,14.552204992640775
qwen3_8b,hierarchical,target_memory,drr_target,15,0.41333333333333333,0.4983783225431785,0.12868072955470125,0.0,0.0,1.0,0.0,1.0,0.1611191034061189,0.6655475632605478
qwen3_8b,hierarchical,target_memory,irr_target,13,0.23076923076923078,0.4385290096535146,0.12162606385262997,0.0,0.0,0.0,0.0,1.0,-0.007617854381923972,0.46915631592038554
qwen3_8b,hierarchical,target_memory,retention_target,15,0.4933333333333333,0.4891197146283262,0.12629016727048212,0.6,0.0,1.0,0.0,1.0,0.24580460548318833,0.7408620611834782
qwen3_8b,hierarchical,target_memory,drr_system,15,0.3466666666666667,0.48087222340045305,0.1241606741922458,0.0,0.0,1.0,0.0,1.0,0.10331174524986492,0.5900215880834685
qwen3_8b,hierarchical,target_memory,irr_system,13,0.24615384615384617,0.4332347027793453,0.12015768732164082,0.0,0.0,0.2,0.0,1.0,0.010644779003430166,0.48166291330426214
qwen3_8b,hierarchical,target_memory,retention_system,15,0.30666666666666664,0.4589843860815602,0.1185092588975412,0.0,0.0,0.8,0.0,1.0,0.0743885192274859,0.5389448141058474
qwen3_8b,hierarchical,target_memory,n_scored_probes,15,14.333333333333334,1.7593288763724917,0.4542567625794978,15.0,15.0,15.0,10.0,15.0,13.442990078677518,15.22367658798915
qwen3_8b,hierarchical,target_memory_comm,drr_target,15,0.41333333333333333,0.4983783225431785,0.12868072955470125,0.0,0.0,1.0,0.0,1.0,0.1611191034061189,0.6655475632605478
qwen3_8b,hierarchical,target_memory_comm,irr_target,13,0.23076923076923078,0.4385290096535146,0.12162606385262997,0.0,0.0,0.0,0.0,1.0,-0.007617854381923972,0.46915631592038554
qwen3_8b,hierarchical,target_memory_comm,retention_target,15,0.4933333333333333,0.4891197146283262,0.12629016727048212,0.6,0.0,1.0,0.0,1.0,0.24580460548318833,0.7408620611834782
qwen3_8b,hierarchical,target_memory_comm,drr_system,15,0.3466666666666667,0.48087222340045305,0.1241606741922458,0.0,0.0,1.0,0.0,1.0,0.10331174524986492,0.5900215880834685
qwen3_8b,hierarchical,target_memory_comm,irr_system,13,0.24615384615384617,0.4332347027793453,0.12015768732164082,0.0,0.0,0.2,0.0,1.0,0.010644779003430166,0.48166291330426214
qwen3_8b,hierarchical,target_memory_comm,retention_system,15,0.30666666666666664,0.4589843860815602,0.1185092588975412,0.0,0.0,0.8,0.0,1.0,0.0743885192274859,0.5389448141058474
qwen3_8b,hierarchical,target_memory_comm,n_scored_probes,15,14.333333333333334,1.7593288763724917,0.4542567625794978,15.0,15.0,15.0,10.0,15.0,13.442990078677518,15.22367658798915
qwen3_8b,independent,communication,drr_target,15,0.5066666666666667,0.4712698145385911,0.12168134288521476,0.4,0.0,1.0,0.0,1.0,0.26817123461164577,0.7451620987216876
qwen3_8b,independent,communication,irr_target,13,0.26153846153846155,0.43500663124919053,0.12064913185660095,0.0,0.0,0.4,0.0,1.0,0.025066163099523697,0.4980107599773994
qwen3_8b,independent,communication,retention_target,15,0.56,0.496847202726495,0.1282853961179637,1.0,0.0,1.0,0.0,1.0,0.3085606236087912,0.8114393763912089
qwen3_8b,independent,communication,drr_system,15,0.5066666666666667,0.4712698145385911,0.12168134288521476,0.4,0.0,1.0,0.0,1.0,0.26817123461164577,0.7451620987216876
qwen3_8b,independent,communication,irr_system,13,0.26153846153846155,0.43500663124919053,0.12064913185660095,0.0,0.0,0.4,0.0,1.0,0.025066163099523697,0.4980107599773994
qwen3_8b,independent,communication,retention_system,15,0.56,0.496847202726495,0.1282853961179637,1.0,0.0,1.0,0.0,1.0,0.3085606236087912,0.8114393763912089
qwen3_8b,independent,communication,n_scored_probes,15,14.333333333333334,1.7593288763724917,0.4542567625794978,15.0,15.0,15.0,10.0,15.0,13.442990078677518,15.22367658798915
qwen3_8b,independent,full_inference,drr_target,67,0.041791044776119404,0.1793500502499218,0.021911095984308366,0.0,0.0,0.0,0.0,1.0,-0.0011547033531249945,0.0847367929053638
qwen3_8b,independent,full_inference,irr_target,53,0.09056603773584906,0.198323891015329,0.027241881514363932,0.0,0.0,0.0,0.0,0.8,0.03717194996769576,0.14396012550400236
qwen3_8b,independent,full_inference,retention_target,65,0.5476923076923077,0.4733879527894155,0.058716549081963894,0.8,0.0,1.0,0.0,1.0,0.43260787149165847,0.6627767438929569
qwen3_8b,independent,full_inference,drr_system,67,0.041791044776119404,0.1793500502499218,0.021911095984308366,0.0,0.0,0.0,0.0,1.0,-0.0011547033531249945,0.0847367929053638
qwen3_8b,independent,full_inference,irr_system,53,0.09056603773584906,0.198323891015329,0.027241881514363932,0.0,0.0,0.0,0.0,0.8,0.03717194996769576,0.14396012550400236
qwen3_8b,independent,full_inference,retention_system,65,0.5476923076923077,0.4733879527894155,0.058716549081963894,0.8,0.0,1.0,0.0,1.0,0.43260787149165847,0.6627767438929569
qwen3_8b,independent,full_inference,n_scored_probes,67,13.805970149253731,2.475570371805677,0.30243905678843147,15.0,15.0,15.0,5.0,15.0,13.213189597948405,14.398750700559058
qwen3_8b,independent,global_context,drr_target,15,0.18666666666666668,0.31592645316516915,0.08157185944900518,0.0,0.0,0.2,0.0,1.0,0.02678582214661654,0.3465475111867168
qwen3_8b,independent,global_context,irr_target,13,0.1076923076923077,0.2396578758061112,0.06646913536828573,0.0,0.0,0.0,0.0,0.8,-0.022587197629532346,0.23797181301414774
qwen3_8b,independent,global_context,retention_target,15,0.52,0.46475800154489,0.11999999999999998,0.8,0.0,1.0,0.0,1.0,0.28480000000000005,0.7552
qwen3_8b,independent,global_context,drr_system,15,0.18666666666666668,0.31592645316516915,0.08157185944900518,0.0,0.0,0.2,0.0,1.0,0.02678582214661654,0.3465475111867168
qwen3_8b,independent,global_context,irr_system,13,0.1076923076923077,0.2396578758061112,0.06646913536828573,0.0,0.0,0.0,0.0,0.8,-0.022587197629532346,0.23797181301414774
qwen3_8b,independent,global_context,retention_system,15,0.52,0.46475800154489,0.11999999999999998,0.8,0.0,1.0,0.0,1.0,0.28480000000000005,0.7552
qwen3_8b,independent,global_context,n_scored_probes,15,14.333333333333334,1.7593288763724917,0.4542567625794978,15.0,15.0,15.0,10.0,15.0,13.442990078677518,15.22367658798915
qwen3_8b,independent,none,drr_target,17,0.47058823529411764,0.4579365483917408,0.11106592699117179,0.4,0.0,1.0,0.0,1.0,0.2528990183914209,0.6882774521968144
qwen3_8b,independent,none,irr_target,13,0.26153846153846155,0.43500663124919053,0.12064913185660095,0.0,0.0,0.4,0.0,1.0,0.025066163099523697,0.4980107599773994
qwen3_8b,independent,none,retention_target,15,0.56,0.496847202726495,0.1282853961179637,1.0,0.0,1.0,0.0,1.0,0.3085606236087912,0.8114393763912089
qwen3_8b,independent,none,drr_system,17,0.47058823529411764,0.4579365483917408,0.11106592699117179,0.4,0.0,1.0,0.0,1.0,0.2528990183914209,0.6882774521968144
qwen3_8b,independent,none,irr_system,13,0.26153846153846155,0.43500663124919053,0.12064913185660095,0.0,0.0,0.4,0.0,1.0,0.025066163099523697,0.4980107599773994
qwen3_8b,independent,none,retention_system,15,0.56,0.496847202726495,0.1282853961179637,1.0,0.0,1.0,0.0,1.0,0.3085606236087912,0.8114393763912089
qwen3_8b,independent,none,n_scored_probes,17,13.235294117647058,3.509441048171095,0.85116447814634,15.0,15.0,15.0,5.0,15.0,11.567011740480233,14.903576494813883
qwen3_8b,independent,parameter_only,drr_target,10,0.6599999999999999,0.4623610902506587,0.14621141466307538,0.9,0.2,1.0,0.0,1.0,0.37342562726037215,0.9465743727396276
qwen3_8b,independent,parameter_only,irr_target,8,0.75,0.4629100498862757,0.16366341767699427,1.0,0.75,1.0,0.0,1.0,0.42921970135309123,1.0707802986469088
qwen3_8b,independent,parameter_only,retention_target,10,0.6,0.5163977794943222,0.1632993161855452,1.0,0.0,1.0,0.0,1.0,0.27993334027633143,0.9200666597236685
qwen3_8b,independent,parameter_only,drr_system,10,0.6599999999999999,0.4623610902506587,0.14621141466307538,0.9,0.2,1.0,0.0,1.0,0.37342562726037215,0.9465743727396276
qwen3_8b,independent,parameter_only,irr_system,8,0.75,0.4629100498862757,0.16366341767699427,1.0,0.75,1.0,0.0,1.0,0.42921970135309123,1.0707802986469088
qwen3_8b,independent,parameter_only,retention_system,10,0.6,0.5163977794943222,0.1632993161855452,1.0,0.0,1.0,0.0,1.0,0.27993334027633143,0.9200666597236685
qwen3_8b,independent,parameter_only,n_scored_probes,10,14.0,2.1081851067789197,0.6666666666666666,15.0,15.0,15.0,10.0,15.0,12.693333333333333,15.306666666666667
qwen3_8b,independent,parameter_plus_comm,drr_target,10,0.6599999999999999,0.4623610902506587,0.14621141466307538,0.9,0.2,1.0,0.0,1.0,0.37342562726037215,0.9465743727396276
qwen3_8b,independent,parameter_plus_comm,irr_target,8,0.75,0.4629100498862757,0.16366341767699427,1.0,0.75,1.0,0.0,1.0,0.42921970135309123,1.0707802986469088
qwen3_8b,independent,parameter_plus_comm,retention_target,10,0.6,0.5163977794943222,0.1632993161855452,1.0,0.0,1.0,0.0,1.0,0.27993334027633143,0.9200666597236685
qwen3_8b,independent,parameter_plus_comm,drr_system,10,0.6599999999999999,0.4623610902506587,0.14621141466307538,0.9,0.2,1.0,0.0,1.0,0.37342562726037215,0.9465743727396276
qwen3_8b,independent,parameter_plus_comm,irr_system,8,0.75,0.4629100498862757,0.16366341767699427,1.0,0.75,1.0,0.0,1.0,0.42921970135309123,1.0707802986469088
qwen3_8b,independent,parameter_plus_comm,retention_system,10,0.6,0.5163977794943222,0.1632993161855452,1.0,0.0,1.0,0.0,1.0,0.27993334027633143,0.9200666597236685
qwen3_8b,independent,parameter_plus_comm,n_scored_probes,10,14.0,2.1081851067789197,0.6666666666666666,15.0,15.0,15.0,10.0,15.0,12.693333333333333,15.306666666666667
qwen3_8b,independent,target_context,drr_target,15,0.18666666666666668,0.31592645316516915,0.08157185944900518,0.0,0.0,0.2,0.0,1.0,0.02678582214661654,0.3465475111867168
qwen3_8b,independent,target_context,irr_target,13,0.1076923076923077,0.2396578758061112,0.06646913536828573,0.0,0.0,0.0,0.0,0.8,-0.022587197629532346,0.23797181301414774
qwen3_8b,independent,target_context,retention_target,15,0.52,0.46475800154489,0.11999999999999998,0.8,0.0,1.0,0.0,1.0,0.28480000000000005,0.7552
qwen3_8b,independent,target_context,drr_system,15,0.18666666666666668,0.31592645316516915,0.08157185944900518,0.0,0.0,0.2,0.0,1.0,0.02678582214661654,0.3465475111867168
qwen3_8b,independent,target_context,irr_system,13,0.1076923076923077,0.2396578758061112,0.06646913536828573,0.0,0.0,0.0,0.0,0.8,-0.022587197629532346,0.23797181301414774
qwen3_8b,independent,target_context,retention_system,15,0.52,0.46475800154489,0.11999999999999998,0.8,0.0,1.0,0.0,1.0,0.28480000000000005,0.7552
qwen3_8b,independent,target_context,n_scored_probes,15,14.333333333333334,1.7593288763724917,0.4542567625794978,15.0,15.0,15.0,10.0,15.0,13.442990078677518,15.22367658798915
qwen3_8b,independent,target_context_comm,drr_target,15,0.18666666666666668,0.31592645316516915,0.08157185944900518,0.0,0.0,0.2,0.0,1.0,0.02678582214661654,0.3465475111867168
qwen3_8b,independent,target_context_comm,irr_target,13,0.1076923076923077,0.2396578758061112,0.06646913536828573,0.0,0.0,0.0,0.0,0.8,-0.022587197629532346,0.23797181301414774
qwen3_8b,independent,target_context_comm,retention_target,15,0.52,0.46475800154489,0.11999999999999998,0.8,0.0,1.0,0.0,1.0,0.28480000000000005,0.7552
qwen3_8b,independent,target_context_comm,drr_system,15,0.18666666666666668,0.31592645316516915,0.08157185944900518,0.0,0.0,0.2,0.0,1.0,0.02678582214661654,0.3465475111867168
qwen3_8b,independent,target_context_comm,irr_system,13,0.1076923076923077,0.2396578758061112,0.06646913536828573,0.0,0.0,0.0,0.0,0.8,-0.022587197629532346,0.23797181301414774
qwen3_8b,independent,target_context_comm,retention_system,15,0.52,0.46475800154489,0.11999999999999998,0.8,0.0,1.0,0.0,1.0,0.28480000000000005,0.7552
qwen3_8b,independent,target_context_comm,n_scored_probes,15,14.333333333333334,1.7593288763724917,0.4542567625794978,15.0,15.0,15.0,10.0,15.0,13.442990078677518,15.22367658798915
qwen3_8b,independent,target_context_memory,drr_target,67,0.041791044776119404,0.1793500502499218,0.021911095984308366,0.0,0.0,0.0,0.0,1.0,-0.0011547033531249945,0.0847367929053638
qwen3_8b,independent,target_context_memory,irr_target,53,0.09056603773584906,0.198323891015329,0.027241881514363932,0.0,0.0,0.0,0.0,0.8,0.03717194996769576,0.14396012550400236
qwen3_8b,independent,target_context_memory,retention_target,65,0.5476923076923077,0.4733879527894155,0.058716549081963894,0.8,0.0,1.0,0.0,1.0,0.43260787149165847,0.6627767438929569
qwen3_8b,independent,target_context_memory,drr_system,67,0.041791044776119404,0.1793500502499218,0.021911095984308366,0.0,0.0,0.0,0.0,1.0,-0.0011547033531249945,0.0847367929053638
qwen3_8b,independent,target_context_memory,irr_system,53,0.09056603773584906,0.198323891015329,0.027241881514363932,0.0,0.0,0.0,0.0,0.8,0.03717194996769576,0.14396012550400236
qwen3_8b,independent,target_context_memory,retention_system,65,0.5476923076923077,0.4733879527894155,0.058716549081963894,0.8,0.0,1.0,0.0,1.0,0.43260787149165847,0.6627767438929569
qwen3_8b,independent,target_context_memory,n_scored_probes,67,13.805970149253731,2.475570371805677,0.30243905678843147,15.0,15.0,15.0,5.0,15.0,13.213189597948405,14.398750700559058
qwen3_8b,independent,target_memory,drr_target,15,0.46666666666666673,0.4700557211144025,0.12136786531103994,0.4,0.0,1.0,0.0,1.0,0.22878565065702847,0.704547682676305
qwen3_8b,independent,target_memory,irr_target,13,0.24615384615384617,0.4332347027793453,0.12015768732164082,0.0,0.0,0.2,0.0,1.0,0.010644779003430166,0.48166291330426214
qwen3_8b,independent,target_memory,retention_target,15,0.5333333333333333,0.48205907561309574,0.12446711811584411,0.6,0.0,1.0,0.0,1.0,0.2893777818262789,0.7772888848403878
qwen3_8b,independent,target_memory,drr_system,15,0.46666666666666673,0.4700557211144025,0.12136786531103994,0.4,0.0,1.0,0.0,1.0,0.22878565065702847,0.704547682676305
qwen3_8b,independent,target_memory,irr_system,13,0.24615384615384617,0.4332347027793453,0.12015768732164082,0.0,0.0,0.2,0.0,1.0,0.010644779003430166,0.48166291330426214
qwen3_8b,independent,target_memory,retention_system,15,0.5333333333333333,0.48205907561309574,0.12446711811584411,0.6,0.0,1.0,0.0,1.0,0.2893777818262789,0.7772888848403878
qwen3_8b,independent,target_memory,n_scored_probes,15,14.333333333333334,1.7593288763724917,0.4542567625794978,15.0,15.0,15.0,10.0,15.0,13.442990078677518,15.22367658798915
qwen3_8b,independent,target_memory_comm,drr_target,15,0.46666666666666673,0.4700557211144025,0.12136786531103994,0.4,0.0,1.0,0.0,1.0,0.22878565065702847,0.704547682676305
qwen3_8b,independent,target_memory_comm,irr_target,13,0.24615384615384617,0.4332347027793453,0.12015768732164082,0.0,0.0,0.2,0.0,1.0,0.010644779003430166,0.48166291330426214
qwen3_8b,independent,target_memory_comm,retention_target,15,0.5333333333333333,0.48205907561309574,0.12446711811584411,0.6,0.0,1.0,0.0,1.0,0.2893777818262789,0.7772888848403878
qwen3_8b,independent,target_memory_comm,drr_system,15,0.46666666666666673,0.4700557211144025,0.12136786531103994,0.4,0.0,1.0,0.0,1.0,0.22878565065702847,0.704547682676305
qwen3_8b,independent,target_memory_comm,irr_system,13,0.24615384615384617,0.4332347027793453,0.12015768732164082,0.0,0.0,0.2,0.0,1.0,0.010644779003430166,0.48166291330426214
qwen3_8b,independent,target_memory_comm,retention_system,15,0.5333333333333333,0.48205907561309574,0.12446711811584411,0.6,0.0,1.0,0.0,1.0,0.2893777818262789,0.7772888848403878
qwen3_8b,independent,target_memory_comm,n_scored_probes,15,14.333333333333334,1.7593288763724917,0.4542567625794978,15.0,15.0,15.0,10.0,15.0,13.442990078677518,15.22367658798915
qwen3_8b,scratchpad,communication,drr_target,15,0.4666666666666666,0.45773770821706344,0.11818736805705576,0.4,0.0,1.0,0.0,1.0,0.23501942527483732,0.6983139080584959
qwen3_8b,scratchpad,communication,irr_target,13,0.24615384615384617,0.40128000327158225,0.11129504827800364,0.0,0.0,0.2,0.0,1.0,0.028015551528959043,0.46429214077873326
qwen3_8b,scratchpad,communication,retention_target,15,0.41333333333333333,0.4437931736207543,0.11458690470624788,0.4,0.0,0.9,0.0,1.0,0.18874300010908748,0.6379236665575791
qwen3_8b,scratchpad,communication,drr_system,15,0.44000000000000006,0.4852098220652292,0.12528063735165978,0.2,0.0,1.0,0.0,1.0,0.1944499507907469,0.6855500492092532
qwen3_8b,scratchpad,communication,irr_system,13,0.24615384615384617,0.40128000327158225,0.11129504827800364,0.0,0.0,0.2,0.0,1.0,0.028015551528959043,0.46429214077873326
qwen3_8b,scratchpad,communication,retention_system,15,0.36000000000000004,0.42895221179054427,0.11075498483890764,0.2,0.0,0.7,0.0,1.0,0.1429202297157411,0.5770797702842589
qwen3_8b,scratchpad,communication,n_scored_probes,15,14.333333333333334,1.7593288763724917,0.4542567625794978,15.0,15.0,15.0,10.0,15.0,13.442990078677518,15.22367658798915
qwen3_8b,scratchpad,full_inference,drr_target,97,0.06391752577319587,0.1671984642886444,0.016976431953170546,0.0,0.0,0.0,0.0,1.0,0.030643719144981603,0.09719133240141015
qwen3_8b,scratchpad,full_inference,irr_target,77,0.26753246753246757,0.3847218949214993,0.04384312892189831,0.0,0.0,0.4,0.0,1.0,0.18159993484554687,0.35346500021938826
qwen3_8b,scratchpad,full_inference,retention_target,95,0.5936842105263159,0.4282101607497386,0.04393343550721358,0.8,0.2,1.0,0.0,1.0,0.5075746769321773,0.6797937441204546
qwen3_8b,scratchpad,full_inference,drr_system,97,0.42474226804123716,0.4530063759289734,0.04599582865805618,0.2,0.0,1.0,0.0,1.0,0.33459044387144704,0.5148940922110272
qwen3_8b,scratchpad,full_inference,irr_system,77,0.49090909090909096,0.4606008142066695,0.052490334304770646,0.6,0.0,1.0,0.0,1.0,0.3880280356717405,0.5937901461464414
qwen3_8b,scratchpad,full_inference,retention_system,95,0.5663157894736842,0.48347380538424345,0.04960336581244646,1.0,0.0,1.0,0.0,1.0,0.46909319248128917,0.6635383864660793
qwen3_8b,scratchpad,full_inference,n_scored_probes,97,13.8659793814433,2.3391098109972903,0.23750061764225233,15.0,15.0,15.0,5.0,15.0,13.400478170864485,14.331480592022114
qwen3_8b,scratchpad,global_context,drr_target,15,0.18666666666666665,0.341983012666391,0.08829963418285149,0.0,0.0,0.2,0.0,1.0,0.013599383668277731,0.35973394966505556
qwen3_8b,scratchpad,global_context,irr_target,13,0.0923076923076923,0.19348358440936902,0.053662691119118845,0.0,0.0,0.0,0.0,0.6,-0.01287118228578063,0.19748656690116523
qwen3_8b,scratchpad,global_context,retention_target,15,0.4,0.447213595499958,0.11547005383792516,0.2,0.0,0.9,0.0,1.0,0.1736786944776667,0.6263213055223333
qwen3_8b,scratchpad,global_context,drr_system,15,0.17333333333333334,0.3011090610836324,0.077746025264604,0.0,0.0,0.30000000000000004,0.0,1.0,0.02095112381470951,0.32571554285195714
qwen3_8b,scratchpad,global_context,irr_system,13,0.0923076923076923,0.27827306272059,0.07717906124765338,0.0,0.0,0.0,0.0,1.0,-0.05896326773770831,0.2435786523530929
qwen3_8b,scratchpad,global_context,retention_system,15,0.4533333333333333,0.4564876256602717,0.11786459812879985,0.6,0.0,0.9,0.0,1.0,0.22231872100088562,0.684347945665781
qwen3_8b,scratchpad,global_context,n_scored_probes,15,14.333333333333334,1.7593288763724917,0.4542567625794978,15.0,15.0,15.0,10.0,15.0,13.442990078677518,15.22367658798915
qwen3_8b,scratchpad,none,drr_target,17,0.43529411764705883,0.4595394113547121,0.11145467836174362,0.2,0.0,1.0,0.0,1.0,0.21684294805804133,0.6537452872360763
qwen3_8b,scratchpad,none,irr_target,13,0.26153846153846155,0.40319238902055504,0.1118254486531104,0.0,0.0,0.4,0.0,1.0,0.042360582178365164,0.48071634089855797
qwen3_8b,scratchpad,none,retention_target,15,0.37333333333333335,0.43991341139343504,0.11358515440667107,0.0,0.0,0.8,0.0,1.0,0.15070643069625805,0.5959602359704086
qwen3_8b,scratchpad,none,drr_system,17,0.4,0.469041575982343,0.11375929179890422,0.2,0.0,1.0,0.0,1.0,0.17703178807414777,0.6229682119258523
qwen3_8b,scratchpad,none,irr_system,13,0.23076923076923078,0.4069902033722994,0.1128787728361802,0.0,0.0,0.2,0.0,1.0,0.00952683601031759,0.452011625528144
qwen3_8b,scratchpad,none,retention_system,15,0.3466666666666667,0.44379317362075427,0.11458690470624786,0.0,0.0,0.8,0.0,1.0,0.12207633344242089,0.5712569998909125
qwen3_8b,scratchpad,none,n_scored_probes,17,13.235294117647058,3.509441048171095,0.85116447814634,15.0,15.0,15.0,5.0,15.0,11.567011740480233,14.903576494813883
qwen3_8b,scratchpad,parameter_only,drr_target,10,0.64,0.4788875998951459,0.15143755588800728,1.0,0.1,1.0,0.0,1.0,0.34318239045950577,0.9368176095404943
qwen3_8b,scratchpad,parameter_only,irr_target,8,0.7,0.4407785320154718,0.1558387444947959,0.9,0.6000000000000001,1.0,0.0,1.0,0.3945560607902,1.0054439392097998
qwen3_8b,scratchpad,parameter_only,retention_target,10,0.5599999999999999,0.4880801391392834,0.154344492037203,0.8,0.0,1.0,0.0,1.0,0.2574847956070821,0.8625152043929178
qwen3_8b,scratchpad,parameter_only,drr_system,10,0.62,0.4939635614091388,0.15620499351813308,1.0,0.05,1.0,0.0,1.0,0.31383821270445916,0.9261617872955408
qwen3_8b,scratchpad,parameter_only,irr_system,8,0.7,0.4407785320154718,0.1558387444947959,0.9,0.6000000000000001,1.0,0.0,1.0,0.3945560607902,1.0054439392097998
qwen3_8b,scratchpad,parameter_only,retention_system,10,0.6,0.5163977794943222,0.1632993161855452,1.0,0.0,1.0,0.0,1.0,0.27993334027633143,0.9200666597236685
qwen3_8b,scratchpad,parameter_only,n_scored_probes,10,14.0,2.1081851067789197,0.6666666666666666,15.0,15.0,15.0,10.0,15.0,12.693333333333333,15.306666666666667
qwen3_8b,scratchpad,parameter_plus_comm,drr_target,10,0.6,0.45215533220835125,0.14298407059684812,0.8,0.1,1.0,0.0,1.0,0.31975122163017766,0.8802487783698223
qwen3_8b,scratchpad,parameter_plus_comm,irr_target,8,0.725,0.45276925690687087,0.16007810593582122,1.0,0.6000000000000001,1.0,0.0,1.0,0.41124691236579036,1.0387530876342095
qwen3_8b,scratchpad,parameter_plus_comm,retention_target,10,0.5599999999999999,0.4880801391392834,0.154344492037203,0.8,0.0,1.0,0.0,1.0,0.2574847956070821,0.8625152043929178
qwen3_8b,scratchpad,parameter_plus_comm,drr_system,10,0.64,0.4695151163109069,0.1484737163421339,1.0,0.2,1.0,0.0,1.0,0.3489915159694176,0.9310084840305825
qwen3_8b,scratchpad,parameter_plus_comm,irr_system,8,0.725,0.45276925690687087,0.16007810593582122,1.0,0.6000000000000001,1.0,0.0,1.0,0.41124691236579036,1.0387530876342095
qwen3_8b,scratchpad,parameter_plus_comm,retention_system,10,0.6,0.5163977794943222,0.1632993161855452,1.0,0.0,1.0,0.0,1.0,0.27993334027633143,0.9200666597236685
qwen3_8b,scratchpad,parameter_plus_comm,n_scored_probes,10,14.0,2.1081851067789197,0.6666666666666666,15.0,15.0,15.0,10.0,15.0,12.693333333333333,15.306666666666667
qwen3_8b,scratchpad,target_context,drr_target,15,0.3333333333333333,0.4450789122113495,0.11491888098284463,0.0,0.0,0.8,0.0,1.0,0.10809232660695786,0.5585743400597087
qwen3_8b,scratchpad,target_context,irr_target,13,0.2307692307692308,0.38162943497721147,0.10584496123359126,0.0,0.0,0.2,0.0,1.0,0.02331310675139195,0.4382253547870697
qwen3_8b,scratchpad,target_context,retention_target,15,0.3333333333333333,0.4047338925881101,0.10450184170929679,0.0,0.0,0.7,0.0,1.0,0.1285097235831116,0.538156943083555
qwen3_8b,scratchpad,target_context,drr_system,15,0.3866666666666667,0.4373077809027587,0.11291238350688708,0.2,0.0,0.8,0.0,1.0,0.16535839499316804,0.6079749383401654
qwen3_8b,scratchpad,target_context,irr_system,13,0.23076923076923078,0.4069902033722994,0.1128787728361802,0.0,0.0,0.2,0.0,1.0,0.00952683601031759,0.452011625528144
qwen3_8b,scratchpad,target_context,retention_system,15,0.3466666666666667,0.4373077809027587,0.11291238350688708,0.0,0.0,0.7,0.0,1.0,0.125358394993168,0.5679749383401653
qwen3_8b,scratchpad,target_context,n_scored_probes,15,14.333333333333334,1.7593288763724917,0.4542567625794978,15.0,15.0,15.0,10.0,15.0,13.442990078677518,15.22367658798915
qwen3_8b,scratchpad,target_context_comm,drr_target,35,0.1942857142857143,0.29299955545324347,0.04952596418497453,0.0,0.0,0.2,0.0,1.0,0.09721482448316424,0.29135660408826436
qwen3_8b,scratchpad,target_context_comm,irr_target,29,0.3034482758620689,0.3765280852934856,0.06991951013173164,0.2,0.0,0.4,0.0,1.0,0.16640603600387488,0.44049051572026293
qwen3_8b,scratchpad,target_context_comm,retention_target,35,0.4971428571428572,0.461127591304386,0.07794478915272286,0.6,0.0,1.0,0.0,1.0,0.34437107040352044,0.649914643882194
qwen3_8b,scratchpad,target_context_comm,drr_system,35,0.5257142857142857,0.4500606868509396,0.07607414087562202,0.8,0.0,1.0,0.0,1.0,0.37660896959806656,0.6748196018305048
qwen3_8b,scratchpad,target_context_comm,irr_system,29,0.5103448275862069,0.49160439058992406,0.09128864355991945,0.8,0.0,1.0,0.0,1.0,0.3314190862087648,0.689270568963649
qwen3_8b,scratchpad,target_context_comm,retention_system,35,0.4971428571428572,0.48110517028395117,0.08132161632747376,0.4,0.0,1.0,0.0,1.0,0.33775248914100864,0.6565332251447058
qwen3_8b,scratchpad,target_context_comm,n_scored_probes,35,14.142857142857142,1.9119263021554858,0.3231745297988136,15.0,15.0,15.0,10.0,15.0,13.509435064451468,14.776279221262817
qwen3_8b,scratchpad,target_context_memory,drr_target,97,0.3711340206185567,0.3968518727871999,0.04029420271605783,0.2,0.0,0.8,0.0,1.0,0.29215738329508334,0.4501106579420301
qwen3_8b,scratchpad,target_context_memory,irr_target,77,0.4727272727272728,0.4399869506546888,0.05014116653132661,0.6,0.0,1.0,0.0,1.0,0.37445058632587264,0.571003959128673
qwen3_8b,scratchpad,target_context_memory,retention_target,95,0.5978947368421054,0.4292444989346066,0.04403955636585454,0.8,0.2,1.0,0.0,1.0,0.5115772063650305,0.6842122673191803
qwen3_8b,scratchpad,target_context_memory,drr_system,97,0.40824742268041236,0.4162506514241108,0.04226385026578417,0.2,0.0,0.8,0.0,1.0,0.3254102761594754,0.49108456920134935
qwen3_8b,scratchpad,target_context_memory,irr_system,77,0.49090909090909085,0.4501993178996616,0.05130497378958124,0.6,0.0,1.0,0.0,1.0,0.39035134228151164,0.5914668395366701
qwen3_8b,scratchpad,target_context_memory,retention_system,95,0.5684210526315789,0.4831772411450919,0.049572938963509255,1.0,0.0,1.0,0.0,1.0,0.4712580922631008,0.6655840130000571
qwen3_8b,scratchpad,target_context_memory,n_scored_probes,97,13.8659793814433,2.3391098109972903,0.23750061764225233,15.0,15.0,15.0,5.0,15.0,13.400478170864485,14.331480592022114
qwen3_8b,scratchpad,target_memory,drr_target,15,0.49333333333333335,0.4651676605063516,0.12010577348902435,0.4,0.0,1.0,0.0,1.0,0.25792601729484566,0.728740649371821
qwen3_8b,scratchpad,target_memory,irr_target,13,0.2153846153846154,0.3869671688187381,0.1073253822382377,0.0,0.0,0.2,0.0,1.0,0.005026866197669511,0.4257423645715613
qwen3_8b,scratchpad,target_memory,retention_target,15,0.3466666666666667,0.39617216074881,0.10229121205407658,0.2,0.0,0.7,0.0,1.0,0.14617589104067658,0.5471574422926568
qwen3_8b,scratchpad,target_memory,drr_system,15,0.44000000000000006,0.4852098220652292,0.12528063735165978,0.2,0.0,1.0,0.0,1.0,0.1944499507907469,0.6855500492092532
qwen3_8b,scratchpad,target_memory,irr_system,13,0.23076923076923078,0.4069902033722994,0.1128787728361802,0.0,0.0,0.2,0.0,1.0,0.00952683601031759,0.452011625528144
qwen3_8b,scratchpad,target_memory,retention_system,15,0.3466666666666667,0.43072474914243025,0.11121265201519998,0.2,0.0,0.7,0.0,1.0,0.12868986871687474,0.5646434646164586
qwen3_8b,scratchpad,target_memory,n_scored_probes,15,14.333333333333334,1.7593288763724917,0.4542567625794978,15.0,15.0,15.0,10.0,15.0,13.442990078677518,15.22367658798915
qwen3_8b,scratchpad,target_memory_comm,drr_target,15,0.49333333333333335,0.4651676605063516,0.12010577348902435,0.4,0.0,1.0,0.0,1.0,0.25792601729484566,0.728740649371821
qwen3_8b,scratchpad,target_memory_comm,irr_target,13,0.26153846153846155,0.42727520705524513,0.11850482059785994,0.0,0.0,0.2,0.0,1.0,0.029269013166656088,0.493807909910267
qwen3_8b,scratchpad,target_memory_comm,retention_target,15,0.4,0.4407785320154718,0.11380852759077832,0.4,0.0,0.9,0.0,1.0,0.17693528592207453,0.6230647140779255
qwen3_8b,scratchpad,target_memory_comm,drr_system,15,0.44000000000000006,0.4852098220652292,0.12528063735165978,0.2,0.0,1.0,0.0,1.0,0.1944499507907469,0.6855500492092532
qwen3_8b,scratchpad,target_memory_comm,irr_system,13,0.24615384615384617,0.40128000327158225,0.11129504827800364,0.0,0.0,0.2,0.0,1.0,0.028015551528959043,0.46429214077873326
qwen3_8b,scratchpad,target_memory_comm,retention_system,15,0.3466666666666667,0.43072474914243025,0.11121265201519998,0.2,0.0,0.7,0.0,1.0,0.12868986871687474,0.5646434646164586
qwen3_8b,scratchpad,target_memory_comm,n_scored_probes,15,14.333333333333334,1.7593288763724917,0.4542567625794978,15.0,15.0,15.0,10.0,15.0,13.442990078677518,15.22367658798915
qwen3_8b,sequential,communication,drr_target,15,0.4,0.5070925528371101,0.13093073414159545,0.0,0.0,1.0,0.0,1.0,0.14337576108247296,0.6566242389175271
qwen3_8b,sequential,communication,irr_target,13,0.21538461538461537,0.41199950211570613,0.11426810233413945,0.0,0.0,0.0,0.0,1.0,-0.008580865190297937,0.4393500959595287
qwen3_8b,sequential,communication,retention_target,15,0.38666666666666666,0.42403953095144775,0.10948653610057077,0.4,0.0,0.8,0.0,1.0,0.17207305590954797,0.6012602774237854
qwen3_8b,sequential,communication,drr_system,15,0.4,0.5070925528371101,0.13093073414159545,0.0,0.0,1.0,0.0,1.0,0.14337576108247296,0.6566242389175271
qwen3_8b,sequential,communication,irr_system,13,0.23076923076923078,0.4385290096535146,0.12162606385262997,0.0,0.0,0.0,0.0,1.0,-0.007617854381923972,0.46915631592038554
qwen3_8b,sequential,communication,retention_system,15,0.36000000000000004,0.4084815085865489,0.1054694719992924,0.4,0.0,0.6000000000000001,0.0,1.0,0.15327983488138697,0.5667201651186131
qwen3_8b,sequential,communication,n_scored_probes,15,14.333333333333334,1.7593288763724917,0.4542567625794978,15.0,15.0,15.0,10.0,15.0,13.442990078677518,15.22367658798915
qwen3_8b,sequential,full_inference,drr_target,125,0.014399999999999998,0.1052677078812902,0.00941543002632621,0.0,0.0,0.0,0.0,1.0,-0.004054242851599372,0.032854242851599366
qwen3_8b,sequential,full_inference,irr_target,101,0.3841584158415841,0.47554866696634257,0.04731886093862954,0.0,0.0,1.0,0.0,1.0,0.2914134484018702,0.476903383281298
qwen3_8b,sequential,full_inference,retention_target,125,0.5632,0.4888327110114856,0.04372252685788767,1.0,0.0,1.0,0.0,1.0,0.47750384735854023,0.6488961526414598
qwen3_8b,sequential,full_inference,drr_system,125,0.3872,0.47974724528113627,0.04290989809867543,0.0,0.0,1.0,0.0,1.0,0.30309659972659614,0.47130340027340384
qwen3_8b,sequential,full_inference,irr_system,101,0.5445544554455446,0.487539792739988,0.048512022548355814,0.8,0.0,1.0,0.0,1.0,0.4494708912507672,0.639638019640322
qwen3_8b,sequential,full_inference,retention_system,125,0.5584,0.4887746363727259,0.04371733250428625,1.0,0.0,1.0,0.0,1.0,0.472714028291599,0.6440859717084011
qwen3_8b,sequential,full_inference,n_scored_probes,125,14.04,1.9772904236239146,0.17685423193929717,15.0,15.0,15.0,10.0,15.0,13.693365705398977,14.386634294601022
qwen3_8b,sequential,global_context,drr_target,15,0.11999999999999998,0.2808151400069855,0.07250615737399725,0.0,0.0,0.0,0.0,1.0,-0.022112068453034636,0.2621120684530346
qwen3_8b,sequential,global_context,irr_target,13,0.03076923076923077,0.07510676161988107,0.02083086770419477,0.0,0.0,0.0,0.0,0.2,-0.010059269930990981,0.07159773146945253
qwen3_8b,sequential,global_context,retention_target,15,0.42666666666666664,0.4589843860815601,0.11850925889754117,0.2,0.0,0.9,0.0,1.0,0.19438851922748596,0.6589448141058474
qwen3_8b,sequential,global_context,drr_system,15,0.09333333333333332,0.27115274205474954,0.0700113369504347,0.0,0.0,0.0,0.0,1.0,-0.043888887089518686,0.23055555375618533
qwen3_8b,sequential,global_context,irr_system,13,0.03076923076923077,0.07510676161988107,0.02083086770419477,0.0,0.0,0.0,0.0,0.2,-0.010059269930990981,0.07159773146945253
qwen3_8b,sequential,global_context,retention_system,15,0.3733333333333333,0.4463609472591607,0.11524990100880643,0.2,0.0,0.9,0.0,1.0,0.1474435273560727,0.5992231393105939
qwen3_8b,sequential,global_context,n_scored_probes,15,14.333333333333334,1.7593288763724917,0.4542567625794978,15.0,15.0,15.0,10.0,15.0,13.442990078677518,15.22367658798915
qwen3_8b,sequential,none,drr_target,15,0.41333333333333333,0.4983783225431785,0.12868072955470125,0.0,0.0,1.0,0.0,1.0,0.1611191034061189,0.6655475632605478
qwen3_8b,sequential,none,irr_target,13,0.23076923076923078,0.4385290096535146,0.12162606385262997,0.0,0.0,0.0,0.0,1.0,-0.007617854381923972,0.46915631592038554
qwen3_8b,sequential,none,retention_target,15,0.38666666666666666,0.42403953095144775,0.10948653610057077,0.4,0.0,0.8,0.0,1.0,0.17207305590954797,0.6012602774237854
qwen3_8b,sequential,none,drr_system,15,0.41333333333333333,0.4983783225431785,0.12868072955470125,0.0,0.0,1.0,0.0,1.0,0.1611191034061189,0.6655475632605478
qwen3_8b,sequential,none,irr_system,13,0.23076923076923078,0.4385290096535146,0.12162606385262997,0.0,0.0,0.0,0.0,1.0,-0.007617854381923972,0.46915631592038554
qwen3_8b,sequential,none,retention_system,15,0.36000000000000004,0.4084815085865489,0.1054694719992924,0.4,0.0,0.6000000000000001,0.0,1.0,0.15327983488138697,0.5667201651186131
qwen3_8b,sequential,none,n_scored_probes,15,14.333333333333334,1.7593288763724917,0.4542567625794978,15.0,15.0,15.0,10.0,15.0,13.442990078677518,15.22367658798915
qwen3_8b,sequential,parameter_only,drr_target,10,0.6,0.5163977794943222,0.1632993161855452,1.0,0.0,1.0,0.0,1.0,0.27993334027633143,0.9200666597236685
qwen3_8b,sequential,parameter_only,irr_target,8,0.75,0.4629100498862757,0.16366341767699427,1.0,0.75,1.0,0.0,1.0,0.42921970135309123,1.0707802986469088
qwen3_8b,sequential,parameter_only,retention_target,10,0.6,0.5163977794943222,0.1632993161855452,1.0,0.0,1.0,0.0,1.0,0.27993334027633143,0.9200666597236685
qwen3_8b,sequential,parameter_only,drr_system,10,0.6,0.5163977794943222,0.1632993161855452,1.0,0.0,1.0,0.0,1.0,0.27993334027633143,0.9200666597236685
qwen3_8b,sequential,parameter_only,irr_system,8,0.75,0.4629100498862757,0.16366341767699427,1.0,0.75,1.0,0.0,1.0,0.42921970135309123,1.0707802986469088
qwen3_8b,sequential,parameter_only,retention_system,10,0.6,0.5163977794943222,0.1632993161855452,1.0,0.0,1.0,0.0,1.0,0.27993334027633143,0.9200666597236685
qwen3_8b,sequential,parameter_only,n_scored_probes,10,14.0,2.1081851067789197,0.6666666666666666,15.0,15.0,15.0,10.0,15.0,12.693333333333333,15.306666666666667
qwen3_8b,sequential,parameter_plus_comm,drr_target,10,0.6,0.5163977794943222,0.1632993161855452,1.0,0.0,1.0,0.0,1.0,0.27993334027633143,0.9200666597236685
qwen3_8b,sequential,parameter_plus_comm,irr_target,8,0.725,0.45276925690687087,0.16007810593582122,1.0,0.6000000000000001,1.0,0.0,1.0,0.41124691236579036,1.0387530876342095
qwen3_8b,sequential,parameter_plus_comm,retention_target,10,0.6,0.5163977794943222,0.1632993161855452,1.0,0.0,1.0,0.0,1.0,0.27993334027633143,0.9200666597236685
qwen3_8b,sequential,parameter_plus_comm,drr_system,10,0.6,0.5163977794943222,0.1632993161855452,1.0,0.0,1.0,0.0,1.0,0.27993334027633143,0.9200666597236685
qwen3_8b,sequential,parameter_plus_comm,irr_system,8,0.75,0.4629100498862757,0.16366341767699427,1.0,0.75,1.0,0.0,1.0,0.42921970135309123,1.0707802986469088
qwen3_8b,sequential,parameter_plus_comm,retention_system,10,0.6,0.5163977794943222,0.1632993161855452,1.0,0.0,1.0,0.0,1.0,0.27993334027633143,0.9200666597236685
qwen3_8b,sequential,parameter_plus_comm,n_scored_probes,10,14.0,2.1081851067789197,0.6666666666666666,15.0,15.0,15.0,10.0,15.0,12.693333333333333,15.306666666666667
qwen3_8b,sequential,target_context,drr_target,15,0.30666666666666664,0.4589843860815602,0.1185092588975412,0.0,0.0,0.8,0.0,1.0,0.0743885192274859,0.5389448141058474
qwen3_8b,sequential,target_context,irr_target,13,0.24615384615384617,0.4332347027793453,0.12015768732164082,0.0,0.0,0.2,0.0,1.0,0.010644779003430166,0.48166291330426214
qwen3_8b,sequential,target_context,retention_target,15,0.37333333333333335,0.4333699618219101,0.1118956429921868,0.2,0.0,0.8,0.0,1.0,0.15401787306864723,0.5926487935980195
qwen3_8b,sequential,target_context,drr_system,15,0.38666666666666666,0.46883848371216685,0.12105357596522397,0.0,0.0,0.9,0.0,1.0,0.1494016577748277,0.6239316755585056
qwen3_8b,sequential,target_context,irr_system,13,0.24615384615384617,0.4332347027793453,0.12015768732164082,0.0,0.0,0.2,0.0,1.0,0.010644779003430166,0.48166291330426214
qwen3_8b,sequential,target_context,retention_system,15,0.3333333333333333,0.4117326918327103,0.10630892390381583,0.2,0.0,0.6000000000000001,0.0,1.0,0.1249678424818543,0.5416988241848123
qwen3_8b,sequential,target_context,n_scored_probes,15,14.333333333333334,1.7593288763724917,0.4542567625794978,15.0,15.0,15.0,10.0,15.0,13.442990078677518,15.22367658798915
qwen3_8b,sequential,target_context_comm,drr_target,35,0.18857142857142856,0.33935182902932204,0.05736092843080713,0.0,0.0,0.2,0.0,1.0,0.07614400884704658,0.30099884829581053
qwen3_8b,sequential,target_context_comm,irr_target,29,0.3103448275862069,0.4262333596133586,0.07914954785574359,0.0,0.0,0.6,0.0,1.0,0.1552117137889495,0.4654779413834643
qwen3_8b,sequential,target_context_comm,retention_target,35,0.5085714285714286,0.481035298063659,0.08130980576662031,0.6,0.0,1.0,0.0,1.0,0.34920420926885276,0.6679386478740044
qwen3_8b,sequential,target_context_comm,drr_system,35,0.48000000000000004,0.47823203819165155,0.08083596836503294,0.8,0.0,1.0,0.0,1.0,0.3215615020045355,0.6384384979954646
qwen3_8b,sequential,target_context_comm,irr_system,29,0.5241379310344827,0.5026040563290587,0.09333123020918259,1.0,0.0,1.0,0.0,1.0,0.34120871982448486,0.7070671422444805
qwen3_8b,sequential,target_context_comm,retention_system,35,0.4857142857142857,0.47844285241312784,0.08087160247228053,0.4,0.0,1.0,0.0,1.0,0.3272059448686159,0.6442226265599555
qwen3_8b,sequential,target_context_comm,n_scored_probes,35,14.142857142857142,1.9119263021554858,0.3231745297988136,15.0,15.0,15.0,10.0,15.0,13.509435064451468,14.776279221262817
qwen3_8b,sequential,target_context_memory,drr_target,125,0.39039999999999997,0.4585080996224111,0.04101021115959828,0.0,0.0,1.0,0.0,1.0,0.31001998612718734,0.4707800138728126
qwen3_8b,sequential,target_context_memory,irr_target,101,0.5485148514851486,0.4830349596843149,0.04806377490574761,0.8,0.0,1.0,0.0,1.0,0.4543098526698832,0.6427198503004139
qwen3_8b,sequential,target_context_memory,retention_target,125,0.5632,0.4894921660712878,0.04378151031156063,1.0,0.0,1.0,0.0,1.0,0.4773882397893412,0.6490117602106589
qwen3_8b,sequential,target_context_memory,drr_system,125,0.4352,0.46977276593359824,0.04201775354422492,0.0,0.0,1.0,0.0,1.0,0.3528452030533191,0.5175547969466808
qwen3_8b,sequential,target_context_memory,irr_system,101,0.5643564356435643,0.47782510574808473,0.04754537506353652,0.8,0.0,1.0,0.0,1.0,0.4711675005190327,0.6575453707680958
qwen3_8b,sequential,target_context_memory,retention_system,125,0.56,0.4879185548111819,0.04364076224165039,1.0,0.0,1.0,0.0,1.0,0.4744641060063653,0.6455358939936349
qwen3_8b,sequential,target_context_memory,n_scored_probes,125,14.04,1.9772904236239146,0.17685423193929717,15.0,15.0,15.0,10.0,15.0,13.693365705398977,14.386634294601022
qwen3_8b,sequential,target_memory,drr_target,15,0.4,0.4840306956027834,0.12497618820818478,0.0,0.0,1.0,0.0,1.0,0.15504667111195786,0.6449533288880422
qwen3_8b,sequential,target_memory,irr_target,13,0.21538461538461537,0.41199950211570613,0.11426810233413945,0.0,0.0,0.0,0.0,1.0,-0.008580865190297937,0.4393500959595287
qwen3_8b,sequential,target_memory,retention_target,15,0.32,0.43948021245882857,0.11347330292271603,0.0,0.0,0.7,0.0,1.0,0.0975923262714766,0.5424076737285234
qwen3_8b,sequential,target_memory,drr_system,15,0.4,0.4840306956027834,0.12497618820818478,0.0,0.0,1.0,0.0,1.0,0.15504667111195786,0.6449533288880422
qwen3_8b,sequential,target_memory,irr_system,13,0.21538461538461537,0.41199950211570613,0.11426810233413945,0.0,0.0,0.0,0.0,1.0,-0.008580865190297937,0.4393500959595287
qwen3_8b,sequential,target_memory,retention_system,15,0.30666666666666664,0.4199773236508757,0.10843767868564026,0.0,0.0,0.6000000000000001,0.0,1.0,0.09412881644281174,0.5192045168905215
qwen3_8b,sequential,target_memory,n_scored_probes,15,14.333333333333334,1.7593288763724917,0.4542567625794978,15.0,15.0,15.0,10.0,15.0,13.442990078677518,15.22367658798915
qwen3_8b,sequential,target_memory_comm,drr_target,15,0.41333333333333333,0.4983783225431785,0.12868072955470125,0.0,0.0,1.0,0.0,1.0,0.1611191034061189,0.6655475632605478
qwen3_8b,sequential,target_memory_comm,irr_target,13,0.2,0.3915780041490244,0.10860419786947371,0.0,0.0,0.0,0.0,1.0,-0.012864227824168462,0.4128642278241685
qwen3_8b,sequential,target_memory_comm,retention_target,15,0.32,0.43948021245882857,0.11347330292271603,0.0,0.0,0.7,0.0,1.0,0.0975923262714766,0.5424076737285234
qwen3_8b,sequential,target_memory_comm,drr_system,15,0.4,0.5070925528371101,0.13093073414159545,0.0,0.0,1.0,0.0,1.0,0.14337576108247296,0.6566242389175271
qwen3_8b,sequential,target_memory_comm,irr_system,13,0.2,0.3915780041490244,0.10860419786947371,0.0,0.0,0.0,0.0,1.0,-0.012864227824168462,0.4128642278241685
qwen3_8b,sequential,target_memory_comm,retention_system,15,0.30666666666666664,0.4199773236508757,0.10843767868564026,0.0,0.0,0.6000000000000001,0.0,1.0,0.09412881644281174,0.5192045168905215
qwen3_8b,sequential,target_memory_comm,n_scored_probes,15,14.333333333333334,1.7593288763724917,0.4542567625794978,15.0,15.0,15.0,10.0,15.0,13.442990078677518,15.22367658798915
