model_id,topology,intervention,metric,n,mean,std,sem,median,q25,q75,min,max,ci95_low,ci95_high
mistral_7b,debate,communication,drr_target,15,0.13333333333333333,0.35186577527449836,0.09085135251589957,0.0,0.0,0.0,0.0,1.0,-0.04473531759782981,0.3114019842644965
mistral_7b,debate,communication,irr_target,13,0.18461538461538465,0.36019937499055954,0.09990133199373413,0.0,0.0,0.0,0.0,1.0,-0.01119122609233425,0.38042199532310356
mistral_7b,debate,communication,retention_target,15,0.14666666666666667,0.30674947122242613,0.07920237290015918,0.0,0.0,0.0,0.0,0.8,-0.008569984217645321,0.30190331755097866
mistral_7b,debate,communication,drr_system,15,0.16,0.35617010382279823,0.09196272536817761,0.0,0.0,0.0,0.0,1.0,-0.02024694172162811,0.3402469417216281
mistral_7b,debate,communication,irr_system,13,0.2,0.3829708431025353,0.1062170009087589,0.0,0.0,0.0,0.0,1.0,-0.008185321781167404,0.4081853217811674
mistral_7b,debate,communication,retention_system,15,0.14666666666666667,0.30674947122242613,0.07920237290015918,0.0,0.0,0.0,0.0,0.8,-0.008569984217645321,0.30190331755097866
mistral_7b,debate,communication,n_scored_probes,15,14.333333333333334,1.7593288763724917,0.4542567625794978,15.0,15.0,15.0,10.0,15.0,13.442990078677518,15.22367658798915
mistral_7b,debate,full_inference,drr_target,17,0.0,0.0,0.0,0.0,0.0,0.0,0.0,0.0,0.0,0.0
mistral_7b,debate,full_inference,irr_target,13,0.0923076923076923,0.27827306272059,0.07717906124765338,0.0,0.0,0.0,0.0,1.0,-0.05896326773770831,0.2435786523530929
mistral_7b,debate,full_inference,retention_target,15,0.13333333333333333,0.31773004414499567,0.08203754463755437,0.0,0.0,0.0,0.0,1.0,-0.027460254156273234,0.2941269208229399
mistral_7b,debate,full_inference,drr_system,17,0.15294117647058827,0.3203857968504993,0.07770496949189944,0.0,0.0,0.0,0.0,1.0,0.0006394362664653708,0.30524291667471115
mistral_7b,debate,full_inference,irr_system,13,0.15384615384615385,0.33817003764227005,0.09379149311883016,0.0,0.0,0.0,0.0,1.0,-0.02998517266675324,0.337677480359061
mistral_7b,debate,full_inference,retention_system,15,0.17333333333333334,0.3534860406754148,0.09126970324351193,0.0,0.0,0.1,0.0,1.0,-0.0055552850239500295,0.3522219516906167
mistral_7b,debate,full_inference,n_scored_probes,17,13.235294117647058,3.509441048171095,0.85116447814634,15.0,15.0,15.0,5.0,15.0,11.567011740480233,14.903576494813883
mistral_7b,debate,global_context,drr_target,15,0.013333333333333334,0.051639777949432225,0.013333333333333332,0.0,0.0,0.0,0.0,0.2,-0.012799999999999997,0.039466666666666664
mistral_7b,debate,global_context,irr_target,13,0.07692307692307693,0.22417941532712204,0.06217618283580587,0.0,0.0,0.0,0.0,0.8,-0.04494224143510259,0.19878839528125644
mistral_7b,debate,global_context,retention_target,15,0.14666666666666667,0.324844285041017,0.08387443373830092,0.0,0.0,0.0,0.0,1.0,-0.01772722346040312,0.31106055679373645
mistral_7b,debate,global_context,drr_system,15,0.013333333333333334,0.051639777949432225,0.013333333333333332,0.0,0.0,0.0,0.0,0.2,-0.012799999999999997,0.039466666666666664
mistral_7b,debate,global_context,irr_system,13,0.07692307692307693,0.22417941532712204,0.06217618283580587,0.0,0.0,0.0,0.0,0.8,-0.04494224143510259,0.19878839528125644
mistral_7b,debate,global_context,retention_system,15,0.14666666666666667,0.324844285041017,0.08387443373830092,0.0,0.0,0.0,0.0,1.0,-0.01772722346040312,0.31106055679373645
mistral_7b,debate,global_context,n_scored_probes,15,14.333333333333334,1.7593288763724917,0.4542567625794978,15.0,15.0,15.0,10.0,15.0,13.442990078677518,15.22367658798915
mistral_7b,debate,none,drr_target,17,0.11764705882352941,0.3321055820775357,0.08054743492723031,0.0,0.0,0.0,0.0,1.0,-0.04022591363384198,0.2755200312809008
mistral_7b,debate,none,irr_target,13,0.16923076923076924,0.3449265994010305,0.09566542618552631,0.0,0.0,0.0,0.0,1.0,-0.018273466092862345,0.3567350045544008
mistral_7b,debate,none,retention_target,15,0.14666666666666667,0.30674947122242613,0.07920237290015918,0.0,0.0,0.0,0.0,0.8,-0.008569984217645321,0.30190331755097866
mistral_7b,debate,none,drr_system,17,0.11764705882352941,0.3321055820775357,0.08054743492723031,0.0,0.0,0.0,0.0,1.0,-0.04022591363384198,0.2755200312809008
mistral_7b,debate,none,irr_system,13,0.16923076923076924,0.3449265994010305,0.09566542618552631,0.0,0.0,0.0,0.0,1.0,-0.018273466092862345,0.3567350045544008
mistral_7b,debate,none,retention_system,15,0.14666666666666667,0.30674947122242613,0.07920237290015918,0.0,0.0,0.0,0.0,0.8,-0.008569984217645321,0.30190331755097866
mistral_7b,debate,none,n_scored_probes,17,13.235294117647058,3.509441048171095,0.85116447814634,15.0,15.0,15.0,5.0,15.0,11.567011740480233,14.903576494813883
mistral_7b,debate,target_context,drr_target,15,0.17333333333333334,0.3534860406754148,0.09126970324351193,0.0,0.0,0.1,0.0,1.0,-0.0055552850239500295,0.3522219516906167
mistral_7b,debate,target_context,irr_target,13,0.15384615384615385,0.33817003764227005,0.09379149311883016,0.0,0.0,0.0,0.0,1.0,-0.02998517266675324,0.337677480359061
mistral_7b,debate,target_context,retention_target,15,0.16000000000000003,0.3312314684843301,0.08552359741197582,0.0,0.0,0.0,0.0,0.8,-0.007626250927472572,0.32762625092747266
mistral_7b,debate,target_context,drr_system,15,0.17333333333333334,0.3692979181920099,0.09535231246311489,0.0,0.0,0.0,0.0,1.0,-0.013557199094371836,0.3602238657610385
mistral_7b,debate,target_context,irr_system,13,0.15384615384615385,0.31784530990033655,0.08815442788549273,0.0,0.0,0.0,0.0,1.0,-0.01893652480941188,0.3266288325017196
mistral_7b,debate,target_context,retention_system,15,0.14666666666666667,0.324844285041017,0.08387443373830092,0.0,0.0,0.0,0.0,1.0,-0.01772722346040312,0.31106055679373645
mistral_7b,debate,target_context,n_scored_probes,15,14.333333333333334,1.7593288763724917,0.4542567625794978,15.0,15.0,15.0,10.0,15.0,13.442990078677518,15.22367658798915
mistral_7b,debate,target_context_comm,drr_target,15,0.013333333333333334,0.051639777949432225,0.013333333333333332,0.0,0.0,0.0,0.0,0.2,-0.012799999999999997,0.039466666666666664
mistral_7b,debate,target_context_comm,irr_target,13,0.07692307692307693,0.2773500981126146,0.07692307692307693,0.0,0.0,0.0,0.0,1.0,-0.07384615384615384,0.2276923076923077
mistral_7b,debate,target_context_comm,retention_target,15,0.12000000000000001,0.2808151400069855,0.07250615737399725,0.0,0.0,0.0,0.0,0.8,-0.02211206845303461,0.26211206845303464
mistral_7b,debate,target_context_comm,drr_system,15,0.18666666666666668,0.36619016657365083,0.09454989444564464,0.0,0.0,0.1,0.0,1.0,0.0013488735532031781,0.37198445978013017
mistral_7b,debate,target_context_comm,irr_system,13,0.15384615384615385,0.31784530990033655,0.08815442788549273,0.0,0.0,0.0,0.0,1.0,-0.01893652480941188,0.3266288325017196
mistral_7b,debate,target_context_comm,retention_system,15,0.14666666666666667,0.324844285041017,0.08387443373830092,0.0,0.0,0.0,0.0,1.0,-0.01772722346040312,0.31106055679373645
mistral_7b,debate,target_context_comm,n_scored_probes,15,14.333333333333334,1.7593288763724917,0.4542567625794978,15.0,15.0,15.0,10.0,15.0,13.442990078677518,15.22367658798915
mistral_7b,debate,target_context_memory,drr_target,17,0.1647058823529412,0.3408466966074855,0.08266746660326585,0.0,0.0,0.0,0.0,1.0,0.0026776478105401402,0.32673411689534226
mistral_7b,debate,target_context_memory,irr_target,13,0.16923076923076924,0.34492659940103043,0.09566542618552629,0.0,0.0,0.0,0.0,1.0,-0.01827346609286229,0.35673500455440077
mistral_7b,debate,target_context_memory,retention_target,15,0.16,0.3397478056273086,0.08772250620700538,0.0,0.0,0.0,0.0,1.0,-0.011936112165730539,0.33193611216573055
mistral_7b,debate,target_context_memory,drr_system,17,0.18823529411764706,0.3903241488512728,0.09466751140841811,0.0,0.0,0.0,0.0,1.0,0.0026869717571475493,0.37378361647814656
mistral_7b,debate,target_context_memory,irr_system,13,0.15384615384615385,0.33817003764227005,0.09379149311883016,0.0,0.0,0.0,0.0,1.0,-0.02998517266675324,0.337677480359061
mistral_7b,debate,target_context_memory,retention_system,15,0.17333333333333334,0.3534860406754148,0.09126970324351193,0.0,0.0,0.1,0.0,1.0,-0.0055552850239500295,0.3522219516906167
mistral_7b,debate,target_context_memory,n_scored_probes,17,13.235294117647058,3.509441048171095,0.85116447814634,15.0,15.0,15.0,5.0,15.0,11.567011740480233,14.903576494813883
mistral_7b,debate,target_memory,drr_target,15,0.13333333333333333,0.3177300441449957,0.08203754463755439,0.0,0.0,0.0,0.0,1.0,-0.02746025415627326,0.2941269208229399
mistral_7b,debate,target_memory,irr_target,13,0.2,0.3829708431025353,0.1062170009087589,0.0,0.0,0.0,0.0,1.0,-0.008185321781167404,0.4081853217811674
mistral_7b,debate,target_memory,retention_target,15,0.10666666666666667,0.22509257354845513,0.05811865258054232,0.0,0.0,0.0,0.0,0.6,-0.007245892391196274,0.22057922572452962
mistral_7b,debate,target_memory,drr_system,15,0.17333333333333334,0.3534860406754148,0.09126970324351193,0.0,0.0,0.1,0.0,1.0,-0.0055552850239500295,0.3522219516906167
mistral_7b,debate,target_memory,irr_system,13,0.21538461538461537,0.41199950211570613,0.11426810233413945,0.0,0.0,0.0,0.0,1.0,-0.008580865190297937,0.4393500959595287
mistral_7b,debate,target_memory,retention_system,15,0.14666666666666667,0.324844285041017,0.08387443373830092,0.0,0.0,0.0,0.0,1.0,-0.01772722346040312,0.31106055679373645
mistral_7b,debate,target_memory,n_scored_probes,15,14.333333333333334,1.7593288763724917,0.4542567625794978,15.0,15.0,15.0,10.0,15.0,13.442990078677518,15.22367658798915
mistral_7b,debate,target_memory_comm,drr_target,15,0.14666666666666667,0.35023801430836515,0.09043106644167022,0.0,0.0,0.0,0.0,1.0,-0.030578223559006967,0.3239115568923403
mistral_7b,debate,target_memory_comm,irr_target,13,0.23076923076923078,0.4069902033722994,0.1128787728361802,0.0,0.0,0.2,0.0,1.0,0.00952683601031759,0.452011625528144
mistral_7b,debate,target_memory_comm,retention_target,15,0.11999999999999998,0.24842360136324748,0.06414269805898185,0.0,0.0,0.0,0.0,0.6,-0.005719688195604436,0.2457196881956044
mistral_7b,debate,target_memory_comm,drr_system,15,0.2,0.3854496446637727,0.09952267030562387,0.0,0.0,0.1,0.0,1.0,0.004935566200977237,0.3950644337990228
mistral_7b,debate,target_memory_comm,irr_system,13,0.18461538461538465,0.3411894728889747,0.0946289337807484,0.0,0.0,0.2,0.0,1.0,-0.0008573255948821912,0.3700880948256515
mistral_7b,debate,target_memory_comm,retention_system,15,0.14666666666666667,0.324844285041017,0.08387443373830092,0.0,0.0,0.0,0.0,1.0,-0.01772722346040312,0.31106055679373645
mistral_7b,debate,target_memory_comm,n_scored_probes,15,14.333333333333334,1.7593288763724917,0.4542567625794978,15.0,15.0,15.0,10.0,15.0,13.442990078677518,15.22367658798915
mistral_7b,hierarchical,communication,drr_target,15,0.22666666666666666,0.4131182235954578,0.10666666666666666,0.0,0.0,0.2,0.0,1.0,0.017600000000000005,0.4357333333333333
mistral_7b,hierarchical,communication,irr_target,13,0.21538461538461537,0.41199950211570613,0.11426810233413945,0.0,0.0,0.0,0.0,1.0,-0.008580865190297937,0.4393500959595287
mistral_7b,hierarchical,communication,retention_target,15,0.16,0.35617010382279823,0.09196272536817761,0.0,0.0,0.0,0.0,1.0,-0.02024694172162811,0.3402469417216281
mistral_7b,hierarchical,communication,drr_system,15,0.22666666666666666,0.4131182235954578,0.10666666666666666,0.0,0.0,0.2,0.0,1.0,0.017600000000000005,0.4357333333333333
mistral_7b,hierarchical,communication,irr_system,13,0.1846153846153846,0.3782551031736691,0.10490908997681428,0.0,0.0,0.0,0.0,1.0,-0.021006431739171383,0.3902372009699406
mistral_7b,hierarchical,communication,retention_system,15,0.14666666666666667,0.35023801430836515,0.09043106644167022,0.0,0.0,0.0,0.0,1.0,-0.030578223559006967,0.3239115568923403
mistral_7b,hierarchical,communication,n_scored_probes,15,14.333333333333334,1.7593288763724917,0.4542567625794978,15.0,15.0,15.0,10.0,15.0,13.442990078677518,15.22367658798915
mistral_7b,hierarchical,full_inference,drr_target,15,0.013333333333333334,0.051639777949432225,0.013333333333333332,0.0,0.0,0.0,0.0,0.2,-0.012799999999999997,0.039466666666666664
mistral_7b,hierarchical,full_inference,irr_target,13,0.015384615384615385,0.05547001962252291,0.015384615384615385,0.0,0.0,0.0,0.0,0.2,-0.01476923076923077,0.04553846153846154
mistral_7b,hierarchical,full_inference,retention_target,15,0.24000000000000002,0.40848150858654886,0.10546947199929238,0.0,0.0,0.30000000000000004,0.0,1.0,0.033279834881386944,0.4467201651186131
mistral_7b,hierarchical,full_inference,drr_system,15,0.22666666666666666,0.39904648255321734,0.10303335875275062,0.0,0.0,0.3,0.0,1.0,0.02472128351127545,0.42861204982205786
mistral_7b,hierarchical,full_inference,irr_system,13,0.2,0.3915780041490244,0.10860419786947371,0.0,0.0,0.0,0.0,1.0,-0.012864227824168462,0.4128642278241685
mistral_7b,hierarchical,full_inference,retention_system,15,0.16,0.35617010382279823,0.09196272536817761,0.0,0.0,0.0,0.0,1.0,-0.02024694172162811,0.3402469417216281
mistral_7b,hierarchical,full_inference,n_scored_probes,15,14.333333333333334,1.7593288763724917,0.4542567625794978,15.0,15.0,15.0,10.0,15.0,13.442990078677518,15.22367658798915
mistral_7b,hierarchical,global_context,drr_target,15,0.06666666666666667,0.25819888974716115,0.06666666666666667,0.0,0.0,0.0,0.0,1.0,-0.06399999999999999,0.1973333333333333
mistral_7b,hierarchical,global_context,irr_target,13,0.07692307692307693,0.22417941532712204,0.06217618283580587,0.0,0.0,0.0,0.0,0.8,-0.04494224143510259,0.19878839528125644
mistral_7b,hierarchical,global_context,retention_target,15,0.30666666666666664,0.4527166674117279,0.11689094089574294,0.0,0.0,0.8,0.0,1.0,0.0775604225110105,0.5357729108223228
mistral_7b,hierarchical,global_context,drr_system,15,0.06666666666666667,0.25819888974716115,0.06666666666666667,0.0,0.0,0.0,0.0,1.0,-0.06399999999999999,0.1973333333333333
mistral_7b,hierarchical,global_context,irr_system,13,0.06153846153846154,0.17097008285302204,0.047418569253607504,0.0,0.0,0.0,0.0,0.6,-0.03140193419860916,0.15447885727553223
mistral_7b,hierarchical,global_context,retention_system,15,0.14666666666666667,0.35023801430836515,0.09043106644167022,0.0,0.0,0.0,0.0,1.0,-0.030578223559006967,0.3239115568923403
mistral_7b,hierarchical,global_context,n_scored_probes,15,14.333333333333334,1.7593288763724917,0.4542567625794978,15.0,15.0,15.0,10.0,15.0,13.442990078677518,15.22367658798915
mistral_7b,hierarchical,none,drr_target,15,0.22666666666666666,0.4131182235954578,0.10666666666666666,0.0,0.0,0.2,0.0,1.0,0.017600000000000005,0.4357333333333333
mistral_7b,hierarchical,none,irr_target,13,0.21538461538461537,0.41199950211570613,0.11426810233413945,0.0,0.0,0.0,0.0,1.0,-0.008580865190297937,0.4393500959595287
mistral_7b,hierarchical,none,retention_target,15,0.16,0.35617010382279823,0.09196272536817761,0.0,0.0,0.0,0.0,1.0,-0.02024694172162811,0.3402469417216281
mistral_7b,hierarchical,none,drr_system,15,0.22666666666666666,0.4131182235954578,0.10666666666666666,0.0,0.0,0.2,0.0,1.0,0.017600000000000005,0.4357333333333333
mistral_7b,hierarchical,none,irr_system,13,0.1846153846153846,0.3782551031736691,0.10490908997681428,0.0,0.0,0.0,0.0,1.0,-0.021006431739171383,0.3902372009699406
mistral_7b,hierarchical,none,retention_system,15,0.14666666666666667,0.35023801430836515,0.09043106644167022,0.0,0.0,0.0,0.0,1.0,-0.030578223559006967,0.3239115568923403
mistral_7b,hierarchical,none,n_scored_probes,15,14.333333333333334,1.7593288763724917,0.4542567625794978,15.0,15.0,15.0,10.0,15.0,13.442990078677518,15.22367658798915
mistral_7b,hierarchical,target_context,drr_target,15,0.06666666666666667,0.25819888974716115,0.06666666666666667,0.0,0.0,0.0,0.0,1.0,-0.06399999999999999,0.1973333333333333
mistral_7b,hierarchical,target_context,irr_target,13,0.07692307692307693,0.22417941532712204,0.06217618283580587,0.0,0.0,0.0,0.0,0.8,-0.04494224143510259,0.19878839528125644
mistral_7b,hierarchical,target_context,retention_target,15,0.30666666666666664,0.4527166674117279,0.11689094089574294,0.0,0.0,0.8,0.0,1.0,0.0775604225110105,0.5357729108223228
mistral_7b,hierarchical,target_context,drr_system,15,0.18666666666666665,0.358302877997027,0.0925134052920449,0.0,0.0,0.2,0.0,1.0,0.005340392294258645,0.36799294103907465
mistral_7b,hierarchical,target_context,irr_system,13,0.1846153846153846,0.3782551031736691,0.10490908997681428,0.0,0.0,0.0,0.0,1.0,-0.021006431739171383,0.3902372009699406
mistral_7b,hierarchical,target_context,retention_system,15,0.16,0.35617010382279823,0.09196272536817761,0.0,0.0,0.0,0.0,1.0,-0.02024694172162811,0.3402469417216281
mistral_7b,hierarchical,target_context,n_scored_probes,15,14.333333333333334,1.7593288763724917,0.4542567625794978,15.0,15.0,15.0,10.0,15.0,13.442990078677518,15.22367658798915
mistral_7b,hierarchical,target_context_comm,drr_target,15,0.06666666666666667,0.25819888974716115,0.06666666666666667,0.0,0.0,0.0,0.0,1.0,-0.06399999999999999,0.1973333333333333
mistral_7b,hierarchical,target_context_comm,irr_target,13,0.07692307692307693,0.22417941532712204,0.06217618283580587,0.0,0.0,0.0,0.0,0.8,-0.04494224143510259,0.19878839528125644
mistral_7b,hierarchical,target_context_comm,retention_target,15,0.30666666666666664,0.4527166674117279,0.11689094089574294,0.0,0.0,0.8,0.0,1.0,0.0775604225110105,0.5357729108223228
mistral_7b,hierarchical,target_context_comm,drr_system,15,0.18666666666666665,0.358302877997027,0.0925134052920449,0.0,0.0,0.2,0.0,1.0,0.005340392294258645,0.36799294103907465
mistral_7b,hierarchical,target_context_comm,irr_system,13,0.1846153846153846,0.3782551031736691,0.10490908997681428,0.0,0.0,0.0,0.0,1.0,-0.021006431739171383,0.3902372009699406
mistral_7b,hierarchical,target_context_comm,retention_system,15,0.16,0.35617010382279823,0.09196272536817761,0.0,0.0,0.0,0.0,1.0,-0.02024694172162811,0.3402469417216281
mistral_7b,hierarchical,target_context_comm,n_scored_probes,15,14.333333333333334,1.7593288763724917,0.4542567625794978,15.0,15.0,15.0,10.0,15.0,13.442990078677518,15.22367658798915
mistral_7b,hierarchical,target_context_memory,drr_target,15,0.013333333333333334,0.051639777949432225,0.013333333333333332,0.0,0.0,0.0,0.0,0.2,-0.012799999999999997,0.039466666666666664
mistral_7b,hierarchical,target_context_memory,irr_target,13,0.015384615384615385,0.05547001962252291,0.015384615384615385,0.0,0.0,0.0,0.0,0.2,-0.01476923076923077,0.04553846153846154
mistral_7b,hierarchical,target_context_memory,retention_target,15,0.24000000000000002,0.40848150858654886,0.10546947199929238,0.0,0.0,0.30000000000000004,0.0,1.0,0.033279834881386944,0.4467201651186131
mistral_7b,hierarchical,target_context_memory,drr_system,15,0.22666666666666666,0.39904648255321734,0.10303335875275062,0.0,0.0,0.3,0.0,1.0,0.02472128351127545,0.42861204982205786
mistral_7b,hierarchical,target_context_memory,irr_system,13,0.2,0.3915780041490244,0.10860419786947371,0.0,0.0,0.0,0.0,1.0,-0.012864227824168462,0.4128642278241685
mistral_7b,hierarchical,target_context_memory,retention_system,15,0.16,0.35617010382279823,0.09196272536817761,0.0,0.0,0.0,0.0,1.0,-0.02024694172162811,0.3402469417216281
mistral_7b,hierarchical,target_context_memory,n_scored_probes,15,14.333333333333334,1.7593288763724917,0.4542567625794978,15.0,15.0,15.0,10.0,15.0,13.442990078677518,15.22367658798915
mistral_7b,hierarchical,target_memory,drr_target,15,0.24000000000000002,0.422238930329398,0.10902162301907949,0.0,0.0,0.3,0.0,1.0,0.026317618882604227,0.4536823811173958
mistral_7b,hierarchical,target_memory,irr_target,13,0.23076923076923078,0.4385290096535146,0.12162606385262997,0.0,0.0,0.0,0.0,1.0,-0.007617854381923972,0.46915631592038554
mistral_7b,hierarchical,target_memory,retention_target,15,0.14666666666666667,0.35023801430836515,0.09043106644167022,0.0,0.0,0.0,0.0,1.0,-0.030578223559006967,0.3239115568923403
mistral_7b,hierarchical,target_memory,drr_system,15,0.22666666666666666,0.4131182235954578,0.10666666666666666,0.0,0.0,0.2,0.0,1.0,0.017600000000000005,0.4357333333333333
mistral_7b,hierarchical,target_memory,irr_system,13,0.1846153846153846,0.3782551031736691,0.10490908997681428,0.0,0.0,0.0,0.0,1.0,-0.021006431739171383,0.3902372009699406
mistral_7b,hierarchical,target_memory,retention_system,15,0.14666666666666667,0.35023801430836515,0.09043106644167022,0.0,0.0,0.0,0.0,1.0,-0.030578223559006967,0.3239115568923403
mistral_7b,hierarchical,target_memory,n_scored_probes,15,14.333333333333334,1.7593288763724917,0.4542567625794978,15.0,15.0,15.0,10.0,15.0,13.442990078677518,15.22367658798915
mistral_7b,hierarchical,target_memory_comm,drr_target,15,0.24000000000000002,0.422238930329398,0.10902162301907949,0.0,0.0,0.3,0.0,1.0,0.026317618882604227,0.4536823811173958
mistral_7b,hierarchical,target_memory_comm,irr_target,13,0.23076923076923078,0.4385290096535146,0.12162606385262997,0.0,0.0,0.0,0.0,1.0,-0.007617854381923972,0.46915631592038554
mistral_7b,hierarchical,target_memory_comm,retention_target,15,0.14666666666666667,0.35023801430836515,0.09043106644167022,0.0,0.0,0.0,0.0,1.0,-0.030578223559006967,0.3239115568923403
mistral_7b,hierarchical,target_memory_comm,drr_system,15,0.22666666666666666,0.4131182235954578,0.10666666666666666,0.0,0.0,0.2,0.0,1.0,0.017600000000000005,0.4357333333333333
mistral_7b,hierarchical,target_memory_comm,irr_system,13,0.1846153846153846,0.3782551031736691,0.10490908997681428,0.0,0.0,0.0,0.0,1.0,-0.021006431739171383,0.3902372009699406
mistral_7b,hierarchical,target_memory_comm,retention_system,15,0.14666666666666667,0.35023801430836515,0.09043106644167022,0.0,0.0,0.0,0.0,1.0,-0.030578223559006967,0.3239115568923403
mistral_7b,hierarchical,target_memory_comm,n_scored_probes,15,14.333333333333334,1.7593288763724917,0.4542567625794978,15.0,15.0,15.0,10.0,15.0,13.442990078677518,15.22367658798915
mistral_7b,independent,communication,drr_target,15,0.2,0.4140393356054126,0.10690449676496977,0.0,0.0,0.0,0.0,1.0,-0.009532813659340722,0.40953281365934074
mistral_7b,independent,communication,irr_target,13,0.21538461538461537,0.41199950211570613,0.11426810233413945,0.0,0.0,0.0,0.0,1.0,-0.008580865190297937,0.4393500959595287
mistral_7b,independent,communication,retention_target,15,0.22666666666666666,0.4131182235954578,0.10666666666666666,0.0,0.0,0.2,0.0,1.0,0.017600000000000005,0.4357333333333333
mistral_7b,independent,communication,drr_system,15,0.2,0.4140393356054126,0.10690449676496977,0.0,0.0,0.0,0.0,1.0,-0.009532813659340722,0.40953281365934074
mistral_7b,independent,communication,irr_system,13,0.21538461538461537,0.41199950211570613,0.11426810233413945,0.0,0.0,0.0,0.0,1.0,-0.008580865190297937,0.4393500959595287
mistral_7b,independent,communication,retention_system,15,0.22666666666666666,0.4131182235954578,0.10666666666666666,0.0,0.0,0.2,0.0,1.0,0.017600000000000005,0.4357333333333333
mistral_7b,independent,communication,n_scored_probes,15,14.333333333333334,1.7593288763724917,0.4542567625794978,15.0,15.0,15.0,10.0,15.0,13.442990078677518,15.22367658798915
mistral_7b,independent,full_inference,drr_target,17,0.011764705882352941,0.04850712500726659,0.01176470588235294,0.0,0.0,0.0,0.0,0.2,-0.011294117647058819,0.0348235294117647
mistral_7b,independent,full_inference,irr_target,13,0.07692307692307693,0.22417941532712204,0.06217618283580587,0.0,0.0,0.0,0.0,0.8,-0.04494224143510259,0.19878839528125644
mistral_7b,independent,full_inference,retention_target,15,0.28,0.40567404226968795,0.10474458731327634,0.0,0.0,0.4,0.0,1.0,0.0747006088659784,0.48529939113402165
mistral_7b,independent,full_inference,drr_system,17,0.011764705882352941,0.04850712500726659,0.01176470588235294,0.0,0.0,0.0,0.0,0.2,-0.011294117647058819,0.0348235294117647
mistral_7b,independent,full_inference,irr_system,13,0.07692307692307693,0.22417941532712204,0.06217618283580587,0.0,0.0,0.0,0.0,0.8,-0.04494224143510259,0.19878839528125644
mistral_7b,independent,full_inference,retention_system,15,0.28,0.40567404226968795,0.10474458731327634,0.0,0.0,0.4,0.0,1.0,0.0747006088659784,0.48529939113402165
mistral_7b,independent,full_inference,n_scored_probes,17,13.235294117647058,3.509441048171095,0.85116447814634,15.0,15.0,15.0,5.0,15.0,11.567011740480233,14.903576494813883
mistral_7b,independent,global_context,drr_target,15,0.04,0.15491933384829665,0.039999999999999994,0.0,0.0,0.0,0.0,0.6,-0.03839999999999998,0.11839999999999998
mistral_7b,independent,global_context,irr_target,13,0.07692307692307693,0.2773500981126146,0.07692307692307693,0.0,0.0,0.0,0.0,1.0,-0.07384615384615384,0.2276923076923077
mistral_7b,independent,global_context,retention_target,15,0.32,0.44593401177432385,0.1151396667406279,0.0,0.0,0.8,0.0,1.0,0.09432625318836935,0.5456737468116306
mistral_7b,independent,global_context,drr_system,15,0.04,0.15491933384829665,0.039999999999999994,0.0,0.0,0.0,0.0,0.6,-0.03839999999999998,0.11839999999999998
mistral_7b,independent,global_context,irr_system,13,0.07692307692307693,0.2773500981126146,0.07692307692307693,0.0,0.0,0.0,0.0,1.0,-0.07384615384615384,0.2276923076923077
mistral_7b,independent,global_context,retention_system,15,0.32,0.44593401177432385,0.1151396667406279,0.0,0.0,0.8,0.0,1.0,0.09432625318836935,0.5456737468116306
mistral_7b,independent,global_context,n_scored_probes,15,14.333333333333334,1.7593288763724917,0.4542567625794978,15.0,15.0,15.0,10.0,15.0,13.442990078677518,15.22367658798915
mistral_7b,independent,none,drr_target,17,0.17647058823529413,0.39295262399668784,0.09530501027070382,0.0,0.0,0.0,0.0,1.0,-0.010327231895285338,0.3632684083658736
mistral_7b,independent,none,irr_target,13,0.21538461538461537,0.41199950211570613,0.11426810233413945,0.0,0.0,0.0,0.0,1.0,-0.008580865190297937,0.4393500959595287
mistral_7b,independent,none,retention_target,15,0.22666666666666666,0.4131182235954578,0.10666666666666666,0.0,0.0,0.2,0.0,1.0,0.017600000000000005,0.4357333333333333
mistral_7b,independent,none,drr_system,17,0.17647058823529413,0.39295262399668784,0.09530501027070382,0.0,0.0,0.0,0.0,1.0,-0.010327231895285338,0.3632684083658736
mistral_7b,independent,none,irr_system,13,0.21538461538461537,0.41199950211570613,0.11426810233413945,0.0,0.0,0.0,0.0,1.0,-0.008580865190297937,0.4393500959595287
mistral_7b,independent,none,retention_system,15,0.22666666666666666,0.4131182235954578,0.10666666666666666,0.0,0.0,0.2,0.0,1.0,0.017600000000000005,0.4357333333333333
mistral_7b,independent,none,n_scored_probes,17,13.235294117647058,3.509441048171095,0.85116447814634,15.0,15.0,15.0,5.0,15.0,11.567011740480233,14.903576494813883
mistral_7b,independent,target_context,drr_target,15,0.04,0.15491933384829665,0.039999999999999994,0.0,0.0,0.0,0.0,0.6,-0.03839999999999998,0.11839999999999998
mistral_7b,independent,target_context,irr_target,13,0.07692307692307693,0.2773500981126146,0.07692307692307693,0.0,0.0,0.0,0.0,1.0,-0.07384615384615384,0.2276923076923077
mistral_7b,independent,target_context,retention_target,15,0.32,0.44593401177432385,0.1151396667406279,0.0,0.0,0.8,0.0,1.0,0.09432625318836935,0.5456737468116306
mistral_7b,independent,target_context,drr_system,15,0.04,0.15491933384829665,0.039999999999999994,0.0,0.0,0.0,0.0,0.6,-0.03839999999999998,0.11839999999999998
mistral_7b,independent,target_context,irr_system,13,0.07692307692307693,0.2773500981126146,0.07692307692307693,0.0,0.0,0.0,0.0,1.0,-0.07384615384615384,0.2276923076923077
mistral_7b,independent,target_context,retention_system,15,0.32,0.44593401177432385,0.1151396667406279,0.0,0.0,0.8,0.0,1.0,0.09432625318836935,0.5456737468116306
mistral_7b,independent,target_context,n_scored_probes,15,14.333333333333334,1.7593288763724917,0.4542567625794978,15.0,15.0,15.0,10.0,15.0,13.442990078677518,15.22367658798915
mistral_7b,independent,target_context_comm,drr_target,15,0.04,0.15491933384829665,0.039999999999999994,0.0,0.0,0.0,0.0,0.6,-0.03839999999999998,0.11839999999999998
mistral_7b,independent,target_context_comm,irr_target,13,0.07692307692307693,0.2773500981126146,0.07692307692307693,0.0,0.0,0.0,0.0,1.0,-0.07384615384615384,0.2276923076923077
mistral_7b,independent,target_context_comm,retention_target,15,0.32,0.44593401177432385,0.1151396667406279,0.0,0.0,0.8,0.0,1.0,0.09432625318836935,0.5456737468116306
mistral_7b,independent,target_context_comm,drr_system,15,0.04,0.15491933384829665,0.039999999999999994,0.0,0.0,0.0,0.0,0.6,-0.03839999999999998,0.11839999999999998
mistral_7b,independent,target_context_comm,irr_system,13,0.07692307692307693,0.2773500981126146,0.07692307692307693,0.0,0.0,0.0,0.0,1.0,-0.07384615384615384,0.2276923076923077
mistral_7b,independent,target_context_comm,retention_system,15,0.32,0.44593401177432385,0.1151396667406279,0.0,0.0,0.8,0.0,1.0,0.09432625318836935,0.5456737468116306
mistral_7b,independent,target_context_comm,n_scored_probes,15,14.333333333333334,1.7593288763724917,0.4542567625794978,15.0,15.0,15.0,10.0,15.0,13.442990078677518,15.22367658798915
mistral_7b,independent,target_context_memory,drr_target,17,0.011764705882352941,0.04850712500726659,0.01176470588235294,0.0,0.0,0.0,0.0,0.2,-0.011294117647058819,0.0348235294117647
mistral_7b,independent,target_context_memory,irr_target,13,0.07692307692307693,0.22417941532712204,0.06217618283580587,0.0,0.0,0.0,0.0,0.8,-0.04494224143510259,0.19878839528125644
mistral_7b,independent,target_context_memory,retention_target,15,0.28,0.40567404226968795,0.10474458731327634,0.0,0.0,0.4,0.0,1.0,0.0747006088659784,0.48529939113402165
mistral_7b,independent,target_context_memory,drr_system,17,0.011764705882352941,0.04850712500726659,0.01176470588235294,0.0,0.0,0.0,0.0,0.2,-0.011294117647058819,0.0348235294117647
mistral_7b,independent,target_context_memory,irr_system,13,0.07692307692307693,0.22417941532712204,0.06217618283580587,0.0,0.0,0.0,0.0,0.8,-0.04494224143510259,0.19878839528125644
mistral_7b,independent,target_context_memory,retention_system,15,0.28,0.40567404226968795,0.10474458731327634,0.0,0.0,0.4,0.0,1.0,0.0747006088659784,0.48529939113402165
mistral_7b,independent,target_context_memory,n_scored_probes,17,13.235294117647058,3.509441048171095,0.85116447814634,15.0,15.0,15.0,5.0,15.0,11.567011740480233,14.903576494813883
mistral_7b,independent,target_memory,drr_target,15,0.21333333333333335,0.41034248181360955,0.10594997322036864,0.0,0.0,0.1,0.0,1.0,0.0056713858214108015,0.4209952808452559
mistral_7b,independent,target_memory,irr_target,13,0.21538461538461537,0.41199950211570613,0.11426810233413945,0.0,0.0,0.0,0.0,1.0,-0.008580865190297937,0.4393500959595287
mistral_7b,independent,target_memory,retention_target,15,0.2,0.4140393356054126,0.10690449676496977,0.0,0.0,0.0,0.0,1.0,-0.009532813659340722,0.40953281365934074
mistral_7b,independent,target_memory,drr_system,15,0.21333333333333335,0.41034248181360955,0.10594997322036864,0.0,0.0,0.1,0.0,1.0,0.0056713858214108015,0.4209952808452559
mistral_7b,independent,target_memory,irr_system,13,0.21538461538461537,0.41199950211570613,0.11426810233413945,0.0,0.0,0.0,0.0,1.0,-0.008580865190297937,0.4393500959595287
mistral_7b,independent,target_memory,retention_system,15,0.2,0.4140393356054126,0.10690449676496977,0.0,0.0,0.0,0.0,1.0,-0.009532813659340722,0.40953281365934074
mistral_7b,independent,target_memory,n_scored_probes,15,14.333333333333334,1.7593288763724917,0.4542567625794978,15.0,15.0,15.0,10.0,15.0,13.442990078677518,15.22367658798915
mistral_7b,independent,target_memory_comm,drr_target,15,0.21333333333333335,0.41034248181360955,0.10594997322036864,0.0,0.0,0.1,0.0,1.0,0.0056713858214108015,0.4209952808452559
mistral_7b,independent,target_memory_comm,irr_target,13,0.21538461538461537,0.41199950211570613,0.11426810233413945,0.0,0.0,0.0,0.0,1.0,-0.008580865190297937,0.4393500959595287
mistral_7b,independent,target_memory_comm,retention_target,15,0.2,0.4140393356054126,0.10690449676496977,0.0,0.0,0.0,0.0,1.0,-0.009532813659340722,0.40953281365934074
mistral_7b,independent,target_memory_comm,drr_system,15,0.21333333333333335,0.41034248181360955,0.10594997322036864,0.0,0.0,0.1,0.0,1.0,0.0056713858214108015,0.4209952808452559
mistral_7b,independent,target_memory_comm,irr_system,13,0.21538461538461537,0.41199950211570613,0.11426810233413945,0.0,0.0,0.0,0.0,1.0,-0.008580865190297937,0.4393500959595287
mistral_7b,independent,target_memory_comm,retention_system,15,0.2,0.4140393356054126,0.10690449676496977,0.0,0.0,0.0,0.0,1.0,-0.009532813659340722,0.40953281365934074
mistral_7b,independent,target_memory_comm,n_scored_probes,15,14.333333333333334,1.7593288763724917,0.4542567625794978,15.0,15.0,15.0,10.0,15.0,13.442990078677518,15.22367658798915
mistral_7b,scratchpad,communication,drr_target,15,0.18666666666666665,0.38889342400983745,0.100411850309312,0.0,0.0,0.0,0.0,1.0,-0.010140559939584876,0.38347389327291814
mistral_7b,scratchpad,communication,irr_target,13,0.21538461538461537,0.41199950211570613,0.11426810233413945,0.0,0.0,0.0,0.0,1.0,-0.008580865190297937,0.4393500959595287
mistral_7b,scratchpad,communication,retention_target,15,0.30666666666666664,0.41997732365087564,0.10843767868564023,0.0,0.0,0.6,0.0,1.0,0.09412881644281179,0.5192045168905215
mistral_7b,scratchpad,communication,drr_system,15,0.2,0.4140393356054126,0.10690449676496977,0.0,0.0,0.0,0.0,1.0,-0.009532813659340722,0.40953281365934074
mistral_7b,scratchpad,communication,irr_system,13,0.21538461538461537,0.41199950211570613,0.11426810233413945,0.0,0.0,0.0,0.0,1.0,-0.008580865190297937,0.4393500959595287
mistral_7b,scratchpad,communication,retention_system,15,0.2,0.4140393356054126,0.10690449676496977,0.0,0.0,0.0,0.0,1.0,-0.009532813659340722,0.40953281365934074
mistral_7b,scratchpad,communication,n_scored_probes,15,14.333333333333334,1.7593288763724917,0.4542567625794978,15.0,15.0,15.0,10.0,15.0,13.442990078677518,15.22367658798915
mistral_7b,scratchpad,full_inference,drr_target,17,0.023529411764705882,0.06642111641550716,0.016109486985446064,0.0,0.0,0.0,0.0,0.2,-0.0080451827267684,0.055104006256180164
mistral_7b,scratchpad,full_inference,irr_target,13,0.16923076923076924,0.3351233986275687,0.09294650748918902,0.0,0.0,0.2,0.0,1.0,-0.012944385448041246,0.3514059239095797
mistral_7b,scratchpad,full_inference,retention_target,15,0.3466666666666667,0.41034248181360944,0.10594997322036862,0.2,0.0,0.8,0.0,1.0,0.1390047191547442,0.5543286141785891
mistral_7b,scratchpad,full_inference,drr_system,17,0.17647058823529413,0.39295262399668784,0.09530501027070382,0.0,0.0,0.0,0.0,1.0,-0.010327231895285338,0.3632684083658736
mistral_7b,scratchpad,full_inference,irr_system,13,0.21538461538461537,0.41199950211570613,0.11426810233413945,0.0,0.0,0.0,0.0,1.0,-0.008580865190297937,0.4393500959595287
mistral_7b,scratchpad,full_inference,retention_system,15,0.2,0.4140393356054126,0.10690449676496977,0.0,0.0,0.0,0.0,1.0,-0.009532813659340722,0.40953281365934074
mistral_7b,scratchpad,full_inference,n_scored_probes,17,13.235294117647058,3.509441048171095,0.85116447814634,15.0,15.0,15.0,5.0,15.0,11.567011740480233,14.903576494813883
mistral_7b,scratchpad,global_context,drr_target,15,0.08,0.211119465164699,0.05451081150953974,0.0,0.0,0.0,0.0,0.8,-0.026841190558697894,0.1868411905586979
mistral_7b,scratchpad,global_context,irr_target,13,0.12307692307692307,0.289118909083691,0.08018715780057378,0.0,0.0,0.0,0.0,1.0,-0.03408990621220155,0.2802437523660477
mistral_7b,scratchpad,global_context,retention_target,15,0.3466666666666667,0.43072474914243036,0.1112126520152,0.2,0.0,0.8,0.0,1.0,0.12868986871687468,0.5646434646164586
mistral_7b,scratchpad,global_context,drr_system,15,0.06666666666666667,0.20930724738891351,0.054042898891851855,0.0,0.0,0.0,0.0,0.8,-0.03925741516136297,0.1725907484946963
mistral_7b,scratchpad,global_context,irr_system,13,0.13846153846153847,0.3096731113568563,0.08588786781766272,0.0,0.0,0.0,0.0,1.0,-0.02987868246108047,0.30680175938415744
mistral_7b,scratchpad,global_context,retention_system,15,0.22666666666666666,0.4131182235954578,0.10666666666666666,0.0,0.0,0.2,0.0,1.0,0.017600000000000005,0.4357333333333333
mistral_7b,scratchpad,global_context,n_scored_probes,15,14.333333333333334,1.7593288763724917,0.4542567625794978,15.0,15.0,15.0,10.0,15.0,13.442990078677518,15.22367658798915
mistral_7b,scratchpad,none,drr_target,17,0.1647058823529412,0.34810410883561155,0.08442764761416073,0.0,0.0,0.0,0.0,1.0,-0.0007723069708138186,0.3301840716766962
mistral_7b,scratchpad,none,irr_target,13,0.23076923076923078,0.4385290096535146,0.12162606385262997,0.0,0.0,0.0,0.0,1.0,-0.007617854381923972,0.46915631592038554
mistral_7b,scratchpad,none,retention_target,15,0.24000000000000002,0.37947331922020555,0.09797958971132713,0.0,0.0,0.5,0.0,1.0,0.04796000416579885,0.43203999583420116
mistral_7b,scratchpad,none,drr_system,17,0.17647058823529413,0.39295262399668784,0.09530501027070382,0.0,0.0,0.0,0.0,1.0,-0.010327231895285338,0.3632684083658736
mistral_7b,scratchpad,none,irr_system,13,0.23076923076923078,0.4385290096535146,0.12162606385262997,0.0,0.0,0.0,0.0,1.0,-0.007617854381923972,0.46915631592038554
mistral_7b,scratchpad,none,retention_system,15,0.2,0.4140393356054126,0.10690449676496977,0.0,0.0,0.0,0.0,1.0,-0.009532813659340722,0.40953281365934074
mistral_7b,scratchpad,none,n_scored_probes,17,13.235294117647058,3.509441048171095,0.85116447814634,15.0,15.0,15.0,5.0,15.0,11.567011740480233,14.903576494813883
mistral_7b,scratchpad,target_context,drr_target,15,0.21333333333333332,0.38147583085145714,0.09849663599122206,0.0,0.0,0.2,0.0,1.0,0.020279926790538083,0.40638673987612856
mistral_7b,scratchpad,target_context,irr_target,13,0.24615384615384617,0.4332347027793453,0.12015768732164082,0.0,0.0,0.2,0.0,1.0,0.010644779003430166,0.48166291330426214
mistral_7b,scratchpad,target_context,retention_target,15,0.32000000000000006,0.43948021245882873,0.11347330292271607,0.0,0.0,0.7,0.0,1.0,0.09759232627147657,0.5424076737285235
mistral_7b,scratchpad,target_context,drr_system,15,0.21333333333333335,0.41034248181360955,0.10594997322036864,0.0,0.0,0.1,0.0,1.0,0.0056713858214108015,0.4209952808452559
mistral_7b,scratchpad,target_context,irr_system,13,0.23076923076923078,0.4385290096535146,0.12162606385262997,0.0,0.0,0.0,0.0,1.0,-0.007617854381923972,0.46915631592038554
mistral_7b,scratchpad,target_context,retention_system,15,0.2,0.4140393356054126,0.10690449676496977,0.0,0.0,0.0,0.0,1.0,-0.009532813659340722,0.40953281365934074
mistral_7b,scratchpad,target_context,n_scored_probes,15,14.333333333333334,1.7593288763724917,0.4542567625794978,15.0,15.0,15.0,10.0,15.0,13.442990078677518,15.22367658798915
mistral_7b,scratchpad,target_context_comm,drr_target,15,0.05333333333333334,0.159761727343596,0.04125030062420516,0.0,0.0,0.0,0.0,0.6,-0.027517255890108776,0.13418392255677544
mistral_7b,scratchpad,target_context_comm,irr_target,13,0.15384615384615385,0.37553380809940534,0.10415433852097385,0.0,0.0,0.0,0.0,1.0,-0.050296349654954886,0.3579886573472626
mistral_7b,scratchpad,target_context_comm,retention_target,15,0.36000000000000004,0.4548155041960892,0.11743285822322552,0.0,0.0,0.9,0.0,1.0,0.12983159788247803,0.5901684021175221
mistral_7b,scratchpad,target_context_comm,drr_system,15,0.2,0.4140393356054126,0.10690449676496977,0.0,0.0,0.0,0.0,1.0,-0.009532813659340722,0.40953281365934074
mistral_7b,scratchpad,target_context_comm,irr_system,13,0.23076923076923078,0.4385290096535146,0.12162606385262997,0.0,0.0,0.0,0.0,1.0,-0.007617854381923972,0.46915631592038554
mistral_7b,scratchpad,target_context_comm,retention_system,15,0.2,0.4140393356054126,0.10690449676496977,0.0,0.0,0.0,0.0,1.0,-0.009532813659340722,0.40953281365934074
mistral_7b,scratchpad,target_context_comm,n_scored_probes,15,14.333333333333334,1.7593288763724917,0.4542567625794978,15.0,15.0,15.0,10.0,15.0,13.442990078677518,15.22367658798915
mistral_7b,scratchpad,target_context_memory,drr_target,17,0.18823529411764706,0.36380343755449945,0.08823529411764705,0.0,0.0,0.2,0.0,1.0,0.015294117647058847,0.36117647058823527
mistral_7b,scratchpad,target_context_memory,irr_target,13,0.26153846153846155,0.43500663124919053,0.12064913185660095,0.0,0.0,0.4,0.0,1.0,0.025066163099523697,0.4980107599773994
mistral_7b,scratchpad,target_context_memory,retention_target,15,0.36000000000000004,0.42895221179054427,0.11075498483890764,0.2,0.0,0.8,0.0,1.0,0.1429202297157411,0.5770797702842589
mistral_7b,scratchpad,target_context_memory,drr_system,17,0.17647058823529413,0.39295262399668784,0.09530501027070382,0.0,0.0,0.0,0.0,1.0,-0.010327231895285338,0.3632684083658736
mistral_7b,scratchpad,target_context_memory,irr_system,13,0.27692307692307694,0.44376015698018334,0.1230769230769231,0.0,0.0,0.6,0.0,1.0,0.03569230769230766,0.5181538461538462
mistral_7b,scratchpad,target_context_memory,retention_system,15,0.2,0.4140393356054126,0.10690449676496977,0.0,0.0,0.0,0.0,1.0,-0.009532813659340722,0.40953281365934074
mistral_7b,scratchpad,target_context_memory,n_scored_probes,17,13.235294117647058,3.509441048171095,0.85116447814634,15.0,15.0,15.0,5.0,15.0,11.567011740480233,14.903576494813883
mistral_7b,scratchpad,target_memory,drr_target,15,0.22666666666666666,0.38446004188930194,0.09926715596796482,0.0,0.0,0.30000000000000004,0.0,1.0,0.032103040969455626,0.42123029236387766
mistral_7b,scratchpad,target_memory,irr_target,13,0.23076923076923078,0.4385290096535146,0.12162606385262997,0.0,0.0,0.0,0.0,1.0,-0.007617854381923972,0.46915631592038554
mistral_7b,scratchpad,target_memory,retention_target,15,0.23999999999999996,0.3869293032509759,0.0999047165100446,0.0,0.0,0.4,0.0,1.0,0.044186755640312575,0.4358132443596874
mistral_7b,scratchpad,target_memory,drr_system,15,0.2,0.4140393356054126,0.10690449676496977,0.0,0.0,0.0,0.0,1.0,-0.009532813659340722,0.40953281365934074
mistral_7b,scratchpad,target_memory,irr_system,13,0.23076923076923078,0.4385290096535146,0.12162606385262997,0.0,0.0,0.0,0.0,1.0,-0.007617854381923972,0.46915631592038554
mistral_7b,scratchpad,target_memory,retention_system,15,0.2,0.4140393356054126,0.10690449676496977,0.0,0.0,0.0,0.0,1.0,-0.009532813659340722,0.40953281365934074
mistral_7b,scratchpad,target_memory,n_scored_probes,15,14.333333333333334,1.7593288763724917,0.4542567625794978,15.0,15.0,15.0,10.0,15.0,13.442990078677518,15.22367658798915
mistral_7b,scratchpad,target_memory_comm,drr_target,15,0.21333333333333335,0.41034248181360955,0.10594997322036864,0.0,0.0,0.1,0.0,1.0,0.0056713858214108015,0.4209952808452559
mistral_7b,scratchpad,target_memory_comm,irr_target,13,0.23076923076923078,0.4385290096535146,0.12162606385262997,0.0,0.0,0.0,0.0,1.0,-0.007617854381923972,0.46915631592038554
mistral_7b,scratchpad,target_memory_comm,retention_target,15,0.26666666666666666,0.4117326918327103,0.10630892390381583,0.0,0.0,0.6000000000000001,0.0,1.0,0.05830117581518765,0.47503215751814565
mistral_7b,scratchpad,target_memory_comm,drr_system,15,0.2,0.4140393356054126,0.10690449676496977,0.0,0.0,0.0,0.0,1.0,-0.009532813659340722,0.40953281365934074
mistral_7b,scratchpad,target_memory_comm,irr_system,13,0.23076923076923078,0.4385290096535146,0.12162606385262997,0.0,0.0,0.0,0.0,1.0,-0.007617854381923972,0.46915631592038554
mistral_7b,scratchpad,target_memory_comm,retention_system,15,0.2,0.4140393356054126,0.10690449676496977,0.0,0.0,0.0,0.0,1.0,-0.009532813659340722,0.40953281365934074
mistral_7b,scratchpad,target_memory_comm,n_scored_probes,15,14.333333333333334,1.7593288763724917,0.4542567625794978,15.0,15.0,15.0,10.0,15.0,13.442990078677518,15.22367658798915
mistral_7b,sequential,communication,drr_target,15,0.24000000000000002,0.422238930329398,0.10902162301907949,0.0,0.0,0.3,0.0,1.0,0.026317618882604227,0.4536823811173958
mistral_7b,sequential,communication,irr_target,13,0.23076923076923078,0.4385290096535146,0.12162606385262997,0.0,0.0,0.0,0.0,1.0,-0.007617854381923972,0.46915631592038554
mistral_7b,sequential,communication,retention_target,15,0.14666666666666667,0.35023801430836515,0.09043106644167022,0.0,0.0,0.0,0.0,1.0,-0.030578223559006967,0.3239115568923403
mistral_7b,sequential,communication,drr_system,15,0.17333333333333334,0.3692979181920099,0.09535231246311489,0.0,0.0,0.0,0.0,1.0,-0.013557199094371836,0.3602238657610385
mistral_7b,sequential,communication,irr_system,13,0.16923076923076924,0.37279264876652135,0.10339407771105616,0.0,0.0,0.0,0.0,1.0,-0.033421623082900836,0.37188316154443934
mistral_7b,sequential,communication,retention_system,15,0.13333333333333333,0.35186577527449836,0.09085135251589957,0.0,0.0,0.0,0.0,1.0,-0.04473531759782981,0.3114019842644965
mistral_7b,sequential,communication,n_scored_probes,15,14.333333333333334,1.7593288763724917,0.4542567625794978,15.0,15.0,15.0,10.0,15.0,13.442990078677518,15.22367658798915
mistral_7b,sequential,full_inference,drr_target,15,0.0,0.0,0.0,0.0,0.0,0.0,0.0,0.0,0.0,0.0
mistral_7b,sequential,full_inference,irr_target,13,0.12307692307692307,0.289118909083691,0.08018715780057378,0.0,0.0,0.0,0.0,1.0,-0.03408990621220155,0.2802437523660477
mistral_7b,sequential,full_inference,retention_target,15,0.14666666666666667,0.35023801430836515,0.09043106644167022,0.0,0.0,0.0,0.0,1.0,-0.030578223559006967,0.3239115568923403
mistral_7b,sequential,full_inference,drr_system,15,0.17333333333333337,0.3369329451445934,0.08699571235557516,0.0,0.0,0.1,0.0,1.0,0.00282173711640607,0.3438449295502607
mistral_7b,sequential,full_inference,irr_system,13,0.16923076923076924,0.37279264876652135,0.10339407771105616,0.0,0.0,0.0,0.0,1.0,-0.033421623082900836,0.37188316154443934
mistral_7b,sequential,full_inference,retention_system,15,0.13333333333333333,0.35186577527449836,0.09085135251589957,0.0,0.0,0.0,0.0,1.0,-0.04473531759782981,0.3114019842644965
mistral_7b,sequential,full_inference,n_scored_probes,15,14.333333333333334,1.7593288763724917,0.4542567625794978,15.0,15.0,15.0,10.0,15.0,13.442990078677518,15.22367658798915
mistral_7b,sequential,global_context,drr_target,15,0.05333333333333334,0.2065591117977289,0.05333333333333333,0.0,0.0,0.0,0.0,0.8,-0.05119999999999999,0.15786666666666666
mistral_7b,sequential,global_context,irr_target,13,0.06153846153846154,0.22188007849009164,0.06153846153846154,0.0,0.0,0.0,0.0,0.8,-0.05907692307692308,0.18215384615384617
mistral_7b,sequential,global_context,retention_target,15,0.18666666666666668,0.3661901665736508,0.09454989444564463,0.0,0.0,0.1,0.0,1.0,0.001348873553203206,0.37198445978013017
mistral_7b,sequential,global_context,drr_system,15,0.05333333333333334,0.2065591117977289,0.05333333333333333,0.0,0.0,0.0,0.0,0.8,-0.05119999999999999,0.15786666666666666
mistral_7b,sequential,global_context,irr_system,13,0.07692307692307693,0.22417941532712204,0.06217618283580587,0.0,0.0,0.0,0.0,0.8,-0.04494224143510259,0.19878839528125644
mistral_7b,sequential,global_context,retention_system,15,0.14666666666666667,0.35023801430836515,0.09043106644167022,0.0,0.0,0.0,0.0,1.0,-0.030578223559006967,0.3239115568923403
mistral_7b,sequential,global_context,n_scored_probes,15,14.333333333333334,1.7593288763724917,0.4542567625794978,15.0,15.0,15.0,10.0,15.0,13.442990078677518,15.22367658798915
mistral_7b,sequential,none,drr_target,15,0.2,0.4140393356054126,0.10690449676496977,0.0,0.0,0.0,0.0,1.0,-0.009532813659340722,0.40953281365934074
mistral_7b,sequential,none,irr_target,13,0.2,0.3915780041490244,0.10860419786947371,0.0,0.0,0.0,0.0,1.0,-0.012864227824168462,0.4128642278241685
mistral_7b,sequential,none,retention_target,15,0.14666666666666667,0.35023801430836515,0.09043106644167022,0.0,0.0,0.0,0.0,1.0,-0.030578223559006967,0.3239115568923403
mistral_7b,sequential,none,drr_system,15,0.2,0.4140393356054126,0.10690449676496977,0.0,0.0,0.0,0.0,1.0,-0.009532813659340722,0.40953281365934074
mistral_7b,sequential,none,irr_system,13,0.2,0.3915780041490244,0.10860419786947371,0.0,0.0,0.0,0.0,1.0,-0.012864227824168462,0.4128642278241685
mistral_7b,sequential,none,retention_system,15,0.13333333333333333,0.35186577527449836,0.09085135251589957,0.0,0.0,0.0,0.0,1.0,-0.04473531759782981,0.3114019842644965
mistral_7b,sequential,none,n_scored_probes,15,14.333333333333334,1.7593288763724917,0.4542567625794978,15.0,15.0,15.0,10.0,15.0,13.442990078677518,15.22367658798915
mistral_7b,sequential,target_context,drr_target,15,0.2,0.4140393356054126,0.10690449676496977,0.0,0.0,0.0,0.0,1.0,-0.009532813659340722,0.40953281365934074
mistral_7b,sequential,target_context,irr_target,13,0.1846153846153846,0.36019937499055954,0.09990133199373413,0.0,0.0,0.0,0.0,1.0,-0.011191226092334305,0.3804219953231035
mistral_7b,sequential,target_context,retention_target,15,0.16000000000000003,0.3480558247506529,0.08986762752065106,0.0,0.0,0.1,0.0,1.0,-0.016140549940476034,0.3361405499404761
mistral_7b,sequential,target_context,drr_system,15,0.2,0.4140393356054126,0.10690449676496977,0.0,0.0,0.0,0.0,1.0,-0.009532813659340722,0.40953281365934074
mistral_7b,sequential,target_context,irr_system,13,0.2,0.3915780041490244,0.10860419786947371,0.0,0.0,0.0,0.0,1.0,-0.012864227824168462,0.4128642278241685
mistral_7b,sequential,target_context,retention_system,15,0.13333333333333333,0.35186577527449836,0.09085135251589957,0.0,0.0,0.0,0.0,1.0,-0.04473531759782981,0.3114019842644965
mistral_7b,sequential,target_context,n_scored_probes,15,14.333333333333334,1.7593288763724917,0.4542567625794978,15.0,15.0,15.0,10.0,15.0,13.442990078677518,15.22367658798915
mistral_7b,sequential,target_context_comm,drr_target,15,0.02666666666666667,0.10327955589886445,0.026666666666666665,0.0,0.0,0.0,0.0,0.4,-0.025599999999999994,0.07893333333333333
mistral_7b,sequential,target_context_comm,irr_target,13,0.13846153846153847,0.34043712473441545,0.09442026994626654,0.0,0.0,0.0,0.0,1.0,-0.04660219063314394,0.3235252675562209
mistral_7b,sequential,target_context_comm,retention_target,15,0.16000000000000003,0.3480558247506529,0.08986762752065106,0.0,0.0,0.1,0.0,1.0,-0.016140549940476034,0.3361405499404761
mistral_7b,sequential,target_context_comm,drr_system,15,0.22666666666666666,0.4131182235954578,0.10666666666666666,0.0,0.0,0.2,0.0,1.0,0.017600000000000005,0.4357333333333333
mistral_7b,sequential,target_context_comm,irr_system,13,0.15384615384615385,0.37553380809940534,0.10415433852097385,0.0,0.0,0.0,0.0,1.0,-0.050296349654954886,0.3579886573472626
mistral_7b,sequential,target_context_comm,retention_system,15,0.13333333333333333,0.35186577527449836,0.09085135251589957,0.0,0.0,0.0,0.0,1.0,-0.04473531759782981,0.3114019842644965
mistral_7b,sequential,target_context_comm,n_scored_probes,15,14.333333333333334,1.7593288763724917,0.4542567625794978,15.0,15.0,15.0,10.0,15.0,13.442990078677518,15.22367658798915
mistral_7b,sequential,target_context_memory,drr_target,15,0.2,0.4140393356054126,0.10690449676496977,0.0,0.0,0.0,0.0,1.0,-0.009532813659340722,0.40953281365934074
mistral_7b,sequential,target_context_memory,irr_target,13,0.2153846153846154,0.3869671688187381,0.1073253822382377,0.0,0.0,0.2,0.0,1.0,0.005026866197669511,0.4257423645715613
mistral_7b,sequential,target_context_memory,retention_target,15,0.16000000000000003,0.3480558247506529,0.08986762752065106,0.0,0.0,0.1,0.0,1.0,-0.016140549940476034,0.3361405499404761
mistral_7b,sequential,target_context_memory,drr_system,15,0.2,0.4140393356054126,0.10690449676496977,0.0,0.0,0.0,0.0,1.0,-0.009532813659340722,0.40953281365934074
mistral_7b,sequential,target_context_memory,irr_system,13,0.2,0.3915780041490244,0.10860419786947371,0.0,0.0,0.0,0.0,1.0,-0.012864227824168462,0.4128642278241685
mistral_7b,sequential,target_context_memory,retention_system,15,0.13333333333333333,0.35186577527449836,0.09085135251589957,0.0,0.0,0.0,0.0,1.0,-0.04473531759782981,0.3114019842644965
mistral_7b,sequential,target_context_memory,n_scored_probes,15,14.333333333333334,1.7593288763724917,0.4542567625794978,15.0,15.0,15.0,10.0,15.0,13.442990078677518,15.22367658798915
mistral_7b,sequential,target_memory,drr_target,15,0.2,0.4140393356054126,0.10690449676496977,0.0,0.0,0.0,0.0,1.0,-0.009532813659340722,0.40953281365934074
mistral_7b,sequential,target_memory,irr_target,13,0.23076923076923078,0.4069902033722994,0.1128787728361802,0.0,0.0,0.2,0.0,1.0,0.00952683601031759,0.452011625528144
mistral_7b,sequential,target_memory,retention_target,15,0.13333333333333333,0.35186577527449836,0.09085135251589957,0.0,0.0,0.0,0.0,1.0,-0.04473531759782981,0.3114019842644965
mistral_7b,sequential,target_memory,drr_system,15,0.2,0.4140393356054126,0.10690449676496977,0.0,0.0,0.0,0.0,1.0,-0.009532813659340722,0.40953281365934074
mistral_7b,sequential,target_memory,irr_system,13,0.21538461538461537,0.41199950211570613,0.11426810233413945,0.0,0.0,0.0,0.0,1.0,-0.008580865190297937,0.4393500959595287
mistral_7b,sequential,target_memory,retention_system,15,0.13333333333333333,0.35186577527449836,0.09085135251589957,0.0,0.0,0.0,0.0,1.0,-0.04473531759782981,0.3114019842644965
mistral_7b,sequential,target_memory,n_scored_probes,15,14.333333333333334,1.7593288763724917,0.4542567625794978,15.0,15.0,15.0,10.0,15.0,13.442990078677518,15.22367658798915
mistral_7b,sequential,target_memory_comm,drr_target,15,0.23999999999999996,0.415417174141162,0.10726025314515113,0.0,0.0,0.4,0.0,1.0,0.029769903835503764,0.45023009616449616
mistral_7b,sequential,target_memory_comm,irr_target,13,0.23076923076923078,0.4385290096535146,0.12162606385262997,0.0,0.0,0.0,0.0,1.0,-0.007617854381923972,0.46915631592038554
mistral_7b,sequential,target_memory_comm,retention_target,15,0.13333333333333333,0.35186577527449836,0.09085135251589957,0.0,0.0,0.0,0.0,1.0,-0.04473531759782981,0.3114019842644965
mistral_7b,sequential,target_memory_comm,drr_system,15,0.2,0.3854496446637727,0.09952267030562387,0.0,0.0,0.1,0.0,1.0,0.004935566200977237,0.3950644337990228
mistral_7b,sequential,target_memory_comm,irr_system,13,0.1846153846153846,0.3782551031736691,0.10490908997681428,0.0,0.0,0.0,0.0,1.0,-0.021006431739171383,0.3902372009699406
mistral_7b,sequential,target_memory_comm,retention_system,15,0.13333333333333333,0.35186577527449836,0.09085135251589957,0.0,0.0,0.0,0.0,1.0,-0.04473531759782981,0.3114019842644965
mistral_7b,sequential,target_memory_comm,n_scored_probes,15,14.333333333333334,1.7593288763724917,0.4542567625794978,15.0,15.0,15.0,10.0,15.0,13.442990078677518,15.22367658798915
qwen25coder_14b,debate,full_inference,drr_target,15,0.013333333333333334,0.051639777949432225,0.013333333333333332,0.0,0.0,0.0,0.0,0.2,-0.012799999999999997,0.039466666666666664
qwen25coder_14b,debate,full_inference,irr_target,13,0.06153846153846154,0.22188007849009164,0.06153846153846154,0.0,0.0,0.0,0.0,0.8,-0.05907692307692308,0.18215384615384617
qwen25coder_14b,debate,full_inference,retention_target,15,0.3466666666666667,0.3661901665736507,0.0945498944456446,0.4,0.0,0.5,0.0,1.0,0.16134887355320326,0.5319844597801301
qwen25coder_14b,debate,full_inference,drr_system,15,0.17333333333333334,0.32834360631741233,0.08477795460673482,0.0,0.0,0.2,0.0,1.0,0.0071685423041331076,0.33949812436253357
qwen25coder_14b,debate,full_inference,irr_system,13,0.21538461538461537,0.3601993749905596,0.09990133199373415,0.0,0.0,0.4,0.0,1.0,0.019578004676896438,0.41119122609233427
qwen25coder_14b,debate,full_inference,retention_system,15,0.22666666666666668,0.3534860406754147,0.09126970324351191,0.0,0.0,0.30000000000000004,0.0,1.0,0.04777804830938334,0.40555528502395
qwen25coder_14b,debate,full_inference,n_scored_probes,15,14.333333333333334,1.7593288763724917,0.4542567625794978,15.0,15.0,15.0,10.0,15.0,13.442990078677518,15.22367658798915
qwen25coder_14b,debate,none,drr_target,15,0.16,0.35617010382279823,0.09196272536817761,0.0,0.0,0.0,0.0,1.0,-0.02024694172162811,0.3402469417216281
qwen25coder_14b,debate,none,irr_target,13,0.23076923076923078,0.4385290096535146,0.12162606385262997,0.0,0.0,0.0,0.0,1.0,-0.007617854381923972,0.46915631592038554
qwen25coder_14b,debate,none,retention_target,15,0.17333333333333334,0.3534860406754148,0.09126970324351193,0.0,0.0,0.1,0.0,1.0,-0.0055552850239500295,0.3522219516906167
qwen25coder_14b,debate,none,drr_system,15,0.16,0.35617010382279823,0.09196272536817761,0.0,0.0,0.0,0.0,1.0,-0.02024694172162811,0.3402469417216281
qwen25coder_14b,debate,none,irr_system,13,0.23076923076923078,0.4385290096535146,0.12162606385262997,0.0,0.0,0.0,0.0,1.0,-0.007617854381923972,0.46915631592038554
qwen25coder_14b,debate,none,retention_system,15,0.17333333333333334,0.3534860406754148,0.09126970324351193,0.0,0.0,0.1,0.0,1.0,-0.0055552850239500295,0.3522219516906167
qwen25coder_14b,debate,none,n_scored_probes,15,14.333333333333334,1.7593288763724917,0.4542567625794978,15.0,15.0,15.0,10.0,15.0,13.442990078677518,15.22367658798915
qwen25coder_14b,debate,target_context_memory,drr_target,15,0.18666666666666665,0.358302877997027,0.0925134052920449,0.0,0.0,0.2,0.0,1.0,0.005340392294258645,0.36799294103907465
qwen25coder_14b,debate,target_context_memory,irr_target,13,0.2153846153846154,0.37825510317366917,0.1049090899768143,0.0,0.0,0.2,0.0,1.0,0.009762799030059388,0.4210064317391714
qwen25coder_14b,debate,target_context_memory,retention_target,15,0.3066666666666667,0.3534860406754147,0.09126970324351191,0.4,0.0,0.4,0.0,1.0,0.12777804830938336,0.48555528502395007
qwen25coder_14b,debate,target_context_memory,drr_system,15,0.18666666666666665,0.358302877997027,0.0925134052920449,0.0,0.0,0.2,0.0,1.0,0.005340392294258645,0.36799294103907465
qwen25coder_14b,debate,target_context_memory,irr_system,13,0.23076923076923078,0.3727926487665214,0.10339407771105617,0.0,0.0,0.6,0.0,1.0,0.028116838455560678,0.4334216230829009
qwen25coder_14b,debate,target_context_memory,retention_system,15,0.24000000000000005,0.3480558247506529,0.08986762752065106,0.0,0.0,0.30000000000000004,0.0,1.0,0.06385945005952398,0.4161405499404761
qwen25coder_14b,debate,target_context_memory,n_scored_probes,15,14.333333333333334,1.7593288763724917,0.4542567625794978,15.0,15.0,15.0,10.0,15.0,13.442990078677518,15.22367658798915
qwen25coder_14b,independent,full_inference,drr_target,15,0.04,0.15491933384829665,0.039999999999999994,0.0,0.0,0.0,0.0,0.6,-0.03839999999999998,0.11839999999999998
qwen25coder_14b,independent,full_inference,irr_target,13,0.03076923076923077,0.11094003924504582,0.03076923076923077,0.0,0.0,0.0,0.0,0.4,-0.02953846153846154,0.09107692307692308
qwen25coder_14b,independent,full_inference,retention_target,15,0.6666666666666666,0.46393759843118476,0.11978817282689619,1.0,0.1,1.0,0.0,1.0,0.4318818479259501,0.9014514854073832
qwen25coder_14b,independent,full_inference,drr_system,15,0.04,0.15491933384829665,0.039999999999999994,0.0,0.0,0.0,0.0,0.6,-0.03839999999999998,0.11839999999999998
qwen25coder_14b,independent,full_inference,irr_system,13,0.03076923076923077,0.11094003924504582,0.03076923076923077,0.0,0.0,0.0,0.0,0.4,-0.02953846153846154,0.09107692307692308
qwen25coder_14b,independent,full_inference,retention_system,15,0.6666666666666666,0.46393759843118476,0.11978817282689619,1.0,0.1,1.0,0.0,1.0,0.4318818479259501,0.9014514854073832
qwen25coder_14b,independent,full_inference,n_scored_probes,15,14.333333333333334,1.7593288763724917,0.4542567625794978,15.0,15.0,15.0,10.0,15.0,13.442990078677518,15.22367658798915
qwen25coder_14b,independent,none,drr_target,15,0.32,0.43293021542573273,0.11178210096092348,0.0,0.0,0.7,0.0,1.0,0.10090708211659,0.5390929178834101
qwen25coder_14b,independent,none,irr_target,13,0.24615384615384614,0.4095025124371128,0.1135755620017954,0.0,0.0,0.4,0.0,1.0,0.02354574463032716,0.4687619476773651
qwen25coder_14b,independent,none,retention_target,15,0.6666666666666666,0.4450789122113495,0.11491888098284463,1.0,0.2,1.0,0.0,1.0,0.44142565994029115,0.8919076733930421
qwen25coder_14b,independent,none,drr_system,15,0.32,0.43293021542573273,0.11178210096092348,0.0,0.0,0.7,0.0,1.0,0.10090708211659,0.5390929178834101
qwen25coder_14b,independent,none,irr_system,13,0.24615384615384614,0.4095025124371128,0.1135755620017954,0.0,0.0,0.4,0.0,1.0,0.02354574463032716,0.4687619476773651
qwen25coder_14b,independent,none,retention_system,15,0.6666666666666666,0.4450789122113495,0.11491888098284463,1.0,0.2,1.0,0.0,1.0,0.44142565994029115,0.8919076733930421
qwen25coder_14b,independent,none,n_scored_probes,15,14.333333333333334,1.7593288763724917,0.4542567625794978,15.0,15.0,15.0,10.0,15.0,13.442990078677518,15.22367658798915
qwen25coder_14b,independent,target_context_memory,drr_target,15,0.04,0.15491933384829665,0.039999999999999994,0.0,0.0,0.0,0.0,0.6,-0.03839999999999998,0.11839999999999998
qwen25coder_14b,independent,target_context_memory,irr_target,13,0.03076923076923077,0.11094003924504582,0.03076923076923077,0.0,0.0,0.0,0.0,0.4,-0.02953846153846154,0.09107692307692308
qwen25coder_14b,independent,target_context_memory,retention_target,15,0.6666666666666666,0.46393759843118476,0.11978817282689619,1.0,0.1,1.0,0.0,1.0,0.4318818479259501,0.9014514854073832
qwen25coder_14b,independent,target_context_memory,drr_system,15,0.04,0.15491933384829665,0.039999999999999994,0.0,0.0,0.0,0.0,0.6,-0.03839999999999998,0.11839999999999998
qwen25coder_14b,independent,target_context_memory,irr_system,13,0.03076923076923077,0.11094003924504582,0.03076923076923077,0.0,0.0,0.0,0.0,0.4,-0.02953846153846154,0.09107692307692308
qwen25coder_14b,independent,target_context_memory,retention_system,15,0.6666666666666666,0.46393759843118476,0.11978817282689619,1.0,0.1,1.0,0.0,1.0,0.4318818479259501,0.9014514854073832
qwen25coder_14b,independent,target_context_memory,n_scored_probes,15,14.333333333333334,1.7593288763724917,0.4542567625794978,15.0,15.0,15.0,10.0,15.0,13.442990078677518,15.22367658798915
qwen25coder_14b,scratchpad,full_inference,drr_target,15,0.06666666666666667,0.20930724738891346,0.05404289889185184,0.0,0.0,0.0,0.0,0.8,-0.03925741516136294,0.17259074849469627
qwen25coder_14b,scratchpad,full_inference,irr_target,13,0.10769230769230768,0.27827306272059,0.07717906124765338,0.0,0.0,0.0,0.0,1.0,-0.043578652353092925,0.2589632677377083
qwen25coder_14b,scratchpad,full_inference,retention_target,15,0.6400000000000001,0.4420730385678044,0.11414276774536103,1.0,0.2,1.0,0.0,1.0,0.41628017521909255,0.8637198247809077
qwen25coder_14b,scratchpad,full_inference,drr_system,15,0.24000000000000002,0.4084815085865489,0.1054694719992924,0.0,0.0,0.30000000000000004,0.0,1.0,0.033279834881386944,0.4467201651186131
qwen25coder_14b,scratchpad,full_inference,irr_system,13,0.3230769230769231,0.4284737373395756,0.11883723308980994,0.0,0.0,0.6,0.0,1.0,0.09015594622089562,0.5559978999329506
qwen25coder_14b,scratchpad,full_inference,retention_system,15,0.21333333333333335,0.38889342400983745,0.100411850309312,0.0,0.0,0.2,0.0,1.0,0.016526106727081824,0.41014055993958487
qwen25coder_14b,scratchpad,full_inference,n_scored_probes,15,14.333333333333334,1.7593288763724917,0.4542567625794978,15.0,15.0,15.0,10.0,15.0,13.442990078677518,15.22367658798915
qwen25coder_14b,scratchpad,none,drr_target,15,0.32,0.44593401177432385,0.1151396667406279,0.0,0.0,0.8,0.0,1.0,0.09432625318836935,0.5456737468116306
qwen25coder_14b,scratchpad,none,irr_target,13,0.29230769230769227,0.4590961018885161,0.12733034890189884,0.0,0.0,0.8,0.0,1.0,0.042740208459970536,0.541875176155414
qwen25coder_14b,scratchpad,none,retention_target,15,0.5733333333333335,0.46516766050635155,0.12010577348902433,0.8,0.0,1.0,0.0,1.0,0.3379260172948458,0.8087406493718212
qwen25coder_14b,scratchpad,none,drr_system,15,0.24000000000000002,0.422238930329398,0.10902162301907949,0.0,0.0,0.3,0.0,1.0,0.026317618882604227,0.4536823811173958
qwen25coder_14b,scratchpad,none,irr_system,13,0.3076923076923077,0.45177711772793905,0.12530042792687812,0.0,0.0,0.8,0.0,1.0,0.0621034689556266,0.5532811464289888
qwen25coder_14b,scratchpad,none,retention_system,15,0.21333333333333335,0.38889342400983745,0.100411850309312,0.0,0.0,0.2,0.0,1.0,0.016526106727081824,0.41014055993958487
qwen25coder_14b,scratchpad,none,n_scored_probes,15,14.333333333333334,1.7593288763724917,0.4542567625794978,15.0,15.0,15.0,10.0,15.0,13.442990078677518,15.22367658798915
qwen25coder_14b,scratchpad,target_context_memory,drr_target,15,0.3733333333333333,0.47729395953596965,0.1232367704352138,0.0,0.0,0.9,0.0,1.0,0.13178926328031423,0.6148774033863523
qwen25coder_14b,scratchpad,target_context_memory,irr_target,13,0.3692307692307692,0.4607685886729827,0.1277942132756627,0.0,0.0,0.8,0.0,1.0,0.1187541112104703,0.6197074272510681
qwen25coder_14b,scratchpad,target_context_memory,retention_target,15,0.6933333333333334,0.4333699618219102,0.11189564299218681,1.0,0.30000000000000004,1.0,0.0,1.0,0.4740178730686472,0.9126487935980195
qwen25coder_14b,scratchpad,target_context_memory,drr_system,15,0.25333333333333335,0.4172472146045292,0.1077327675609849,0.0,0.0,0.4,0.0,1.0,0.04217710891380294,0.46448955775286377
qwen25coder_14b,scratchpad,target_context_memory,irr_system,13,0.3076923076923077,0.45177711772793905,0.12530042792687812,0.0,0.0,0.8,0.0,1.0,0.0621034689556266,0.5532811464289888
qwen25coder_14b,scratchpad,target_context_memory,retention_system,15,0.21333333333333335,0.38889342400983745,0.100411850309312,0.0,0.0,0.2,0.0,1.0,0.016526106727081824,0.41014055993958487
qwen25coder_14b,scratchpad,target_context_memory,n_scored_probes,15,14.333333333333334,1.7593288763724917,0.4542567625794978,15.0,15.0,15.0,10.0,15.0,13.442990078677518,15.22367658798915
qwen25coder_1p5b,debate,full_inference,drr_target,15,0.013333333333333334,0.051639777949432225,0.013333333333333332,0.0,0.0,0.0,0.0,0.2,-0.012799999999999997,0.039466666666666664
qwen25coder_1p5b,debate,full_inference,irr_target,13,0.04615384615384615,0.1664100588675687,0.04615384615384615,0.0,0.0,0.0,0.0,0.6,-0.044307692307692305,0.1366153846153846
qwen25coder_1p5b,debate,full_inference,retention_target,15,0.16000000000000003,0.3135055251278904,0.08094677851762203,0.0,0.0,0.2,0.0,1.0,0.0013443141054608754,0.3186556858945392
qwen25coder_1p5b,debate,full_inference,drr_system,15,0.13333333333333333,0.25819888974716115,0.06666666666666667,0.0,0.0,0.1,0.0,0.8,0.0026666666666666783,0.264
qwen25coder_1p5b,debate,full_inference,irr_system,13,0.13846153846153847,0.3096731113568563,0.08588786781766272,0.0,0.0,0.0,0.0,1.0,-0.02987868246108047,0.30680175938415744
qwen25coder_1p5b,debate,full_inference,retention_system,15,0.12000000000000001,0.2908116719999879,0.07508725083591246,0.0,0.0,0.0,0.0,1.0,-0.027171011638388406,0.2671710116383884
qwen25coder_1p5b,debate,full_inference,n_scored_probes,15,14.333333333333334,1.7593288763724917,0.4542567625794978,15.0,15.0,15.0,10.0,15.0,13.442990078677518,15.22367658798915
qwen25coder_1p5b,debate,none,drr_target,15,0.2,0.3854496446637727,0.09952267030562387,0.0,0.0,0.1,0.0,1.0,0.004935566200977237,0.3950644337990228
qwen25coder_1p5b,debate,none,irr_target,13,0.16923076923076924,0.34492659940103043,0.09566542618552629,0.0,0.0,0.0,0.0,1.0,-0.01827346609286229,0.35673500455440077
qwen25coder_1p5b,debate,none,retention_target,15,0.08,0.2596701204000403,0.06704653678780205,0.0,0.0,0.0,0.0,1.0,-0.05141121210409201,0.21141121210409203
qwen25coder_1p5b,debate,none,drr_system,15,0.2,0.3854496446637727,0.09952267030562387,0.0,0.0,0.1,0.0,1.0,0.004935566200977237,0.3950644337990228
qwen25coder_1p5b,debate,none,irr_system,13,0.16923076923076924,0.34492659940103043,0.09566542618552629,0.0,0.0,0.0,0.0,1.0,-0.01827346609286229,0.35673500455440077
qwen25coder_1p5b,debate,none,retention_system,15,0.08,0.2596701204000403,0.06704653678780205,0.0,0.0,0.0,0.0,1.0,-0.05141121210409201,0.21141121210409203
qwen25coder_1p5b,debate,none,n_scored_probes,15,14.333333333333334,1.7593288763724917,0.4542567625794978,15.0,15.0,15.0,10.0,15.0,13.442990078677518,15.22367658798915
qwen25coder_1p5b,debate,target_context_memory,drr_target,15,0.10666666666666667,0.23744673588186552,0.06130848357878508,0.0,0.0,0.0,0.0,0.8,-0.013497961147752077,0.2268312944810854
qwen25coder_1p5b,debate,target_context_memory,irr_target,13,0.15384615384615385,0.31784530990033655,0.08815442788549273,0.0,0.0,0.0,0.0,1.0,-0.01893652480941188,0.3266288325017196
qwen25coder_1p5b,debate,target_context_memory,retention_target,15,0.16000000000000003,0.3135055251278904,0.08094677851762203,0.0,0.0,0.2,0.0,1.0,0.0013443141054608754,0.3186556858945392
qwen25coder_1p5b,debate,target_context_memory,drr_system,15,0.17333333333333334,0.3369329451445934,0.08699571235557516,0.0,0.0,0.1,0.0,1.0,0.0028217371164060423,0.34384492955026064
qwen25coder_1p5b,debate,target_context_memory,irr_system,13,0.15384615384615385,0.31784530990033655,0.08815442788549273,0.0,0.0,0.0,0.0,1.0,-0.01893652480941188,0.3266288325017196
qwen25coder_1p5b,debate,target_context_memory,retention_system,15,0.12000000000000001,0.2908116719999879,0.07508725083591246,0.0,0.0,0.0,0.0,1.0,-0.027171011638388406,0.2671710116383884
qwen25coder_1p5b,debate,target_context_memory,n_scored_probes,15,14.333333333333334,1.7593288763724917,0.4542567625794978,15.0,15.0,15.0,10.0,15.0,13.442990078677518,15.22367658798915
qwen25coder_1p5b,independent,full_inference,drr_target,15,0.0,0.0,0.0,0.0,0.0,0.0,0.0,0.0,0.0,0.0
qwen25coder_1p5b,independent,full_inference,irr_target,13,0.015384615384615385,0.05547001962252291,0.015384615384615385,0.0,0.0,0.0,0.0,0.2,-0.01476923076923077,0.04553846153846154
qwen25coder_1p5b,independent,full_inference,retention_target,15,0.5866666666666667,0.46270426634648415,0.11946972785193694,0.8,0.0,1.0,0.0,1.0,0.3525060000768703,0.8208273332564631
qwen25coder_1p5b,independent,full_inference,drr_system,15,0.0,0.0,0.0,0.0,0.0,0.0,0.0,0.0,0.0,0.0
qwen25coder_1p5b,independent,full_inference,irr_system,13,0.015384615384615385,0.05547001962252291,0.015384615384615385,0.0,0.0,0.0,0.0,0.2,-0.01476923076923077,0.04553846153846154
qwen25coder_1p5b,independent,full_inference,retention_system,15,0.5866666666666667,0.46270426634648415,0.11946972785193694,0.8,0.0,1.0,0.0,1.0,0.3525060000768703,0.8208273332564631
qwen25coder_1p5b,independent,full_inference,n_scored_probes,15,14.333333333333334,1.7593288763724917,0.4542567625794978,15.0,15.0,15.0,10.0,15.0,13.442990078677518,15.22367658798915
qwen25coder_1p5b,independent,none,drr_target,15,0.2,0.4140393356054126,0.10690449676496977,0.0,0.0,0.0,0.0,1.0,-0.009532813659340722,0.40953281365934074
qwen25coder_1p5b,independent,none,irr_target,13,0.3384615384615385,0.4717670002915661,0.13084462381715972,0.0,0.0,1.0,0.0,1.0,0.08200607577990543,0.5949170011431715
qwen25coder_1p5b,independent,none,retention_target,15,0.32,0.47086546455891803,0.12157694016939388,0.0,0.0,0.9,0.0,1.0,0.081709197267988,0.558290802732012
qwen25coder_1p5b,independent,none,drr_system,15,0.2,0.4140393356054126,0.10690449676496977,0.0,0.0,0.0,0.0,1.0,-0.009532813659340722,0.40953281365934074
qwen25coder_1p5b,independent,none,irr_system,13,0.3384615384615385,0.4717670002915661,0.13084462381715972,0.0,0.0,1.0,0.0,1.0,0.08200607577990543,0.5949170011431715
qwen25coder_1p5b,independent,none,retention_system,15,0.32,0.47086546455891803,0.12157694016939388,0.0,0.0,0.9,0.0,1.0,0.081709197267988,0.558290802732012
qwen25coder_1p5b,independent,none,n_scored_probes,15,14.333333333333334,1.7593288763724917,0.4542567625794978,15.0,15.0,15.0,10.0,15.0,13.442990078677518,15.22367658798915
qwen25coder_1p5b,independent,target_context_memory,drr_target,15,0.0,0.0,0.0,0.0,0.0,0.0,0.0,0.0,0.0,0.0
qwen25coder_1p5b,independent,target_context_memory,irr_target,13,0.015384615384615385,0.05547001962252291,0.015384615384615385,0.0,0.0,0.0,0.0,0.2,-0.01476923076923077,0.04553846153846154
qwen25coder_1p5b,independent,target_context_memory,retention_target,15,0.5866666666666667,0.46270426634648415,0.11946972785193694,0.8,0.0,1.0,0.0,1.0,0.3525060000768703,0.8208273332564631
qwen25coder_1p5b,independent,target_context_memory,drr_system,15,0.0,0.0,0.0,0.0,0.0,0.0,0.0,0.0,0.0,0.0
qwen25coder_1p5b,independent,target_context_memory,irr_system,13,0.015384615384615385,0.05547001962252291,0.015384615384615385,0.0,0.0,0.0,0.0,0.2,-0.01476923076923077,0.04553846153846154
qwen25coder_1p5b,independent,target_context_memory,retention_system,15,0.5866666666666667,0.46270426634648415,0.11946972785193694,0.8,0.0,1.0,0.0,1.0,0.3525060000768703,0.8208273332564631
qwen25coder_1p5b,independent,target_context_memory,n_scored_probes,15,14.333333333333334,1.7593288763724917,0.4542567625794978,15.0,15.0,15.0,10.0,15.0,13.442990078677518,15.22367658798915
qwen25coder_1p5b,scratchpad,full_inference,drr_target,15,0.08,0.2596701204000403,0.06704653678780205,0.0,0.0,0.0,0.0,1.0,-0.05141121210409201,0.21141121210409203
qwen25coder_1p5b,scratchpad,full_inference,irr_target,13,0.12307692307692308,0.31132471299766246,0.08634593969478326,0.0,0.0,0.0,0.0,1.0,-0.046161118724852096,0.29231496487869824
qwen25coder_1p5b,scratchpad,full_inference,retention_target,15,0.3733333333333333,0.439913411393435,0.11358515440667105,0.0,0.0,0.8,0.0,1.0,0.15070643069625803,0.5959602359704086
qwen25coder_1p5b,scratchpad,full_inference,drr_system,15,0.29333333333333333,0.39904648255321734,0.10303335875275062,0.0,0.0,0.4,0.0,1.0,0.09138795017794213,0.49527871648872457
qwen25coder_1p5b,scratchpad,full_inference,irr_system,13,0.3384615384615384,0.4113766756037212,0.1140953613399333,0.0,0.0,0.6,0.0,1.0,0.11483463023526916,0.5620884466878077
qwen25coder_1p5b,scratchpad,full_inference,retention_system,15,0.42666666666666664,0.44636094725916065,0.11524990100880642,0.4,0.0,0.9,0.0,1.0,0.20077686068940606,0.6525564726439272
qwen25coder_1p5b,scratchpad,full_inference,n_scored_probes,15,14.333333333333334,1.7593288763724917,0.4542567625794978,15.0,15.0,15.0,10.0,15.0,13.442990078677518,15.22367658798915
qwen25coder_1p5b,scratchpad,none,drr_target,15,0.29333333333333333,0.4267261863247182,0.11018022753508244,0.0,0.0,0.6000000000000001,0.0,1.0,0.07738008736457175,0.5092865793020949
qwen25coder_1p5b,scratchpad,none,irr_target,13,0.3384615384615385,0.4574174999174924,0.1268647884805434,0.0,0.0,0.8,0.0,1.0,0.08980655303967344,0.5871165238834035
qwen25coder_1p5b,scratchpad,none,retention_target,15,0.44,0.4222389303293981,0.1090216230190795,0.6,0.0,0.8,0.0,1.0,0.22631761888260418,0.6536823811173958
qwen25coder_1p5b,scratchpad,none,drr_system,15,0.28,0.4126568965687043,0.10654755254054855,0.0,0.0,0.5,0.0,1.0,0.07116679702052486,0.4888332029794752
qwen25coder_1p5b,scratchpad,none,irr_system,13,0.3384615384615385,0.4574174999174924,0.1268647884805434,0.0,0.0,0.8,0.0,1.0,0.08980655303967344,0.5871165238834035
qwen25coder_1p5b,scratchpad,none,retention_system,15,0.3333333333333333,0.397611918955202,0.10266295602447136,0.2,0.0,0.7,0.0,1.0,0.13211393952536946,0.5345527271412972
qwen25coder_1p5b,scratchpad,none,n_scored_probes,15,14.333333333333334,1.7593288763724917,0.4542567625794978,15.0,15.0,15.0,10.0,15.0,13.442990078677518,15.22367658798915
qwen25coder_1p5b,scratchpad,target_context_memory,drr_target,15,0.25333333333333335,0.40331955899344457,0.10413666234542204,0.0,0.0,0.30000000000000004,0.0,1.0,0.04922547513630615,0.45744119153036056
qwen25coder_1p5b,scratchpad,target_context_memory,irr_target,13,0.2769230769230769,0.43618391792500827,0.12097565243164567,0.0,0.0,0.8,0.0,1.0,0.03981079815705138,0.5140353556891024
qwen25coder_1p5b,scratchpad,target_context_memory,retention_target,15,0.38666666666666666,0.4307247491424303,0.11121265201519999,0.2,0.0,0.8,0.0,1.0,0.1686898687168747,0.6046434646164587
qwen25coder_1p5b,scratchpad,target_context_memory,drr_system,15,0.36000000000000004,0.3869293032509759,0.0999047165100446,0.2,0.0,0.7,0.0,1.0,0.16418675564031265,0.5558132443596875
qwen25coder_1p5b,scratchpad,target_context_memory,irr_system,13,0.3538461538461538,0.4254710813035841,0.11800444614362926,0.0,0.0,0.8,0.0,1.0,0.12255743940464048,0.5851348682876671
qwen25coder_1p5b,scratchpad,target_context_memory,retention_system,15,0.42666666666666664,0.44636094725916065,0.11524990100880642,0.4,0.0,0.9,0.0,1.0,0.20077686068940606,0.6525564726439272
qwen25coder_1p5b,scratchpad,target_context_memory,n_scored_probes,15,14.333333333333334,1.7593288763724917,0.4542567625794978,15.0,15.0,15.0,10.0,15.0,13.442990078677518,15.22367658798915
qwen25coder_7b,debate,full_inference,drr_target,15,0.05333333333333334,0.11872336794093276,0.03065424178939254,0.0,0.0,0.0,0.0,0.4,-0.006748980573876039,0.1134156472405427
qwen25coder_7b,debate,full_inference,irr_target,13,0.10769230769230768,0.27827306272059,0.07717906124765338,0.0,0.0,0.0,0.0,1.0,-0.043578652353092925,0.2589632677377083
qwen25coder_7b,debate,full_inference,retention_target,15,0.46666666666666673,0.3177300441449957,0.08203754463755439,0.4,0.2,0.8,0.0,1.0,0.30587307917706014,0.6274602541562733
qwen25coder_7b,debate,full_inference,drr_system,15,0.3066666666666667,0.4267261863247182,0.11018022753508244,0.0,0.0,0.6000000000000001,0.0,1.0,0.09071342069790511,0.5226199126354283
qwen25coder_7b,debate,full_inference,irr_system,13,0.18461538461538465,0.369337591385248,0.1024358172073753,0.0,0.0,0.2,0.0,1.0,-0.016158817111070922,0.38538958634184023
qwen25coder_7b,debate,full_inference,retention_system,15,0.26666666666666666,0.3903600291794133,0.10079052613579394,0.2,0.0,0.2,0.0,1.0,0.06911723544051054,0.4642160978928228
qwen25coder_7b,debate,full_inference,n_scored_probes,15,14.333333333333334,1.7593288763724917,0.4542567625794978,15.0,15.0,15.0,10.0,15.0,13.442990078677518,15.22367658798915
qwen25coder_7b,debate,none,drr_target,15,0.29333333333333333,0.4267261863247182,0.11018022753508244,0.0,0.0,0.6000000000000001,0.0,1.0,0.07738008736457175,0.5092865793020949
qwen25coder_7b,debate,none,irr_target,13,0.2,0.37416573867739417,0.10377490433255418,0.0,0.0,0.2,0.0,1.0,-0.00339881249180618,0.4033988124918062
qwen25coder_7b,debate,none,retention_target,15,0.25333333333333335,0.3335237551331168,0.08611546327967477,0.2,0.0,0.30000000000000004,0.0,1.0,0.0845470253051708,0.42211964136149593
qwen25coder_7b,debate,none,drr_system,15,0.29333333333333333,0.4267261863247182,0.11018022753508244,0.0,0.0,0.6000000000000001,0.0,1.0,0.07738008736457175,0.5092865793020949
qwen25coder_7b,debate,none,irr_system,13,0.2,0.37416573867739417,0.10377490433255418,0.0,0.0,0.2,0.0,1.0,-0.00339881249180618,0.4033988124918062
qwen25coder_7b,debate,none,retention_system,15,0.25333333333333335,0.3335237551331168,0.08611546327967477,0.2,0.0,0.30000000000000004,0.0,1.0,0.0845470253051708,0.42211964136149593
qwen25coder_7b,debate,none,n_scored_probes,15,14.333333333333334,1.7593288763724917,0.4542567625794978,15.0,15.0,15.0,10.0,15.0,13.442990078677518,15.22367658798915
qwen25coder_7b,debate,target_context_memory,drr_target,15,0.28,0.39856886839935557,0.10291003930849597,0.0,0.0,0.4,0.0,1.0,0.07829632295534791,0.4817036770446521
qwen25coder_7b,debate,target_context_memory,irr_target,13,0.24615384615384617,0.4332347027793453,0.12015768732164082,0.0,0.0,0.2,0.0,1.0,0.010644779003430166,0.48166291330426214
qwen25coder_7b,debate,target_context_memory,retention_target,15,0.3866666666666667,0.26690465570704314,0.06891448577190683,0.4,0.2,0.5,0.0,1.0,0.25159427455372935,0.521739058779604
qwen25coder_7b,debate,target_context_memory,drr_system,15,0.32000000000000006,0.41952353926806074,0.10832051206181283,0.0,0.0,0.6000000000000001,0.0,1.0,0.10769179635884693,0.5323082036411532
qwen25coder_7b,debate,target_context_memory,irr_system,13,0.18461538461538465,0.369337591385248,0.1024358172073753,0.0,0.0,0.2,0.0,1.0,-0.016158817111070922,0.38538958634184023
qwen25coder_7b,debate,target_context_memory,retention_system,15,0.26666666666666666,0.3903600291794133,0.10079052613579394,0.2,0.0,0.2,0.0,1.0,0.06911723544051054,0.4642160978928228
qwen25coder_7b,debate,target_context_memory,n_scored_probes,15,14.333333333333334,1.7593288763724917,0.4542567625794978,15.0,15.0,15.0,10.0,15.0,13.442990078677518,15.22367658798915
qwen25coder_7b,independent,full_inference,drr_target,15,0.08000000000000002,0.2242447642325552,0.05789974915645966,0.0,0.0,0.0,0.0,0.8,-0.03348350834666092,0.19348350834666095
qwen25coder_7b,independent,full_inference,irr_target,13,0.07692307692307693,0.22417941532712204,0.06217618283580587,0.0,0.0,0.0,0.0,0.8,-0.04494224143510259,0.19878839528125644
qwen25coder_7b,independent,full_inference,retention_target,15,0.7866666666666667,0.38147583085145714,0.09849663599122206,1.0,0.7,1.0,0.0,1.0,0.5936132601238715,0.979720073209462
qwen25coder_7b,independent,full_inference,drr_system,15,0.08000000000000002,0.2242447642325552,0.05789974915645966,0.0,0.0,0.0,0.0,0.8,-0.03348350834666092,0.19348350834666095
qwen25coder_7b,independent,full_inference,irr_system,13,0.07692307692307693,0.22417941532712204,0.06217618283580587,0.0,0.0,0.0,0.0,0.8,-0.04494224143510259,0.19878839528125644
qwen25coder_7b,independent,full_inference,retention_system,15,0.7866666666666667,0.38147583085145714,0.09849663599122206,1.0,0.7,1.0,0.0,1.0,0.5936132601238715,0.979720073209462
qwen25coder_7b,independent,full_inference,n_scored_probes,15,14.333333333333334,1.7593288763724917,0.4542567625794978,15.0,15.0,15.0,10.0,15.0,13.442990078677518,15.22367658798915
qwen25coder_7b,independent,none,drr_target,15,0.39999999999999997,0.4598136268408881,0.11872336794093276,0.0,0.0,0.9,0.0,1.0,0.16730219883577177,0.6326978011642281
qwen25coder_7b,independent,none,irr_target,13,0.27692307692307694,0.44376015698018334,0.1230769230769231,0.0,0.0,0.6,0.0,1.0,0.03569230769230766,0.5181538461538462
qwen25coder_7b,independent,none,retention_target,15,0.6133333333333333,0.4926120853842977,0.1271918935222594,1.0,0.0,1.0,0.0,1.0,0.3640372220297049,0.8626294446369617
qwen25coder_7b,independent,none,drr_system,15,0.39999999999999997,0.4598136268408881,0.11872336794093276,0.0,0.0,0.9,0.0,1.0,0.16730219883577177,0.6326978011642281
qwen25coder_7b,independent,none,irr_system,13,0.27692307692307694,0.44376015698018334,0.1230769230769231,0.0,0.0,0.6,0.0,1.0,0.03569230769230766,0.5181538461538462
qwen25coder_7b,independent,none,retention_system,15,0.6133333333333333,0.4926120853842977,0.1271918935222594,1.0,0.0,1.0,0.0,1.0,0.3640372220297049,0.8626294446369617
qwen25coder_7b,independent,none,n_scored_probes,15,14.333333333333334,1.7593288763724917,0.4542567625794978,15.0,15.0,15.0,10.0,15.0,13.442990078677518,15.22367658798915
qwen25coder_7b,independent,target_context_memory,drr_target,15,0.08000000000000002,0.2242447642325552,0.05789974915645966,0.0,0.0,0.0,0.0,0.8,-0.03348350834666092,0.19348350834666095
qwen25coder_7b,independent,target_context_memory,irr_target,13,0.07692307692307693,0.22417941532712204,0.06217618283580587,0.0,0.0,0.0,0.0,0.8,-0.04494224143510259,0.19878839528125644
qwen25coder_7b,independent,target_context_memory,retention_target,15,0.7866666666666667,0.38147583085145714,0.09849663599122206,1.0,0.7,1.0,0.0,1.0,0.5936132601238715,0.979720073209462
qwen25coder_7b,independent,target_context_memory,drr_system,15,0.08000000000000002,0.2242447642325552,0.05789974915645966,0.0,0.0,0.0,0.0,0.8,-0.03348350834666092,0.19348350834666095
qwen25coder_7b,independent,target_context_memory,irr_system,13,0.07692307692307693,0.22417941532712204,0.06217618283580587,0.0,0.0,0.0,0.0,0.8,-0.04494224143510259,0.19878839528125644
qwen25coder_7b,independent,target_context_memory,retention_system,15,0.7866666666666667,0.38147583085145714,0.09849663599122206,1.0,0.7,1.0,0.0,1.0,0.5936132601238715,0.979720073209462
qwen25coder_7b,independent,target_context_memory,n_scored_probes,15,14.333333333333334,1.7593288763724917,0.4542567625794978,15.0,15.0,15.0,10.0,15.0,13.442990078677518,15.22367658798915
qwen25coder_7b,scratchpad,full_inference,drr_target,15,0.09333333333333332,0.2604026186687143,0.06723566702751539,0.0,0.0,0.0,0.0,1.0,-0.038448574040596845,0.2251152407072635
qwen25coder_7b,scratchpad,full_inference,irr_target,13,0.23076923076923078,0.4069902033722994,0.1128787728361802,0.0,0.0,0.2,0.0,1.0,0.00952683601031759,0.452011625528144
qwen25coder_7b,scratchpad,full_inference,retention_target,15,0.7733333333333334,0.376955220278534,0.09732941936031403,1.0,0.8,1.0,0.0,1.0,0.582567671387118,0.9640989952795489
qwen25coder_7b,scratchpad,full_inference,drr_system,15,0.30666666666666664,0.4333699618219101,0.1118956429921868,0.0,0.0,0.7,0.0,1.0,0.08735120640198052,0.5259821269313527
qwen25coder_7b,scratchpad,full_inference,irr_system,13,0.2769230769230769,0.43618391792500827,0.12097565243164567,0.0,0.0,0.8,0.0,1.0,0.03981079815705138,0.5140353556891024
qwen25coder_7b,scratchpad,full_inference,retention_system,15,0.29333333333333333,0.42672618632471826,0.11018022753508246,0.0,0.0,0.6000000000000001,0.0,1.0,0.07738008736457172,0.509286579302095
qwen25coder_7b,scratchpad,full_inference,n_scored_probes,15,14.333333333333334,1.7593288763724917,0.4542567625794978,15.0,15.0,15.0,10.0,15.0,13.442990078677518,15.22367658798915
qwen25coder_7b,scratchpad,none,drr_target,15,0.38666666666666666,0.46883848371216685,0.12105357596522397,0.0,0.0,0.9,0.0,1.0,0.1494016577748277,0.6239316755585056
qwen25coder_7b,scratchpad,none,irr_target,13,0.3384615384615385,0.4717670002915661,0.13084462381715972,0.0,0.0,1.0,0.0,1.0,0.08200607577990543,0.5949170011431715
qwen25coder_7b,scratchpad,none,retention_target,15,0.48000000000000004,0.46475800154489,0.11999999999999998,0.2,0.0,1.0,0.0,1.0,0.24480000000000007,0.7152000000000001
qwen25coder_7b,scratchpad,none,drr_system,15,0.3333333333333333,0.45145268169490793,0.11656458118700376,0.0,0.0,0.8,0.0,1.0,0.10486675420680594,0.5617999124598607
qwen25coder_7b,scratchpad,none,irr_system,13,0.27692307692307694,0.44376015698018334,0.1230769230769231,0.0,0.0,0.6,0.0,1.0,0.03569230769230766,0.5181538461538462
qwen25coder_7b,scratchpad,none,retention_system,15,0.29333333333333333,0.4267261863247182,0.11018022753508244,0.0,0.0,0.6000000000000001,0.0,1.0,0.07738008736457175,0.5092865793020949
qwen25coder_7b,scratchpad,none,n_scored_probes,15,14.333333333333334,1.7593288763724917,0.4542567625794978,15.0,15.0,15.0,10.0,15.0,13.442990078677518,15.22367658798915
qwen25coder_7b,scratchpad,target_context_memory,drr_target,15,0.3466666666666667,0.45648762566027173,0.11786459812879986,0.0,0.0,0.9,0.0,1.0,0.11565205433421896,0.5776812789991144
qwen25coder_7b,scratchpad,target_context_memory,irr_target,13,0.3538461538461538,0.47717115136217914,0.13234346564680965,0.0,0.0,1.0,0.0,1.0,0.0944529611784069,0.6132393465139008
qwen25coder_7b,scratchpad,target_context_memory,retention_target,15,0.7333333333333333,0.43204937989385733,0.1115546702045434,1.0,0.5,1.0,0.0,1.0,0.5146861797324283,0.9519804869342383
qwen25coder_7b,scratchpad,target_context_memory,drr_system,15,0.32,0.4329302154257328,0.11178210096092349,0.0,0.0,0.7,0.0,1.0,0.10090708211658997,0.5390929178834101
qwen25coder_7b,scratchpad,target_context_memory,irr_system,13,0.3076923076923077,0.48038446141526137,0.13323467750529824,0.0,0.0,1.0,0.0,1.0,0.046552339781923135,0.5688322756026922
qwen25coder_7b,scratchpad,target_context_memory,retention_system,15,0.29333333333333333,0.42672618632471826,0.11018022753508246,0.0,0.0,0.6000000000000001,0.0,1.0,0.07738008736457172,0.509286579302095
qwen25coder_7b,scratchpad,target_context_memory,n_scored_probes,15,14.333333333333334,1.7593288763724917,0.4542567625794978,15.0,15.0,15.0,10.0,15.0,13.442990078677518,15.22367658798915
qwen3_14b,debate,full_inference,drr_target,15,0.08000000000000002,0.18205179796655993,0.047005572111440255,0.0,0.0,0.0,0.0,0.6,-0.01213092133842289,0.17213092133842292
qwen3_14b,debate,full_inference,irr_target,13,0.16923076923076924,0.37279264876652135,0.10339407771105616,0.0,0.0,0.0,0.0,1.0,-0.033421623082900836,0.37188316154443934
qwen3_14b,debate,full_inference,retention_target,15,0.2,0.28284271247461906,0.07302967433402216,0.0,0.0,0.4,0.0,0.8,0.056861838305316575,0.3431381616946835
qwen3_14b,debate,full_inference,drr_system,15,0.3333333333333333,0.4639375984311848,0.1197881728268962,0.0,0.0,0.9,0.0,1.0,0.09854851459261676,0.5681181520740499
qwen3_14b,debate,full_inference,irr_system,13,0.24615384615384617,0.4332347027793453,0.12015768732164082,0.0,0.0,0.2,0.0,1.0,0.010644779003430166,0.48166291330426214
qwen3_14b,debate,full_inference,retention_system,15,0.29333333333333333,0.376955220278534,0.09732941936031403,0.0,0.0,0.6,0.0,1.0,0.10256767138711784,0.4840989952795488
qwen3_14b,debate,full_inference,n_scored_probes,15,14.333333333333334,1.7593288763724917,0.4542567625794978,15.0,15.0,15.0,10.0,15.0,13.442990078677518,15.22367658798915
qwen3_14b,debate,none,drr_target,15,0.4,0.46598589800857404,0.12031704150364768,0.2,0.0,1.0,0.0,1.0,0.1641785986528506,0.6358214013471495
qwen3_14b,debate,none,irr_target,13,0.24615384615384617,0.4332347027793453,0.12015768732164082,0.0,0.0,0.2,0.0,1.0,0.010644779003430166,0.48166291330426214
qwen3_14b,debate,none,retention_target,15,0.29333333333333333,0.3990464825532174,0.10303335875275063,0.0,0.0,0.6,0.0,1.0,0.0913879501779421,0.49527871648872457
qwen3_14b,debate,none,drr_system,15,0.4,0.46598589800857404,0.12031704150364768,0.2,0.0,1.0,0.0,1.0,0.1641785986528506,0.6358214013471495
qwen3_14b,debate,none,irr_system,13,0.24615384615384617,0.4332347027793453,0.12015768732164082,0.0,0.0,0.2,0.0,1.0,0.010644779003430166,0.48166291330426214
qwen3_14b,debate,none,retention_system,15,0.29333333333333333,0.3990464825532174,0.10303335875275063,0.0,0.0,0.6,0.0,1.0,0.0913879501779421,0.49527871648872457
qwen3_14b,debate,none,n_scored_probes,15,14.333333333333334,1.7593288763724917,0.4542567625794978,15.0,15.0,15.0,10.0,15.0,13.442990078677518,15.22367658798915
qwen3_14b,debate,target_context_memory,drr_target,15,0.29333333333333333,0.45271666741172784,0.11689094089574292,0.0,0.0,0.7,0.0,1.0,0.06422708917767722,0.5224395774889894
qwen3_14b,debate,target_context_memory,irr_target,13,0.24615384615384617,0.4332347027793453,0.12015768732164082,0.0,0.0,0.2,0.0,1.0,0.010644779003430166,0.48166291330426214
qwen3_14b,debate,target_context_memory,retention_target,15,0.18666666666666668,0.2669046557070432,0.06891448577190684,0.0,0.0,0.4,0.0,0.8,0.05159427455372928,0.32173905877960407
qwen3_14b,debate,target_context_memory,drr_system,15,0.32,0.4522957313212545,0.1167822556645282,0.0,0.0,0.8,0.0,1.0,0.09110677889752475,0.5488932211024753
qwen3_14b,debate,target_context_memory,irr_system,13,0.23076923076923078,0.4069902033722994,0.1128787728361802,0.0,0.0,0.2,0.0,1.0,0.00952683601031759,0.452011625528144
qwen3_14b,debate,target_context_memory,retention_system,15,0.28,0.3687817782917155,0.09521904571390466,0.0,0.0,0.5,0.0,1.0,0.0933706704007469,0.4666293295992532
qwen3_14b,debate,target_context_memory,n_scored_probes,15,14.333333333333334,1.7593288763724917,0.4542567625794978,15.0,15.0,15.0,10.0,15.0,13.442990078677518,15.22367658798915
qwen3_14b,hierarchical,full_inference,drr_target,15,0.26666666666666666,0.4117326918327103,0.10630892390381583,0.0,0.0,0.6000000000000001,0.0,1.0,0.05830117581518765,0.47503215751814565
qwen3_14b,hierarchical,full_inference,irr_target,13,0.13846153846153844,0.2987151975222708,0.08284868934053086,0.0,0.0,0.0,0.0,1.0,-0.023921892645902026,0.3008449695689789
qwen3_14b,hierarchical,full_inference,retention_target,15,0.7466666666666666,0.358302877997027,0.0925134052920449,1.0,0.4,1.0,0.0,1.0,0.5653403922942586,0.9279929410390746
qwen3_14b,hierarchical,full_inference,drr_system,15,0.36000000000000004,0.4420730385678042,0.11414276774536099,0.0,0.0,0.8,0.0,1.0,0.1362801752190925,0.5837198247809076
qwen3_14b,hierarchical,full_inference,irr_system,13,0.26153846153846155,0.43500663124919053,0.12064913185660095,0.0,0.0,0.4,0.0,1.0,0.025066163099523697,0.4980107599773994
qwen3_14b,hierarchical,full_inference,retention_system,15,0.38666666666666666,0.47489347176373087,0.12261696715757012,0.0,0.0,1.0,0.0,1.0,0.14633741103782924,0.626995922295504
qwen3_14b,hierarchical,full_inference,n_scored_probes,15,14.333333333333334,1.7593288763724917,0.4542567625794978,15.0,15.0,15.0,10.0,15.0,13.442990078677518,15.22367658798915
qwen3_14b,hierarchical,none,drr_target,15,0.6133333333333334,0.45018514709691015,0.11623730516108462,0.8,0.1,1.0,0.0,1.0,0.3855082152176076,0.8411584514490592
qwen3_14b,hierarchical,none,irr_target,13,0.27692307692307694,0.44376015698018334,0.1230769230769231,0.0,0.0,0.6,0.0,1.0,0.03569230769230766,0.5181538461538462
qwen3_14b,hierarchical,none,retention_target,15,0.6133333333333334,0.4748934717637309,0.12261696715757013,1.0,0.0,1.0,0.0,1.0,0.37300407770449595,0.8536625889621708
qwen3_14b,hierarchical,none,drr_system,15,0.36000000000000004,0.43556203428936,0.11246163366952767,0.2,0.0,0.8,0.0,1.0,0.1395751980077258,0.5804248019922743
qwen3_14b,hierarchical,none,irr_system,13,0.26153846153846155,0.43500663124919053,0.12064913185660095,0.0,0.0,0.4,0.0,1.0,0.025066163099523697,0.4980107599773994
qwen3_14b,hierarchical,none,retention_system,15,0.3733333333333333,0.4832430129073876,0.12477280941076052,0.0,0.0,1.0,0.0,1.0,0.12877862688824268,0.6178880397784239
qwen3_14b,hierarchical,none,n_scored_probes,15,14.333333333333334,1.7593288763724917,0.4542567625794978,15.0,15.0,15.0,10.0,15.0,13.442990078677518,15.22367658798915
qwen3_14b,hierarchical,target_context_memory,drr_target,15,0.26666666666666666,0.4117326918327103,0.10630892390381583,0.0,0.0,0.6000000000000001,0.0,1.0,0.05830117581518765,0.47503215751814565
qwen3_14b,hierarchical,target_context_memory,irr_target,13,0.13846153846153844,0.2987151975222708,0.08284868934053086,0.0,0.0,0.0,0.0,1.0,-0.023921892645902026,0.3008449695689789
qwen3_14b,hierarchical,target_context_memory,retention_target,15,0.7466666666666666,0.358302877997027,0.0925134052920449,1.0,0.4,1.0,0.0,1.0,0.5653403922942586,0.9279929410390746
qwen3_14b,hierarchical,target_context_memory,drr_system,15,0.36000000000000004,0.4420730385678042,0.11414276774536099,0.0,0.0,0.8,0.0,1.0,0.1362801752190925,0.5837198247809076
qwen3_14b,hierarchical,target_context_memory,irr_system,13,0.26153846153846155,0.43500663124919053,0.12064913185660095,0.0,0.0,0.4,0.0,1.0,0.025066163099523697,0.4980107599773994
qwen3_14b,hierarchical,target_context_memory,retention_system,15,0.38666666666666666,0.47489347176373087,0.12261696715757012,0.0,0.0,1.0,0.0,1.0,0.14633741103782924,0.626995922295504
qwen3_14b,hierarchical,target_context_memory,n_scored_probes,15,14.333333333333334,1.7593288763724917,0.4542567625794978,15.0,15.0,15.0,10.0,15.0,13.442990078677518,15.22367658798915
qwen3_14b,independent,full_inference,drr_target,15,0.17333333333333334,0.3195234546871921,0.08250060124841035,0.0,0.0,0.2,0.0,1.0,0.011632154886449059,0.3350345117802176
qwen3_14b,independent,full_inference,irr_target,13,0.10769230769230768,0.2900044208327937,0.0804327545710673,0.0,0.0,0.0,0.0,1.0,-0.04995589126698423,0.2653405066515996
qwen3_14b,independent,full_inference,retention_target,15,0.7333333333333333,0.3598941643369749,0.09292427365828927,1.0,0.5,1.0,0.0,1.0,0.5512017569630863,0.9154649097035803
qwen3_14b,independent,full_inference,drr_system,15,0.17333333333333334,0.3195234546871921,0.08250060124841035,0.0,0.0,0.2,0.0,1.0,0.011632154886449059,0.3350345117802176
qwen3_14b,independent,full_inference,irr_system,13,0.10769230769230768,0.2900044208327937,0.0804327545710673,0.0,0.0,0.0,0.0,1.0,-0.04995589126698423,0.2653405066515996
qwen3_14b,independent,full_inference,retention_system,15,0.7333333333333333,0.3598941643369749,0.09292427365828927,1.0,0.5,1.0,0.0,1.0,0.5512017569630863,0.9154649097035803
qwen3_14b,independent,full_inference,n_scored_probes,15,14.333333333333334,1.7593288763724917,0.4542567625794978,15.0,15.0,15.0,10.0,15.0,13.442990078677518,15.22367658798915
qwen3_14b,independent,none,drr_target,15,0.5466666666666667,0.41724721460452924,0.10773276756098492,0.6,0.1,1.0,0.0,1.0,0.33551044224713633,0.7578228910861972
qwen3_14b,independent,none,irr_target,13,0.26153846153846155,0.43500663124919053,0.12064913185660095,0.0,0.0,0.4,0.0,1.0,0.025066163099523697,0.4980107599773994
qwen3_14b,independent,none,retention_target,15,0.5466666666666667,0.48677754770776044,0.12568542237198949,0.8,0.0,1.0,0.0,1.0,0.3003232388175674,0.7930100945157661
qwen3_14b,independent,none,drr_system,15,0.5466666666666667,0.41724721460452924,0.10773276756098492,0.6,0.1,1.0,0.0,1.0,0.33551044224713633,0.7578228910861972
qwen3_14b,independent,none,irr_system,13,0.26153846153846155,0.43500663124919053,0.12064913185660095,0.0,0.0,0.4,0.0,1.0,0.025066163099523697,0.4980107599773994
qwen3_14b,independent,none,retention_system,15,0.5466666666666667,0.48677754770776044,0.12568542237198949,0.8,0.0,1.0,0.0,1.0,0.3003232388175674,0.7930100945157661
qwen3_14b,independent,none,n_scored_probes,15,14.333333333333334,1.7593288763724917,0.4542567625794978,15.0,15.0,15.0,10.0,15.0,13.442990078677518,15.22367658798915
qwen3_14b,independent,target_context_memory,drr_target,15,0.17333333333333334,0.3195234546871921,0.08250060124841035,0.0,0.0,0.2,0.0,1.0,0.011632154886449059,0.3350345117802176
qwen3_14b,independent,target_context_memory,irr_target,13,0.10769230769230768,0.2900044208327937,0.0804327545710673,0.0,0.0,0.0,0.0,1.0,-0.04995589126698423,0.2653405066515996
qwen3_14b,independent,target_context_memory,retention_target,15,0.7333333333333333,0.3598941643369749,0.09292427365828927,1.0,0.5,1.0,0.0,1.0,0.5512017569630863,0.9154649097035803
qwen3_14b,independent,target_context_memory,drr_system,15,0.17333333333333334,0.3195234546871921,0.08250060124841035,0.0,0.0,0.2,0.0,1.0,0.011632154886449059,0.3350345117802176
qwen3_14b,independent,target_context_memory,irr_system,13,0.10769230769230768,0.2900044208327937,0.0804327545710673,0.0,0.0,0.0,0.0,1.0,-0.04995589126698423,0.2653405066515996
qwen3_14b,independent,target_context_memory,retention_system,15,0.7333333333333333,0.3598941643369749,0.09292427365828927,1.0,0.5,1.0,0.0,1.0,0.5512017569630863,0.9154649097035803
qwen3_14b,independent,target_context_memory,n_scored_probes,15,14.333333333333334,1.7593288763724917,0.4542567625794978,15.0,15.0,15.0,10.0,15.0,13.442990078677518,15.22367658798915
qwen3_14b,scratchpad,full_inference,drr_target,15,0.28,0.41265689656870425,0.10654755254054854,0.0,0.0,0.5,0.0,1.0,0.07116679702052489,0.4888332029794752
qwen3_14b,scratchpad,full_inference,irr_target,13,0.27692307692307694,0.39613517506411483,0.10986812966989,0.0,0.0,0.4,0.0,1.0,0.061581542770092534,0.49226461107606134
qwen3_14b,scratchpad,full_inference,retention_target,15,0.7333333333333333,0.40473389258811004,0.10450184170929677,1.0,0.4,1.0,0.0,1.0,0.5285097235831115,0.938156943083555
qwen3_14b,scratchpad,full_inference,drr_system,15,0.41333333333333333,0.45648762566027185,0.11786459812879989,0.2,0.0,1.0,0.0,1.0,0.18231872100088556,0.6443479456657811
qwen3_14b,scratchpad,full_inference,irr_system,13,0.3692307692307692,0.4385290096535146,0.12162606385262997,0.2,0.0,0.8,0.0,1.0,0.13084368407961444,0.607617854381924
qwen3_14b,scratchpad,full_inference,retention_system,15,0.4533333333333333,0.5040786030920554,0.1301525356636686,0.0,0.0,1.0,0.0,1.0,0.19823436343254286,0.7084323032341238
qwen3_14b,scratchpad,full_inference,n_scored_probes,15,14.333333333333334,1.7593288763724917,0.4542567625794978,15.0,15.0,15.0,10.0,15.0,13.442990078677518,15.22367658798915
qwen3_14b,scratchpad,none,drr_target,15,0.8,0.37032803990902063,0.0956182887467515,1.0,0.8,1.0,0.0,1.0,0.6125881540563671,0.987411845943633
qwen3_14b,scratchpad,none,irr_target,13,0.3692307692307692,0.46794696171078937,0.12978513574198733,0.0,0.0,1.0,0.0,1.0,0.11485190317647404,0.6236096352850644
qwen3_14b,scratchpad,none,retention_target,15,0.6799999999999999,0.47086546455891815,0.12157694016939391,1.0,0.1,1.0,0.0,1.0,0.44170919726798785,0.918290802732012
qwen3_14b,scratchpad,none,drr_system,15,0.6133333333333334,0.4103424818136094,0.1059499732203686,0.8,0.30000000000000004,1.0,0.0,1.0,0.40567138582141093,0.8209952808452559
qwen3_14b,scratchpad,none,irr_system,13,0.3692307692307692,0.46794696171078937,0.12978513574198733,0.0,0.0,1.0,0.0,1.0,0.11485190317647404,0.6236096352850644
qwen3_14b,scratchpad,none,retention_system,15,0.4533333333333333,0.5040786030920554,0.1301525356636686,0.0,0.0,1.0,0.0,1.0,0.19823436343254286,0.7084323032341238
qwen3_14b,scratchpad,none,n_scored_probes,15,14.333333333333334,1.7593288763724917,0.4542567625794978,15.0,15.0,15.0,10.0,15.0,13.442990078677518,15.22367658798915
qwen3_14b,scratchpad,target_context_memory,drr_target,15,0.7200000000000001,0.4262795863213317,0.11006491591004698,1.0,0.4,1.0,0.0,1.0,0.504272764816308,0.9357272351836922
qwen3_14b,scratchpad,target_context_memory,irr_target,13,0.4153846153846154,0.4862203784399173,0.13485326966466366,0.2,0.0,1.0,0.0,1.0,0.15107220684187467,0.6796970239273561
qwen3_14b,scratchpad,target_context_memory,retention_target,15,0.7333333333333333,0.40473389258811004,0.10450184170929677,1.0,0.4,1.0,0.0,1.0,0.5285097235831115,0.938156943083555
qwen3_14b,scratchpad,target_context_memory,drr_system,15,0.6,0.427617987059879,0.11041048949477668,0.8,0.2,1.0,0.0,1.0,0.3835954405902377,0.8164045594097622
qwen3_14b,scratchpad,target_context_memory,irr_system,13,0.3692307692307692,0.4607685886729827,0.1277942132756627,0.0,0.0,1.0,0.0,1.0,0.1187541112104703,0.6197074272510681
qwen3_14b,scratchpad,target_context_memory,retention_system,15,0.4533333333333333,0.5040786030920554,0.1301525356636686,0.0,0.0,1.0,0.0,1.0,0.19823436343254286,0.7084323032341238
qwen3_14b,scratchpad,target_context_memory,n_scored_probes,15,14.333333333333334,1.7593288763724917,0.4542567625794978,15.0,15.0,15.0,10.0,15.0,13.442990078677518,15.22367658798915
qwen3_14b,sequential,full_inference,drr_target,15,0.08000000000000002,0.14735767952260148,0.03804758924845368,0.0,0.0,0.1,0.0,0.4,0.005426725073030797,0.15457327492696923
qwen3_14b,sequential,full_inference,irr_target,13,0.15384615384615385,0.37553380809940534,0.10415433852097385,0.0,0.0,0.0,0.0,1.0,-0.050296349654954886,0.3579886573472626
qwen3_14b,sequential,full_inference,retention_target,15,0.4,0.447213595499958,0.11547005383792516,0.2,0.0,0.9,0.0,1.0,0.1736786944776667,0.6263213055223333
qwen3_14b,sequential,full_inference,drr_system,15,0.26666666666666666,0.4117326918327103,0.10630892390381583,0.0,0.0,0.4,0.0,1.0,0.05830117581518765,0.47503215751814565
qwen3_14b,sequential,full_inference,irr_system,13,0.23076923076923078,0.39026618135279456,0.108240363688233,0.0,0.0,0.4,0.0,1.0,0.01861811794029411,0.44292034359816745
qwen3_14b,sequential,full_inference,retention_system,15,0.3466666666666667,0.46270426634648404,0.11946972785193691,0.0,0.0,0.9,0.0,1.0,0.11250600007687034,0.5808273332564631
qwen3_14b,sequential,full_inference,n_scored_probes,15,14.333333333333334,1.7593288763724917,0.4542567625794978,15.0,15.0,15.0,10.0,15.0,13.442990078677518,15.22367658798915
qwen3_14b,sequential,none,drr_target,15,0.44000000000000006,0.4852098220652292,0.12528063735165978,0.2,0.0,1.0,0.0,1.0,0.1944499507907469,0.6855500492092532
qwen3_14b,sequential,none,irr_target,13,0.26153846153846155,0.43500663124919053,0.12064913185660095,0.0,0.0,0.4,0.0,1.0,0.025066163099523697,0.4980107599773994
qwen3_14b,sequential,none,retention_target,15,0.38666666666666666,0.4501851470969101,0.1162373051610846,0.2,0.0,0.9,0.0,1.0,0.15884154855094085,0.6144917847823925
qwen3_14b,sequential,none,drr_system,15,0.44000000000000006,0.4852098220652292,0.12528063735165978,0.2,0.0,1.0,0.0,1.0,0.1944499507907469,0.6855500492092532
qwen3_14b,sequential,none,irr_system,13,0.26153846153846155,0.43500663124919053,0.12064913185660095,0.0,0.0,0.4,0.0,1.0,0.025066163099523697,0.4980107599773994
qwen3_14b,sequential,none,retention_system,15,0.36,0.46721056739516736,0.1206332497795734,0.0,0.0,0.9,0.0,1.0,0.12355883043203611,0.5964411695679639
qwen3_14b,sequential,none,n_scored_probes,15,14.333333333333334,1.7593288763724917,0.4542567625794978,15.0,15.0,15.0,10.0,15.0,13.442990078677518,15.22367658798915
qwen3_14b,sequential,target_context_memory,drr_target,15,0.3733333333333333,0.4527166674117278,0.11689094089574291,0.0,0.0,0.8,0.0,1.0,0.1442270891776772,0.6024395774889894
qwen3_14b,sequential,target_context_memory,irr_target,13,0.2153846153846154,0.3869671688187381,0.1073253822382377,0.0,0.0,0.2,0.0,1.0,0.005026866197669511,0.4257423645715613
qwen3_14b,sequential,target_context_memory,retention_target,15,0.4,0.447213595499958,0.11547005383792516,0.2,0.0,0.9,0.0,1.0,0.1736786944776667,0.6263213055223333
qwen3_14b,sequential,target_context_memory,drr_system,15,0.38666666666666666,0.46883848371216685,0.12105357596522397,0.0,0.0,0.9,0.0,1.0,0.1494016577748277,0.6239316755585056
qwen3_14b,sequential,target_context_memory,irr_system,13,0.23076923076923078,0.39026618135279456,0.108240363688233,0.0,0.0,0.4,0.0,1.0,0.01861811794029411,0.44292034359816745
qwen3_14b,sequential,target_context_memory,retention_system,15,0.36,0.46721056739516736,0.1206332497795734,0.0,0.0,0.9,0.0,1.0,0.12355883043203611,0.5964411695679639
qwen3_14b,sequential,target_context_memory,n_scored_probes,15,14.333333333333334,1.7593288763724917,0.4542567625794978,15.0,15.0,15.0,10.0,15.0,13.442990078677518,15.22367658798915
qwen3_4b,debate,communication,drr_target,15,0.24000000000000005,0.37186787208054733,0.09601587170383666,0.0,0.0,0.2,0.0,1.0,0.051808891460480205,0.4281911085395199
qwen3_4b,debate,communication,irr_target,13,0.16923076923076924,0.3351233986275686,0.092946507489189,0.0,0.0,0.0,0.0,1.0,-0.012944385448041218,0.3514059239095797
qwen3_4b,debate,communication,retention_target,15,0.22666666666666666,0.3011090610836324,0.077746025264604,0.0,0.0,0.5,0.0,0.8,0.07428445714804283,0.3790488761852905
qwen3_4b,debate,communication,drr_system,15,0.32000000000000006,0.4262795863213318,0.110064915910047,0.0,0.0,0.7,0.0,1.0,0.10427276481630796,0.5357272351836921
qwen3_4b,debate,communication,irr_system,13,0.2153846153846154,0.3869671688187381,0.1073253822382377,0.0,0.0,0.2,0.0,1.0,0.005026866197669511,0.4257423645715613
qwen3_4b,debate,communication,retention_system,15,0.21333333333333335,0.2774029216723951,0.07162512638843112,0.0,0.0,0.5,0.0,0.6,0.07294808561200836,0.35371858105465837
qwen3_4b,debate,communication,n_scored_probes,15,14.333333333333334,1.7593288763724917,0.4542567625794978,15.0,15.0,15.0,10.0,15.0,13.442990078677518,15.22367658798915
qwen3_4b,debate,full_inference,drr_target,15,0.013333333333333334,0.051639777949432225,0.013333333333333332,0.0,0.0,0.0,0.0,0.2,-0.012799999999999997,0.039466666666666664
qwen3_4b,debate,full_inference,irr_target,13,0.13846153846153844,0.2873396989002783,0.07969369368164131,0.0,0.0,0.2,0.0,1.0,-0.01773810115447852,0.29466117807755543
qwen3_4b,debate,full_inference,retention_target,15,0.20000000000000004,0.16903085094570333,0.04364357804719848,0.2,0.0,0.4,0.0,0.4,0.11445858702749102,0.28554141297250907
qwen3_4b,debate,full_inference,drr_system,15,0.3066666666666667,0.3692979181920098,0.09535231246311486,0.2,0.0,0.5,0.0,1.0,0.11977613423896158,0.4935571990943718
qwen3_4b,debate,full_inference,irr_system,13,0.1846153846153846,0.3411894728889747,0.0946289337807484,0.0,0.0,0.2,0.0,1.0,-0.0008573255948822467,0.3700880948256514
qwen3_4b,debate,full_inference,retention_system,15,0.27999999999999997,0.35294677866702306,0.09113046639166236,0.2,0.0,0.4,0.0,1.0,0.10138428587234175,0.4586157141276582
qwen3_4b,debate,full_inference,n_scored_probes,15,14.333333333333334,1.7593288763724917,0.4542567625794978,15.0,15.0,15.0,10.0,15.0,13.442990078677518,15.22367658798915
qwen3_4b,debate,global_context,drr_target,15,0.02666666666666667,0.07037315505489969,0.01817027050317992,0.0,0.0,0.0,0.0,0.2,-0.008947063519565975,0.06228039685289931
qwen3_4b,debate,global_context,irr_target,13,0.0923076923076923,0.27827306272059,0.07717906124765338,0.0,0.0,0.0,0.0,1.0,-0.05896326773770831,0.2435786523530929
qwen3_4b,debate,global_context,retention_target,15,0.25333333333333335,0.2875181153713043,0.07423685817106694,0.2,0.0,0.4,0.0,1.0,0.10782909131804216,0.3988375753486245
qwen3_4b,debate,global_context,drr_system,15,0.02666666666666667,0.07037315505489969,0.01817027050317992,0.0,0.0,0.0,0.0,0.2,-0.008947063519565975,0.06228039685289931
qwen3_4b,debate,global_context,irr_system,13,0.0923076923076923,0.27827306272059,0.07717906124765338,0.0,0.0,0.0,0.0,1.0,-0.05896326773770831,0.2435786523530929
qwen3_4b,debate,global_context,retention_system,15,0.25333333333333335,0.2875181153713043,0.07423685817106694,0.2,0.0,0.4,0.0,1.0,0.10782909131804216,0.3988375753486245
qwen3_4b,debate,global_context,n_scored_probes,15,14.333333333333334,1.7593288763724917,0.4542567625794978,15.0,15.0,15.0,10.0,15.0,13.442990078677518,15.22367658798915
qwen3_4b,debate,none,drr_target,15,0.3333333333333333,0.4639375984311848,0.1197881728268962,0.0,0.0,0.9,0.0,1.0,0.09854851459261676,0.5681181520740499
qwen3_4b,debate,none,irr_target,13,0.1846153846153846,0.3782551031736691,0.10490908997681428,0.0,0.0,0.0,0.0,1.0,-0.021006431739171383,0.3902372009699406
qwen3_4b,debate,none,retention_target,15,0.2,0.2618614682831909,0.06761234037828133,0.0,0.0,0.4,0.0,0.6,0.0674798128585686,0.3325201871414314
qwen3_4b,debate,none,drr_system,15,0.3333333333333333,0.4639375984311848,0.1197881728268962,0.0,0.0,0.9,0.0,1.0,0.09854851459261676,0.5681181520740499
qwen3_4b,debate,none,irr_system,13,0.1846153846153846,0.3782551031736691,0.10490908997681428,0.0,0.0,0.0,0.0,1.0,-0.021006431739171383,0.3902372009699406
qwen3_4b,debate,none,retention_system,15,0.2,0.2618614682831909,0.06761234037828133,0.0,0.0,0.4,0.0,0.6,0.0674798128585686,0.3325201871414314
qwen3_4b,debate,none,n_scored_probes,15,14.333333333333334,1.7593288763724917,0.4542567625794978,15.0,15.0,15.0,10.0,15.0,13.442990078677518,15.22367658798915
qwen3_4b,debate,parameter_only,drr_target,10,0.5599999999999999,0.4880801391392834,0.154344492037203,0.8,0.0,1.0,0.0,1.0,0.2574847956070821,0.8625152043929178
qwen3_4b,debate,parameter_only,irr_target,8,0.6,0.4535573676110727,0.16035674514745463,0.7,0.30000000000000004,1.0,0.0,1.0,0.28570077951098893,0.914299220489011
qwen3_4b,debate,parameter_only,retention_target,10,0.36,0.2796823595120404,0.08844332774281065,0.30000000000000004,0.2,0.6,0.0,0.8,0.1866510776240911,0.5333489223759089
qwen3_4b,debate,parameter_only,drr_system,10,0.5599999999999999,0.4880801391392834,0.154344492037203,0.8,0.0,1.0,0.0,1.0,0.2574847956070821,0.8625152043929178
qwen3_4b,debate,parameter_only,irr_system,8,0.625,0.446414285485707,0.15783128424274537,0.8,0.30000000000000004,1.0,0.0,1.0,0.3156506828842191,0.9343493171157808
qwen3_4b,debate,parameter_only,retention_system,10,0.36000000000000004,0.24585451886114368,0.077746025264604,0.4,0.2,0.6,0.0,0.6,0.2076177904813762,0.5123822095186239
qwen3_4b,debate,parameter_only,n_scored_probes,10,14.0,2.1081851067789197,0.6666666666666666,15.0,15.0,15.0,10.0,15.0,12.693333333333333,15.306666666666667
qwen3_4b,debate,parameter_plus_comm,drr_target,10,0.54,0.4812021982031624,0.1521694961401777,0.7,0.0,1.0,0.0,1.0,0.24174778756525178,0.8382522124347482
qwen3_4b,debate,parameter_plus_comm,irr_target,8,0.55,0.39641248358604597,0.14015297764534704,0.6,0.30000000000000004,0.8500000000000001,0.0,1.0,0.27530016381511985,0.8246998361848803
qwen3_4b,debate,parameter_plus_comm,retention_target,10,0.36,0.2796823595120404,0.08844332774281065,0.30000000000000004,0.2,0.6,0.0,0.8,0.1866510776240911,0.5333489223759089
qwen3_4b,debate,parameter_plus_comm,drr_system,10,0.54,0.4812021982031624,0.1521694961401777,0.7,0.0,1.0,0.0,1.0,0.24174778756525178,0.8382522124347482
qwen3_4b,debate,parameter_plus_comm,irr_system,8,0.625,0.446414285485707,0.15783128424274537,0.8,0.30000000000000004,1.0,0.0,1.0,0.3156506828842191,0.9343493171157808
qwen3_4b,debate,parameter_plus_comm,retention_system,10,0.36000000000000004,0.24585451886114368,0.077746025264604,0.4,0.2,0.6,0.0,0.6,0.2076177904813762,0.5123822095186239
qwen3_4b,debate,parameter_plus_comm,n_scored_probes,10,14.0,2.1081851067789197,0.6666666666666666,15.0,15.0,15.0,10.0,15.0,12.693333333333333,15.306666666666667
qwen3_4b,debate,target_context,drr_target,15,0.28,0.34475664294853386,0.08901578244226989,0.2,0.0,0.4,0.0,1.0,0.10552906641315105,0.454470933586849
qwen3_4b,debate,target_context,irr_target,13,0.20000000000000004,0.30550504633038933,0.08473185457363235,0.0,0.0,0.2,0.0,1.0,0.033925565035680644,0.36607443496431946
qwen3_4b,debate,target_context,retention_target,15,0.21333333333333335,0.19223002094465097,0.04963357798398241,0.2,0.0,0.4,0.0,0.6,0.11605152048472783,0.31061514618193886
qwen3_4b,debate,target_context,drr_system,15,0.32,0.3913347124174613,0.1010421882657131,0.2,0.0,0.6000000000000001,0.0,1.0,0.12195731099920235,0.5180426890007976
qwen3_4b,debate,target_context,irr_system,13,0.2307692307692308,0.38162943497721147,0.10584496123359126,0.0,0.0,0.2,0.0,1.0,0.02331310675139195,0.4382253547870697
qwen3_4b,debate,target_context,retention_system,15,0.27999999999999997,0.360951124510943,0.09319717960171481,0.0,0.0,0.5,0.0,1.0,0.09733352798063896,0.46266647201936095
qwen3_4b,debate,target_context,n_scored_probes,15,14.333333333333334,1.7593288763724917,0.4542567625794978,15.0,15.0,15.0,10.0,15.0,13.442990078677518,15.22367658798915
qwen3_4b,debate,target_context_comm,drr_target,15,0.02666666666666667,0.07037315505489969,0.01817027050317992,0.0,0.0,0.0,0.0,0.2,-0.008947063519565975,0.06228039685289931
qwen3_4b,debate,target_context_comm,irr_target,13,0.13846153846153844,0.2873396989002783,0.07969369368164131,0.0,0.0,0.2,0.0,1.0,-0.01773810115447852,0.29466117807755543
qwen3_4b,debate,target_context_comm,retention_target,15,0.18666666666666668,0.17674302033770736,0.045634851621755956,0.2,0.0,0.4,0.0,0.4,0.097222357488025,0.27611097584530836
qwen3_4b,debate,target_context_comm,drr_system,15,0.3733333333333333,0.40614330100640705,0.10486574939810137,0.2,0.0,0.7,0.0,1.0,0.16779646451305463,0.578870202153612
qwen3_4b,debate,target_context_comm,irr_system,13,0.20000000000000004,0.33665016461206926,0.09336995618478526,0.0,0.0,0.2,0.0,1.0,0.016994885877820942,0.38300511412217914
qwen3_4b,debate,target_context_comm,retention_system,15,0.28,0.30047581314594074,0.07758252135015734,0.2,0.0,0.5,0.0,0.8,0.12793825815369164,0.4320617418463084
qwen3_4b,debate,target_context_comm,n_scored_probes,15,14.333333333333334,1.7593288763724917,0.4542567625794978,15.0,15.0,15.0,10.0,15.0,13.442990078677518,15.22367658798915
qwen3_4b,debate,target_context_memory,drr_target,15,0.25333333333333335,0.3248442850410171,0.08387443373830095,0.2,0.0,0.4,0.0,1.0,0.08893944320626351,0.4177272234604032
qwen3_4b,debate,target_context_memory,irr_target,13,0.2153846153846154,0.33127570050275307,0.09187934803676369,0.0,0.0,0.4,0.0,1.0,0.03530109323255856,0.3954681375366722
qwen3_4b,debate,target_context_memory,retention_target,15,0.25333333333333335,0.2559761893688738,0.06609276789675228,0.2,0.0,0.4,0.0,0.8,0.1237915082556989,0.3828751584109678
qwen3_4b,debate,target_context_memory,drr_system,15,0.3466666666666667,0.38147583085145714,0.09849663599122206,0.4,0.0,0.6,0.0,1.0,0.15361326012387144,0.5397200732094619
qwen3_4b,debate,target_context_memory,irr_system,13,0.2153846153846154,0.3411894728889747,0.0946289337807484,0.0,0.0,0.4,0.0,1.0,0.029911905174348552,0.40085732559488224
qwen3_4b,debate,target_context_memory,retention_system,15,0.23999999999999996,0.33974780562730855,0.08772250620700536,0.0,0.0,0.4,0.0,1.0,0.06806388783426945,0.41193611216573045
qwen3_4b,debate,target_context_memory,n_scored_probes,15,14.333333333333334,1.7593288763724917,0.4542567625794978,15.0,15.0,15.0,10.0,15.0,13.442990078677518,15.22367658798915
qwen3_4b,debate,target_memory,drr_target,15,0.3333333333333333,0.4386125310350269,0.1132492685424362,0.0,0.0,0.8,0.0,1.0,0.11136476699015838,0.5553018996765082
qwen3_4b,debate,target_memory,irr_target,13,0.2,0.3915780041490244,0.10860419786947371,0.0,0.0,0.0,0.0,1.0,-0.012864227824168462,0.4128642278241685
qwen3_4b,debate,target_memory,retention_target,15,0.2,0.21380899352993954,0.055205244747388346,0.2,0.0,0.4,0.0,0.6,0.09179772029511886,0.3082022797048812
qwen3_4b,debate,target_memory,drr_system,15,0.32000000000000006,0.405674042269688,0.10474458731327635,0.2,0.0,0.6,0.0,1.0,0.11470060886597841,0.5252993911340217
qwen3_4b,debate,target_memory,irr_system,13,0.23076923076923078,0.3727926487665214,0.10339407771105617,0.0,0.0,0.4,0.0,1.0,0.028116838455560678,0.4334216230829009
qwen3_4b,debate,target_memory,retention_system,15,0.21333333333333335,0.2774029216723951,0.07162512638843112,0.0,0.0,0.4,0.0,0.8,0.07294808561200836,0.35371858105465837
qwen3_4b,debate,target_memory,n_scored_probes,15,14.333333333333334,1.7593288763724917,0.4542567625794978,15.0,15.0,15.0,10.0,15.0,13.442990078677518,15.22367658798915
qwen3_4b,debate,target_memory_comm,drr_target,15,0.24000000000000002,0.37947331922020555,0.09797958971132713,0.0,0.0,0.30000000000000004,0.0,1.0,0.04796000416579885,0.43203999583420116
qwen3_4b,debate,target_memory_comm,irr_target,13,0.1846153846153846,0.3782551031736691,0.10490908997681428,0.0,0.0,0.0,0.0,1.0,-0.021006431739171383,0.3902372009699406
qwen3_4b,debate,target_memory_comm,retention_target,15,0.21333333333333332,0.23258383025317578,0.06005288674451217,0.2,0.0,0.4,0.0,0.6,0.09562967531408947,0.33103699135257714
qwen3_4b,debate,target_memory_comm,drr_system,15,0.32,0.4126568965687043,0.10654755254054855,0.2,0.0,0.6000000000000001,0.0,1.0,0.11116679702052484,0.5288332029794751
qwen3_4b,debate,target_memory_comm,irr_system,13,0.2,0.37416573867739417,0.10377490433255418,0.0,0.0,0.2,0.0,1.0,-0.00339881249180618,0.4033988124918062
qwen3_4b,debate,target_memory_comm,retention_system,15,0.21333333333333335,0.2774029216723951,0.07162512638843112,0.0,0.0,0.4,0.0,0.8,0.07294808561200836,0.35371858105465837
qwen3_4b,debate,target_memory_comm,n_scored_probes,15,14.333333333333334,1.7593288763724917,0.4542567625794978,15.0,15.0,15.0,10.0,15.0,13.442990078677518,15.22367658798915
qwen3_4b,hierarchical,communication,drr_target,15,0.3866666666666667,0.4564876256602717,0.11786459812879985,0.2,0.0,1.0,0.0,1.0,0.15565205433421903,0.6176812789991144
qwen3_4b,hierarchical,communication,irr_target,13,0.27692307692307694,0.42847373733957556,0.11883723308980992,0.0,0.0,0.4,0.0,1.0,0.04400210006704949,0.5098440537791044
qwen3_4b,hierarchical,communication,retention_target,15,0.38666666666666666,0.4373077809027587,0.11291238350688708,0.2,0.0,0.8,0.0,1.0,0.16535839499316798,0.6079749383401654
qwen3_4b,hierarchical,communication,drr_system,15,0.4000000000000001,0.4472135954999579,0.11547005383792515,0.2,0.0,1.0,0.0,1.0,0.1736786944776668,0.6263213055223333
qwen3_4b,hierarchical,communication,irr_system,13,0.24615384615384617,0.40128000327158225,0.11129504827800364,0.0,0.0,0.2,0.0,1.0,0.028015551528959043,0.46429214077873326
qwen3_4b,hierarchical,communication,retention_system,15,0.37333333333333335,0.439913411393435,0.11358515440667105,0.2,0.0,0.8,0.0,1.0,0.15070643069625808,0.5959602359704086
qwen3_4b,hierarchical,communication,n_scored_probes,15,14.333333333333334,1.7593288763724917,0.4542567625794978,15.0,15.0,15.0,10.0,15.0,13.442990078677518,15.22367658798915
qwen3_4b,hierarchical,full_inference,drr_target,15,0.02666666666666667,0.10327955589886445,0.026666666666666665,0.0,0.0,0.0,0.0,0.4,-0.025599999999999994,0.07893333333333333
qwen3_4b,hierarchical,full_inference,irr_target,13,0.07692307692307693,0.2773500981126146,0.07692307692307693,0.0,0.0,0.0,0.0,1.0,-0.07384615384615384,0.2276923076923077
qwen3_4b,hierarchical,full_inference,retention_target,15,0.7866666666666667,0.3067494712224262,0.07920237290015919,1.0,0.6,1.0,0.2,1.0,0.6314300157823547,0.9419033175509788
qwen3_4b,hierarchical,full_inference,drr_system,15,0.34666666666666673,0.38147583085145714,0.09849663599122206,0.2,0.0,0.5,0.0,1.0,0.1536132601238715,0.539720073209462
qwen3_4b,hierarchical,full_inference,irr_system,13,0.23076923076923078,0.3727926487665214,0.10339407771105617,0.0,0.0,0.4,0.0,1.0,0.028116838455560678,0.4334216230829009
qwen3_4b,hierarchical,full_inference,retention_system,15,0.38666666666666666,0.4501851470969101,0.1162373051610846,0.2,0.0,0.9,0.0,1.0,0.15884154855094085,0.6144917847823925
qwen3_4b,hierarchical,full_inference,n_scored_probes,15,14.333333333333334,1.7593288763724917,0.4542567625794978,15.0,15.0,15.0,10.0,15.0,13.442990078677518,15.22367658798915
qwen3_4b,hierarchical,global_context,drr_target,15,0.02666666666666667,0.10327955589886445,0.026666666666666665,0.0,0.0,0.0,0.0,0.4,-0.025599999999999994,0.07893333333333333
qwen3_4b,hierarchical,global_context,irr_target,13,0.10769230769230768,0.29000442083279365,0.08043275457106729,0.0,0.0,0.0,0.0,1.0,-0.0499558912669842,0.2653405066515996
qwen3_4b,hierarchical,global_context,retention_target,15,0.64,0.3718678720805473,0.09601587170383664,0.8,0.30000000000000004,1.0,0.0,1.0,0.4518088914604802,0.8281911085395198
qwen3_4b,hierarchical,global_context,drr_system,15,0.04000000000000001,0.11212238211627762,0.028949874578229836,0.0,0.0,0.0,0.0,0.4,-0.016741754173330473,0.09674175417333049
qwen3_4b,hierarchical,global_context,irr_system,13,0.0923076923076923,0.27827306272059,0.07717906124765338,0.0,0.0,0.0,0.0,1.0,-0.05896326773770831,0.2435786523530929
qwen3_4b,hierarchical,global_context,retention_system,15,0.5466666666666667,0.35023801430836526,0.09043106644167025,0.4,0.4,0.9,0.0,1.0,0.36942177644099305,0.7239115568923404
qwen3_4b,hierarchical,global_context,n_scored_probes,15,14.333333333333334,1.7593288763724917,0.4542567625794978,15.0,15.0,15.0,10.0,15.0,13.442990078677518,15.22367658798915
qwen3_4b,hierarchical,none,drr_target,15,0.3866666666666667,0.4564876256602717,0.11786459812879985,0.2,0.0,1.0,0.0,1.0,0.15565205433421903,0.6176812789991144
qwen3_4b,hierarchical,none,irr_target,13,0.27692307692307694,0.42847373733957556,0.11883723308980992,0.0,0.0,0.4,0.0,1.0,0.04400210006704949,0.5098440537791044
qwen3_4b,hierarchical,none,retention_target,15,0.38666666666666666,0.4373077809027587,0.11291238350688708,0.2,0.0,0.8,0.0,1.0,0.16535839499316798,0.6079749383401654
qwen3_4b,hierarchical,none,drr_system,15,0.4000000000000001,0.4472135954999579,0.11547005383792515,0.2,0.0,1.0,0.0,1.0,0.1736786944776668,0.6263213055223333
qwen3_4b,hierarchical,none,irr_system,13,0.24615384615384617,0.40128000327158225,0.11129504827800364,0.0,0.0,0.2,0.0,1.0,0.028015551528959043,0.46429214077873326
qwen3_4b,hierarchical,none,retention_system,15,0.37333333333333335,0.439913411393435,0.11358515440667105,0.2,0.0,0.8,0.0,1.0,0.15070643069625808,0.5959602359704086
qwen3_4b,hierarchical,none,n_scored_probes,15,14.333333333333334,1.7593288763724917,0.4542567625794978,15.0,15.0,15.0,10.0,15.0,13.442990078677518,15.22367658798915
qwen3_4b,hierarchical,parameter_only,drr_target,10,0.6,0.5163977794943222,0.1632993161855452,1.0,0.0,1.0,0.0,1.0,0.27993334027633143,0.9200666597236685
qwen3_4b,hierarchical,parameter_only,irr_target,8,0.75,0.4629100498862757,0.16366341767699427,1.0,0.75,1.0,0.0,1.0,0.42921970135309123,1.0707802986469088
qwen3_4b,hierarchical,parameter_only,retention_target,10,0.64,0.4788875998951459,0.15143755588800728,1.0,0.1,1.0,0.0,1.0,0.34318239045950577,0.9368176095404943
qwen3_4b,hierarchical,parameter_only,drr_system,10,0.6,0.5163977794943222,0.1632993161855452,1.0,0.0,1.0,0.0,1.0,0.27993334027633143,0.9200666597236685
qwen3_4b,hierarchical,parameter_only,irr_system,8,0.725,0.45276925690687087,0.16007810593582122,1.0,0.6000000000000001,1.0,0.0,1.0,0.41124691236579036,1.0387530876342095
qwen3_4b,hierarchical,parameter_only,retention_system,10,0.6599999999999999,0.45264653858047876,0.14313940369055925,1.0,0.25,1.0,0.0,1.0,0.3794467687665038,0.9405532312334961
qwen3_4b,hierarchical,parameter_only,n_scored_probes,10,14.0,2.1081851067789197,0.6666666666666666,15.0,15.0,15.0,10.0,15.0,12.693333333333333,15.306666666666667
qwen3_4b,hierarchical,parameter_plus_comm,drr_target,10,0.6,0.5163977794943222,0.1632993161855452,1.0,0.0,1.0,0.0,1.0,0.27993334027633143,0.9200666597236685
qwen3_4b,hierarchical,parameter_plus_comm,irr_target,8,0.75,0.4629100498862757,0.16366341767699427,1.0,0.75,1.0,0.0,1.0,0.42921970135309123,1.0707802986469088
qwen3_4b,hierarchical,parameter_plus_comm,retention_target,10,0.64,0.4788875998951459,0.15143755588800728,1.0,0.1,1.0,0.0,1.0,0.34318239045950577,0.9368176095404943
qwen3_4b,hierarchical,parameter_plus_comm,drr_system,10,0.6,0.5163977794943222,0.1632993161855452,1.0,0.0,1.0,0.0,1.0,0.27993334027633143,0.9200666597236685
qwen3_4b,hierarchical,parameter_plus_comm,irr_system,8,0.725,0.45276925690687087,0.16007810593582122,1.0,0.6000000000000001,1.0,0.0,1.0,0.41124691236579036,1.0387530876342095
qwen3_4b,hierarchical,parameter_plus_comm,retention_system,10,0.6599999999999999,0.45264653858047876,0.14313940369055925,1.0,0.25,1.0,0.0,1.0,0.3794467687665038,0.9405532312334961
qwen3_4b,hierarchical,parameter_plus_comm,n_scored_probes,10,14.0,2.1081851067789197,0.6666666666666666,15.0,15.0,15.0,10.0,15.0,12.693333333333333,15.306666666666667
qwen3_4b,hierarchical,target_context,drr_target,15,0.02666666666666667,0.10327955589886445,0.026666666666666665,0.0,0.0,0.0,0.0,0.4,-0.025599999999999994,0.07893333333333333
qwen3_4b,hierarchical,target_context,irr_target,13,0.10769230769230768,0.29000442083279365,0.08043275457106729,0.0,0.0,0.0,0.0,1.0,-0.0499558912669842,0.2653405066515996
qwen3_4b,hierarchical,target_context,retention_target,15,0.64,0.3718678720805473,0.09601587170383664,0.8,0.30000000000000004,1.0,0.0,1.0,0.4518088914604802,0.8281911085395198
qwen3_4b,hierarchical,target_context,drr_system,15,0.4000000000000001,0.4535573676110727,0.11710800875382398,0.2,0.0,1.0,0.0,1.0,0.17046830284250508,0.6295316971574951
qwen3_4b,hierarchical,target_context,irr_system,13,0.20000000000000004,0.3651483716701107,0.10127393670836667,0.0,0.0,0.2,0.0,1.0,0.0015030840516013777,0.3984969159483987
qwen3_4b,hierarchical,target_context,retention_system,15,0.37333333333333335,0.439913411393435,0.11358515440667105,0.2,0.0,0.8,0.0,1.0,0.15070643069625808,0.5959602359704086
qwen3_4b,hierarchical,target_context,n_scored_probes,15,14.333333333333334,1.7593288763724917,0.4542567625794978,15.0,15.0,15.0,10.0,15.0,13.442990078677518,15.22367658798915
qwen3_4b,hierarchical,target_context_comm,drr_target,15,0.02666666666666667,0.10327955589886445,0.026666666666666665,0.0,0.0,0.0,0.0,0.4,-0.025599999999999994,0.07893333333333333
qwen3_4b,hierarchical,target_context_comm,irr_target,13,0.10769230769230768,0.29000442083279365,0.08043275457106729,0.0,0.0,0.0,0.0,1.0,-0.0499558912669842,0.2653405066515996
qwen3_4b,hierarchical,target_context_comm,retention_target,15,0.64,0.3718678720805473,0.09601587170383664,0.8,0.30000000000000004,1.0,0.0,1.0,0.4518088914604802,0.8281911085395198
qwen3_4b,hierarchical,target_context_comm,drr_system,15,0.4000000000000001,0.4535573676110727,0.11710800875382398,0.2,0.0,1.0,0.0,1.0,0.17046830284250508,0.6295316971574951
qwen3_4b,hierarchical,target_context_comm,irr_system,13,0.20000000000000004,0.3651483716701107,0.10127393670836667,0.0,0.0,0.2,0.0,1.0,0.0015030840516013777,0.3984969159483987
qwen3_4b,hierarchical,target_context_comm,retention_system,15,0.37333333333333335,0.439913411393435,0.11358515440667105,0.2,0.0,0.8,0.0,1.0,0.15070643069625808,0.5959602359704086
qwen3_4b,hierarchical,target_context_comm,n_scored_probes,15,14.333333333333334,1.7593288763724917,0.4542567625794978,15.0,15.0,15.0,10.0,15.0,13.442990078677518,15.22367658798915
qwen3_4b,hierarchical,target_context_memory,drr_target,15,0.02666666666666667,0.10327955589886445,0.026666666666666665,0.0,0.0,0.0,0.0,0.4,-0.025599999999999994,0.07893333333333333
qwen3_4b,hierarchical,target_context_memory,irr_target,13,0.07692307692307693,0.2773500981126146,0.07692307692307693,0.0,0.0,0.0,0.0,1.0,-0.07384615384615384,0.2276923076923077
qwen3_4b,hierarchical,target_context_memory,retention_target,15,0.7866666666666667,0.3067494712224262,0.07920237290015919,1.0,0.6,1.0,0.2,1.0,0.6314300157823547,0.9419033175509788
qwen3_4b,hierarchical,target_context_memory,drr_system,15,0.34666666666666673,0.38147583085145714,0.09849663599122206,0.2,0.0,0.5,0.0,1.0,0.1536132601238715,0.539720073209462
qwen3_4b,hierarchical,target_context_memory,irr_system,13,0.23076923076923078,0.3727926487665214,0.10339407771105617,0.0,0.0,0.4,0.0,1.0,0.028116838455560678,0.4334216230829009
qwen3_4b,hierarchical,target_context_memory,retention_system,15,0.38666666666666666,0.4501851470969101,0.1162373051610846,0.2,0.0,0.9,0.0,1.0,0.15884154855094085,0.6144917847823925
qwen3_4b,hierarchical,target_context_memory,n_scored_probes,15,14.333333333333334,1.7593288763724917,0.4542567625794978,15.0,15.0,15.0,10.0,15.0,13.442990078677518,15.22367658798915
qwen3_4b,hierarchical,target_memory,drr_target,15,0.4000000000000001,0.43424811867344754,0.11212238211627762,0.2,0.0,0.9,0.0,1.0,0.18024013105209594,0.6197598689479042
qwen3_4b,hierarchical,target_memory,irr_target,13,0.3076923076923077,0.4212314060417355,0.11682857179378993,0.0,0.0,0.4,0.0,1.0,0.07870830697647946,0.536676308408136
qwen3_4b,hierarchical,target_memory,retention_target,15,0.52,0.45856920337688867,0.11840205918415278,0.4,0.0,1.0,0.0,1.0,0.28793196399906057,0.7520680360009395
qwen3_4b,hierarchical,target_memory,drr_system,15,0.3866666666666667,0.4564876256602717,0.11786459812879985,0.2,0.0,1.0,0.0,1.0,0.15565205433421903,0.6176812789991144
qwen3_4b,hierarchical,target_memory,irr_system,13,0.26153846153846155,0.42727520705524513,0.11850482059785994,0.0,0.0,0.2,0.0,1.0,0.029269013166656088,0.493807909910267
qwen3_4b,hierarchical,target_memory,retention_system,15,0.3866666666666667,0.4501851470969101,0.1162373051610846,0.2,0.0,0.9,0.0,1.0,0.1588415485509409,0.6144917847823925
qwen3_4b,hierarchical,target_memory,n_scored_probes,15,14.333333333333334,1.7593288763724917,0.4542567625794978,15.0,15.0,15.0,10.0,15.0,13.442990078677518,15.22367658798915
qwen3_4b,hierarchical,target_memory_comm,drr_target,15,0.4000000000000001,0.43424811867344754,0.11212238211627762,0.2,0.0,0.9,0.0,1.0,0.18024013105209594,0.6197598689479042
qwen3_4b,hierarchical,target_memory_comm,irr_target,13,0.3076923076923077,0.4212314060417355,0.11682857179378993,0.0,0.0,0.4,0.0,1.0,0.07870830697647946,0.536676308408136
qwen3_4b,hierarchical,target_memory_comm,retention_target,15,0.52,0.45856920337688867,0.11840205918415278,0.4,0.0,1.0,0.0,1.0,0.28793196399906057,0.7520680360009395
qwen3_4b,hierarchical,target_memory_comm,drr_system,15,0.3866666666666667,0.4564876256602717,0.11786459812879985,0.2,0.0,1.0,0.0,1.0,0.15565205433421903,0.6176812789991144
qwen3_4b,hierarchical,target_memory_comm,irr_system,13,0.26153846153846155,0.42727520705524513,0.11850482059785994,0.0,0.0,0.2,0.0,1.0,0.029269013166656088,0.493807909910267
qwen3_4b,hierarchical,target_memory_comm,retention_system,15,0.3866666666666667,0.4501851470969101,0.1162373051610846,0.2,0.0,0.9,0.0,1.0,0.1588415485509409,0.6144917847823925
qwen3_4b,hierarchical,target_memory_comm,n_scored_probes,15,14.333333333333334,1.7593288763724917,0.4542567625794978,15.0,15.0,15.0,10.0,15.0,13.442990078677518,15.22367658798915
qwen3_4b,independent,communication,drr_target,15,0.4666666666666668,0.4047338925881101,0.10450184170929679,0.2,0.2,1.0,0.0,1.0,0.26184305691644505,0.6714902764168885
qwen3_4b,independent,communication,irr_target,13,0.3230769230769231,0.40446228945322404,0.1121776556627044,0.2,0.0,0.4,0.0,1.0,0.10320871797802247,0.5429451281758237
qwen3_4b,independent,communication,retention_target,15,0.4799999999999999,0.4329302154257328,0.11178210096092349,0.4,0.0,1.0,0.0,1.0,0.26090708211658986,0.69909291788341
qwen3_4b,independent,communication,drr_system,15,0.4666666666666668,0.4047338925881101,0.10450184170929679,0.2,0.2,1.0,0.0,1.0,0.26184305691644505,0.6714902764168885
qwen3_4b,independent,communication,irr_system,13,0.3230769230769231,0.40446228945322404,0.1121776556627044,0.2,0.0,0.4,0.0,1.0,0.10320871797802247,0.5429451281758237
qwen3_4b,independent,communication,retention_system,15,0.4799999999999999,0.4329302154257328,0.11178210096092349,0.4,0.0,1.0,0.0,1.0,0.26090708211658986,0.69909291788341
qwen3_4b,independent,communication,n_scored_probes,15,14.333333333333334,1.7593288763724917,0.4542567625794978,15.0,15.0,15.0,10.0,15.0,13.442990078677518,15.22367658798915
qwen3_4b,independent,full_inference,drr_target,15,0.013333333333333334,0.051639777949432225,0.013333333333333332,0.0,0.0,0.0,0.0,0.2,-0.012799999999999997,0.039466666666666664
qwen3_4b,independent,full_inference,irr_target,13,0.07692307692307693,0.2773500981126146,0.07692307692307693,0.0,0.0,0.0,0.0,1.0,-0.07384615384615384,0.2276923076923077
qwen3_4b,independent,full_inference,retention_target,15,0.8133333333333332,0.30674947122242624,0.0792023729001592,1.0,0.7,1.0,0.2,1.0,0.6580966824490212,0.9685699842176453
qwen3_4b,independent,full_inference,drr_system,15,0.013333333333333334,0.051639777949432225,0.013333333333333332,0.0,0.0,0.0,0.0,0.2,-0.012799999999999997,0.039466666666666664
qwen3_4b,independent,full_inference,irr_system,13,0.07692307692307693,0.2773500981126146,0.07692307692307693,0.0,0.0,0.0,0.0,1.0,-0.07384615384615384,0.2276923076923077
qwen3_4b,independent,full_inference,retention_system,15,0.8133333333333332,0.30674947122242624,0.0792023729001592,1.0,0.7,1.0,0.2,1.0,0.6580966824490212,0.9685699842176453
qwen3_4b,independent,full_inference,n_scored_probes,15,14.333333333333334,1.7593288763724917,0.4542567625794978,15.0,15.0,15.0,10.0,15.0,13.442990078677518,15.22367658798915
qwen3_4b,independent,global_context,drr_target,15,0.08,0.12649110640673517,0.03265986323710904,0.0,0.0,0.2,0.0,0.4,0.015986668055266287,0.1440133319447337
qwen3_4b,independent,global_context,irr_target,13,0.12307692307692307,0.2773500981126145,0.07692307692307691,0.0,0.0,0.2,0.0,1.0,-0.02769230769230767,0.2738461538461538
qwen3_4b,independent,global_context,retention_target,15,0.68,0.34475664294853386,0.08901578244226989,0.8,0.4,1.0,0.2,1.0,0.5055290664131511,0.854470933586849
qwen3_4b,independent,global_context,drr_system,15,0.08,0.12649110640673517,0.03265986323710904,0.0,0.0,0.2,0.0,0.4,0.015986668055266287,0.1440133319447337
qwen3_4b,independent,global_context,irr_system,13,0.12307692307692307,0.2773500981126145,0.07692307692307691,0.0,0.0,0.2,0.0,1.0,-0.02769230769230767,0.2738461538461538
qwen3_4b,independent,global_context,retention_system,15,0.68,0.34475664294853386,0.08901578244226989,0.8,0.4,1.0,0.2,1.0,0.5055290664131511,0.854470933586849
qwen3_4b,independent,global_context,n_scored_probes,15,14.333333333333334,1.7593288763724917,0.4542567625794978,15.0,15.0,15.0,10.0,15.0,13.442990078677518,15.22367658798915
qwen3_4b,independent,none,drr_target,15,0.4666666666666668,0.4047338925881101,0.10450184170929679,0.2,0.2,1.0,0.0,1.0,0.26184305691644505,0.6714902764168885
qwen3_4b,independent,none,irr_target,13,0.3230769230769231,0.40446228945322404,0.1121776556627044,0.2,0.0,0.4,0.0,1.0,0.10320871797802247,0.5429451281758237
qwen3_4b,independent,none,retention_target,15,0.4799999999999999,0.4329302154257328,0.11178210096092349,0.4,0.0,1.0,0.0,1.0,0.26090708211658986,0.69909291788341
qwen3_4b,independent,none,drr_system,15,0.4666666666666668,0.4047338925881101,0.10450184170929679,0.2,0.2,1.0,0.0,1.0,0.26184305691644505,0.6714902764168885
qwen3_4b,independent,none,irr_system,13,0.3230769230769231,0.40446228945322404,0.1121776556627044,0.2,0.0,0.4,0.0,1.0,0.10320871797802247,0.5429451281758237
qwen3_4b,independent,none,retention_system,15,0.4799999999999999,0.4329302154257328,0.11178210096092349,0.4,0.0,1.0,0.0,1.0,0.26090708211658986,0.69909291788341
qwen3_4b,independent,none,n_scored_probes,15,14.333333333333334,1.7593288763724917,0.4542567625794978,15.0,15.0,15.0,10.0,15.0,13.442990078677518,15.22367658798915
qwen3_4b,independent,parameter_only,drr_target,10,0.62,0.4939635614091388,0.15620499351813308,1.0,0.05,1.0,0.0,1.0,0.31383821270445916,0.9261617872955408
qwen3_4b,independent,parameter_only,irr_target,8,0.75,0.4629100498862757,0.16366341767699427,1.0,0.75,1.0,0.0,1.0,0.42921970135309123,1.0707802986469088
qwen3_4b,independent,parameter_only,retention_target,10,0.7200000000000001,0.37947331922020555,0.12000000000000001,1.0,0.4,1.0,0.0,1.0,0.48480000000000006,0.9552
qwen3_4b,independent,parameter_only,drr_system,10,0.62,0.4939635614091388,0.15620499351813308,1.0,0.05,1.0,0.0,1.0,0.31383821270445916,0.9261617872955408
qwen3_4b,independent,parameter_only,irr_system,8,0.75,0.4629100498862757,0.16366341767699427,1.0,0.75,1.0,0.0,1.0,0.42921970135309123,1.0707802986469088
qwen3_4b,independent,parameter_only,retention_system,10,0.7200000000000001,0.37947331922020555,0.12000000000000001,1.0,0.4,1.0,0.0,1.0,0.48480000000000006,0.9552
qwen3_4b,independent,parameter_only,n_scored_probes,10,14.0,2.1081851067789197,0.6666666666666666,15.0,15.0,15.0,10.0,15.0,12.693333333333333,15.306666666666667
qwen3_4b,independent,parameter_plus_comm,drr_target,10,0.62,0.4939635614091388,0.15620499351813308,1.0,0.05,1.0,0.0,1.0,0.31383821270445916,0.9261617872955408
qwen3_4b,independent,parameter_plus_comm,irr_target,8,0.75,0.4629100498862757,0.16366341767699427,1.0,0.75,1.0,0.0,1.0,0.42921970135309123,1.0707802986469088
qwen3_4b,independent,parameter_plus_comm,retention_target,10,0.7200000000000001,0.37947331922020555,0.12000000000000001,1.0,0.4,1.0,0.0,1.0,0.48480000000000006,0.9552
qwen3_4b,independent,parameter_plus_comm,drr_system,10,0.62,0.4939635614091388,0.15620499351813308,1.0,0.05,1.0,0.0,1.0,0.31383821270445916,0.9261617872955408
qwen3_4b,independent,parameter_plus_comm,irr_system,8,0.75,0.4629100498862757,0.16366341767699427,1.0,0.75,1.0,0.0,1.0,0.42921970135309123,1.0707802986469088
qwen3_4b,independent,parameter_plus_comm,retention_system,10,0.7200000000000001,0.37947331922020555,0.12000000000000001,1.0,0.4,1.0,0.0,1.0,0.48480000000000006,0.9552
qwen3_4b,independent,parameter_plus_comm,n_scored_probes,10,14.0,2.1081851067789197,0.6666666666666666,15.0,15.0,15.0,10.0,15.0,12.693333333333333,15.306666666666667
qwen3_4b,independent,target_context,drr_target,15,0.08,0.12649110640673517,0.03265986323710904,0.0,0.0,0.2,0.0,0.4,0.015986668055266287,0.1440133319447337
qwen3_4b,independent,target_context,irr_target,13,0.12307692307692307,0.2773500981126145,0.07692307692307691,0.0,0.0,0.2,0.0,1.0,-0.02769230769230767,0.2738461538461538
qwen3_4b,independent,target_context,retention_target,15,0.68,0.34475664294853386,0.08901578244226989,0.8,0.4,1.0,0.2,1.0,0.5055290664131511,0.854470933586849
qwen3_4b,independent,target_context,drr_system,15,0.08,0.12649110640673517,0.03265986323710904,0.0,0.0,0.2,0.0,0.4,0.015986668055266287,0.1440133319447337
qwen3_4b,independent,target_context,irr_system,13,0.12307692307692307,0.2773500981126145,0.07692307692307691,0.0,0.0,0.2,0.0,1.0,-0.02769230769230767,0.2738461538461538
qwen3_4b,independent,target_context,retention_system,15,0.68,0.34475664294853386,0.08901578244226989,0.8,0.4,1.0,0.2,1.0,0.5055290664131511,0.854470933586849
qwen3_4b,independent,target_context,n_scored_probes,15,14.333333333333334,1.7593288763724917,0.4542567625794978,15.0,15.0,15.0,10.0,15.0,13.442990078677518,15.22367658798915
qwen3_4b,independent,target_context_comm,drr_target,15,0.08,0.12649110640673517,0.03265986323710904,0.0,0.0,0.2,0.0,0.4,0.015986668055266287,0.1440133319447337
qwen3_4b,independent,target_context_comm,irr_target,13,0.12307692307692307,0.2773500981126145,0.07692307692307691,0.0,0.0,0.2,0.0,1.0,-0.02769230769230767,0.2738461538461538
qwen3_4b,independent,target_context_comm,retention_target,15,0.68,0.34475664294853386,0.08901578244226989,0.8,0.4,1.0,0.2,1.0,0.5055290664131511,0.854470933586849
qwen3_4b,independent,target_context_comm,drr_system,15,0.08,0.12649110640673517,0.03265986323710904,0.0,0.0,0.2,0.0,0.4,0.015986668055266287,0.1440133319447337
qwen3_4b,independent,target_context_comm,irr_system,13,0.12307692307692307,0.2773500981126145,0.07692307692307691,0.0,0.0,0.2,0.0,1.0,-0.02769230769230767,0.2738461538461538
qwen3_4b,independent,target_context_comm,retention_system,15,0.68,0.34475664294853386,0.08901578244226989,0.8,0.4,1.0,0.2,1.0,0.5055290664131511,0.854470933586849
qwen3_4b,independent,target_context_comm,n_scored_probes,15,14.333333333333334,1.7593288763724917,0.4542567625794978,15.0,15.0,15.0,10.0,15.0,13.442990078677518,15.22367658798915
qwen3_4b,independent,target_context_memory,drr_target,15,0.013333333333333334,0.051639777949432225,0.013333333333333332,0.0,0.0,0.0,0.0,0.2,-0.012799999999999997,0.039466666666666664
qwen3_4b,independent,target_context_memory,irr_target,13,0.07692307692307693,0.2773500981126146,0.07692307692307693,0.0,0.0,0.0,0.0,1.0,-0.07384615384615384,0.2276923076923077
qwen3_4b,independent,target_context_memory,retention_target,15,0.8133333333333332,0.30674947122242624,0.0792023729001592,1.0,0.7,1.0,0.2,1.0,0.6580966824490212,0.9685699842176453
qwen3_4b,independent,target_context_memory,drr_system,15,0.013333333333333334,0.051639777949432225,0.013333333333333332,0.0,0.0,0.0,0.0,0.2,-0.012799999999999997,0.039466666666666664
qwen3_4b,independent,target_context_memory,irr_system,13,0.07692307692307693,0.2773500981126146,0.07692307692307693,0.0,0.0,0.0,0.0,1.0,-0.07384615384615384,0.2276923076923077
qwen3_4b,independent,target_context_memory,retention_system,15,0.8133333333333332,0.30674947122242624,0.0792023729001592,1.0,0.7,1.0,0.2,1.0,0.6580966824490212,0.9685699842176453
qwen3_4b,independent,target_context_memory,n_scored_probes,15,14.333333333333334,1.7593288763724917,0.4542567625794978,15.0,15.0,15.0,10.0,15.0,13.442990078677518,15.22367658798915
qwen3_4b,independent,target_memory,drr_target,15,0.4400000000000001,0.3869293032509759,0.0999047165100446,0.4,0.2,0.8,0.0,1.0,0.24418675564031272,0.6358132443596876
qwen3_4b,independent,target_memory,irr_target,13,0.3384615384615385,0.40319238902055504,0.1118254486531104,0.2,0.0,0.4,0.0,1.0,0.11928365910144209,0.5576394178216348
qwen3_4b,independent,target_memory,retention_target,15,0.5333333333333333,0.44507891221134943,0.11491888098284461,0.8,0.1,1.0,0.0,1.0,0.3080923266069579,0.7585743400597087
qwen3_4b,independent,target_memory,drr_system,15,0.4400000000000001,0.3869293032509759,0.0999047165100446,0.4,0.2,0.8,0.0,1.0,0.24418675564031272,0.6358132443596876
qwen3_4b,independent,target_memory,irr_system,13,0.3384615384615385,0.40319238902055504,0.1118254486531104,0.2,0.0,0.4,0.0,1.0,0.11928365910144209,0.5576394178216348
qwen3_4b,independent,target_memory,retention_system,15,0.5333333333333333,0.44507891221134943,0.11491888098284461,0.8,0.1,1.0,0.0,1.0,0.3080923266069579,0.7585743400597087
qwen3_4b,independent,target_memory,n_scored_probes,15,14.333333333333334,1.7593288763724917,0.4542567625794978,15.0,15.0,15.0,10.0,15.0,13.442990078677518,15.22367658798915
qwen3_4b,independent,target_memory_comm,drr_target,15,0.4400000000000001,0.3869293032509759,0.0999047165100446,0.4,0.2,0.8,0.0,1.0,0.24418675564031272,0.6358132443596876
qwen3_4b,independent,target_memory_comm,irr_target,13,0.3384615384615385,0.40319238902055504,0.1118254486531104,0.2,0.0,0.4,0.0,1.0,0.11928365910144209,0.5576394178216348
qwen3_4b,independent,target_memory_comm,retention_target,15,0.5333333333333333,0.44507891221134943,0.11491888098284461,0.8,0.1,1.0,0.0,1.0,0.3080923266069579,0.7585743400597087
qwen3_4b,independent,target_memory_comm,drr_system,15,0.4400000000000001,0.3869293032509759,0.0999047165100446,0.4,0.2,0.8,0.0,1.0,0.24418675564031272,0.6358132443596876
qwen3_4b,independent,target_memory_comm,irr_system,13,0.3384615384615385,0.40319238902055504,0.1118254486531104,0.2,0.0,0.4,0.0,1.0,0.11928365910144209,0.5576394178216348
qwen3_4b,independent,target_memory_comm,retention_system,15,0.5333333333333333,0.44507891221134943,0.11491888098284461,0.8,0.1,1.0,0.0,1.0,0.3080923266069579,0.7585743400597087
qwen3_4b,independent,target_memory_comm,n_scored_probes,15,14.333333333333334,1.7593288763724917,0.4542567625794978,15.0,15.0,15.0,10.0,15.0,13.442990078677518,15.22367658798915
qwen3_4b,scratchpad,communication,drr_target,15,0.4400000000000001,0.43556203428935997,0.11246163366952766,0.4,0.0,1.0,0.0,1.0,0.2195751980077259,0.6604248019922743
qwen3_4b,scratchpad,communication,irr_target,13,0.3384615384615385,0.4350066312491905,0.12064913185660092,0.2,0.0,0.8,0.0,1.0,0.10198924002260068,0.5749338369004763
qwen3_4b,scratchpad,communication,retention_target,15,0.5733333333333334,0.4712698145385911,0.12168134288521476,0.8,0.0,1.0,0.0,1.0,0.3348379012783124,0.8118287653883542
qwen3_4b,scratchpad,communication,drr_system,15,0.46666666666666673,0.4186144947778268,0.10808579778370365,0.4,0.1,1.0,0.0,1.0,0.2548185030106076,0.6785148303227259
qwen3_4b,scratchpad,communication,irr_system,13,0.35384615384615387,0.425471081303584,0.11800444614362925,0.2,0.0,0.8,0.0,1.0,0.12255743940464053,0.5851348682876671
qwen3_4b,scratchpad,communication,retention_system,15,0.6266666666666667,0.4333699618219102,0.11189564299218681,0.8,0.2,1.0,0.0,1.0,0.4073512064019805,0.8459821269313529
qwen3_4b,scratchpad,communication,n_scored_probes,15,14.333333333333334,1.7593288763724917,0.4542567625794978,15.0,15.0,15.0,10.0,15.0,13.442990078677518,15.22367658798915
qwen3_4b,scratchpad,full_inference,drr_target,15,0.04000000000000001,0.08280786712108253,0.021380899352993955,0.0,0.0,0.0,0.0,0.2,-0.001906562731868143,0.08190656273186817
qwen3_4b,scratchpad,full_inference,irr_target,13,0.16923076923076924,0.37279264876652135,0.10339407771105616,0.0,0.0,0.0,0.0,1.0,-0.033421623082900836,0.37188316154443934
qwen3_4b,scratchpad,full_inference,retention_target,15,0.6666666666666666,0.43861253103502684,0.11324926854243618,1.0,0.30000000000000004,1.0,0.0,1.0,0.4446981003234917,0.8886352330098415
qwen3_4b,scratchpad,full_inference,drr_system,15,0.48000000000000015,0.39856886839935557,0.10291003930849597,0.4,0.1,0.9,0.0,1.0,0.278296322955348,0.6817036770446523
qwen3_4b,scratchpad,full_inference,irr_system,13,0.3384615384615385,0.46464764703744693,0.12887007049363142,0.0,0.0,1.0,0.0,1.0,0.08587620029402093,0.591046876629056
qwen3_4b,scratchpad,full_inference,retention_system,15,0.64,0.44207303856780433,0.11414276774536102,1.0,0.2,1.0,0.0,1.0,0.41628017521909244,0.8637198247809076
qwen3_4b,scratchpad,full_inference,n_scored_probes,15,14.333333333333334,1.7593288763724917,0.4542567625794978,15.0,15.0,15.0,10.0,15.0,13.442990078677518,15.22367658798915
qwen3_4b,scratchpad,global_context,drr_target,15,0.05333333333333334,0.11872336794093276,0.03065424178939254,0.0,0.0,0.0,0.0,0.4,-0.006748980573876039,0.1134156472405427
qwen3_4b,scratchpad,global_context,irr_target,13,0.16923076923076924,0.37279264876652135,0.10339407771105616,0.0,0.0,0.0,0.0,1.0,-0.033421623082900836,0.37188316154443934
qwen3_4b,scratchpad,global_context,retention_target,15,0.6266666666666668,0.4199773236508757,0.10843767868564026,0.8,0.30000000000000004,1.0,0.0,1.0,0.4141288164428119,0.8392045168905218
qwen3_4b,scratchpad,global_context,drr_system,15,0.06666666666666667,0.1447493728911492,0.037374127372092544,0.0,0.0,0.0,0.0,0.4,-0.006586622982634724,0.13991995631596804
qwen3_4b,scratchpad,global_context,irr_system,13,0.16923076923076924,0.37279264876652135,0.10339407771105616,0.0,0.0,0.0,0.0,1.0,-0.033421623082900836,0.37188316154443934
qwen3_4b,scratchpad,global_context,retention_system,15,0.6933333333333334,0.39182114481458186,0.10116778457058667,1.0,0.4,1.0,0.0,1.0,0.4950444755749835,0.8916221910916833
qwen3_4b,scratchpad,global_context,n_scored_probes,15,14.333333333333334,1.7593288763724917,0.4542567625794978,15.0,15.0,15.0,10.0,15.0,13.442990078677518,15.22367658798915
qwen3_4b,scratchpad,none,drr_target,15,0.4133333333333334,0.45018514709691027,0.11623730516108464,0.2,0.0,1.0,0.0,1.0,0.1855082152176075,0.6411584514490593
qwen3_4b,scratchpad,none,irr_target,13,0.35384615384615387,0.4557327151876499,0.12639751327042292,0.2,0.0,1.0,0.0,1.0,0.10610702783612494,0.6015852798561828
qwen3_4b,scratchpad,none,retention_target,15,0.5333333333333333,0.4937707198786941,0.12749105166233532,0.8,0.0,1.0,0.0,1.0,0.28345087207515607,0.7832157945915106
qwen3_4b,scratchpad,none,drr_system,15,0.4800000000000001,0.4126568965687043,0.10654755254054855,0.4,0.1,1.0,0.0,1.0,0.27116679702052493,0.6888332029794753
qwen3_4b,scratchpad,none,irr_system,13,0.3230769230769231,0.44376015698018334,0.1230769230769231,0.0,0.0,0.8,0.0,1.0,0.08184615384615382,0.5643076923076924
qwen3_4b,scratchpad,none,retention_system,15,0.6,0.45981362684088806,0.11872336794093274,0.8,0.1,1.0,0.0,1.0,0.3673021988357718,0.8326978011642281
qwen3_4b,scratchpad,none,n_scored_probes,15,14.333333333333334,1.7593288763724917,0.4542567625794978,15.0,15.0,15.0,10.0,15.0,13.442990078677518,15.22367658798915
qwen3_4b,scratchpad,parameter_only,drr_target,10,0.6799999999999999,0.44422216663887154,0.14047538337136986,1.0,0.3,1.0,0.0,1.0,0.40466824859211503,0.9553317514078848
qwen3_4b,scratchpad,parameter_only,irr_target,8,0.75,0.4629100498862757,0.16366341767699427,1.0,0.75,1.0,0.0,1.0,0.42921970135309123,1.0707802986469088
qwen3_4b,scratchpad,parameter_only,retention_target,10,0.68,0.42373996218855203,0.13399834161494517,1.0,0.25,1.0,0.0,1.0,0.4173632504347075,0.9426367495652925
qwen3_4b,scratchpad,parameter_only,drr_system,10,0.66,0.4526465385804788,0.14313940369055925,1.0,0.25,1.0,0.0,1.0,0.3794467687665039,0.9405532312334961
qwen3_4b,scratchpad,parameter_only,irr_system,8,0.75,0.4629100498862757,0.16366341767699427,1.0,0.75,1.0,0.0,1.0,0.42921970135309123,1.0707802986469088
qwen3_4b,scratchpad,parameter_only,retention_system,10,0.8,0.32659863237109044,0.10327955589886445,1.0,0.8,1.0,0.2,1.0,0.5975720704382257,1.0024279295617744
qwen3_4b,scratchpad,parameter_only,n_scored_probes,10,14.0,2.1081851067789197,0.6666666666666666,15.0,15.0,15.0,10.0,15.0,12.693333333333333,15.306666666666667
qwen3_4b,scratchpad,parameter_plus_comm,drr_target,10,0.66,0.4526465385804788,0.14313940369055925,1.0,0.25,1.0,0.0,1.0,0.3794467687665039,0.9405532312334961
qwen3_4b,scratchpad,parameter_plus_comm,irr_target,8,0.75,0.4629100498862757,0.16366341767699427,1.0,0.75,1.0,0.0,1.0,0.42921970135309123,1.0707802986469088
qwen3_4b,scratchpad,parameter_plus_comm,retention_target,10,0.68,0.42373996218855203,0.13399834161494517,1.0,0.25,1.0,0.0,1.0,0.4173632504347075,0.9426367495652925
qwen3_4b,scratchpad,parameter_plus_comm,drr_system,10,0.66,0.4526465385804788,0.14313940369055925,1.0,0.25,1.0,0.0,1.0,0.3794467687665039,0.9405532312334961
qwen3_4b,scratchpad,parameter_plus_comm,irr_system,8,0.75,0.4629100498862757,0.16366341767699427,1.0,0.75,1.0,0.0,1.0,0.42921970135309123,1.0707802986469088
qwen3_4b,scratchpad,parameter_plus_comm,retention_system,10,0.8,0.32659863237109044,0.10327955589886445,1.0,0.8,1.0,0.2,1.0,0.5975720704382257,1.0024279295617744
qwen3_4b,scratchpad,parameter_plus_comm,n_scored_probes,10,14.0,2.1081851067789197,0.6666666666666666,15.0,15.0,15.0,10.0,15.0,12.693333333333333,15.306666666666667
qwen3_4b,scratchpad,target_context,drr_target,15,0.37333333333333335,0.44636094725916076,0.11524990100880644,0.2,0.0,0.9,0.0,1.0,0.14744352735607272,0.599223139310594
qwen3_4b,scratchpad,target_context,irr_target,13,0.3230769230769231,0.44376015698018334,0.1230769230769231,0.0,0.0,0.8,0.0,1.0,0.08184615384615382,0.5643076923076924
qwen3_4b,scratchpad,target_context,retention_target,15,0.68,0.4195235392680606,0.10832051206181278,1.0,0.30000000000000004,1.0,0.0,1.0,0.467691796358847,0.8923082036411532
qwen3_4b,scratchpad,target_context,drr_system,15,0.4800000000000001,0.4126568965687043,0.10654755254054855,0.4,0.1,1.0,0.0,1.0,0.27116679702052493,0.6888332029794753
qwen3_4b,scratchpad,target_context,irr_system,13,0.3384615384615385,0.4350066312491905,0.12064913185660092,0.2,0.0,0.8,0.0,1.0,0.10198924002260068,0.5749338369004763
qwen3_4b,scratchpad,target_context,retention_system,15,0.64,0.44207303856780433,0.11414276774536102,1.0,0.2,1.0,0.0,1.0,0.41628017521909244,0.8637198247809076
qwen3_4b,scratchpad,target_context,n_scored_probes,15,14.333333333333334,1.7593288763724917,0.4542567625794978,15.0,15.0,15.0,10.0,15.0,13.442990078677518,15.22367658798915
qwen3_4b,scratchpad,target_context_comm,drr_target,15,0.09333333333333334,0.1667618775665584,0.043057731639837386,0.0,0.0,0.2,0.0,0.6,0.008940179319252062,0.1777264873474146
qwen3_4b,scratchpad,target_context_comm,irr_target,13,0.18461538461538465,0.369337591385248,0.1024358172073753,0.0,0.0,0.2,0.0,1.0,-0.016158817111070922,0.38538958634184023
qwen3_4b,scratchpad,target_context_comm,retention_target,15,0.6666666666666666,0.43204937989385733,0.1115546702045434,1.0,0.2,1.0,0.0,1.0,0.4480195130657616,0.8853138202675717
qwen3_4b,scratchpad,target_context_comm,drr_system,15,0.48000000000000015,0.39856886839935557,0.10291003930849597,0.4,0.1,0.9,0.0,1.0,0.278296322955348,0.6817036770446523
qwen3_4b,scratchpad,target_context_comm,irr_system,13,0.3230769230769231,0.44376015698018334,0.1230769230769231,0.0,0.0,0.8,0.0,1.0,0.08184615384615382,0.5643076923076924
qwen3_4b,scratchpad,target_context_comm,retention_system,15,0.6533333333333334,0.42403953095144775,0.10948653610057077,1.0,0.2,1.0,0.0,1.0,0.43873972257621474,0.8679269440904521
qwen3_4b,scratchpad,target_context_comm,n_scored_probes,15,14.333333333333334,1.7593288763724917,0.4542567625794978,15.0,15.0,15.0,10.0,15.0,13.442990078677518,15.22367658798915
qwen3_4b,scratchpad,target_context_memory,drr_target,15,0.3866666666666667,0.46270426634648404,0.11946972785193691,0.2,0.0,1.0,0.0,1.0,0.15250600007687037,0.6208273332564631
qwen3_4b,scratchpad,target_context_memory,irr_target,13,0.32307692307692304,0.44376015698018334,0.1230769230769231,0.0,0.0,0.8,0.0,1.0,0.08184615384615376,0.5643076923076923
qwen3_4b,scratchpad,target_context_memory,retention_target,15,0.6,0.45355736761107274,0.11710800875382399,1.0,0.2,1.0,0.0,1.0,0.370468302842505,0.829531697157495
qwen3_4b,scratchpad,target_context_memory,drr_system,15,0.4800000000000001,0.4126568965687043,0.10654755254054855,0.4,0.1,1.0,0.0,1.0,0.27116679702052493,0.6888332029794753
qwen3_4b,scratchpad,target_context_memory,irr_system,13,0.3384615384615385,0.4350066312491905,0.12064913185660092,0.2,0.0,0.8,0.0,1.0,0.10198924002260068,0.5749338369004763
qwen3_4b,scratchpad,target_context_memory,retention_system,15,0.64,0.44207303856780433,0.11414276774536102,1.0,0.2,1.0,0.0,1.0,0.41628017521909244,0.8637198247809076
qwen3_4b,scratchpad,target_context_memory,n_scored_probes,15,14.333333333333334,1.7593288763724917,0.4542567625794978,15.0,15.0,15.0,10.0,15.0,13.442990078677518,15.22367658798915
qwen3_4b,scratchpad,target_memory,drr_target,15,0.4000000000000001,0.4535573676110727,0.11710800875382398,0.2,0.0,1.0,0.0,1.0,0.17046830284250508,0.6295316971574951
qwen3_4b,scratchpad,target_memory,irr_target,13,0.3384615384615385,0.46464764703744693,0.12887007049363142,0.0,0.0,1.0,0.0,1.0,0.08587620029402093,0.591046876629056
qwen3_4b,scratchpad,target_memory,retention_target,15,0.56,0.46721056739516736,0.1206332497795734,0.8,0.1,1.0,0.0,1.0,0.32355883043203615,0.796441169567964
qwen3_4b,scratchpad,target_memory,drr_system,15,0.45333333333333337,0.42403953095144775,0.10948653610057077,0.4,0.1,1.0,0.0,1.0,0.23873972257621467,0.6679269440904521
qwen3_4b,scratchpad,target_memory,irr_system,13,0.3384615384615385,0.4350066312491905,0.12064913185660092,0.2,0.0,0.8,0.0,1.0,0.10198924002260068,0.5749338369004763
qwen3_4b,scratchpad,target_memory,retention_system,15,0.6266666666666666,0.42672618632471815,0.11018022753508243,0.8,0.2,1.0,0.0,1.0,0.41071342069790506,0.8426199126354281
qwen3_4b,scratchpad,target_memory,n_scored_probes,15,14.333333333333334,1.7593288763724917,0.4542567625794978,15.0,15.0,15.0,10.0,15.0,13.442990078677518,15.22367658798915
qwen3_4b,scratchpad,target_memory_comm,drr_target,15,0.4000000000000001,0.4535573676110727,0.11710800875382398,0.2,0.0,1.0,0.0,1.0,0.17046830284250508,0.6295316971574951
qwen3_4b,scratchpad,target_memory_comm,irr_target,13,0.3076923076923077,0.42907174703371476,0.11900309113715173,0.0,0.0,0.6,0.0,1.0,0.07444624906349034,0.5409383663211251
qwen3_4b,scratchpad,target_memory_comm,retention_target,15,0.5866666666666667,0.4564876256602718,0.11786459812879987,0.8,0.1,1.0,0.0,1.0,0.3556520543342189,0.8176812789991144
qwen3_4b,scratchpad,target_memory_comm,drr_system,15,0.4800000000000001,0.41952353926806063,0.1083205120618128,0.4,0.1,1.0,0.0,1.0,0.267691796358847,0.6923082036411532
qwen3_4b,scratchpad,target_memory_comm,irr_system,13,0.3230769230769231,0.40446228945322404,0.1121776556627044,0.2,0.0,0.4,0.0,1.0,0.10320871797802247,0.5429451281758237
qwen3_4b,scratchpad,target_memory_comm,retention_system,15,0.6266666666666666,0.42672618632471815,0.11018022753508243,0.8,0.2,1.0,0.0,1.0,0.41071342069790506,0.8426199126354281
qwen3_4b,scratchpad,target_memory_comm,n_scored_probes,15,14.333333333333334,1.7593288763724917,0.4542567625794978,15.0,15.0,15.0,10.0,15.0,13.442990078677518,15.22367658798915
qwen3_4b,sequential,communication,drr_target,15,0.4000000000000001,0.3927922024247863,0.10141851056742199,0.2,0.2,0.7,0.0,1.0,0.20121971928785298,0.5987802807121472
qwen3_4b,sequential,communication,irr_target,13,0.2923076923076923,0.4212314060417354,0.1168285717937899,0.0,0.0,0.4,0.0,1.0,0.06332369159186413,0.5212916930235205
qwen3_4b,sequential,communication,retention_target,15,0.4,0.4140393356054126,0.10690449676496977,0.2,0.0,0.8,0.0,1.0,0.1904671863406593,0.6095328136593408
qwen3_4b,sequential,communication,drr_system,15,0.44000000000000006,0.40142602947847955,0.1036477551269546,0.2,0.2,0.9,0.0,1.0,0.23685039995116905,0.643149600048831
qwen3_4b,sequential,communication,irr_system,13,0.27692307692307694,0.39613517506411483,0.10986812966989,0.0,0.0,0.4,0.0,1.0,0.061581542770092534,0.49226461107606134
qwen3_4b,sequential,communication,retention_system,15,0.34666666666666673,0.4033195589934446,0.10413666234542206,0.2,0.0,0.6000000000000001,0.0,1.0,0.1425588084696395,0.5507745248636939
qwen3_4b,sequential,communication,n_scored_probes,15,14.333333333333334,1.7593288763724917,0.4542567625794978,15.0,15.0,15.0,10.0,15.0,13.442990078677518,15.22367658798915
qwen3_4b,sequential,full_inference,drr_target,15,0.05333333333333334,0.11872336794093273,0.030654241789392533,0.0,0.0,0.0,0.0,0.4,-0.006748980573876025,0.1134156472405427
qwen3_4b,sequential,full_inference,irr_target,13,0.15384615384615385,0.37553380809940534,0.10415433852097385,0.0,0.0,0.0,0.0,1.0,-0.050296349654954886,0.3579886573472626
qwen3_4b,sequential,full_inference,retention_target,15,0.4933333333333334,0.384460041889302,0.09926715596796483,0.4,0.2,0.9,0.0,1.0,0.2987697076361223,0.6878969590305445
qwen3_4b,sequential,full_inference,drr_system,15,0.44000000000000006,0.4084815085865489,0.1054694719992924,0.2,0.2,0.9,0.0,1.0,0.23327983488138698,0.6467201651186132
qwen3_4b,sequential,full_inference,irr_system,13,0.23076923076923078,0.3727926487665214,0.10339407771105617,0.0,0.0,0.4,0.0,1.0,0.028116838455560678,0.4334216230829009
qwen3_4b,sequential,full_inference,retention_system,15,0.34666666666666673,0.3739111175259754,0.09654343540932712,0.2,0.0,0.4,0.0,1.0,0.15744153326438556,0.5358918000689479
qwen3_4b,sequential,full_inference,n_scored_probes,15,14.333333333333334,1.7593288763724917,0.4542567625794978,15.0,15.0,15.0,10.0,15.0,13.442990078677518,15.22367658798915
qwen3_4b,sequential,global_context,drr_target,15,0.09333333333333334,0.1830950832868254,0.047274947222822314,0.0,0.0,0.1,0.0,0.6,0.000674436776601603,0.18599222989006509
qwen3_4b,sequential,global_context,irr_target,13,0.09230769230769233,0.2396578758061113,0.06646913536828578,0.0,0.0,0.0,0.0,0.8,-0.0379718130141478,0.22258719762953244
qwen3_4b,sequential,global_context,retention_target,15,0.5466666666666667,0.324844285041017,0.08387443373830092,0.4,0.30000000000000004,0.9,0.2,1.0,0.38227277653959696,0.7110605567937365
qwen3_4b,sequential,global_context,drr_system,15,0.10666666666666666,0.18309508328682536,0.0472749472228223,0.0,0.0,0.2,0.0,0.6,0.014007770109934953,0.19932556322339837
qwen3_4b,sequential,global_context,irr_system,13,0.10769230769230768,0.2900044208327937,0.0804327545710673,0.0,0.0,0.0,0.0,1.0,-0.04995589126698423,0.2653405066515996
qwen3_4b,sequential,global_context,retention_system,15,0.5333333333333334,0.3086066999241838,0.07968190728895957,0.4,0.4,0.8,0.2,1.0,0.37715679504697264,0.6895098716196942
qwen3_4b,sequential,global_context,n_scored_probes,15,14.333333333333334,1.7593288763724917,0.4542567625794978,15.0,15.0,15.0,10.0,15.0,13.442990078677518,15.22367658798915
qwen3_4b,sequential,none,drr_target,15,0.41333333333333333,0.41034248181360944,0.10594997322036862,0.2,0.2,0.9,0.0,1.0,0.20567138582141084,0.6209952808452558
qwen3_4b,sequential,none,irr_target,13,0.3076923076923077,0.4132423390327167,0.1146128032750103,0.2,0.0,0.4,0.0,1.0,0.08305121327328752,0.532333402111328
qwen3_4b,sequential,none,retention_target,15,0.3866666666666667,0.4103424818136094,0.1059499732203686,0.2,0.0,0.8,0.0,1.0,0.17900471915474425,0.5943286141785892
qwen3_4b,sequential,none,drr_system,15,0.44000000000000006,0.40142602947847955,0.1036477551269546,0.2,0.2,0.9,0.0,1.0,0.23685039995116905,0.643149600048831
qwen3_4b,sequential,none,irr_system,13,0.2923076923076923,0.4212314060417354,0.1168285717937899,0.0,0.0,0.4,0.0,1.0,0.06332369159186413,0.5212916930235205
qwen3_4b,sequential,none,retention_system,15,0.34666666666666673,0.4033195589934446,0.10413666234542206,0.2,0.0,0.6000000000000001,0.0,1.0,0.1425588084696395,0.5507745248636939
qwen3_4b,sequential,none,n_scored_probes,15,14.333333333333334,1.7593288763724917,0.4542567625794978,15.0,15.0,15.0,10.0,15.0,13.442990078677518,15.22367658798915
qwen3_4b,sequential,parameter_only,drr_target,10,0.64,0.4695151163109069,0.1484737163421339,1.0,0.2,1.0,0.0,1.0,0.3489915159694176,0.9310084840305825
qwen3_4b,sequential,parameter_only,irr_target,8,0.75,0.4629100498862757,0.16366341767699427,1.0,0.75,1.0,0.0,1.0,0.42921970135309123,1.0707802986469088
qwen3_4b,sequential,parameter_only,retention_target,10,0.68,0.42373996218855203,0.13399834161494517,1.0,0.25,1.0,0.0,1.0,0.4173632504347075,0.9426367495652925
qwen3_4b,sequential,parameter_only,drr_system,10,0.64,0.4695151163109069,0.1484737163421339,1.0,0.2,1.0,0.0,1.0,0.3489915159694176,0.9310084840305825
qwen3_4b,sequential,parameter_only,irr_system,8,0.675,0.43996753126955696,0.15555201243130404,0.9,0.44999999999999996,1.0,0.0,1.0,0.3701180556346441,0.9798819443653559
qwen3_4b,sequential,parameter_only,retention_system,10,0.7,0.3915780041490244,0.12382783747337807,1.0,0.25,1.0,0.2,1.0,0.45729743855217897,0.9427025614478209
qwen3_4b,sequential,parameter_only,n_scored_probes,10,14.0,2.1081851067789197,0.6666666666666666,15.0,15.0,15.0,10.0,15.0,12.693333333333333,15.306666666666667
qwen3_4b,sequential,parameter_plus_comm,drr_target,10,0.5,0.4546060565661952,0.14375905768565214,0.4,0.05,1.0,0.0,1.0,0.2182322469361218,0.7817677530638782
qwen3_4b,sequential,parameter_plus_comm,irr_target,8,0.75,0.4629100498862757,0.16366341767699427,1.0,0.75,1.0,0.0,1.0,0.42921970135309123,1.0707802986469088
qwen3_4b,sequential,parameter_plus_comm,retention_target,10,0.68,0.42373996218855203,0.13399834161494517,1.0,0.25,1.0,0.0,1.0,0.4173632504347075,0.9426367495652925
qwen3_4b,sequential,parameter_plus_comm,drr_system,10,0.64,0.4695151163109069,0.1484737163421339,1.0,0.2,1.0,0.0,1.0,0.3489915159694176,0.9310084840305825
qwen3_4b,sequential,parameter_plus_comm,irr_system,8,0.625,0.446414285485707,0.15783128424274537,0.8,0.30000000000000004,1.0,0.0,1.0,0.3156506828842191,0.9343493171157808
qwen3_4b,sequential,parameter_plus_comm,retention_system,10,0.7,0.3915780041490244,0.12382783747337807,1.0,0.25,1.0,0.2,1.0,0.45729743855217897,0.9427025614478209
qwen3_4b,sequential,parameter_plus_comm,n_scored_probes,10,14.0,2.1081851067789197,0.6666666666666666,15.0,15.0,15.0,10.0,15.0,12.693333333333333,15.306666666666667
qwen3_4b,sequential,target_context,drr_target,15,0.3066666666666667,0.4199773236508757,0.10843767868564026,0.0,0.0,0.6000000000000001,0.0,1.0,0.09412881644281179,0.5192045168905216
qwen3_4b,sequential,target_context,irr_target,13,0.27692307692307694,0.42847373733957556,0.11883723308980992,0.0,0.0,0.4,0.0,1.0,0.04400210006704949,0.5098440537791044
qwen3_4b,sequential,target_context,retention_target,15,0.52,0.3687817782917155,0.09521904571390466,0.4,0.2,0.9,0.0,1.0,0.33337067040074686,0.7066293295992532
qwen3_4b,sequential,target_context,drr_system,15,0.4133333333333334,0.38889342400983745,0.100411850309312,0.2,0.2,0.7,0.0,1.0,0.21652610672708186,0.6101405599395849
qwen3_4b,sequential,target_context,irr_system,13,0.24615384615384617,0.38430756913220915,0.10658774200423861,0.0,0.0,0.4,0.0,1.0,0.03724187182553851,0.4550658204821538
qwen3_4b,sequential,target_context,retention_system,15,0.3733333333333334,0.3918211448145819,0.10116778457058669,0.2,0.0,0.6000000000000001,0.0,1.0,0.1750444755749835,0.5716221910916833
qwen3_4b,sequential,target_context,n_scored_probes,15,14.333333333333334,1.7593288763724917,0.4542567625794978,15.0,15.0,15.0,10.0,15.0,13.442990078677518,15.22367658798915
qwen3_4b,sequential,target_context_comm,drr_target,15,0.09333333333333334,0.1830950832868254,0.047274947222822314,0.0,0.0,0.1,0.0,0.6,0.000674436776601603,0.18599222989006509
qwen3_4b,sequential,target_context_comm,irr_target,13,0.13846153846153847,0.3096731113568563,0.08588786781766272,0.0,0.0,0.0,0.0,1.0,-0.02987868246108047,0.30680175938415744
qwen3_4b,sequential,target_context_comm,retention_target,15,0.5066666666666667,0.3614784456460255,0.09333333333333331,0.4,0.2,0.8,0.0,1.0,0.32373333333333343,0.6896
qwen3_4b,sequential,target_context_comm,drr_system,15,0.4000000000000001,0.4,0.10327955589886445,0.2,0.1,0.8,0.0,1.0,0.19757207043822575,0.6024279295617744
qwen3_4b,sequential,target_context_comm,irr_system,13,0.24615384615384617,0.38430756913220915,0.10658774200423861,0.0,0.0,0.4,0.0,1.0,0.03724187182553851,0.4550658204821538
qwen3_4b,sequential,target_context_comm,retention_system,15,0.3733333333333334,0.3918211448145819,0.10116778457058669,0.2,0.0,0.6000000000000001,0.0,1.0,0.1750444755749835,0.5716221910916833
qwen3_4b,sequential,target_context_comm,n_scored_probes,15,14.333333333333334,1.7593288763724917,0.4542567625794978,15.0,15.0,15.0,10.0,15.0,13.442990078677518,15.22367658798915
qwen3_4b,sequential,target_context_memory,drr_target,15,0.3066666666666667,0.4131182235954578,0.10666666666666666,0.2,0.0,0.5,0.0,1.0,0.09760000000000005,0.5157333333333334
qwen3_4b,sequential,target_context_memory,irr_target,13,0.29230769230769227,0.4212314060417355,0.11682857179378993,0.0,0.0,0.4,0.0,1.0,0.06332369159186402,0.5212916930235205
qwen3_4b,sequential,target_context_memory,retention_target,15,0.45333333333333337,0.38147583085145714,0.09849663599122206,0.4,0.2,0.8,0.0,1.0,0.26027992679053813,0.6463867398761286
qwen3_4b,sequential,target_context_memory,drr_system,15,0.44000000000000006,0.40142602947847955,0.1036477551269546,0.2,0.2,0.9,0.0,1.0,0.23685039995116905,0.643149600048831
qwen3_4b,sequential,target_context_memory,irr_system,13,0.24615384615384617,0.38430756913220915,0.10658774200423861,0.0,0.0,0.4,0.0,1.0,0.03724187182553851,0.4550658204821538
qwen3_4b,sequential,target_context_memory,retention_system,15,0.34666666666666673,0.3739111175259754,0.09654343540932712,0.2,0.0,0.4,0.0,1.0,0.15744153326438556,0.5358918000689479
qwen3_4b,sequential,target_context_memory,n_scored_probes,15,14.333333333333334,1.7593288763724917,0.4542567625794978,15.0,15.0,15.0,10.0,15.0,13.442990078677518,15.22367658798915
qwen3_4b,sequential,target_memory,drr_target,15,0.4266666666666667,0.39904648255321734,0.10303335875275062,0.2,0.2,0.9,0.0,1.0,0.2247212835112755,0.6286120498220579
qwen3_4b,sequential,target_memory,irr_target,13,0.26153846153846155,0.3594868137091669,0.09970370305242864,0.2,0.0,0.4,0.0,1.0,0.06611920355570144,0.45695771952122166
qwen3_4b,sequential,target_memory,retention_target,15,0.42666666666666675,0.439913411393435,0.11358515440667105,0.2,0.0,1.0,0.0,1.0,0.20403976402959148,0.649293569303742
qwen3_4b,sequential,target_memory,drr_system,15,0.4266666666666667,0.38446004188930194,0.09926715596796482,0.2,0.2,0.8,0.0,1.0,0.23210304096945567,0.6212302923638777
qwen3_4b,sequential,target_memory,irr_system,13,0.24615384615384617,0.3665500980206858,0.1016627056492257,0.0,0.0,0.4,0.0,1.0,0.0468949430813638,0.44541274922632856
qwen3_4b,sequential,target_memory,retention_system,15,0.34666666666666673,0.4033195589934446,0.10413666234542206,0.2,0.0,0.6000000000000001,0.0,1.0,0.1425588084696395,0.5507745248636939
qwen3_4b,sequential,target_memory,n_scored_probes,15,14.333333333333334,1.7593288763724917,0.4542567625794978,15.0,15.0,15.0,10.0,15.0,13.442990078677518,15.22367658798915
qwen3_4b,sequential,target_memory_comm,drr_target,15,0.37333333333333335,0.37695522027853406,0.09732941936031404,0.2,0.2,0.6000000000000001,0.0,1.0,0.18256767138711782,0.5640989952795489
qwen3_4b,sequential,target_memory_comm,irr_target,13,0.2923076923076923,0.4132423390327166,0.11461280327501029,0.2,0.0,0.2,0.0,1.0,0.06766659788867216,0.5169487867267125
qwen3_4b,sequential,target_memory_comm,retention_target,15,0.44000000000000006,0.4355620342893601,0.11246163366952769,0.4,0.0,1.0,0.0,1.0,0.2195751980077258,0.6604248019922743
qwen3_4b,sequential,target_memory_comm,drr_system,15,0.44000000000000006,0.40142602947847955,0.1036477551269546,0.2,0.2,0.9,0.0,1.0,0.23685039995116905,0.643149600048831
qwen3_4b,sequential,target_memory_comm,irr_system,13,0.27692307692307694,0.39613517506411483,0.10986812966989,0.0,0.0,0.4,0.0,1.0,0.061581542770092534,0.49226461107606134
qwen3_4b,sequential,target_memory_comm,retention_system,15,0.34666666666666673,0.4033195589934446,0.10413666234542206,0.2,0.0,0.6000000000000001,0.0,1.0,0.1425588084696395,0.5507745248636939
qwen3_4b,sequential,target_memory_comm,n_scored_probes,15,14.333333333333334,1.7593288763724917,0.4542567625794978,15.0,15.0,15.0,10.0,15.0,13.442990078677518,15.22367658798915
qwen3_8b,debate,communication,drr_target,15,0.22666666666666666,0.3692979181920098,0.09535231246311486,0.0,0.0,0.4,0.0,1.0,0.039776134238961536,0.4135571990943718
qwen3_8b,debate,communication,irr_target,13,0.21538461538461537,0.41199950211570613,0.11426810233413945,0.0,0.0,0.0,0.0,1.0,-0.008580865190297937,0.4393500959595287
qwen3_8b,debate,communication,retention_target,15,0.21333333333333335,0.41034248181360955,0.10594997322036864,0.0,0.0,0.1,0.0,1.0,0.0056713858214108015,0.4209952808452559
qwen3_8b,debate,communication,drr_system,15,0.30666666666666664,0.44636094725916076,0.11524990100880644,0.0,0.0,0.7,0.0,1.0,0.08077686068940601,0.5325564726439272
qwen3_8b,debate,communication,irr_system,13,0.1846153846153846,0.3782551031736691,0.10490908997681428,0.0,0.0,0.0,0.0,1.0,-0.021006431739171383,0.3902372009699406
qwen3_8b,debate,communication,retention_system,15,0.22666666666666666,0.4131182235954578,0.10666666666666666,0.0,0.0,0.2,0.0,1.0,0.017600000000000005,0.4357333333333333
qwen3_8b,debate,communication,n_scored_probes,15,14.333333333333334,1.7593288763724917,0.4542567625794978,15.0,15.0,15.0,10.0,15.0,13.442990078677518,15.22367658798915
qwen3_8b,debate,full_inference,drr_target,112,0.017857142857142856,0.0632658992078197,0.005978065563384615,0.0,0.0,0.0,0.0,0.4,0.006140134352909011,0.0295741513613767
qwen3_8b,debate,full_inference,irr_target,89,0.25617977528089886,0.36305367001806393,0.038483612054767635,0.0,0.0,0.4,0.0,1.0,0.1807518956535543,0.3316076549082434
qwen3_8b,debate,full_inference,retention_target,110,0.4163636363636363,0.41364951541290906,0.039439933800577684,0.4,0.0,0.8,0.0,1.0,0.33906136611450405,0.4936659066127686
qwen3_8b,debate,full_inference,drr_system,112,0.3535714285714286,0.4236113660498139,0.04002751168243419,0.0,0.0,0.8,0.0,1.0,0.2751175056738576,0.43202535146899956
qwen3_8b,debate,full_inference,irr_system,89,0.41123595505617977,0.4015419717242268,0.042563363876125415,0.4,0.0,0.8,0.0,1.0,0.327811761858974,0.49466014825338556
qwen3_8b,debate,full_inference,retention_system,110,0.49818181818181817,0.47137935757620675,0.0449442582791534,0.6,0.0,1.0,0.0,1.0,0.41009107195467753,0.5862725644089588
qwen3_8b,debate,full_inference,n_scored_probes,112,13.883928571428571,2.296670271761782,0.21701494223560017,15.0,15.0,15.0,5.0,15.0,13.458579284646795,14.309277858210347
qwen3_8b,debate,global_context,drr_target,15,0.05333333333333334,0.14074631010979938,0.03634054100635984,0.0,0.0,0.0,0.0,0.4,-0.01789412703913195,0.12456079370579862
qwen3_8b,debate,global_context,irr_target,13,0.07692307692307693,0.1300887271175982,0.036080121229411004,0.0,0.0,0.2,0.0,0.4,0.006206039313431361,0.1476401145327225
qwen3_8b,debate,global_context,retention_target,15,0.14666666666666667,0.3159264531651691,0.08157185944900515,0.0,0.0,0.1,0.0,1.0,-0.013214177853383413,0.30654751118671675
qwen3_8b,debate,global_context,drr_system,15,0.05333333333333334,0.14074631010979938,0.03634054100635984,0.0,0.0,0.0,0.0,0.4,-0.01789412703913195,0.12456079370579862
qwen3_8b,debate,global_context,irr_system,13,0.07692307692307693,0.1300887271175982,0.036080121229411004,0.0,0.0,0.2,0.0,0.4,0.006206039313431361,0.1476401145327225
qwen3_8b,debate,global_context,retention_system,15,0.14666666666666667,0.3159264531651691,0.08157185944900515,0.0,0.0,0.1,0.0,1.0,-0.013214177853383413,0.30654751118671675
qwen3_8b,debate,global_context,n_scored_probes,15,14.333333333333334,1.7593288763724917,0.4542567625794978,15.0,15.0,15.0,10.0,15.0,13.442990078677518,15.22367658798915
qwen3_8b,debate,none,drr_target,17,0.24705882352941172,0.41550819344933426,0.10077553940595184,0.0,0.0,0.4,0.0,1.0,0.04953876629374612,0.44457888076507734
qwen3_8b,debate,none,irr_target,13,0.2,0.37416573867739417,0.10377490433255418,0.0,0.0,0.2,0.0,1.0,-0.00339881249180618,0.4033988124918062
qwen3_8b,debate,none,retention_target,15,0.24000000000000002,0.40848150858654886,0.10546947199929238,0.0,0.0,0.30000000000000004,0.0,1.0,0.033279834881386944,0.4467201651186131
qwen3_8b,debate,none,drr_system,17,0.24705882352941172,0.41550819344933426,0.10077553940595184,0.0,0.0,0.4,0.0,1.0,0.04953876629374612,0.44457888076507734
qwen3_8b,debate,none,irr_system,13,0.2,0.37416573867739417,0.10377490433255418,0.0,0.0,0.2,0.0,1.0,-0.00339881249180618,0.4033988124918062
qwen3_8b,debate,none,retention_system,15,0.24000000000000002,0.40848150858654886,0.10546947199929238,0.0,0.0,0.30000000000000004,0.0,1.0,0.033279834881386944,0.4467201651186131
qwen3_8b,debate,none,n_scored_probes,17,13.235294117647058,3.509441048171095,0.85116447814634,15.0,15.0,15.0,5.0,15.0,11.567011740480233,14.903576494813883
qwen3_8b,debate,parameter_only,drr_target,10,0.54,0.4812021982031624,0.1521694961401777,0.7,0.0,1.0,0.0,1.0,0.24174778756525178,0.8382522124347482
qwen3_8b,debate,parameter_only,irr_target,8,0.575,0.4713203338949606,0.1666369021041172,0.7,0.15000000000000002,1.0,0.0,1.0,0.24839167187593025,0.9016083281240697
qwen3_8b,debate,parameter_only,retention_target,10,0.6,0.5163977794943222,0.1632993161855452,1.0,0.0,1.0,0.0,1.0,0.27993334027633143,0.9200666597236685
qwen3_8b,debate,parameter_only,drr_system,10,0.5800000000000001,0.44671641514002547,0.1412641340027806,0.7,0.1,1.0,0.0,1.0,0.3031222973545501,0.85687770264545
qwen3_8b,debate,parameter_only,irr_system,8,0.55,0.48697315854455175,0.17217101133134213,0.6,0.15000000000000002,1.0,0.0,1.0,0.2125448177905695,0.8874551822094305
qwen3_8b,debate,parameter_only,retention_system,10,0.6,0.5163977794943222,0.1632993161855452,1.0,0.0,1.0,0.0,1.0,0.27993334027633143,0.9200666597236685
qwen3_8b,debate,parameter_only,n_scored_probes,10,14.0,2.1081851067789197,0.6666666666666666,15.0,15.0,15.0,10.0,15.0,12.693333333333333,15.306666666666667
qwen3_8b,debate,parameter_plus_comm,drr_target,10,0.52,0.4732863826479693,0.14966629547095764,0.6,0.0,1.0,0.0,1.0,0.22665406087692302,0.8133459391230771
qwen3_8b,debate,parameter_plus_comm,irr_target,8,0.7,0.44077853201547174,0.1558387444947959,0.9,0.6000000000000001,1.0,0.0,1.0,0.3945560607902,1.0054439392097998
qwen3_8b,debate,parameter_plus_comm,retention_target,10,0.6,0.5163977794943222,0.1632993161855452,1.0,0.0,1.0,0.0,1.0,0.27993334027633143,0.9200666597236685
qwen3_8b,debate,parameter_plus_comm,drr_system,10,0.6,0.45215533220835125,0.14298407059684812,0.8,0.1,1.0,0.0,1.0,0.31975122163017766,0.8802487783698223
qwen3_8b,debate,parameter_plus_comm,irr_system,8,0.575,0.43342489875080187,0.15323884252089237,0.6000000000000001,0.30000000000000004,1.0,0.0,1.0,0.2746518686590509,0.875348131340949
qwen3_8b,debate,parameter_plus_comm,retention_system,10,0.6,0.5163977794943222,0.1632993161855452,1.0,0.0,1.0,0.0,1.0,0.27993334027633143,0.9200666597236685
qwen3_8b,debate,parameter_plus_comm,n_scored_probes,10,14.0,2.1081851067789197,0.6666666666666666,15.0,15.0,15.0,10.0,15.0,12.693333333333333,15.306666666666667
qwen3_8b,debate,target_context,drr_target,15,0.2,0.3854496446637727,0.09952267030562387,0.0,0.0,0.1,0.0,1.0,0.004935566200977237,0.3950644337990228
qwen3_8b,debate,target_context,irr_target,13,0.16923076923076924,0.3351233986275686,0.092946507489189,0.0,0.0,0.0,0.0,1.0,-0.012944385448041218,0.3514059239095797
qwen3_8b,debate,target_context,retention_target,15,0.16000000000000003,0.322490309931942,0.08326663997864531,0.0,0.0,0.1,0.0,1.0,-0.0032026143581447564,0.3232026143581448
qwen3_8b,debate,target_context,drr_system,15,0.26666666666666666,0.4047338925881101,0.10450184170929679,0.0,0.0,0.5,0.0,1.0,0.061843056916444955,0.47149027641688834
qwen3_8b,debate,target_context,irr_system,13,0.2,0.3829708431025353,0.1062170009087589,0.0,0.0,0.0,0.0,1.0,-0.008185321781167404,0.4081853217811674
qwen3_8b,debate,target_context,retention_system,15,0.29333333333333333,0.4267261863247182,0.11018022753508244,0.0,0.0,0.6000000000000001,0.0,1.0,0.07738008736457175,0.5092865793020949
qwen3_8b,debate,target_context,n_scored_probes,15,14.333333333333334,1.7593288763724917,0.4542567625794978,15.0,15.0,15.0,10.0,15.0,13.442990078677518,15.22367658798915
qwen3_8b,debate,target_context_comm,drr_target,35,0.20000000000000004,0.36299408518921206,0.06135719910778963,0.0,0.0,0.2,0.0,1.0,0.07973988974873236,0.3202601102512677
qwen3_8b,debate,target_context_comm,irr_target,29,0.3448275862068966,0.43718760838581455,0.08118370078602036,0.0,0.0,0.6,0.0,1.0,0.18570753266629667,0.5039476397474965
qwen3_8b,debate,target_context_comm,retention_target,35,0.3142857142857143,0.40376380482162294,0.06824853951007379,0.0,0.0,0.8,0.0,1.0,0.18051857684596967,0.4480528517254589
qwen3_8b,debate,target_context_comm,drr_system,35,0.42857142857142855,0.45798242232607994,0.07741315856395177,0.2,0.0,1.0,0.0,1.0,0.27684163778608306,0.580301219356774
qwen3_8b,debate,target_context_comm,irr_system,29,0.42758620689655175,0.43333964881086884,0.08046915263145918,0.6,0.0,0.8,0.0,1.0,0.2698666677388918,0.5853057460542117
qwen3_8b,debate,target_context_comm,retention_system,35,0.4685714285714285,0.48976070301575586,0.0827846683905191,0.2,0.0,1.0,0.0,1.0,0.3063134785260111,0.630829378616846
qwen3_8b,debate,target_context_comm,n_scored_probes,35,14.142857142857142,1.9119263021554858,0.3231745297988136,15.0,15.0,15.0,10.0,15.0,13.509435064451468,14.776279221262817
qwen3_8b,debate,target_context_memory,drr_target,112,0.3803571428571429,0.4311809230670907,0.04074276758967127,0.2,0.0,0.8,0.0,1.0,0.3005013183813872,0.46021296733289857
qwen3_8b,debate,target_context_memory,irr_target,89,0.42696629213483145,0.4069744365837815,0.043139203999559124,0.4,0.0,0.8,0.0,1.0,0.3424134522956956,0.5115191319739674
qwen3_8b,debate,target_context_memory,retention_target,110,0.4163636363636363,0.41364951541290906,0.039439933800577684,0.4,0.0,0.8,0.0,1.0,0.33906136611450405,0.4936659066127686
qwen3_8b,debate,target_context_memory,drr_system,112,0.41428571428571426,0.45219328221321964,0.04272824890250808,0.0,0.0,1.0,0.0,1.0,0.3305383464367984,0.4980330821346301
qwen3_8b,debate,target_context_memory,irr_system,89,0.449438202247191,0.41262011901374024,0.04373764514025366,0.4,0.0,0.8,0.0,1.0,0.3637124177722938,0.5351639867220882
qwen3_8b,debate,target_context_memory,retention_system,110,0.4945454545454545,0.47368095243942415,0.045163706738921165,0.6,0.0,1.0,0.0,1.0,0.406024589337169,0.58306631975374
qwen3_8b,debate,target_context_memory,n_scored_probes,112,13.883928571428571,2.296670271761782,0.21701494223560017,15.0,15.0,15.0,5.0,15.0,13.458579284646795,14.309277858210347
qwen3_8b,debate,target_memory,drr_target,15,0.25333333333333335,0.4172472146045293,0.10773276756098493,0.0,0.0,0.4,0.0,1.0,0.042177108913802885,0.4644895577528638
qwen3_8b,debate,target_memory,irr_target,13,0.16923076923076924,0.37279264876652135,0.10339407771105616,0.0,0.0,0.0,0.0,1.0,-0.033421623082900836,0.37188316154443934
qwen3_8b,debate,target_memory,retention_target,15,0.22666666666666668,0.40614330100640705,0.10486574939810137,0.0,0.0,0.2,0.0,1.0,0.02112979784638802,0.43220353548694534
qwen3_8b,debate,target_memory,drr_system,15,0.30666666666666664,0.4199773236508757,0.10843767868564026,0.0,0.0,0.6000000000000001,0.0,1.0,0.09412881644281174,0.5192045168905215
qwen3_8b,debate,target_memory,irr_system,13,0.18461538461538465,0.33127570050275307,0.09187934803676369,0.0,0.0,0.2,0.0,1.0,0.004531862463327818,0.3646989067674415
qwen3_8b,debate,target_memory,retention_system,15,0.24000000000000002,0.40848150858654886,0.10546947199929238,0.0,0.0,0.30000000000000004,0.0,1.0,0.033279834881386944,0.4467201651186131
qwen3_8b,debate,target_memory,n_scored_probes,15,14.333333333333334,1.7593288763724917,0.4542567625794978,15.0,15.0,15.0,10.0,15.0,13.442990078677518,15.22367658798915
qwen3_8b,debate,target_memory_comm,drr_target,15,0.21333333333333335,0.32484428504101703,0.08387443373830093,0.0,0.0,0.5,0.0,0.8,0.04893944320626353,0.37772722346040316
qwen3_8b,debate,target_memory_comm,irr_target,13,0.21538461538461537,0.41199950211570613,0.11426810233413945,0.0,0.0,0.0,0.0,1.0,-0.008580865190297937,0.4393500959595287
qwen3_8b,debate,target_memory_comm,retention_target,15,0.2,0.4140393356054126,0.10690449676496977,0.0,0.0,0.0,0.0,1.0,-0.009532813659340722,0.40953281365934074
qwen3_8b,debate,target_memory_comm,drr_system,15,0.30666666666666664,0.4199773236508757,0.10843767868564026,0.0,0.0,0.6000000000000001,0.0,1.0,0.09412881644281174,0.5192045168905215
qwen3_8b,debate,target_memory_comm,irr_system,13,0.2,0.3829708431025353,0.1062170009087589,0.0,0.0,0.0,0.0,1.0,-0.008185321781167404,0.4081853217811674
qwen3_8b,debate,target_memory_comm,retention_system,15,0.24000000000000002,0.40848150858654886,0.10546947199929238,0.0,0.0,0.30000000000000004,0.0,1.0,0.033279834881386944,0.4467201651186131
qwen3_8b,debate,target_memory_comm,n_scored_probes,15,14.333333333333334,1.7593288763724917,0.4542567625794978,15.0,15.0,15.0,10.0,15.0,13.442990078677518,15.22367658798915
qwen3_8b,hierarchical,communication,drr_target,15,0.3466666666666667,0.48087222340045305,0.1241606741922458,0.0,0.0,1.0,0.0,1.0,0.10331174524986492,0.5900215880834685
qwen3_8b,hierarchical,communication,irr_target,13,0.23076923076923078,0.4385290096535146,0.12162606385262997,0.0,0.0,0.0,0.0,1.0,-0.007617854381923972,0.46915631592038554
qwen3_8b,hierarchical,communication,retention_target,15,0.4,0.4720774754816659,0.1218898800440088,0.0,0.0,1.0,0.0,1.0,0.16109583511374279,0.6389041648862572
qwen3_8b,hierarchical,communication,drr_system,15,0.28,0.42627958632133167,0.11006491591004697,0.0,0.0,0.5,0.0,1.0,0.06427276481630798,0.4957272351836921
qwen3_8b,hierarchical,communication,irr_system,13,0.23076923076923078,0.4385290096535146,0.12162606385262997,0.0,0.0,0.0,0.0,1.0,-0.007617854381923972,0.46915631592038554
qwen3_8b,hierarchical,communication,retention_system,15,0.2,0.4140393356054126,0.10690449676496977,0.0,0.0,0.0,0.0,1.0,-0.009532813659340722,0.40953281365934074
qwen3_8b,hierarchical,communication,n_scored_probes,15,14.333333333333334,1.7593288763724917,0.4542567625794978,15.0,15.0,15.0,10.0,15.0,13.442990078677518,15.22367658798915
qwen3_8b,hierarchical,full_inference,drr_target,65,0.012307692307692308,0.06961432213383857,0.008634593969478327,0.0,0.0,0.0,0.0,0.4,-0.004616111872485212,0.029231496487869827
qwen3_8b,hierarchical,full_inference,irr_target,53,0.0339622641509434,0.10909310812754802,0.014985090855315306,0.0,0.0,0.0,0.0,0.6,0.004591486074525402,0.0633330422273614
qwen3_8b,hierarchical,full_inference,retention_target,65,0.5046153846153846,0.47316446969802733,0.05868882941603839,0.6,0.0,1.0,0.0,1.0,0.3895852789599493,0.6196454902708198
qwen3_8b,hierarchical,full_inference,drr_system,65,0.49846153846153846,0.4797435212213357,0.059504860325580666,0.8,0.0,1.0,0.0,1.0,0.38183201222340035,0.6150910646996766
qwen3_8b,hierarchical,full_inference,irr_system,53,0.6188679245283019,0.4871647185396746,0.06691722047451407,1.0,0.0,1.0,0.0,1.0,0.4877101723982543,0.7500256766583494
qwen3_8b,hierarchical,full_inference,retention_system,65,0.5076923076923077,0.503831473655779,0.06249260311258432,1.0,0.0,1.0,0.0,1.0,0.3852068055916424,0.6301778097929729
qwen3_8b,hierarchical,full_inference,n_scored_probes,65,14.076923076923077,1.9550231161332556,0.24249077332535565,15.0,15.0,15.0,10.0,15.0,13.601641161205379,14.552204992640775
qwen3_8b,hierarchical,global_context,drr_target,15,0.09333333333333332,0.21201976547572388,0.054743268050285385,0.0,0.0,0.0,0.0,0.6,-0.013963472045226022,0.20063013871189267
qwen3_8b,hierarchical,global_context,irr_target,13,0.03076923076923077,0.11094003924504582,0.03076923076923077,0.0,0.0,0.0,0.0,0.4,-0.02953846153846154,0.09107692307692308
qwen3_8b,hierarchical,global_context,retention_target,15,0.38666666666666666,0.44379317362075416,0.11458690470624783,0.2,0.0,0.9,0.0,1.0,0.16207633344242092,0.6112569998909124
qwen3_8b,hierarchical,global_context,drr_system,15,0.013333333333333334,0.051639777949432225,0.013333333333333332,0.0,0.0,0.0,0.0,0.2,-0.012799999999999997,0.039466666666666664
qwen3_8b,hierarchical,global_context,irr_system,13,0.04615384615384615,0.1664100588675687,0.04615384615384615,0.0,0.0,0.0,0.0,0.6,-0.044307692307692305,0.1366153846153846
qwen3_8b,hierarchical,global_context,retention_system,15,0.2533333333333333,0.4103424818136094,0.1059499732203686,0.0,0.0,0.5,0.0,1.0,0.04567138582141084,0.46099528084525576
qwen3_8b,hierarchical,global_context,n_scored_probes,15,14.333333333333334,1.7593288763724917,0.4542567625794978,15.0,15.0,15.0,10.0,15.0,13.442990078677518,15.22367658798915
qwen3_8b,hierarchical,none,drr_target,15,0.3466666666666667,0.48087222340045305,0.1241606741922458,0.0,0.0,1.0,0.0,1.0,0.10331174524986492,0.5900215880834685
qwen3_8b,hierarchical,none,irr_target,13,0.23076923076923078,0.4385290096535146,0.12162606385262997,0.0,0.0,0.0,0.0,1.0,-0.007617854381923972,0.46915631592038554
qwen3_8b,hierarchical,none,retention_target,15,0.4,0.4720774754816659,0.1218898800440088,0.0,0.0,1.0,0.0,1.0,0.16109583511374279,0.6389041648862572
qwen3_8b,hierarchical,none,drr_system,15,0.28,0.42627958632133167,0.11006491591004697,0.0,0.0,0.5,0.0,1.0,0.06427276481630798,0.4957272351836921
qwen3_8b,hierarchical,none,irr_system,13,0.23076923076923078,0.4385290096535146,0.12162606385262997,0.0,0.0,0.0,0.0,1.0,-0.007617854381923972,0.46915631592038554
qwen3_8b,hierarchical,none,retention_system,15,0.2,0.4140393356054126,0.10690449676496977,0.0,0.0,0.0,0.0,1.0,-0.009532813659340722,0.40953281365934074
qwen3_8b,hierarchical,none,n_scored_probes,15,14.333333333333334,1.7593288763724917,0.4542567625794978,15.0,15.0,15.0,10.0,15.0,13.442990078677518,15.22367658798915
qwen3_8b,hierarchical,parameter_only,drr_target,10,0.6,0.5163977794943222,0.1632993161855452,1.0,0.0,1.0,0.0,1.0,0.27993334027633143,0.9200666597236685
qwen3_8b,hierarchical,parameter_only,irr_target,8,0.75,0.4629100498862757,0.16366341767699427,1.0,0.75,1.0,0.0,1.0,0.42921970135309123,1.0707802986469088
qwen3_8b,hierarchical,parameter_only,retention_target,10,0.6,0.5163977794943222,0.1632993161855452,1.0,0.0,1.0,0.0,1.0,0.27993334027633143,0.9200666597236685
qwen3_8b,hierarchical,parameter_only,drr_system,10,0.62,0.4939635614091388,0.15620499351813308,1.0,0.05,1.0,0.0,1.0,0.31383821270445916,0.9261617872955408
qwen3_8b,hierarchical,parameter_only,irr_system,8,0.75,0.4629100498862757,0.16366341767699427,1.0,0.75,1.0,0.0,1.0,0.42921970135309123,1.0707802986469088
qwen3_8b,hierarchical,parameter_only,retention_system,10,0.6,0.5163977794943222,0.1632993161855452,1.0,0.0,1.0,0.0,1.0,0.27993334027633143,0.9200666597236685
qwen3_8b,hierarchical,parameter_only,n_scored_probes,10,14.0,2.1081851067789197,0.6666666666666666,15.0,15.0,15.0,10.0,15.0,12.693333333333333,15.306666666666667
qwen3_8b,hierarchical,parameter_plus_comm,drr_target,10,0.6,0.5163977794943222,0.1632993161855452,1.0,0.0,1.0,0.0,1.0,0.27993334027633143,0.9200666597236685
qwen3_8b,hierarchical,parameter_plus_comm,irr_target,8,0.75,0.4629100498862757,0.16366341767699427,1.0,0.75,1.0,0.0,1.0,0.42921970135309123,1.0707802986469088
qwen3_8b,hierarchical,parameter_plus_comm,retention_target,10,0.6,0.5163977794943222,0.1632993161855452,1.0,0.0,1.0,0.0,1.0,0.27993334027633143,0.9200666597236685
qwen3_8b,hierarchical,parameter_plus_comm,drr_system,10,0.62,0.4939635614091388,0.15620499351813308,1.0,0.05,1.0,0.0,1.0,0.31383821270445916,0.9261617872955408
qwen3_8b,hierarchical,parameter_plus_comm,irr_system,8,0.75,0.4629100498862757,0.16366341767699427,1.0,0.75,1.0,0.0,1.0,0.42921970135309123,1.0707802986469088
qwen3_8b,hierarchical,parameter_plus_comm,retention_system,10,0.6,0.5163977794943222,0.1632993161855452,1.0,0.0,1.0,0.0,1.0,0.27993334027633143,0.9200666597236685
qwen3_8b,hierarchical,parameter_plus_comm,n_scored_probes,10,14.0,2.1081851067789197,0.6666666666666666,15.0,15.0,15.0,10.0,15.0,12.693333333333333,15.306666666666667
qwen3_8b,hierarchical,target_context,drr_target,15,0.09333333333333332,0.21201976547572388,0.054743268050285385,0.0,0.0,0.0,0.0,0.6,-0.013963472045226022,0.20063013871189267
qwen3_8b,hierarchical,target_context,irr_target,13,0.03076923076923077,0.11094003924504582,0.03076923076923077,0.0,0.0,0.0,0.0,0.4,-0.02953846153846154,0.09107692307692308
qwen3_8b,hierarchical,target_context,retention_target,15,0.38666666666666666,0.44379317362075416,0.11458690470624783,0.2,0.0,0.9,0.0,1.0,0.16207633344242092,0.6112569998909124
qwen3_8b,hierarchical,target_context,drr_system,15,0.24000000000000005,0.37186787208054733,0.09601587170383666,0.0,0.0,0.4,0.0,1.0,0.051808891460480205,0.4281911085395199
qwen3_8b,hierarchical,target_context,irr_system,13,0.23076923076923078,0.4385290096535146,0.12162606385262997,0.0,0.0,0.0,0.0,1.0,-0.007617854381923972,0.46915631592038554
qwen3_8b,hierarchical,target_context,retention_system,15,0.2,0.4140393356054126,0.10690449676496977,0.0,0.0,0.0,0.0,1.0,-0.009532813659340722,0.40953281365934074
qwen3_8b,hierarchical,target_context,n_scored_probes,15,14.333333333333334,1.7593288763724917,0.4542567625794978,15.0,15.0,15.0,10.0,15.0,13.442990078677518,15.22367658798915
qwen3_8b,hierarchical,target_context_comm,drr_target,15,0.09333333333333332,0.21201976547572388,0.054743268050285385,0.0,0.0,0.0,0.0,0.6,-0.013963472045226022,0.20063013871189267
qwen3_8b,hierarchical,target_context_comm,irr_target,13,0.03076923076923077,0.11094003924504582,0.03076923076923077,0.0,0.0,0.0,0.0,0.4,-0.02953846153846154,0.09107692307692308
qwen3_8b,hierarchical,target_context_comm,retention_target,15,0.38666666666666666,0.44379317362075416,0.11458690470624783,0.2,0.0,0.9,0.0,1.0,0.16207633344242092,0.6112569998909124
qwen3_8b,hierarchical,target_context_comm,drr_system,15,0.24000000000000005,0.37186787208054733,0.09601587170383666,0.0,0.0,0.4,0.0,1.0,0.051808891460480205,0.4281911085395199
qwen3_8b,hierarchical,target_context_comm,irr_system,13,0.23076923076923078,0.4385290096535146,0.12162606385262997,0.0,0.0,0.0,0.0,1.0,-0.007617854381923972,0.46915631592038554
qwen3_8b,hierarchical,target_context_comm,retention_system,15,0.2,0.4140393356054126,0.10690449676496977,0.0,0.0,0.0,0.0,1.0,-0.009532813659340722,0.40953281365934074
qwen3_8b,hierarchical,target_context_comm,n_scored_probes,15,14.333333333333334,1.7593288763724917,0.4542567625794978,15.0,15.0,15.0,10.0,15.0,13.442990078677518,15.22367658798915
qwen3_8b,hierarchical,target_context_memory,drr_target,65,0.012307692307692308,0.06961432213383857,0.008634593969478327,0.0,0.0,0.0,0.0,0.4,-0.004616111872485212,0.029231496487869827
qwen3_8b,hierarchical,target_context_memory,irr_target,53,0.0339622641509434,0.10909310812754802,0.014985090855315306,0.0,0.0,0.0,0.0,0.6,0.004591486074525402,0.0633330422273614
qwen3_8b,hierarchical,target_context_memory,retention_target,65,0.5046153846153846,0.47316446969802733,0.05868882941603839,0.6,0.0,1.0,0.0,1.0,0.3895852789599493,0.6196454902708198
qwen3_8b,hierarchical,target_context_memory,drr_system,65,0.49846153846153846,0.4797435212213357,0.059504860325580666,0.8,0.0,1.0,0.0,1.0,0.38183201222340035,0.6150910646996766
qwen3_8b,hierarchical,target_context_memory,irr_system,53,0.6188679245283019,0.4871647185396746,0.06691722047451407,1.0,0.0,1.0,0.0,1.0,0.4877101723982543,0.7500256766583494
qwen3_8b,hierarchical,target_context_memory,retention_system,65,0.5076923076923077,0.503831473655779,0.06249260311258432,1.0,0.0,1.0,0.0,1.0,0.3852068055916424,0.6301778097929729
qwen3_8b,hierarchical,target_context_memory,n_scored_probes,65,14.076923076923077,1.9550231161332556,0.24249077332535565,15.0,15.0,15.0,10.0,15.0,13.601641161205379,14.552204992640775
qwen3_8b,hierarchical,target_memory,drr_target,15,0.3466666666666667,0.48087222340045305,0.1241606741922458,0.0,0.0,1.0,0.0,1.0,0.10331174524986492,0.5900215880834685
qwen3_8b,hierarchical,target_memory,irr_target,13,0.23076923076923078,0.4385290096535146,0.12162606385262997,0.0,0.0,0.0,0.0,1.0,-0.007617854381923972,0.46915631592038554
qwen3_8b,hierarchical,target_memory,retention_target,15,0.41333333333333333,0.4564876256602718,0.11786459812879987,0.2,0.0,0.9,0.0,1.0,0.1823187210008856,0.644347945665781
qwen3_8b,hierarchical,target_memory,drr_system,15,0.26666666666666666,0.4320493798938574,0.11155467020454342,0.0,0.0,0.5,0.0,1.0,0.048019513065761577,0.48531382026757175
qwen3_8b,hierarchical,target_memory,irr_system,13,0.23076923076923078,0.4385290096535146,0.12162606385262997,0.0,0.0,0.0,0.0,1.0,-0.007617854381923972,0.46915631592038554
qwen3_8b,hierarchical,target_memory,retention_system,15,0.2,0.4140393356054126,0.10690449676496977,0.0,0.0,0.0,0.0,1.0,-0.009532813659340722,0.40953281365934074
qwen3_8b,hierarchical,target_memory,n_scored_probes,15,14.333333333333334,1.7593288763724917,0.4542567625794978,15.0,15.0,15.0,10.0,15.0,13.442990078677518,15.22367658798915
qwen3_8b,hierarchical,target_memory_comm,drr_target,15,0.3466666666666667,0.48087222340045305,0.1241606741922458,0.0,0.0,1.0,0.0,1.0,0.10331174524986492,0.5900215880834685
qwen3_8b,hierarchical,target_memory_comm,irr_target,13,0.23076923076923078,0.4385290096535146,0.12162606385262997,0.0,0.0,0.0,0.0,1.0,-0.007617854381923972,0.46915631592038554
qwen3_8b,hierarchical,target_memory_comm,retention_target,15,0.41333333333333333,0.4564876256602718,0.11786459812879987,0.2,0.0,0.9,0.0,1.0,0.1823187210008856,0.644347945665781
qwen3_8b,hierarchical,target_memory_comm,drr_system,15,0.26666666666666666,0.4320493798938574,0.11155467020454342,0.0,0.0,0.5,0.0,1.0,0.048019513065761577,0.48531382026757175
qwen3_8b,hierarchical,target_memory_comm,irr_system,13,0.23076923076923078,0.4385290096535146,0.12162606385262997,0.0,0.0,0.0,0.0,1.0,-0.007617854381923972,0.46915631592038554
qwen3_8b,hierarchical,target_memory_comm,retention_system,15,0.2,0.4140393356054126,0.10690449676496977,0.0,0.0,0.0,0.0,1.0,-0.009532813659340722,0.40953281365934074
qwen3_8b,hierarchical,target_memory_comm,n_scored_probes,15,14.333333333333334,1.7593288763724917,0.4542567625794978,15.0,15.0,15.0,10.0,15.0,13.442990078677518,15.22367658798915
qwen3_8b,independent,communication,drr_target,15,0.41333333333333333,0.4808722234004531,0.12416067419224582,0.0,0.0,1.0,0.0,1.0,0.16997841191653154,0.6566882547501351
qwen3_8b,independent,communication,irr_target,13,0.23076923076923078,0.4385290096535146,0.12162606385262997,0.0,0.0,0.0,0.0,1.0,-0.007617854381923972,0.46915631592038554
qwen3_8b,independent,communication,retention_target,15,0.5333333333333333,0.5163977794943222,0.1333333333333333,1.0,0.0,1.0,0.0,1.0,0.2720000000000001,0.7946666666666666
qwen3_8b,independent,communication,drr_system,15,0.41333333333333333,0.4808722234004531,0.12416067419224582,0.0,0.0,1.0,0.0,1.0,0.16997841191653154,0.6566882547501351
qwen3_8b,independent,communication,irr_system,13,0.23076923076923078,0.4385290096535146,0.12162606385262997,0.0,0.0,0.0,0.0,1.0,-0.007617854381923972,0.46915631592038554
qwen3_8b,independent,communication,retention_system,15,0.5333333333333333,0.5163977794943222,0.1333333333333333,1.0,0.0,1.0,0.0,1.0,0.2720000000000001,0.7946666666666666
qwen3_8b,independent,communication,n_scored_probes,15,14.333333333333334,1.7593288763724917,0.4542567625794978,15.0,15.0,15.0,10.0,15.0,13.442990078677518,15.22367658798915
qwen3_8b,independent,full_inference,drr_target,67,0.008955223880597015,0.04167458088564986,0.005091360390581742,0.0,0.0,0.0,0.0,0.2,-0.001023842484943199,0.018934290246137228
qwen3_8b,independent,full_inference,irr_target,53,0.11320754716981132,0.2496441589458704,0.03429126245930092,0.0,0.0,0.0,0.0,1.0,0.045996672749581524,0.18041842159004112
qwen3_8b,independent,full_inference,retention_target,65,0.5230769230769231,0.46863139525151815,0.0581265707301925,0.8,0.0,1.0,0.0,1.0,0.40914884444574584,0.6370050017081004
qwen3_8b,independent,full_inference,drr_system,67,0.008955223880597015,0.04167458088564986,0.005091360390581742,0.0,0.0,0.0,0.0,0.2,-0.001023842484943199,0.018934290246137228
qwen3_8b,independent,full_inference,irr_system,53,0.11320754716981132,0.2496441589458704,0.03429126245930092,0.0,0.0,0.0,0.0,1.0,0.045996672749581524,0.18041842159004112
qwen3_8b,independent,full_inference,retention_system,65,0.5230769230769231,0.46863139525151815,0.0581265707301925,0.8,0.0,1.0,0.0,1.0,0.40914884444574584,0.6370050017081004
qwen3_8b,independent,full_inference,n_scored_probes,67,13.805970149253731,2.475570371805677,0.30243905678843147,15.0,15.0,15.0,5.0,15.0,13.213189597948405,14.398750700559058
qwen3_8b,independent,global_context,drr_target,15,0.12000000000000001,0.24842360136324754,0.06414269805898186,0.0,0.0,0.1,0.0,0.8,-0.005719688195604436,0.24571968819560447
qwen3_8b,independent,global_context,irr_target,13,0.06153846153846154,0.22188007849009164,0.06153846153846154,0.0,0.0,0.0,0.0,0.8,-0.05907692307692308,0.18215384615384617
qwen3_8b,independent,global_context,retention_target,15,0.4266666666666667,0.45271666741172784,0.11689094089574292,0.4,0.0,0.9,0.0,1.0,0.19756042251101058,0.6557729108223228
qwen3_8b,independent,global_context,drr_system,15,0.12000000000000001,0.24842360136324754,0.06414269805898186,0.0,0.0,0.1,0.0,0.8,-0.005719688195604436,0.24571968819560447
qwen3_8b,independent,global_context,irr_system,13,0.06153846153846154,0.22188007849009164,0.06153846153846154,0.0,0.0,0.0,0.0,0.8,-0.05907692307692308,0.18215384615384617
qwen3_8b,independent,global_context,retention_system,15,0.4266666666666667,0.45271666741172784,0.11689094089574292,0.4,0.0,0.9,0.0,1.0,0.19756042251101058,0.6557729108223228
qwen3_8b,independent,global_context,n_scored_probes,15,14.333333333333334,1.7593288763724917,0.4542567625794978,15.0,15.0,15.0,10.0,15.0,13.442990078677518,15.22367658798915
qwen3_8b,independent,none,drr_target,17,0.38823529411764707,0.4608176875690327,0.11176470588235295,0.0,0.0,1.0,0.0,1.0,0.1691764705882353,0.6072941176470589
qwen3_8b,independent,none,irr_target,13,0.23076923076923078,0.4385290096535146,0.12162606385262997,0.0,0.0,0.0,0.0,1.0,-0.007617854381923972,0.46915631592038554
qwen3_8b,independent,none,retention_target,15,0.5333333333333333,0.5163977794943222,0.1333333333333333,1.0,0.0,1.0,0.0,1.0,0.2720000000000001,0.7946666666666666
qwen3_8b,independent,none,drr_system,17,0.38823529411764707,0.4608176875690327,0.11176470588235295,0.0,0.0,1.0,0.0,1.0,0.1691764705882353,0.6072941176470589
qwen3_8b,independent,none,irr_system,13,0.23076923076923078,0.4385290096535146,0.12162606385262997,0.0,0.0,0.0,0.0,1.0,-0.007617854381923972,0.46915631592038554
qwen3_8b,independent,none,retention_system,15,0.5333333333333333,0.5163977794943222,0.1333333333333333,1.0,0.0,1.0,0.0,1.0,0.2720000000000001,0.7946666666666666
qwen3_8b,independent,none,n_scored_probes,17,13.235294117647058,3.509441048171095,0.85116447814634,15.0,15.0,15.0,5.0,15.0,11.567011740480233,14.903576494813883
qwen3_8b,independent,parameter_only,drr_target,10,0.6799999999999999,0.4732863826479693,0.14966629547095764,1.0,0.2,1.0,0.0,1.0,0.38665406087692294,0.973345939123077
qwen3_8b,independent,parameter_only,irr_target,8,0.75,0.4629100498862757,0.16366341767699427,1.0,0.75,1.0,0.0,1.0,0.42921970135309123,1.0707802986469088
qwen3_8b,independent,parameter_only,retention_target,10,0.6,0.5163977794943222,0.1632993161855452,1.0,0.0,1.0,0.0,1.0,0.27993334027633143,0.9200666597236685
qwen3_8b,independent,parameter_only,drr_system,10,0.6799999999999999,0.4732863826479693,0.14966629547095764,1.0,0.2,1.0,0.0,1.0,0.38665406087692294,0.973345939123077
qwen3_8b,independent,parameter_only,irr_system,8,0.75,0.4629100498862757,0.16366341767699427,1.0,0.75,1.0,0.0,1.0,0.42921970135309123,1.0707802986469088
qwen3_8b,independent,parameter_only,retention_system,10,0.6,0.5163977794943222,0.1632993161855452,1.0,0.0,1.0,0.0,1.0,0.27993334027633143,0.9200666597236685
qwen3_8b,independent,parameter_only,n_scored_probes,10,14.0,2.1081851067789197,0.6666666666666666,15.0,15.0,15.0,10.0,15.0,12.693333333333333,15.306666666666667
qwen3_8b,independent,parameter_plus_comm,drr_target,10,0.6799999999999999,0.4732863826479693,0.14966629547095764,1.0,0.2,1.0,0.0,1.0,0.38665406087692294,0.973345939123077
qwen3_8b,independent,parameter_plus_comm,irr_target,8,0.75,0.4629100498862757,0.16366341767699427,1.0,0.75,1.0,0.0,1.0,0.42921970135309123,1.0707802986469088
qwen3_8b,independent,parameter_plus_comm,retention_target,10,0.6,0.5163977794943222,0.1632993161855452,1.0,0.0,1.0,0.0,1.0,0.27993334027633143,0.9200666597236685
qwen3_8b,independent,parameter_plus_comm,drr_system,10,0.6799999999999999,0.4732863826479693,0.14966629547095764,1.0,0.2,1.0,0.0,1.0,0.38665406087692294,0.973345939123077
qwen3_8b,independent,parameter_plus_comm,irr_system,8,0.75,0.4629100498862757,0.16366341767699427,1.0,0.75,1.0,0.0,1.0,0.42921970135309123,1.0707802986469088
qwen3_8b,independent,parameter_plus_comm,retention_system,10,0.6,0.5163977794943222,0.1632993161855452,1.0,0.0,1.0,0.0,1.0,0.27993334027633143,0.9200666597236685
qwen3_8b,independent,parameter_plus_comm,n_scored_probes,10,14.0,2.1081851067789197,0.6666666666666666,15.0,15.0,15.0,10.0,15.0,12.693333333333333,15.306666666666667
qwen3_8b,independent,target_context,drr_target,15,0.12000000000000001,0.24842360136324754,0.06414269805898186,0.0,0.0,0.1,0.0,0.8,-0.005719688195604436,0.24571968819560447
qwen3_8b,independent,target_context,irr_target,13,0.06153846153846154,0.22188007849009164,0.06153846153846154,0.0,0.0,0.0,0.0,0.8,-0.05907692307692308,0.18215384615384617
qwen3_8b,independent,target_context,retention_target,15,0.4266666666666667,0.45271666741172784,0.11689094089574292,0.4,0.0,0.9,0.0,1.0,0.19756042251101058,0.6557729108223228
qwen3_8b,independent,target_context,drr_system,15,0.12000000000000001,0.24842360136324754,0.06414269805898186,0.0,0.0,0.1,0.0,0.8,-0.005719688195604436,0.24571968819560447
qwen3_8b,independent,target_context,irr_system,13,0.06153846153846154,0.22188007849009164,0.06153846153846154,0.0,0.0,0.0,0.0,0.8,-0.05907692307692308,0.18215384615384617
qwen3_8b,independent,target_context,retention_system,15,0.4266666666666667,0.45271666741172784,0.11689094089574292,0.4,0.0,0.9,0.0,1.0,0.19756042251101058,0.6557729108223228
qwen3_8b,independent,target_context,n_scored_probes,15,14.333333333333334,1.7593288763724917,0.4542567625794978,15.0,15.0,15.0,10.0,15.0,13.442990078677518,15.22367658798915
qwen3_8b,independent,target_context_comm,drr_target,15,0.12000000000000001,0.24842360136324754,0.06414269805898186,0.0,0.0,0.1,0.0,0.8,-0.005719688195604436,0.24571968819560447
qwen3_8b,independent,target_context_comm,irr_target,13,0.06153846153846154,0.22188007849009164,0.06153846153846154,0.0,0.0,0.0,0.0,0.8,-0.05907692307692308,0.18215384615384617
qwen3_8b,independent,target_context_comm,retention_target,15,0.4266666666666667,0.45271666741172784,0.11689094089574292,0.4,0.0,0.9,0.0,1.0,0.19756042251101058,0.6557729108223228
qwen3_8b,independent,target_context_comm,drr_system,15,0.12000000000000001,0.24842360136324754,0.06414269805898186,0.0,0.0,0.1,0.0,0.8,-0.005719688195604436,0.24571968819560447
qwen3_8b,independent,target_context_comm,irr_system,13,0.06153846153846154,0.22188007849009164,0.06153846153846154,0.0,0.0,0.0,0.0,0.8,-0.05907692307692308,0.18215384615384617
qwen3_8b,independent,target_context_comm,retention_system,15,0.4266666666666667,0.45271666741172784,0.11689094089574292,0.4,0.0,0.9,0.0,1.0,0.19756042251101058,0.6557729108223228
qwen3_8b,independent,target_context_comm,n_scored_probes,15,14.333333333333334,1.7593288763724917,0.4542567625794978,15.0,15.0,15.0,10.0,15.0,13.442990078677518,15.22367658798915
qwen3_8b,independent,target_context_memory,drr_target,67,0.008955223880597015,0.04167458088564986,0.005091360390581742,0.0,0.0,0.0,0.0,0.2,-0.001023842484943199,0.018934290246137228
qwen3_8b,independent,target_context_memory,irr_target,53,0.11320754716981132,0.2496441589458704,0.03429126245930092,0.0,0.0,0.0,0.0,1.0,0.045996672749581524,0.18041842159004112
qwen3_8b,independent,target_context_memory,retention_target,65,0.5230769230769231,0.46863139525151815,0.0581265707301925,0.8,0.0,1.0,0.0,1.0,0.40914884444574584,0.6370050017081004
qwen3_8b,independent,target_context_memory,drr_system,67,0.008955223880597015,0.04167458088564986,0.005091360390581742,0.0,0.0,0.0,0.0,0.2,-0.001023842484943199,0.018934290246137228
qwen3_8b,independent,target_context_memory,irr_system,53,0.11320754716981132,0.2496441589458704,0.03429126245930092,0.0,0.0,0.0,0.0,1.0,0.045996672749581524,0.18041842159004112
qwen3_8b,independent,target_context_memory,retention_system,65,0.5230769230769231,0.46863139525151815,0.0581265707301925,0.8,0.0,1.0,0.0,1.0,0.40914884444574584,0.6370050017081004
qwen3_8b,independent,target_context_memory,n_scored_probes,67,13.805970149253731,2.475570371805677,0.30243905678843147,15.0,15.0,15.0,5.0,15.0,13.213189597948405,14.398750700559058
qwen3_8b,independent,target_memory,drr_target,15,0.36000000000000004,0.479285182030788,0.12375090187261548,0.0,0.0,1.0,0.0,1.0,0.11744823232967372,0.6025517676703264
qwen3_8b,independent,target_memory,irr_target,13,0.23076923076923078,0.4385290096535146,0.12162606385262997,0.0,0.0,0.0,0.0,1.0,-0.007617854381923972,0.46915631592038554
qwen3_8b,independent,target_memory,retention_target,15,0.49333333333333335,0.46516766050635155,0.12010577348902433,0.4,0.0,1.0,0.0,1.0,0.25792601729484566,0.728740649371821
qwen3_8b,independent,target_memory,drr_system,15,0.36000000000000004,0.479285182030788,0.12375090187261548,0.0,0.0,1.0,0.0,1.0,0.11744823232967372,0.6025517676703264
qwen3_8b,independent,target_memory,irr_system,13,0.23076923076923078,0.4385290096535146,0.12162606385262997,0.0,0.0,0.0,0.0,1.0,-0.007617854381923972,0.46915631592038554
qwen3_8b,independent,target_memory,retention_system,15,0.49333333333333335,0.46516766050635155,0.12010577348902433,0.4,0.0,1.0,0.0,1.0,0.25792601729484566,0.728740649371821
qwen3_8b,independent,target_memory,n_scored_probes,15,14.333333333333334,1.7593288763724917,0.4542567625794978,15.0,15.0,15.0,10.0,15.0,13.442990078677518,15.22367658798915
qwen3_8b,independent,target_memory_comm,drr_target,15,0.36000000000000004,0.479285182030788,0.12375090187261548,0.0,0.0,1.0,0.0,1.0,0.11744823232967372,0.6025517676703264
qwen3_8b,independent,target_memory_comm,irr_target,13,0.23076923076923078,0.4385290096535146,0.12162606385262997,0.0,0.0,0.0,0.0,1.0,-0.007617854381923972,0.46915631592038554
qwen3_8b,independent,target_memory_comm,retention_target,15,0.49333333333333335,0.46516766050635155,0.12010577348902433,0.4,0.0,1.0,0.0,1.0,0.25792601729484566,0.728740649371821
qwen3_8b,independent,target_memory_comm,drr_system,15,0.36000000000000004,0.479285182030788,0.12375090187261548,0.0,0.0,1.0,0.0,1.0,0.11744823232967372,0.6025517676703264
qwen3_8b,independent,target_memory_comm,irr_system,13,0.23076923076923078,0.4385290096535146,0.12162606385262997,0.0,0.0,0.0,0.0,1.0,-0.007617854381923972,0.46915631592038554
qwen3_8b,independent,target_memory_comm,retention_system,15,0.49333333333333335,0.46516766050635155,0.12010577348902433,0.4,0.0,1.0,0.0,1.0,0.25792601729484566,0.728740649371821
qwen3_8b,independent,target_memory_comm,n_scored_probes,15,14.333333333333334,1.7593288763724917,0.4542567625794978,15.0,15.0,15.0,10.0,15.0,13.442990078677518,15.22367658798915
qwen3_8b,scratchpad,communication,drr_target,15,0.3466666666666667,0.4307247491424303,0.11121265201519999,0.0,0.0,0.7,0.0,1.0,0.1286898687168747,0.5646434646164586
qwen3_8b,scratchpad,communication,irr_target,13,0.21538461538461537,0.41199950211570613,0.11426810233413945,0.0,0.0,0.0,0.0,1.0,-0.008580865190297937,0.4393500959595287
qwen3_8b,scratchpad,communication,retention_target,15,0.36000000000000004,0.479285182030788,0.12375090187261548,0.0,0.0,1.0,0.0,1.0,0.11744823232967372,0.6025517676703264
qwen3_8b,scratchpad,communication,drr_system,15,0.3333333333333333,0.4514526816949079,0.11656458118700375,0.0,0.0,0.8,0.0,1.0,0.10486675420680597,0.5617999124598607
qwen3_8b,scratchpad,communication,irr_system,13,0.21538461538461537,0.41199950211570613,0.11426810233413945,0.0,0.0,0.0,0.0,1.0,-0.008580865190297937,0.4393500959595287
qwen3_8b,scratchpad,communication,retention_system,15,0.25333333333333335,0.40331955899344457,0.10413666234542204,0.0,0.0,0.30000000000000004,0.0,1.0,0.04922547513630615,0.45744119153036056
qwen3_8b,scratchpad,communication,n_scored_probes,15,14.333333333333334,1.7593288763724917,0.4542567625794978,15.0,15.0,15.0,10.0,15.0,13.442990078677518,15.22367658798915
qwen3_8b,scratchpad,full_inference,drr_target,97,0.018556701030927835,0.09610096351756019,0.009757574477320057,0.0,0.0,0.0,0.0,0.6,-0.000568144944619476,0.03768154700647515
qwen3_8b,scratchpad,full_inference,irr_target,77,0.26753246753246757,0.3955148405098955,0.04507309922284945,0.0,0.0,0.6,0.0,1.0,0.17918919305568265,0.3558757420092525
qwen3_8b,scratchpad,full_inference,retention_target,95,0.545263157894737,0.43215649772025455,0.04433832113739185,0.6,0.0,1.0,0.0,1.0,0.458360048465449,0.632166267324025
qwen3_8b,scratchpad,full_inference,drr_system,97,0.3917525773195876,0.4590910637455237,0.04661363510211314,0.0,0.0,1.0,0.0,1.0,0.3003898525194459,0.48311530211972936
qwen3_8b,scratchpad,full_inference,irr_system,77,0.4805194805194805,0.4568308915028684,0.052060711740237194,0.6,0.0,1.0,0.0,1.0,0.3784804855086156,0.5825584755303455
qwen3_8b,scratchpad,full_inference,retention_system,95,0.5389473684210526,0.48734948289399427,0.050001001934913226,0.8,0.0,1.0,0.0,1.0,0.4409454046286227,0.6369493322134825
qwen3_8b,scratchpad,full_inference,n_scored_probes,97,13.8659793814433,2.3391098109972903,0.23750061764225233,15.0,15.0,15.0,5.0,15.0,13.400478170864485,14.331480592022114
qwen3_8b,scratchpad,global_context,drr_target,15,0.14666666666666667,0.30674947122242624,0.0792023729001592,0.0,0.0,0.0,0.0,0.8,-0.008569984217645377,0.3019033175509787
qwen3_8b,scratchpad,global_context,irr_target,13,0.06153846153846154,0.17097008285302207,0.04741856925360751,0.0,0.0,0.0,0.0,0.6,-0.03140193419860918,0.15447885727553226
qwen3_8b,scratchpad,global_context,retention_target,15,0.26666666666666666,0.36774732526300624,0.09495195109039635,0.2,0.0,0.30000000000000004,0.0,1.0,0.08056084252948983,0.4527724908038435
qwen3_8b,scratchpad,global_context,drr_system,15,0.10666666666666667,0.2250925735484551,0.058118652580542315,0.0,0.0,0.0,0.0,0.6,-0.00724589239119626,0.2205792257245296
qwen3_8b,scratchpad,global_context,irr_system,13,0.07692307692307693,0.2773500981126146,0.07692307692307693,0.0,0.0,0.0,0.0,1.0,-0.07384615384615384,0.2276923076923077
qwen3_8b,scratchpad,global_context,retention_system,15,0.29333333333333333,0.41311822359545786,0.10666666666666667,0.0,0.0,0.7,0.0,1.0,0.08426666666666666,0.5024
qwen3_8b,scratchpad,global_context,n_scored_probes,15,14.333333333333334,1.7593288763724917,0.4542567625794978,15.0,15.0,15.0,10.0,15.0,13.442990078677518,15.22367658798915
qwen3_8b,scratchpad,none,drr_target,17,0.29411764705882354,0.4069253436370333,0.09869389256213246,0.0,0.0,0.6,0.0,1.0,0.10067761763704391,0.48755767648060316
qwen3_8b,scratchpad,none,irr_target,13,0.26153846153846155,0.40319238902055504,0.1118254486531104,0.0,0.0,0.4,0.0,1.0,0.042360582178365164,0.48071634089855797
qwen3_8b,scratchpad,none,retention_target,15,0.36,0.46721056739516736,0.1206332497795734,0.0,0.0,0.9,0.0,1.0,0.12355883043203611,0.5964411695679639
qwen3_8b,scratchpad,none,drr_system,17,0.29411764705882354,0.4365641250653994,0.10588235294117647,0.0,0.0,0.6,0.0,1.0,0.08658823529411766,0.5016470588235294
qwen3_8b,scratchpad,none,irr_system,13,0.23076923076923078,0.4385290096535146,0.12162606385262997,0.0,0.0,0.0,0.0,1.0,-0.007617854381923972,0.46915631592038554
qwen3_8b,scratchpad,none,retention_system,15,0.26666666666666666,0.4117326918327103,0.10630892390381583,0.0,0.0,0.4,0.0,1.0,0.05830117581518765,0.47503215751814565
qwen3_8b,scratchpad,none,n_scored_probes,17,13.235294117647058,3.509441048171095,0.85116447814634,15.0,15.0,15.0,5.0,15.0,11.567011740480233,14.903576494813883
qwen3_8b,scratchpad,parameter_only,drr_target,10,0.52,0.4732863826479693,0.14966629547095764,0.6,0.0,1.0,0.0,1.0,0.22665406087692302,0.8133459391230771
qwen3_8b,scratchpad,parameter_only,irr_target,8,0.7,0.4407785320154718,0.1558387444947959,0.9,0.6000000000000001,1.0,0.0,1.0,0.3945560607902,1.0054439392097998
qwen3_8b,scratchpad,parameter_only,retention_target,10,0.6,0.5163977794943222,0.1632993161855452,1.0,0.0,1.0,0.0,1.0,0.27993334027633143,0.9200666597236685
qwen3_8b,scratchpad,parameter_only,drr_system,10,0.6,0.5163977794943222,0.1632993161855452,1.0,0.0,1.0,0.0,1.0,0.27993334027633143,0.9200666597236685
qwen3_8b,scratchpad,parameter_only,irr_system,8,0.75,0.4629100498862757,0.16366341767699427,1.0,0.75,1.0,0.0,1.0,0.42921970135309123,1.0707802986469088
qwen3_8b,scratchpad,parameter_only,retention_system,10,0.6,0.5163977794943222,0.1632993161855452,1.0,0.0,1.0,0.0,1.0,0.27993334027633143,0.9200666597236685
qwen3_8b,scratchpad,parameter_only,n_scored_probes,10,14.0,2.1081851067789197,0.6666666666666666,15.0,15.0,15.0,10.0,15.0,12.693333333333333,15.306666666666667
qwen3_8b,scratchpad,parameter_plus_comm,drr_target,10,0.5599999999999999,0.4880801391392834,0.154344492037203,0.8,0.0,1.0,0.0,1.0,0.2574847956070821,0.8625152043929178
qwen3_8b,scratchpad,parameter_plus_comm,irr_target,8,0.7,0.4407785320154718,0.1558387444947959,0.9,0.6000000000000001,1.0,0.0,1.0,0.3945560607902,1.0054439392097998
qwen3_8b,scratchpad,parameter_plus_comm,retention_target,10,0.6,0.5163977794943222,0.1632993161855452,1.0,0.0,1.0,0.0,1.0,0.27993334027633143,0.9200666597236685
qwen3_8b,scratchpad,parameter_plus_comm,drr_system,10,0.6,0.5163977794943222,0.1632993161855452,1.0,0.0,1.0,0.0,1.0,0.27993334027633143,0.9200666597236685
qwen3_8b,scratchpad,parameter_plus_comm,irr_system,8,0.725,0.45276925690687087,0.16007810593582122,1.0,0.6000000000000001,1.0,0.0,1.0,0.41124691236579036,1.0387530876342095
qwen3_8b,scratchpad,parameter_plus_comm,retention_system,10,0.6,0.5163977794943222,0.1632993161855452,1.0,0.0,1.0,0.0,1.0,0.27993334027633143,0.9200666597236685
qwen3_8b,scratchpad,parameter_plus_comm,n_scored_probes,10,14.0,2.1081851067789197,0.6666666666666666,15.0,15.0,15.0,10.0,15.0,12.693333333333333,15.306666666666667
qwen3_8b,scratchpad,target_context,drr_target,15,0.22666666666666666,0.36147844564602555,0.09333333333333332,0.0,0.0,0.30000000000000004,0.0,1.0,0.043733333333333346,0.40959999999999996
qwen3_8b,scratchpad,target_context,irr_target,13,0.2153846153846154,0.3869671688187381,0.1073253822382377,0.0,0.0,0.2,0.0,1.0,0.005026866197669511,0.4257423645715613
qwen3_8b,scratchpad,target_context,retention_target,15,0.28,0.3839642840533107,0.09913915184512842,0.0,0.0,0.6,0.0,1.0,0.08568726238354832,0.47431273761645176
qwen3_8b,scratchpad,target_context,drr_system,15,0.32,0.41952353926806063,0.1083205120618128,0.0,0.0,0.6000000000000001,0.0,1.0,0.10769179635884693,0.532308203641153
qwen3_8b,scratchpad,target_context,irr_system,13,0.23076923076923078,0.4385290096535146,0.12162606385262997,0.0,0.0,0.0,0.0,1.0,-0.007617854381923972,0.46915631592038554
qwen3_8b,scratchpad,target_context,retention_system,15,0.26666666666666666,0.4047338925881101,0.10450184170929679,0.0,0.0,0.4,0.0,1.0,0.061843056916444955,0.47149027641688834
qwen3_8b,scratchpad,target_context,n_scored_probes,15,14.333333333333334,1.7593288763724917,0.4542567625794978,15.0,15.0,15.0,10.0,15.0,13.442990078677518,15.22367658798915
qwen3_8b,scratchpad,target_context_comm,drr_target,35,0.20000000000000004,0.2869720215917757,0.048507125007266595,0.0,0.0,0.30000000000000004,0.0,1.0,0.10492603498575752,0.29507396501424255
qwen3_8b,scratchpad,target_context_comm,irr_target,29,0.3241379310344828,0.40147511256596236,0.07455205679760635,0.0,0.0,0.6,0.0,1.0,0.17801589971117435,0.4702599623577912
qwen3_8b,scratchpad,target_context_comm,retention_target,35,0.4685714285714285,0.4751293499244852,0.08031151832701457,0.4,0.0,1.0,0.0,1.0,0.31116085265048,0.6259820044923771
qwen3_8b,scratchpad,target_context_comm,drr_system,35,0.5028571428571428,0.4636718631086595,0.07837484958083638,0.4,0.0,1.0,0.0,1.0,0.3492424376787035,0.656471848035582
qwen3_8b,scratchpad,target_context_comm,irr_system,29,0.5172413793103449,0.5085476277156078,0.09443492370778726,1.0,0.0,1.0,0.0,1.0,0.33214892884308184,0.7023338297776078
qwen3_8b,scratchpad,target_context_comm,retention_system,35,0.4514285714285714,0.48831729593841444,0.08254068806397502,0.2,0.0,1.0,0.0,1.0,0.2896488228231804,0.6132083200339624
qwen3_8b,scratchpad,target_context_comm,n_scored_probes,35,14.142857142857142,1.9119263021554858,0.3231745297988136,15.0,15.0,15.0,10.0,15.0,13.509435064451468,14.776279221262817
qwen3_8b,scratchpad,target_context_memory,drr_target,97,0.32577319587628867,0.3865656343891961,0.0392497934449515,0.2,0.0,0.6,0.0,1.0,0.24884360072418374,0.40270279102839357
qwen3_8b,scratchpad,target_context_memory,irr_target,77,0.4441558441558441,0.44559053262098053,0.050779753962444045,0.4,0.0,1.0,0.0,1.0,0.34462752638945376,0.5436841619222345
qwen3_8b,scratchpad,target_context_memory,retention_target,95,0.5410526315789475,0.4286283756758184,0.043976343453281254,0.6,0.0,1.0,0.0,1.0,0.4548589984105162,0.6272462647473787
qwen3_8b,scratchpad,target_context_memory,drr_system,97,0.41030927835051545,0.461312560365004,0.0468391939094578,0.0,0.0,1.0,0.0,1.0,0.31850445828797813,0.5021140984130528
qwen3_8b,scratchpad,target_context_memory,irr_system,77,0.5038961038961038,0.4640898161828383,0.05288794298124366,0.6,0.0,1.0,0.0,1.0,0.4002357356528663,0.6075564721393414
qwen3_8b,scratchpad,target_context_memory,retention_system,95,0.5431578947368422,0.48786391361555614,0.05005378141331023,1.0,0.0,1.0,0.0,1.0,0.4450524831667541,0.6412633063069302
qwen3_8b,scratchpad,target_context_memory,n_scored_probes,97,13.8659793814433,2.3391098109972903,0.23750061764225233,15.0,15.0,15.0,5.0,15.0,13.400478170864485,14.331480592022114
qwen3_8b,scratchpad,target_memory,drr_target,15,0.3466666666666667,0.4033195589934446,0.10413666234542206,0.2,0.0,0.6,0.0,1.0,0.14255880846963945,0.5507745248636939
qwen3_8b,scratchpad,target_memory,irr_target,13,0.2153846153846154,0.3869671688187381,0.1073253822382377,0.0,0.0,0.2,0.0,1.0,0.005026866197669511,0.4257423645715613
qwen3_8b,scratchpad,target_memory,retention_target,15,0.3066666666666667,0.4267261863247182,0.11018022753508244,0.0,0.0,0.6000000000000001,0.0,1.0,0.09071342069790511,0.5226199126354283
qwen3_8b,scratchpad,target_memory,drr_system,15,0.3333333333333333,0.43861253103502684,0.11324926854243618,0.0,0.0,0.7,0.0,1.0,0.1113647669901584,0.5553018996765082
qwen3_8b,scratchpad,target_memory,irr_system,13,0.23076923076923078,0.4385290096535146,0.12162606385262997,0.0,0.0,0.0,0.0,1.0,-0.007617854381923972,0.46915631592038554
qwen3_8b,scratchpad,target_memory,retention_system,15,0.25333333333333335,0.40331955899344457,0.10413666234542204,0.0,0.0,0.30000000000000004,0.0,1.0,0.04922547513630615,0.45744119153036056
qwen3_8b,scratchpad,target_memory,n_scored_probes,15,14.333333333333334,1.7593288763724917,0.4542567625794978,15.0,15.0,15.0,10.0,15.0,13.442990078677518,15.22367658798915
qwen3_8b,scratchpad,target_memory_comm,drr_target,15,0.36,0.4289522117905443,0.11075498483890765,0.0,0.0,0.7,0.0,1.0,0.142920229715741,0.5770797702842589
qwen3_8b,scratchpad,target_memory_comm,irr_target,13,0.2,0.37416573867739417,0.10377490433255418,0.0,0.0,0.2,0.0,1.0,-0.00339881249180618,0.4033988124918062
qwen3_8b,scratchpad,target_memory_comm,retention_target,15,0.3866666666666667,0.46883848371216685,0.12105357596522397,0.0,0.0,1.0,0.0,1.0,0.14940165777482775,0.6239316755585057
qwen3_8b,scratchpad,target_memory_comm,drr_system,15,0.3333333333333333,0.4514526816949079,0.11656458118700375,0.0,0.0,0.8,0.0,1.0,0.10486675420680597,0.5617999124598607
qwen3_8b,scratchpad,target_memory_comm,irr_system,13,0.21538461538461537,0.41199950211570613,0.11426810233413945,0.0,0.0,0.0,0.0,1.0,-0.008580865190297937,0.4393500959595287
qwen3_8b,scratchpad,target_memory_comm,retention_system,15,0.25333333333333335,0.40331955899344457,0.10413666234542204,0.0,0.0,0.30000000000000004,0.0,1.0,0.04922547513630615,0.45744119153036056
qwen3_8b,scratchpad,target_memory_comm,n_scored_probes,15,14.333333333333334,1.7593288763724917,0.4542567625794978,15.0,15.0,15.0,10.0,15.0,13.442990078677518,15.22367658798915
qwen3_8b,sequential,communication,drr_target,15,0.3333333333333333,0.48795003647426666,0.12598815766974242,0.0,0.0,1.0,0.0,1.0,0.08639654430063817,0.5802701223660285
qwen3_8b,sequential,communication,irr_target,13,0.23076923076923078,0.4385290096535146,0.12162606385262997,0.0,0.0,0.0,0.0,1.0,-0.007617854381923972,0.46915631592038554
qwen3_8b,sequential,communication,retention_target,15,0.32,0.4195235392680606,0.10832051206181278,0.0,0.0,0.6000000000000001,0.0,1.0,0.10769179635884696,0.532308203641153
qwen3_8b,sequential,communication,drr_system,15,0.30666666666666664,0.4589843860815602,0.1185092588975412,0.0,0.0,0.8,0.0,1.0,0.0743885192274859,0.5389448141058474
qwen3_8b,sequential,communication,irr_system,13,0.23076923076923078,0.4385290096535146,0.12162606385262997,0.0,0.0,0.0,0.0,1.0,-0.007617854381923972,0.46915631592038554
qwen3_8b,sequential,communication,retention_system,15,0.3066666666666667,0.3990464825532174,0.10303335875275063,0.0,0.0,0.4,0.0,1.0,0.10472128351127546,0.5086120498220579
qwen3_8b,sequential,communication,n_scored_probes,15,14.333333333333334,1.7593288763724917,0.4542567625794978,15.0,15.0,15.0,10.0,15.0,13.442990078677518,15.22367658798915
qwen3_8b,sequential,full_inference,drr_target,125,0.0064,0.03534165047170996,0.0031610533156712388,0.0,0.0,0.0,0.0,0.2,0.00020433550128437245,0.012595664498715627
qwen3_8b,sequential,full_inference,irr_target,101,0.3782178217821782,0.4740472466740081,0.047169464035728664,0.0,0.0,1.0,0.0,1.0,0.28576567227215005,0.4706699712922064
qwen3_8b,sequential,full_inference,retention_target,125,0.5408,0.4866103959219889,0.043523756953586144,1.0,0.0,1.0,0.0,1.0,0.4554934363709711,0.6261065636290288
qwen3_8b,sequential,full_inference,drr_system,125,0.37120000000000003,0.47158210040178034,0.04217958533882046,0.0,0.0,1.0,0.0,1.0,0.28852801273591194,0.4538719872640881
qwen3_8b,sequential,full_inference,irr_system,101,0.5386138613861386,0.48968771620895357,0.048725748921690376,0.8,0.0,1.0,0.0,1.0,0.4431113934996255,0.6341163292726518
qwen3_8b,sequential,full_inference,retention_system,125,0.5408,0.4885950893023,0.04370127332610092,1.0,0.0,1.0,0.0,1.0,0.4551455042808421,0.6264544957191578
qwen3_8b,sequential,full_inference,n_scored_probes,125,14.04,1.9772904236239146,0.17685423193929717,15.0,15.0,15.0,10.0,15.0,13.693365705398977,14.386634294601022
qwen3_8b,sequential,global_context,drr_target,15,0.06666666666666667,0.17994708216848745,0.046462136829144636,0.0,0.0,0.0,0.0,0.6,-0.024399121518456815,0.15773245485179016
qwen3_8b,sequential,global_context,irr_target,13,0.03076923076923077,0.11094003924504582,0.03076923076923077,0.0,0.0,0.0,0.0,0.4,-0.02953846153846154,0.09107692307692308
qwen3_8b,sequential,global_context,retention_target,15,0.28,0.39856886839935557,0.10291003930849597,0.0,0.0,0.6,0.0,1.0,0.07829632295534791,0.4817036770446521
qwen3_8b,sequential,global_context,drr_system,15,0.04,0.15491933384829665,0.039999999999999994,0.0,0.0,0.0,0.0,0.6,-0.03839999999999998,0.11839999999999998
qwen3_8b,sequential,global_context,irr_system,13,0.03076923076923077,0.11094003924504582,0.03076923076923077,0.0,0.0,0.0,0.0,0.4,-0.02953846153846154,0.09107692307692308
qwen3_8b,sequential,global_context,retention_system,15,0.22666666666666668,0.36147844564602555,0.09333333333333332,0.0,0.0,0.30000000000000004,0.0,1.0,0.043733333333333374,0.40959999999999996
qwen3_8b,sequential,global_context,n_scored_probes,15,14.333333333333334,1.7593288763724917,0.4542567625794978,15.0,15.0,15.0,10.0,15.0,13.442990078677518,15.22367658798915
qwen3_8b,sequential,none,drr_target,15,0.32,0.4708654645589179,0.12157694016939385,0.0,0.0,0.9,0.0,1.0,0.08170919726798806,0.5582908027320119
qwen3_8b,sequential,none,irr_target,13,0.23076923076923078,0.4385290096535146,0.12162606385262997,0.0,0.0,0.0,0.0,1.0,-0.007617854381923972,0.46915631592038554
qwen3_8b,sequential,none,retention_target,15,0.32,0.4195235392680606,0.10832051206181278,0.0,0.0,0.6000000000000001,0.0,1.0,0.10769179635884696,0.532308203641153
qwen3_8b,sequential,none,drr_system,15,0.30666666666666664,0.4589843860815602,0.1185092588975412,0.0,0.0,0.8,0.0,1.0,0.0743885192274859,0.5389448141058474
qwen3_8b,sequential,none,irr_system,13,0.23076923076923078,0.4385290096535146,0.12162606385262997,0.0,0.0,0.0,0.0,1.0,-0.007617854381923972,0.46915631592038554
qwen3_8b,sequential,none,retention_system,15,0.3066666666666667,0.3990464825532174,0.10303335875275063,0.0,0.0,0.4,0.0,1.0,0.10472128351127546,0.5086120498220579
qwen3_8b,sequential,none,n_scored_probes,15,14.333333333333334,1.7593288763724917,0.4542567625794978,15.0,15.0,15.0,10.0,15.0,13.442990078677518,15.22367658798915
qwen3_8b,sequential,parameter_only,drr_target,10,0.58,0.5028805910838963,0.1590248058916875,0.9,0.0,1.0,0.0,1.0,0.26831138045229247,0.8916886195477074
qwen3_8b,sequential,parameter_only,irr_target,8,0.75,0.4629100498862757,0.16366341767699427,1.0,0.75,1.0,0.0,1.0,0.42921970135309123,1.0707802986469088
qwen3_8b,sequential,parameter_only,retention_target,10,0.6,0.5163977794943222,0.1632993161855452,1.0,0.0,1.0,0.0,1.0,0.27993334027633143,0.9200666597236685
qwen3_8b,sequential,parameter_only,drr_system,10,0.6,0.5163977794943222,0.1632993161855452,1.0,0.0,1.0,0.0,1.0,0.27993334027633143,0.9200666597236685
qwen3_8b,sequential,parameter_only,irr_system,8,0.75,0.4629100498862757,0.16366341767699427,1.0,0.75,1.0,0.0,1.0,0.42921970135309123,1.0707802986469088
qwen3_8b,sequential,parameter_only,retention_system,10,0.6,0.5163977794943222,0.1632993161855452,1.0,0.0,1.0,0.0,1.0,0.27993334027633143,0.9200666597236685
qwen3_8b,sequential,parameter_only,n_scored_probes,10,14.0,2.1081851067789197,0.6666666666666666,15.0,15.0,15.0,10.0,15.0,12.693333333333333,15.306666666666667
qwen3_8b,sequential,parameter_plus_comm,drr_target,10,0.6,0.5163977794943222,0.1632993161855452,1.0,0.0,1.0,0.0,1.0,0.27993334027633143,0.9200666597236685
qwen3_8b,sequential,parameter_plus_comm,irr_target,8,0.75,0.4629100498862757,0.16366341767699427,1.0,0.75,1.0,0.0,1.0,0.42921970135309123,1.0707802986469088
qwen3_8b,sequential,parameter_plus_comm,retention_target,10,0.6,0.5163977794943222,0.1632993161855452,1.0,0.0,1.0,0.0,1.0,0.27993334027633143,0.9200666597236685
qwen3_8b,sequential,parameter_plus_comm,drr_system,10,0.6,0.5163977794943222,0.1632993161855452,1.0,0.0,1.0,0.0,1.0,0.27993334027633143,0.9200666597236685
qwen3_8b,sequential,parameter_plus_comm,irr_system,8,0.75,0.4629100498862757,0.16366341767699427,1.0,0.75,1.0,0.0,1.0,0.42921970135309123,1.0707802986469088
qwen3_8b,sequential,parameter_plus_comm,retention_system,10,0.6,0.5163977794943222,0.1632993161855452,1.0,0.0,1.0,0.0,1.0,0.27993334027633143,0.9200666597236685
qwen3_8b,sequential,parameter_plus_comm,n_scored_probes,10,14.0,2.1081851067789197,0.6666666666666666,15.0,15.0,15.0,10.0,15.0,12.693333333333333,15.306666666666667
qwen3_8b,sequential,target_context,drr_target,15,0.2,0.3854496446637727,0.09952267030562387,0.0,0.0,0.1,0.0,1.0,0.004935566200977237,0.3950644337990228
qwen3_8b,sequential,target_context,irr_target,13,0.23076923076923078,0.4385290096535146,0.12162606385262997,0.0,0.0,0.0,0.0,1.0,-0.007617854381923972,0.46915631592038554
qwen3_8b,sequential,target_context,retention_target,15,0.29333333333333333,0.40614330100640705,0.10486574939810137,0.0,0.0,0.5,0.0,1.0,0.08779646451305467,0.498870202153612
qwen3_8b,sequential,target_context,drr_system,15,0.26666666666666666,0.4047338925881101,0.10450184170929679,0.0,0.0,0.6,0.0,1.0,0.061843056916444955,0.47149027641688834
qwen3_8b,sequential,target_context,irr_system,13,0.23076923076923078,0.4385290096535146,0.12162606385262997,0.0,0.0,0.0,0.0,1.0,-0.007617854381923972,0.46915631592038554
qwen3_8b,sequential,target_context,retention_system,15,0.26666666666666666,0.397611918955202,0.10266295602447136,0.0,0.0,0.30000000000000004,0.0,1.0,0.0654472728587028,0.46788606047463055
qwen3_8b,sequential,target_context,n_scored_probes,15,14.333333333333334,1.7593288763724917,0.4542567625794978,15.0,15.0,15.0,10.0,15.0,13.442990078677518,15.22367658798915
qwen3_8b,sequential,target_context_comm,drr_target,35,0.14857142857142858,0.32301104385729834,0.054598831608059034,0.0,0.0,0.1,0.0,1.0,0.041557718619632866,0.2555851385232243
qwen3_8b,sequential,target_context_comm,irr_target,29,0.3241379310344827,0.42899814552862,0.07966295571126521,0.0,0.0,0.6,0.0,1.0,0.1679985378404029,0.4802773242285625
qwen3_8b,sequential,target_context_comm,retention_target,35,0.4742857142857143,0.4828486896977739,0.08161632489763257,0.2,0.0,1.0,0.0,1.0,0.3143177174863545,0.6342537110850741
qwen3_8b,sequential,target_context_comm,drr_system,35,0.41714285714285715,0.45340912202201344,0.07664012972192516,0.0,0.0,1.0,0.0,1.0,0.2669282028878838,0.5673575113978304
qwen3_8b,sequential,target_context_comm,irr_system,29,0.5172413793103449,0.5085476277156078,0.09443492370778726,1.0,0.0,1.0,0.0,1.0,0.33214892884308184,0.7023338297776078
qwen3_8b,sequential,target_context_comm,retention_system,35,0.45714285714285713,0.4840306956027833,0.08181612036157915,0.2,0.0,1.0,0.0,1.0,0.296783261234162,0.6175024530515523
qwen3_8b,sequential,target_context_comm,n_scored_probes,35,14.142857142857142,1.9119263021554858,0.3231745297988136,15.0,15.0,15.0,10.0,15.0,13.509435064451468,14.776279221262817
qwen3_8b,sequential,target_context_memory,drr_target,125,0.3456,0.44748472671719347,0.040024250713302435,0.0,0.0,1.0,0.0,1.0,0.26715246860192726,0.4240475313980728
qwen3_8b,sequential,target_context_memory,irr_target,101,0.5564356435643565,0.4936427537367805,0.049119289864576775,1.0,0.0,1.0,0.0,1.0,0.460161835429786,0.6527094516989269
qwen3_8b,sequential,target_context_memory,retention_target,125,0.5424000000000001,0.48580893629146543,0.04345207222498325,1.0,0.0,1.0,0.0,1.0,0.4572339384390329,0.6275660615609673
qwen3_8b,sequential,target_context_memory,drr_system,125,0.4,0.45790546988962555,0.040956310317687435,0.0,0.0,1.0,0.0,1.0,0.31972563177733265,0.4802743682226674
qwen3_8b,sequential,target_context_memory,irr_system,101,0.5722772277227722,0.4882865576444201,0.04858632843358117,1.0,0.0,1.0,0.0,1.0,0.47704802399295315,0.6675064314525914
qwen3_8b,sequential,target_context_memory,retention_system,125,0.544,0.488975228609332,0.04373527401935865,1.0,0.0,1.0,0.0,1.0,0.4582788629220571,0.629721137077943
qwen3_8b,sequential,target_context_memory,n_scored_probes,125,14.04,1.9772904236239146,0.17685423193929717,15.0,15.0,15.0,10.0,15.0,13.693365705398977,14.386634294601022
qwen3_8b,sequential,target_memory,drr_target,15,0.28,0.4195235392680606,0.10832051206181278,0.0,0.0,0.7,0.0,1.0,0.06769179635884698,0.4923082036411531
qwen3_8b,sequential,target_memory,irr_target,13,0.23076923076923078,0.4385290096535146,0.12162606385262997,0.0,0.0,0.0,0.0,1.0,-0.007617854381923972,0.46915631592038554
qwen3_8b,sequential,target_memory,retention_target,15,0.24000000000000002,0.4014260294784795,0.10364775512695458,0.0,0.0,0.2,0.0,1.0,0.03685039995116904,0.44314960004883097
qwen3_8b,sequential,target_memory,drr_system,15,0.29333333333333333,0.43991341139343504,0.11358515440667107,0.0,0.0,0.7,0.0,1.0,0.07070643069625804,0.5159602359704086
qwen3_8b,sequential,target_memory,irr_system,13,0.23076923076923078,0.4385290096535146,0.12162606385262997,0.0,0.0,0.0,0.0,1.0,-0.007617854381923972,0.46915631592038554
qwen3_8b,sequential,target_memory,retention_system,15,0.2533333333333333,0.4033195589934446,0.10413666234542206,0.0,0.0,0.30000000000000004,0.0,1.0,0.04922547513630607,0.45744119153036056
qwen3_8b,sequential,target_memory,n_scored_probes,15,14.333333333333334,1.7593288763724917,0.4542567625794978,15.0,15.0,15.0,10.0,15.0,13.442990078677518,15.22367658798915
qwen3_8b,sequential,target_memory_comm,drr_target,15,0.3466666666666667,0.48087222340045305,0.1241606741922458,0.0,0.0,1.0,0.0,1.0,0.10331174524986492,0.5900215880834685
qwen3_8b,sequential,target_memory_comm,irr_target,13,0.2,0.3915780041490244,0.10860419786947371,0.0,0.0,0.0,0.0,1.0,-0.012864227824168462,0.4128642278241685
qwen3_8b,sequential,target_memory_comm,retention_target,15,0.24000000000000002,0.4014260294784795,0.10364775512695458,0.0,0.0,0.2,0.0,1.0,0.03685039995116904,0.44314960004883097
qwen3_8b,sequential,target_memory_comm,drr_system,15,0.30666666666666664,0.4589843860815602,0.1185092588975412,0.0,0.0,0.8,0.0,1.0,0.0743885192274859,0.5389448141058474
qwen3_8b,sequential,target_memory_comm,irr_system,13,0.2,0.3915780041490244,0.10860419786947371,0.0,0.0,0.0,0.0,1.0,-0.012864227824168462,0.4128642278241685
qwen3_8b,sequential,target_memory_comm,retention_system,15,0.2533333333333333,0.4033195589934446,0.10413666234542206,0.0,0.0,0.30000000000000004,0.0,1.0,0.04922547513630607,0.45744119153036056
qwen3_8b,sequential,target_memory_comm,n_scored_probes,15,14.333333333333334,1.7593288763724917,0.4542567625794978,15.0,15.0,15.0,10.0,15.0,13.442990078677518,15.22367658798915
